:04000000B2EFD0F09B
:080008008BEF00F00000000086
:100010000000000000000000046ED8CF05F0E0CF23
:1000200006F00001E9CF0CF0EACF07F0E1CF08F0CD
:10003000E2CF09F0D9CF0AF0DACF0BF0F3CF12F00C
:10004000F4CF13F0FACF14F0F5CF15F0F6CF16F089
:10005000F7CF17F0F8CF18F0FBCF19F000C00EF073
:1000600001C00FF002C010F003C011F0A3AA3CEFD2
:1000700000F0A4BA09EF03F0A0A242EF00F0A1B291
:1000800071EF07F0F0A648EF00F0F0B012EF07F0C4
:10009000F2A64EEF00F0F2B08CEF07F0F0AA54EFAA
:1000A00000F0F0B426EF07F0B9AA5AEF00F0BABAA0
:1000B0006DEF03F0B9AC60EF00F0BABC12EF05F0E1
:1000C0000EC000F00FC001F010C002F011C003F02C
:1000D0000CC0E9FF07C0EAFF078E08C0E1FF09C0B6
:1000E000E2FF0AC0D9FF0BC0DAFF12C0F3FF13C052
:1000F000F4FF14C0FAFF15C0F5FF16C0F6FF17C0D5
:10010000F7FF18C0F8FF19C0FBFF045006C0E0FF5E
:1001100005C0D8FF10001C6ED8CF1DF0E0CF1EF038
:100120000001E9CF24F0EACF1FF0E1CF20F0E2CFC9
:1001300021F0D9CF22F0DACF23F0F3CF2AF0F4CF99
:100140002BF0FACF2CF0F5CF2DF0F6CF2EF0F7CF25
:100150002FF0F8CF30F0FBCF31F000C026F001C017
:1001600027F002C028F003C029F0F2A8BBEF00F08E
:10017000F2B270EF06F026C000F027C001F028C0F0
:1001800002F029C003F024C0E9FF1FC0EAFF1F8E60
:1001900020C0E1FF21C0E2FF22C0D9FF23C0DAFF67
:1001A0002AC0F3FF2BC0F4FF2CC0FAFF2DC0F5FFCF
:1001B0002EC0F6FF2FC0F7FF30C0F8FF31C0FBFFA5
:1001C0001C501EC0E0FF1DC0D8FF1000F76AE00FF2
:1001D000F66E010EF722000EF86E0900F5501200BF
:1001E000546D6F643D2020307300F76AFE0FF66E89
:1001F000010EF722000EF86E0900F5501200424978
:10020000504F4C415200F76A1A0FF66E020EF72259
:10021000000EF86E0900F55012002020202020204A
:1002200020202020202020200000F76A3E0FF66EBC
:10023000020EF722000EF86E0900F55012005472FB
:10024000656E65730000ECCFFAFFECCFFBFFED525B
:10025000ED52EFCFE8FFF96E12004275696C643A17
:1002600020256C75202D20256C75202D20307825BB
:100270004C58000054613D2532753A2530327520C6
:10028000730054643D2532753A2530327520730071
:10029000546D6F643D253375732020004E3D25322B
:1002A0007520202020202000493D25356C755B41BC
:1002B00020200000496D696E3D25356C755B41203D
:1002C0002000466D696E3D25336C75487A00466D99
:1002D00061783D25336C75487A00463D25346C7550
:1002E000487A20200000463D25346C75487A20204D
:1002F000000050576D61782025336C7525637300BD
:1003000050576D696E2025336C7525637300505707
:100310002B3D2025346C75256373000050572D3D0F
:100320002025346C752563730000496D696E3D2589
:10033000356C755B41202000463D25346C75487A4C
:1003400020200000463D25346C75487A20200000AE
:1003500050572B3D2025346C752563730000505792
:100360002D3D2025346C75256373000050573D25C5
:10037000344C55205B7300004E503D25346C7500A5
:1003800053503D253475206D73004E423D25347524
:10039000000053423D25346C75206D7300004E54AF
:1003A0003D253475000053543D25347520730000FD
:1003B00049203D25354C55205B41000054613D25C9
:1003C00032753A25303275207300202020202020FD
:1003D000204620202025334C55487A00466D696E12
:1003E000202025336C75487A20466D6178202025C1
:1003F000336C75487A0050572B2025334C552563B4
:10040000730050572D2025334C55256373005057EA
:100410006D696E2025334C552563730050576D610F
:10042000782025334C552563730025354C55206FB6
:10043000686D000025354C55206D5600546120250F
:1004400032753A25303275005464202532753A25CC
:10045000303275002020204E202532750000505784
:10046000203D20256C75205B73002020202020205B
:100470002020000049613D25356C75205B4100005E
:1004800020202020202020202020200049703D25F1
:10049000356C75205B41000020202020202020208A
:1004A0002020200049623D25356C75205B4100000D
:1004B00020202020202020202020200049633D25CE
:1004C000356C75205B41000020202020202020205A
:1004D0002020200025354C55205B410025354C550A
:1004E000206D560025354C55206F686D0000517504
:1004F0006564616E20254C7520736567756E646F49
:100500007300253275206820253275206D696E20B4
:10051000000020202020202020202020202020201B
:1005200020202020202020202020202020202020CB
:1005300020200000563A202530344C64206D56208F
:10054000493A202530344C64206D41204261743A90
:100550002025752025250000A4AAFED70F0122CF53
:1005600033F01DCF01F033A202D02299228900017D
:100570000BEF03F009017091036A6F51090FE96EE7
:10058000070E0320EA6EEF500601F45D25E024E338
:100590000501FA51050819E1FB2D17D0036A09017D
:1005A0006F51090FE96E070E0320EA6E020EEF2469
:1005B0000601F45D04E10901708103D0060109011F
:1005C00070910701089306D00501070108930901FE
:1005D0007091070116D00601036A09016F51090FD6
:1005E000E96E070E0320EA6EEF500601F45D06E2A5
:1005F000070108830901709103D006010901708188
:100600000701000E090170B1010E016E000138EF03
:1006100003F05480A1D701C0F8F60601F4530EE1AF
:10062000F85114080AE3F451F42B036AFA0FE96E47
:10063000050E0320EA6EF8C6EFFF31D0F451F42B1B
:10064000036AFA0FE96E050E0320EA6EF8C6EFFFA3
:10065000F451010824E2F8510D0802E0F7A51FD07B
:10066000F785F8510A0817E1FAC56FF9000182D73A
:10067000015205E058880601F46B0BD00001070118
:1006800008B304D00601F46B5490070108935898FE
:100690000601F79504D0F8510D0801E0F795A49AEA
:1006A000000160EF00F009016F530EE001010953F2
:1006B00002E10A5307E00C0E6E6EC66BC56BC46B8D
:1006C000C36B568608D009016E6A56960101C66B47
:1006D000C56BC46BC36B0001120056A62CD0010E73
:1006E0000101C327D8B0C42BD8B4C52BD8B4C62BAE
:1006F000CA51C65D0CE317E1C951C55D08E313E1BA
:10070000C851C45D04E30FE1C351C75D0CE3C65398
:100710000AE1C55308E1C45112080EE2FF0A03E1E1
:10072000C351880809E2C66BC56BC46BC36B090172
:100730006F6B0001B8DF010156B80FD1010E93278E
:10074000D8B0942BD8B4952BD8B4962B010E8F2704
:10075000D8B0902BD8B4912BD8B4922B010EBF27D0
:10076000D8B0C02BD8B4C12BD8B4C22B010EB3273C
:10077000D8B0B42BD8B4B52BD8B4B62BCE51B65D07
:100780002AE30BE1CD51B55D26E307E1CC51B45D21
:1007900022E303E1CB51B35D1EE3B66BB56BB46BE3
:1007A000B36B070108B10DD081BC0BD00101CE6B3A
:1007B000CD6BCC6B640ECB6FF40E986E8F760BD036
:1007C000070108A102D081AC00D00101CE6BCD6B36
:1007D000CC6B0A0ECB6FC2530AE1C15308E1C05182
:1007E0000A080AE2FF0A03E1BF51B80805E2C26B3A
:1007F000C16BC06BBF6B569200016B5179080BE067
:100800006B51830808E06B518D0805E06B51B5080A
:1008100002E0875320E0010E01019727D8B0982B02
:10082000D8B4992BD8B49A2B9A530AE1995308E17A
:1008300098510A080FE2FF0A03E19751B8080AE24B
:100840009A6B996B986B976B54AA02D056BA02D0E8
:100850005188518C000187530CE158BC0AD058BE16
:1008600008D00601F7A102D0000103D04FAA76D02C
:1008700000016453D8A402D0060170D058BE04D041
:100880000601F7A157D000014FAA07D0030E0101BE
:100890008C6FE40E8B6F3BD00001000E4FB8010E41
:1008A000006ED89000360050036A130FE96E010EF7
:1008B0000320EA6EECCF70F9ED52EFCF6FF909012A
:1008C000705320E16F5103081DE3000E4FB8010E75
:1008D000006ED89000360050036A130FE96E010EC7
:1008E0000320EA6EECCF70F9ED52EFCF6FF96F5342
:1008F00002E1705307E0030E01018C6FCA0E8B6F8B
:1009000006D00901030E01018C6FE10E8B6F92532B
:1009100009E1915307E18C51905D0AE303E18B51AA
:100920008F5D06E34E82926B916B906B8F6B518C57
:1009300014D00601010192530AE1915308E190514C
:1009400002080BE2FF0A03E18F51E00806E24E8243
:10095000926B916B906B8F6B518C0601BA9A000170
:1009600060EF00F0000E81B2010E016EDFEF04F0C7
:1009700009016FC9E9FF70C9EAFFECCF74F9ED52C4
:10098000EFCF73F9D8907335026E743570C9EAFFF2
:100990006FC9E9FFEC6EED5202C0EFFF6FC971F94C
:1009A00070C972F970C903F06FC9E9FF70C9EAFF35
:1009B000ECCF74F9ED52EFCF73F90001D3D70901F1
:1009C0007351011074C903F072C9EAFF71C9E9FFDC
:1009D00074C9ECFFED52EF6E000112000901716B5A
:1009E00070C903F06FC9E9FF70C9EAFFECCF73F972
:1009F000ED52EFCF72F9C00E72130F0E73137251D6
:100A0000C0080BE1733D09D0010E716F6FC9E9FF9A
:100A100070C9EAFFEC68ED52EF6871C901F000019E
:100A200024EF05F0692B69510F0824E3010E090139
:100A3000706F070E6F6F00019BDF010E0901706F71
:100A4000070E6F6F0001CAD74E9401B04E844EA4BA
:100A500010D04EA603D0010E6A6F02D0020E6A6F4C
:100A6000010108690769B99CF090F086F19A5180FC
:100A7000000108D0696B010108690769B99CF0861B
:100A8000F19A0001BA9C60EF00F08E0E006E79C9F9
:100A900001F078C902F0036A015209E102C001F0D5
:100AA000026A080E005E015202E1006A08D0D89086
:100AB00001BE04D0023601360006F9D7019E1200AD
:100AC00009017851D8B471D0006E7C51D8B46DD082
:100AD000002604E3810E002668E204D07F0E005E4B
:100AE00064E363E079C980F97D51801B798F7D8F44
:100AF0007B517F03F4CF82F97A517E03F4CF03F068
:100B0000F3CF81F97F03F3508227F4508123000E45
:100B100003227B517E03F3508227F4508123000E81
:100B2000026A0322022279517F03F3508127F45095
:100B30000322000E022279517E03F3500326F45063
:100B40000222000E016A01227B517D03F3508127AE
:100B5000F4500322000E022201227A517D03F35049
:100B60000326F4500222000E012279517D03F35036
:100B70000226F4500122002A01BE05D08137033637
:100B8000023601360006000E81AF0AD0032A022287
:100B90000122015005E1025003E1035001E1002A66
:100BA00080BF018E80AF019E04D0006A016A026A94
:100BB000036A000112008E0E006E09017851005E7A
:100BC00079C902F07AC901F0028E005209E0D8908A
:100BD000025202E1015204E002320132002EF7D744
:100BE00079AF05D0011E021E012AD8B4022A0001E5
:100BF00012000901755341E00101095302E10A5352
:100C00003AE00AC179F909C178F900013EDF03C071
:100C10007BF902C07AF901C079F900C078F90901BD
:100C20007F6B7E6B100E7D6F810E7C6F000148DF45
:100C300003C07BF902C07AF901C079F900C078F9E4
:100C4000BADF02C077F901C076F977C902F076C938
:100C500001F00232013202320132023201C06FFF72
:100C600002320230300B006E6E50CF0B00106E6EF1
:100C70000C0E6E6E010103D009016E6A01010001C4
:100C80001200090EEA6E790EE96EEF500EE0140EB6
:100C9000016E006A002EFED7012EFBD7BF0E006E3C
:100CA000002EFED700D0EF2EF2D712008B948B844B
:100CB0000901786B010E776F7851765D0FE303E1E0
:100CC0007751755D0BE3010E796F0001DADF8B94CC
:100CD0008B840901772BD8B4782BEED70001120052
:100CE000F298F2926B51790814E06B51830811E08D
:100CF0006B518D080EE06B51B5080BE06B517B0812
:100D000008E06B518F0805E06B51B70802E087538C
:100D10003EE0000E4FB8010E006ED8900036005035
:100D2000036A130FE96E010E0320EA6EECCF76F929
:100D3000ED52EFCF75F9090175530BE1765309E1D7
:100D400000016B517908D8B402D0090102D04FA834
:100D50000CD001017F530DE180530BE100016B5179
:100D60008308D8B402D0010104D00601F79B04D057
:100D700001010601F78B578656B207D057B405D04C
:100D8000050E00016A6F5784060142D0000181B050
:100D90003AD04EB005D0010E0901756F000129DF70
:100DA0000901766B010E756F000180DF01015B2B7D
:100DB000D8B45C2B5C51020811E2FF0A03E15B51DD
:100DC000E8080CE24EA005D04E9000016B6B03D0FA
:100DD00001014E80000117D015D001014EB011D095
:100DE000000187530FE16B6B0101AA6BA96B74C102
:100DF000A8F173C1A7F1746B736B766B756B4F8C35
:100E0000518C0001C4D70901756B0001F2DE0601A7
:100E100001015C6B5B6BF292F288F19CF292000133
:100E2000BBEF00F081A403D04E864E9802D04E96C0
:100E30004E88696B010E0901706F070E6F6F00011C
:100E400097DDF096B98CF09060EF00F0F09AF09496
:100E50000101D66BD56BD46BD36BB36AB26AA08237
:100E600085BC09D09A6B996B986B976B030E000148
:100E70006A6F34D0010185BA09D09A6B996B986B6F
:100E8000976B040E00016A6F29D001019A6B996B70
:100E9000986B976B85B605D0010E00016A6F1ED066
:100EA000010185B405D0020E00016A6F17D001015F
:100EB00085A802D084B20BD056B208D0050E00012E
:100EC0006A6F0101C26BC16BC06BBF6B06D0519ED4
:100ED000F094F08AF196A092A1920001F09460EF54
:100EE00000F0B36AB26A010E0101D327D8B0D42B47
:100EF000D8B4D52BD8B4D62BD65307E1D55305E1BA
:100F0000D45303E1D3510B0803E2518EA092A19276
:100F1000A192000160EF00F0F29681CF6EF0F290A6
:100F20006EBD0CD081A804D04EB002D04E8C05D03E
:100F300081BA02D04E8A01D0F28601D0F286F290B8
:100F400060EF00F0253033752079202530337500AF
:100F50008B948B841200FCDF0801DA6BD96BDA51B9
:100F6000D85D0CE303E1D951D75D08E3050E006EAF
:100F7000002EFED7D92BD8B4DA2BF1D700011200FE
:100F8000F2CFD7F8F29E636AD6C862FF7F9C7F9E3D
:100F90007F8061500801D7BFF28E010FD86FF250E9
:100FA000006EF29E636AD6C862FFD8C861FF7F9C5C
:100FB0007F9E7F840F01550E7E6EAA0E7E6E7F820D
:100FC0000050F2127FB2FED77F940801D86B640EF6
:100FD000D76F0001C0DF0501E6510801D625D76FA4
:100FE0000501E6510801D625D86FF2CFD9F8F29E57
:100FF000636AD8C862FF7F9C7F9E7F806150D9BFA3
:10100000F28E010FD86FF250006EF29E636AD7C85D
:1010100062FFD8C861FF7F9C7F9E7F840F01550EC1
:101020007E6EAA0E7E6E7F820050F2127FB2FED7D5
:101030007F940801D86B640ED76F00018CDF12001B
:101040000801E751070B006EE731016E01320132F2
:101050001F0E01160150E925E96E000EEA21EA6E25
:10106000016A012A002A01D00136002EFDD7E8537B
:1010700003E00150EF1203D0011E0150EF160001F2
:1010800012000801E55302E1000E01D0010EE6C88E
:10109000E7F8E86F0F0EEA6F890EE96F0001D0DF05
:1010A000E6C8E7F80801E86B0F0EEA6F920EE96FE9
:1010B0000001C6DF12000801D26BD251130812E3FF
:1010C000036AD251270FE96E070E0320EA6EEF6A1A
:1010D000036AD2513B0FE96E070E0320EA6EEF6AF6
:1010E000D22BEBD707014F6B506B516B00011200F5
:1010F000F2CFDEF8F29EDDC863FFDCC862FF7F9CA2
:101100007F9E7F8061500801DEBFF28E016E00017C
:101110001200F2CFDEF8F29EDDC863FFDCC862FF8A
:101120007F9C7F9E7F8061500801DEBFF28EDF6F63
:10113000010EDC25E06F000EDD21E16FF2CFE2F859
:10114000F29EE1C863FFE0C862FF7F9C7F9E7F80C4
:101150006150E2BFF28EE06FDFC803F0E051016E34
:101160000350026E000112000801DD6BF250006EA8
:10117000F29EDBC863FFDAC862FFDCC861FF7F9CB8
:101180007F9E7F840F01550E7E6EAA0E7E6E7F823B
:101190000050F2127FB2FED77F941B6AF2BE1B8E04
:1011A000F29E050E0901796F00016BDD1BBEF28E08
:1011B0000801DDC801F0000112000801DF6BDEC884
:1011C000E0F8F250006EF29EDCC863FFDBC862FFFD
:1011D000E0C861FF7F9C7F9E7F840F01550E7E6E6D
:1011E000AA0E7E6E7F820050F2127FB2FED77F94ED
:1011F0001B6AF2BE1B8EF29E050E0901796F00017B
:1012000040DD1BBEF28E010E0801DB25E06F000EF3
:10121000DC21E16FDDC8E2F8F250006EF29EE1C819
:1012200063FFE0C862FFE2C861FF7F9C7F9E7F840E
:101230000F01550E7E6EAA0E7E6E7F820050F21256
:101240007FB2FED77F941B6AF2BE1B8EF29E050E04
:101250000901796F000115DD1BBEF28E0801DFC8A0
:1012600001F000011200030E0801DD6FED0EDC6FCE
:1012700000013EDF01C07BF0030E0801DD6FEE0EC2
:10128000DC6F000135DF01C07CF0030E0801DD6F6B
:10129000EF0EDC6F00013DDF02C00AF101C009F171
:1012A000030E0801DD6FF10EDC6F000121DF01C0CC
:1012B0008BF07B3D2ED0280E7B6F7C6F01010A6B7B
:1012C000096B00018B6B030E0801DB6FED0EDA6F0B
:1012D0007BC0DCF8000148DF030E0801DB6FEE0E77
:1012E000DA6F7CC0DCF800013FDF030E0801DC6F21
:1012F000EF0EDB6F0AC1DEF809C1DDF800015DDF2A
:10130000030E0801DB6FF10EDA6F8BC0DCF8000111
:101310002BDF2FEFD5F0200E956E8C9E956E8C8670
:10132000956E8C8EBAEFD5F068C96BF909016D6BBB
:101330006E6B6C6B6D6B6E6B6A5068C96AFF683060
:10134000FEE367C96BF96E6B6C6B6D6B6E6B6A500D
:1013500067C96AFF6830FEE366C96AF96B6B6C6B3C
:101360006D6B6A5066C96AFF6830FEE30001CDEF1D
:1013700009F0A20E676E688C200E956E8C9E6A50E6
:10138000030E6A6E6830FEE364C969F963C968F9DF
:1013900062C967F961C966F9C7D76A506A6A683075
:1013A000FEE36ACF65F9200E956E8C8E090165C942
:1013B00001F000011200D8B204D0090EEA6E180E36
:1013C000E96E006A016A026A036A0901186B196B07
:1013D0001A6B1B6B17511611151114112CE0200EEE
:1013E0001C6FD89010371137123713371837193749
:1013F0001A371B3717511B5D08E116511A5D05E1BD
:101400001551195D02E11451185D0FE31451185F75
:101410001551D8A0153D195F1651D8A0163D1A5F79
:101420001751D8A0173D1B5FD88000360136023611
:1014300003361C2FD6D718C9EFFF19C9ECFF1AC9FC
:10144000ECFF1BC9ECFF000112000901606B616B2E
:10145000010E626FDA6AD96A090E656F580E646F01
:10146000090EEA6E5C0EE96E65C9E2FF64C9E1FF30
:1014700062C963F9D890E550EE02F3506023F4504E
:101480006123632FF7D760C9DEFF61C960F9616B23
:10149000D8B0612B642BD8B4652B622B6251050840
:1014A000DFE100011200B60E006E036A026A016AF3
:1014B0000801E851E911EA11EB1102E1006A0DD0CF
:1014C000D89001BE09D0E837E937EA37EB37033661
:1014D00002360136002EF4D7019E000112000901E8
:1014E0002351D8B4A5D02F6F2751D8B4A1D02F5FE6
:1014F00005E37F0E2F27D8B09BD006D0810E2F5F3B
:10150000D8A096D0D8B494D02FC900F0016A026A4E
:10151000036A2E6B24C92DF92D8F25C92CF926C9F4
:101520002BF9190E2F6F2A512B5F0DE2010E2C5F44
:101530000AE22D5F08E22E5F06E22E2B2D2B2C2BCC
:101540002A512B2728D029512C5F12E2010E2D5F42
:101550000FE22E5F0DE22E2B2D2B29512C272A5125
:101560002B2719E32C2B17E12D2B15E12E2B13D054
:10157000285180092D5F0EE2010E2E5F0BE22E2B0B
:10158000285180092D2729512C27E9E32D2BE7E14C
:101590002E2BE5D703802F2F01D00BD0D8902B37DF
:1015A0002C372D372E37D890033602360136303798
:1015B000BAD730A106D0D89001320232033230338C
:1015C00002D0000635E030BF1ED0D8902B372C3724
:1015D0002D372E372A512B5F07E2010E2C5F04E2D4
:1015E0002D5F02E22E5F1AE329512C5F05E2010E06
:1015F0002D5F02E22E5F12E3285180092D5F03E286
:10160000010E2E5F0BE3032A09E1022A07E1012AFA
:1016100005E1002A0DE001320232033224C92FF91C
:1016200028512F1B2FAF02D0018E06D0019E04D06F
:10163000006A016A026A036A000112000801CE53BF
:1016400016E00C0E6E6E380E6F6E6E50CF0B1009DA
:101650006E6E0101CA6BC96B070EC86FD00EC76FE3
:10166000C66BC56BC46BC36B568604D008016E6A2B
:1016700056960101000112000801CE6BCE510208FE
:1016800020E38B801B6AF2BE1B8EF29E0901766BF3
:10169000FA0E756F000156EC06F01BBEF28E8B90B1
:1016A0001B6AF2BE1B8EF29E0901766BFA0E756FF5
:1016B000000156EC06F01BBEF28E04000801CE2B92
:1016C000DDD70001120009010A510C03F3CF01F02C
:1016D000F4CF00F00D03F35000260B510C03F35030
:1016E0000020026E0001120033DCB00E676E3F0E68
:1016F00068168394090159A1839059B18380A19AF6
:10170000679E5AC96AFFA1AAFED78384000112000E
:10171000B00E676E3F0E68160901596B300E5A6F96
:101720000001E2DF0901596B750E5A6F0001DCDF21
:10173000010E0901596F100E5A6F0001D5DF010E1D
:101740000901596F9F0E5A6F0001CEDF0901596BD5
:10175000150E5A6F0001C8DF010E0901596F050E01
:101760005A6F0001C1DF010E0901596F540E5A6F03
:101770000001BADF0901596B5C0E5A6F0001B4DF3A
:10178000100E0901006F00519E081BE3050E016F4A
:101790000151530814E3010E596F5A6B0001A4DF85
:1017A000010E0901596F5A6B00019EDF010E0901FC
:1017B000596F5A6B000198DF0901012BE9D7002B03
:1017C000E2D7596B250E5A6F00018EDF5780120049
:1017D00055C964F954C963F953C962F952C961F929
:1017E000C8DD01C05AF9010E090152255D6F000ED6
:1017F00053215E6F000E54215F6F000E5521606F04
:10180000646F5FC963F95EC962F95DC961F900017E
:10181000B0DD01C05BF9020E090152255D6F000EBB
:1018200053215E6F000E54215F6F000E5521606FD3
:10183000646F5FC963F95EC962F95DC961F900014E
:1018400098DD01C05CF90901596B5AC958F95BC9A7
:1018500057F95CC956F956C900F057C901F058C983
:1018600002F059C903F000011200B00E676E3F0E7E
:1018700068160501F96BF86BF76BF66B09015851A7
:10188000000A000108E0010A32E0030A5DE0010AF3
:10189000D8B487D0B4D00901646B636B626B616BA1
:1018A000000167DD01C059F90901646B636B626B6C
:1018B000010E616F00015DDD01C05AF90901646B21
:1018C000636B626B020E616F000153DD0501F96B02
:1018D00059C9F8F55AC9F7F501C0F6F5080EEE6FCB
:1018E000030EEF6F080EEC6F020EED6FB3D009011F
:1018F000646B636B626B030E616F00013ADD01C0C4
:1019000059F90901646B636B626B040E616F00012E
:1019100030DD01C05AF90901646B636B626B050E1F
:10192000616F000126DD0501F96B59C9F8F55AC947
:10193000F7F501C0F6F5080EEE6F030EEF6F080E17
:10194000EC6F020EED6F86D00901646B636B626B06
:10195000060E616F00010DDD01C059F90901646BCC
:10196000636B626B070E616F000103DD01C05AF902
:101970000901646B636B626B080E616F0001F9DC37
:101980000501F96B59C9F8F55AC9F7F501C0F6F523
:10199000100EEE6F040EEF6F100EEC6F020EED6F77
:1019A00059D00901646B636B626B090E616F0001B2
:1019B000E0DC01C059F90901646B636B626B0A0ECC
:1019C000616F0001D6DC01C05AF90901646B636BD9
:1019D000626B0B0E616F0001CCDC0501F96B59C91C
:1019E000F8F55AC9F7F501C0F6F54B0EEE6F640E27
:1019F000EF6F180EEC6F070EED6F2CD00001090190
:101A0000646B636B626B616B0001B3DC01C059F9FD
:101A10000901646B636B626B010E616F0001A9DCED
:101A200001C05AF90901646B636B626B020E616F4E
:101A300000019FDC0501F96B59C9F8F55AC9F7F5A2
:101A400001C0F6F5080EEE6F030EEF6F080EEC6F97
:101A5000020EED6F00013AEF0DF0B00E676E3F0E13
:101A60006816050E09014F27100E502751C958F965
:101A70000001FBD609014E51C00BC00809E1600E00
:101A80004E5D0501F06FF16BF26BF36B08D009014D
:101A9000200E4E5D0501F06FF16BF26BF36B0901E7
:101AA0005151030819E1F3C55BF9F2C55AF9F1C5C3
:101AB00059F9F0C558F95F6B5E6B5D6BEEC55CF96B
:101AC0000001C3DC03C0F3F502C0F2F501C0F1F57B
:101AD00000C0F0F510D009010501EF510901586F60
:101AE00009E0D8900501F037F137F237F3370901F3
:101AF000582FF7D700010501F651F027F751F123D0
:101B0000F851F223F951F3230901596B300E5A6F42
:101B10000001EADD0901596B750E5A6F0001E4DD21
:101B2000010E0901596F50C95AF90001DDDD0501A7
:101B3000EC5109015025586F010E596F58C95AF9D7
:101B40000001D2DD0901596B150E5A6F0001CCDD81
:101B5000010E0901596F4FC95AF90001C5DD050190
:101B6000ED5109014F25586F010E596F58C95AF9A7
:101B70000001BADD0901596B5C0E5A6F0001B4DD3A
:101B80000501EE51F02502013F6F000E0501F12124
:101B90000201406F000E0501F2210201416F000EAB
:101BA0000501F3210201426FF3C557F9F2C556F959
:101BB000F1C555F9F0C554F9090157510201425DCB
:101BC000D8A06ED015E1090156510201415DD8A09F
:101BD00067D00EE1090155510201405D61E308E162
:101BE0003F510901545DD8A002D0020159D0020131
:101BF00057C964F956C963F955C962F954C961F9FD
:101C00000001B9EC09F001C0F4F50501F56BF551DF
:101C1000070829E3F451800B11E10901535307E050
:101C2000010E596F5A6900015FDD06D00901010EEE
:101C3000596F5A6B000158DD11D00501090153534A
:101C400007E0010E596F5A6B00014EDD07D0090104
:101C5000010E596F52C95AF9000146DDD8900501AD
:101C6000F437F52BD4D70901515103080FE0535332
:101C700007E0010E596F5A69000136DD06D00901EF
:101C8000010E596F5A6B00012FDD0901010E542717
:101C9000D8B0552BD8B4562BD8B4572B8ED70201B9
:101CA0000901596B250E5A6F00011EDD1200B00E9E
:101CB000676E3F0E68160901086B120E0501E825D4
:101CC00009014D6F000E0501E92109014E6F000E5B
:101CD0000501EA2109014F6F000E0501EB21090101
:101CE000506FD8900235026E0335036E02C000F0CB
:101CF000016E026A036A00504D2701504E230250C4
:101D00004F230350502302514D253B6F03514E2169
:101D10003C6F000E4F213D6F000E50213E6F3EC9BB
:101D200055F93DC954F93CC953F93BC952F9000171
:101D30004FDD03C042F902C041F901C040F900C0C3
:101D40003FF9030E09013B254D6F000E3C214E6FFC
:101D5000000E3D214F6F000E3E21506F556F4FC951
:101D600054F94EC953F94DC952F9000131DD03C090
:101D700046F902C045F901C044F900C043F9090120
:101D80003F51435D476F40514459486F42C94CF938
:101D900041C94BF940C94AF93FC949F94C51465D1F
:101DA00032E30BE14B51455D2EE307E14A51445DBF
:101DB0002AE303E14351495D26E20851082B036AF7
:101DC000090F016E090E032201C04DF903C04EF93F
:101DD0004CC964F94BC963F94AC962F949C961F947
:101DE0000001B9EC09F04EC9EAFF4DC9E9FF01C095
:101DF000EFFF010E09014927D8B04A2BD8B44B2B6D
:101E0000D8B44C2BCBD7086B485303E14751085D3E
:101E100026E20851082B036A090FE96E090E032018
:101E2000EA6EEFCF4EF904C94FF905C950F906C95A
:101E300051F9526907C953F900010FDE0901065330
:101E400003E00651030805E10501ED5109010427EE
:101E500005D0010E0501ED2509010427D5D70001A4
:101E60001200B00E676E3F0E681609010F6B0F511E
:101E70000925E96E000E0A21EA6EEF5025E00F51A8
:101E80000F2B0925E96E000E0A21EA6EEFCF4EF9FD
:101E90000BC94FF90CC950F90DC951F952690EC956
:101EA00053F90001DADD09010D5303E00D51030878
:101EB00005E10501ED5109010B2705D0010E0501D2
:101EC000ED2509010B27D3D70001120009010A51A2
:101ED000016A095D03E209C900F00CD0006A080E2E
:101EE0000B6F093700360A51005CD8B0006E01361E
:101EF0000B2FF7D700011200C1C8EAFFC0C8E9FFE5
:101F0000090110C9EFFFE92AD8B4EA2AEF6A0801EB
:101F1000C02BD8B4C12B00011200015007C909F928
:101F2000640E09010A6F0001D1DF00C007F90150FA
:101F3000300E08E1090108A30FD008B70DD008B989
:101F4000200E04D00901089708990881012601C0D4
:101F500010F90001D1DF090107C909F90A0E0A6F5A
:101F60000001B4DF00C007F90150300E08E109019B
:101F700008B70AD008A108D008B9200E0001012630
:101F800001C010F9B9DF0901300E072707C910F9A0
:101F90000001B2DF1200B00E676E3F0E6816050E2C
:101FA00009010B27100E0C27596B300E5A6F0001D8
:101FB00074EC0BF00901596B750E5A6F000174EC4B
:101FC0000BF0010E0901596F0CC95AF9000174ECAC
:101FD0000BF0100E09010C25FF0F186F010E596F41
:101FE00018C95AF9000174EC0BF00901596B150E70
:101FF0005A6F000174EC0BF0010E0901596F0BC907
:102000005AF9000174EC0BF0050E09010B25186F4D
:10201000010E596F18C95AF9000174EC0BF009014F
:10202000596B5C0E5A6F000174EC0BF00901646B84
:10203000636B626B0C0E616F0001B9EC09F001C0BB
:1020400018F90901646B636B626B0D0E616F00011F
:10205000B9EC09F001C019F90901646B636B626B9B
:102060000E0E616F0001B9EC09F00901126B18C97D
:1020700011F919C910F901C00FF91B6B1A6B196B13
:102080000A35006E1935016E1A35026E1B35036E66
:102090000036013602360336003601360236033684
:1020A0000036013602360336003601360236033674
:1020B000E00E001600500F2701501023025011238C
:1020C00003501223136B12C917F911C916F910C95D
:1020D00015F90FC914F9200E0F25006E000E1021FE
:1020E000016E000E1121026E000E1221036E1751B7
:1020F000035C54E30BE11651025C50E307E1155118
:10210000015C4CE303E10050145D48E217C964F937
:1021100016C963F915C962F914C961F90001B9EC6E
:1021200009F001C00EF90501F56BF551070819E337
:1021300009010E51800B08E1010E596F5A6B000125
:1021400074EC0BF008D00901010E596F0DC95AF952
:10215000000174EC0BF0D89009010E370501F52B46
:10216000E4D7090113A110D013530EE0010E596FEB
:102170005A6B000174EC0BF0010E0901596F5A6B98
:10218000000174EC0BF00901132B010E1427D8B0D9
:10219000152BD8B4162BD8B4172B9DD7596B250EF9
:1021A0005A6F000174EC0BF0E4EF10F0B00E676EA4
:1021B0003F0E681607C90AF908C90BF909C90CF9D5
:1021C00009010D690001E7D61200090E0901076F28
:1021D0004A0E086F5A0E096F0001E8DF1200140E54
:1021E0000901076F4A0E086F5A0E096F0001DEDF02
:1021F00022EF12F0080E0901076F4A0E086F140E45
:10220000096F0001D3DF1200140E0901076F4A0E97
:10221000086F140E096F0001C9DF1200120E0901C8
:10222000076F4A0E086F5A0E096F0001BFDF5CEF9F
:1022300012F01B6AF2BE1B8EF29E0901796B6FC011
:1022400078F9000145EC05F01BBEF28E03C00AF9D7
:1022500002C009F901C008F900C007F91B6AF2BE03
:102260001B8EF29E0901796B70C078F9000145EC74
:1022700005F01BBEF28E0AC926F909C925F908C95D
:1022800024F907C923F903C02AF902C029F901C0BA
:1022900028F900C027F96FEC0AF003C00AF902C060
:1022A00009F901C008F900C007F91B6AF2BE1B8ECC
:1022B000F29E03C07BF902C07AF901C079F900C02F
:1022C00078F909017F6B7E6B480E7D6F850E7C6F00
:1022D000000160EC05F01BBEF28E1B6AF2BE1B8E85
:1022E000F29E03C07BF902C07AF901C079F900C0FF
:1022F00078F9DBEC05F01BBEF28E01C000F9090194
:102300000051630802E2640E006F51A43ED051A652
:1023100015D0200E016F026F036F046F056F066BFF
:10232000090E0A6F010E096F450E0B6F040E0C6F3C
:102330000D6B00C90EF9000194DD090151B624D0DE
:10234000010E0801C16FDB0EC06F00C907F9130E43
:102350000901086F0001E1DD200E0901106F000185
:10236000CBDD250E0901106F0001C6DD010E09014C
:102370000A6FDB0E096F450E0B6F040E0C6F0D6BB1
:102380000E6B00016EDD090124D0010E0801C16F42
:10239000DB0EC06F00C907F9130E0901086F0001B9
:1023A000BCDD200E0901106F0001A6DD250E09011C
:1023B000106F0001A1DD010E09010A6FDB0E096F2C
:1023C000450E0B6F040E0C6F0D6B0E6B000149DD9B
:1023D0000901420E00018F6F0901005109080BE24B
:1023E000400E00018F6F09010051630804E23E0EA8
:1023F00000018F6F09010101095307E10A5305E14B
:10240000170E00018D6F0ED001010A5308E109512A
:10241000310805E3160E00018D6F04D00101150E81
:1024200000018D6F8DC007F98FC008F90901096B94
:102430000001BCDE6B5163080AE3C7DE6B510A087A
:1024400001E1CDD6D7DE6B5301E1DEDE42D06B5128
:1024500079080AE06B517B0807E06B51830804E0C0
:102460006B51850801E0C6DE6B51780825E06B51A1
:10247000790822E06B517B081FE06B5182081CE059
:102480006B51830819E06B51850816E06B518C087D
:1024900013E06B518D0810E06B518E080DE06B510D
:1024A0008F080AE06B51B40807E06B51B50804E0EF
:1024B0006B51B70801E0B2D66B518C0809E06B5143
:1024C0008D0806E06B518E0803E06B518F0801E127
:1024D0007CDE1200B00E676E3F0E68160901086BB5
:1024E000120E0501E82509014D6F000E0501E921D5
:1024F00009014E6F000E0501EA2109014F6F000E20
:102500000501EB210901506FD8900135026E0235AB
:10251000036E02C000F0016E026A036A00504D278C
:1025200001504E2302504F230350502301514D259B
:102530003B6F02514E213C6F000E4F213D6F000E4C
:1025400050213E6F3EC955F93DC954F93CC953F974
:102550003BC952F90001E8EC0BF003C042F902C09C
:1025600041F901C040F900C03FF9030E09013B25C4
:102570004D6F000E3C214E6F000E3D214F6F000E3F
:102580003E21506F556F4FC954F94EC953F94DC98B
:1025900052F90001E8EC0BF003C046F902C045F91E
:1025A00001C044F900C043F909013F51435D476F41
:1025B00040514459486F42C94CF941C94BF940C98F
:1025C0004AF93FC949F94C51465D32E30BE14B51A1
:1025D000455D2EE307E14A51445D2AE303E143519F
:1025E000495D26E20851082B036A090F016E090EA6
:1025F000032201C04DF903C04EF94CC964F94BC91F
:1026000063F94AC962F949C961F90001B9EC09F0F5
:102610004EC9EAFF4DC9E9FF01C0EFFF010E0901F4
:102620004927D8B04A2BD8B44B2BD8B44C2BCBD796
:10263000086B485303E14751085D28E20851082B15
:10264000036A090FE96E090E0320EA6EEFCF4EF917
:1026500003C94FF904C950F905C951F906C952F91E
:1026600007C953F900012DEC0DF00901055303E0F2
:102670000551030805E10501ED510901032705D0C6
:10268000010E0501ED2509010327D3D70001120032
:1026900051ACE6D06C5302E14FAC17D04F9C88ECA4
:1026A0000BF00901036B100E026F046B056B020E39
:1026B000066F076B000157EC0EF0886B826B4F9E24
:1026C000BF6B0601F46B57940001B3DD0101A75302
:1026D0000AE1A85308E1A95306E1AA5304E1AA6B51
:1026E000A96BA86BA76BAA5307E1A95305E1A853EF
:1026F00003E1A751050805E2AA6BA96BA86B050EBB
:10270000A76FA75306E1A85304E1A95302E1AA5316
:1027100002E0000E01D0010E0801D96F0901036B20
:10272000180E026F070E046F190E056F066BD9C8DD
:1027300007F9000157EC0EF00101A72D06D0A853B0
:1027400004E1A95302E1AA5302E0000E01D0010EF8
:102750000801DA6F0901026B130E016F070E036F98
:10276000270E046F056B85C006F9DAC807F900016A
:10277000B1DE0101A751020806E1A85304E1A95303
:1027800002E1AA5302E0000E01D0010E0801DA6F47
:102790000901026B140E016F070E036F350E046FF3
:1027A000056B85C006F9DAC807F9000193DE01015F
:1027B000A751030806E1A85304E1A95302E1AA5373
:1027C00002E0000E01D0010E0801D96F0901036B70
:1027D000150E026F070E046F430E056F066BD9C806
:1027E00007F9000157EC0EF00101A751040806E1BA
:1027F000A85304E1A95302E1AA5302E0000E01D05C
:10280000010E0801D96F0901036B160E026F070E46
:10281000046F510E056F066BD9C807F9000157EC1C
:102820000EF00101A751050806E1A85304E1A953E0
:1028300002E1AA5302E0000E01D0010E0801D96F97
:102840000901036B110E026F070E046F5F0E056F17
:10285000066BD9C807F9000157EC0EF06BC06CF09D
:10286000519C000E016E1200200E0801DAA9300EF4
:10287000DB6FD9C800F0D9AF08D0001E002A00C015
:10288000D9F82D0EDB6FDA8FDA810150D9C809F93A
:10289000640E09010A6F000166EC0FF000C0D9F860
:1028A000300E01240801DC6FD9C809F90A0E0901AC
:1028B0000A6F000166EC0FF0300E00240801DE6F95
:1028C000300E0124DD6FDBC800F0300EDC5D04E06B
:1028D000DA83DABFDA8512D0DBC8DCF8200EDB6FD2
:1028E000300EDD5D04E0DA81DABFDA8307D0D8A4E8
:1028F000DA8104E1DCC8DDF8200EDC6FDAB505D042
:10290000DAB308D0DAB10BD00FD0DBC810F9000170
:102910007CEC0FF0DCC810F900017CEC0FF0DDC896
:1029200010F900017CEC0FF0DEC810F900017CEC1E
:102930000FF01200EACF0EF9E9CF0DF909010739BE
:10294000F009096F0927E20F0A6F320F0C6F075168
:102950000F0B0A270A270C27E90F0B6F0B270B27F2
:1029600006390F0B0B270C270B370C370C1F0C37B6
:1029700006510F0B0C270937070E086F0A0E0B07BD
:102980000C27FDE30A070B27FDE309070A27FDE3F0
:1029900008070927FDE3090EEA6E080EE96E070E27
:1029A0000D150D9DE926000EEA22E9500C0804E100
:1029B000EA50090801E10D8DEF50006E08E10DBDF0
:1029C00006D00DB916D00DB702D0200E03D00D875A
:1029D0000D99300E0026EACF07F9E9CF06F900C0BD
:1029E00010F900017CEC0FF007C9EAFF06C9E9FF06
:1029F0000901EE500DADD9D700011200C69E9E967A
:102A0000F9C8C9FF020EC6BE05D09EA6FED7000EAD
:102A1000C5BC010E016E1200C69CC586C5B6FED7A8
:102A200000B0C59A00A0C58AC588C5B8FED7C9CF71
:102A300001F01200C580C5B0FED7AA0E0801F96FDB
:102A40000001DCDF012C01D03CD0DAC8F9F8D6DF78
:102A5000D9C8F9F8D3DF0801F96B0001CFDFC584CD
:102A6000C5B4FED7C580C5B0FED7AA0E0801F96F60
:102A70000001C4DF0801F96B0001C0DFC582C5B2E7
:102A8000FED7AB0E0801F96F0001B8DF010E006E32
:102A9000C3DF0801DC6B01C0DBF8006A0001BCDFAA
:102AA0000801DE6B01C0DDF8C584C5B4FED7DDC802
:102AB000DEF8DD6BDD51DB13DE51DC13549E07D0F5
:102AC0000001430E0801DC6F210EDB6F548EDBC862
:102AD00001F0DCC802F000011200080E0801D96FF5
:102AE000DA6B0001A7DF02502AEF17F00900F6CFDA
:102AF00007F9F7CF08F9F8CF09F9F5CF10F97CEC11
:102B00000FF007C9F6FF08C9F7FF09C9F8FF090167
:102B1000062F01D002D00001E9D700011200080100
:102B2000DCBF12D00F0E006EDB3900160A0E005CFF
:102B300003E2300E002602D0DC51002600C010F95E
:102B400000017CEC0FF008010F0EDB170A0EDB5DB5
:102B500002E2300E02D0DC9FDC51DB27DBC810F92B
:102B600000017CEC0FF01200B00E676E3F0E68168D
:102B700009010A6B0A510325E96E000E0421EA6E71
:102B8000EF5027E00A510A2B0325E96E000E0421BD
:102B9000EA6EEFCF4EF905C94FF906C950F907C9DA
:102BA00051F908C952F909C953F900012DEC0DF08A
:102BB0000901075303E00751030805E10501ED5141
:102BC0000901052705D0010E0501ED25090105279D
:102BD000D1D7000112006C510A080EE088EC0BF00E
:102BE0000901036B1A0E026F046B056B020E066F70
:102BF000076B000157EC0EF051AC83D119EC11F0CA
:102C00000101AA5307E1A95305E1A85303E1A75124
:102C1000020805E2AA6BA96BA86B030EA76F090156
:102C2000036B1B0E026F040E046F1E0E056F010E68
:102C3000066F076B000157EC0EF0010E0801C16F23
:102C4000DB0EC06F7BC0D9F8130EDA6F00010CDE0B
:102C5000250E0901106F00017CEC0FF0200E090118
:102C6000106F00017CEC0FF00101A75306E1A8539F
:102C700004E1A95302E1AA5302E0000E01D0010EC3
:102C80000801DB6F010E09010A6FDB0E096F330EBD
:102C90000B6F1E0E0C6F010E0D6FDBC80EF90001DD
:102CA00031EC0FF00901036B1E0E026F040E046F6E
:102CB0002C0E056F010E066F076B000157EC0EF02E
:102CC000010E0801C16FDB0EC06F7CC0D9F8130E76
:102CD000DA6F0001C9DD250E0901106F00017CECDF
:102CE0000FF0200E0901106F00017CEC0FF00101C4
:102CF000A72D06D0A85304E1A95302E1AA5302E08C
:102D0000000E01D0010E0801DB6F010E09010A6FF0
:102D1000DB0E096F330E0B6F2C0E0C6F010E0D6F57
:102D2000DBC80EF9000131EC0FF00901036B1C0E3A
:102D3000026F040E046F3A0E056F010E066F076BEB
:102D4000000157EC0EF0010E0801C16FDB0EC06FE1
:102D5000020EE96E0AC107F909C106F90001EADDB0
:102D6000250E0901106F00017CEC0FF0200E090107
:102D7000106F00017CEC0FF00101A751020806E181
:102D8000A85304E1A95302E1AA5302E0000E01D0C6
:102D9000010E0801DB6F010E09010A6FDB0E096FDE
:102DA000330E0B6F3A0E0C6F010E0D6FDBC80EF970
:102DB000000131EC0FF00901036B1F0E026F040ECE
:102DC000046F480E056F010E066F076B000157EC8C
:102DD0000EF0930E8C6F8B5302E1920E8C6F0101FB
:102DE000A751030806E1A85304E1A95302E1AA533D
:102DF00002E0000E01D0010E0801DA6F0901036B39
:102E00008CC002F9330E046F480E056F010E066F79
:102E1000DAC807F9000157EC0EF009010A6B3F0E02
:102E2000096F150E0B6F620E0C6F020E0D6F0E6B9D
:102E3000000131EC0FF009010A6B340E096F2B0E03
:102E40000B6F620E0C6F020E0D6F0E6B000131ECFA
:102E50000FF043D602C0DAF801C0D9F8010E08011C
:102E6000C16FDB0EC06F5A0EF66E020EF76E000ECB
:102E7000F86E070E0901066F000138DE100EE96ECC
:102E80004BC007F94AC006F955DD640EF66E020E16
:102E9000F76E000EF86E030E0901066F000126DEC4
:102EA000100EE96E4DC007F94CC006F943DD6A0EFD
:102EB000F66E020EF76E000EF86E050E0901066F33
:102EC000000114DEDAC8DBF8370E0801DC6F000100
:102ED00026DED9C8DBF8370E0801DC6F00011FDEE3
:102EE000010E0901046FDB0E036F0F0E056F780EE4
:102EF000066F076B85C008F9096B000135DE6BC0F2
:102F00006CF0519C000E016E1200016A026A006AA8
:102F1000036A0901135102E1125118E0100E146FF7
:102F2000D89010371137003603361351035C02E195
:102F30001251005C07E31251005ED8A00306135142
:102F4000035ED88001360236142FEAD70001120042
:102F50001B6AF2BE1B8EF29E05C979F904C978F985
:102F600045EC05F01BBEF28E03C026F902C025F920
:102F700001C024F900C023F909012A6B296B700EE6
:102F8000286F840E276F00016FEC0AF003C00BF965
:102F900002C00AF901C009F900C008F91B6AF2BEB3
:102FA0001B8EF29E07C979F906C978F945EC05F040
:102FB0001BBEF28E03C026F902C025F901C024F918
:102FC00000C023F909012A6B296B700E286F840E4B
:102FD000276F00016FEC0AF003C00FF902C00EF971
:102FE00001C00DF900C00CF91B6AF2BE1B8EF29EE7
:102FF0000BC97BF90AC97AF909C979F908C978F9BD
:10300000DBEC05F01BBEF28E01C077F005C911F9AB
:1030100004C910F90901136B3C0E126F000175DF32
:1030200000C078F01B6AF2BE1B8EF29E0FC97BF9BE
:103030000EC97AF90DC979F90CC978F9DBEC05F0FC
:103040001BBEF28E01C079F007C911F906C910F94B
:103050000901136B3C0E126F000157DF00C07AF0BC
:10306000120087518811F30FD8B0C4D00D0F86EF2E
:1030700019F0010E0101646FF40E636F6C6B010EA9
:103080006B6F666FF40E656F6E6B010E6D6F686F20
:10309000F40E676F706B010E6F6F6A6B960E696F3F
:1030A000726B010E716F0001A5D0010E0101666FF8
:1030B000F40E656FD0C06EF1CFC06DF1010E686F78
:1030C000F40E676FD0C070F1CFC06FF1000192D0E5
:1030D000D2C064F1D1C063F101016C6B010E6B6F62
:1030E000686FF40E676FD2C070F1D1C06FF164C128
:1030F0006AF163C169F16A5303E16951950803E21A
:103100006A6B960E696F726B010E716F000172D05F
:10311000D4C064F1D3C063F101016C6B010E6B6F1D
:10312000D4C066F1D3C065F16E6B6D6F64C16AF196
:1031300063C169F16A5303E16951950803E26A6B5F
:10314000960E696F726B010E716F000153D0010E04
:103150000101666FF40E656FD6C06EF1D5C06DF1DA
:10316000010E686FF40E676FD6C070F1D5C06FF1B5
:10317000000140D0010E0101686FF40E676FD2C0EC
:1031800070F1D1C06FF1000135D0D2C064F1D1C06F
:1031900063F101016C6B010E6B6F64C16AF163C175
:1031A00069F16A5303E16951950803E26A6B960E6F
:1031B000696F726B010E716F00011CD0D4C066F193
:1031C000D3C065F1D0C06EF1CFC06DF113D0010E48
:1031D0000101686FF40E676FD2C070F1D1C06FF15A
:1031E000000108D0D4C066F1D3C065F1D6C06EF13D
:1031F000D5C06DF10801E86BE8510308D8A083D071
:10320000D890E835036ACF0FE96E000E0320EA6E0E
:10321000ECCFEAF8ED52EFCFE9F8D890E835036A41
:10322000630FE96E010E0320EA6EECCF03F0ED525E
:10323000EFCF01F00350EA5D24E303E10150E95DC3
:1032400020E3D890E835036ACF0F016E000E032209
:1032500003C0EAF8D890E835036A630FE96E010EFF
:103260000320EA6EECCF03F0ED52EFCFEBF8EAC8A3
:10327000EAFF01C0E9FF03C0ECFFED52EBC8EFFF2E
:1032800040D0D890E835036ACF0FE96E000E0320D6
:10329000EA6EECCFEAF8ED52EFCFE9F8D890E835D6
:1032A000036A6B0FE96E010E0320EA6EECCF03F0A8
:1032B000ED52EFCF01F0EA51035C23E303E1E95162
:1032C000015C1FE3D890E835036ACF0F016E000E52
:1032D000032203C0EAF8D890E835036A6B0FE96E61
:1032E000010E0320EA6EECCF03F0ED52EFCFEBF8C6
:1032F000EAC8EAFF01C0E9FF03C0ECFFED52EBC8EA
:10330000EFFFE82B79D7000183EF1CF0E824F76A80
:10331000F7362D0FF66E330EF722000EF86EFB6EA9
:103320000A00F550FA6E0800F550F96E7230AA30B6
:10333000D03074311031BC318A31F4314E31F43136
:10334000CE31F431E43109010D51B6080D6F036A35
:103350000EC911F90E8FD8900E330F33103303328C
:103360000232013200320D2FF6D711AF0BD0001E02
:10337000011E021E031E002AD8B4012AD8B4022A54
:10338000D8B4032A00011200800ED8A202D009018D
:10339000111B0901166B176B0DC915F91151151B7E
:1033A0000C51D8B4DFD0146F006E1051D8B4E3D0F4
:1033B000145FD8B483D03EE311C91AF91A8F12C929
:1033C00019F913C918F9176BD8901A331933183330
:1033D0001733142FF8D715AF03D01681E0D016910C
:1033E00014911689090EEA6E0F0EE96EEBD016994C
:1033F00015BF0AD014A113D01A3319331833173359
:10340000002AD8B4C7D00BD01ABF0CD0D890173729
:10341000183719371A370006D8B4BCD0F5D7168D2F
:103420006DD0169D0DC915F90DAF02D01A8FABD016
:103430001A9FA9D010C914F910C900F00C51145FDB
:103440000DC91AF91A8F0EC919F90FC918F9176B96
:10345000D8901A33193318331733142FF8D715AF00
:1034600003D016839CD016931491168B090EEA6E26
:10347000130EE96EA7D0169B15BF0AD014A113D066
:103480001A33193318331733002AD8B483D00BD02A
:103490001ABF0CD0D8901737183719371A370006CB
:1034A000D8B478D0F5D7168F29D0169F11C915F941
:1034B00011AF02D01A8F67D01A9F65D011C91AF9BF
:1034C0001A8F12C919F913C918F915AF04D01A9F28
:1034D000168565D01695176B1491090EEA6E0F0EBE
:1034E000E96E70D015BF1CD00DC915F914A106D016
:1034F0001A33193318331733002A4CE017AF0BD0A7
:10350000182B09E1192B07E11A2B05E11A3319339E
:103510001833002A3FE016BD84D716BFC6D71CD08B
:10352000800E1A1B1AAF04D03AD011C915F90AD06F
:103530000DC915F91A5306E1195304E1185302E1B4
:10354000006A21D01ABF08D0D8901737183719371A
:103550001A37002EF7D71ED015AF02D01A8F13D00E
:103560001A9F11D010C900F011C91AF912C919F91E
:1035700013C918F908D00CC900F00DC91AF90EC901
:1035800019F90FC918F91AC901F019C902F018C9B7
:1035900003F034D0006A016A026A036A2FD0176B05
:1035A000181F191F1A1F171F172B05E1182B03E1EE
:1035B000192B01E11A2B16B112D716B354D716B531
:1035C00089D7B3D7EF50182705E3192B03E11A2B3E
:1035D000D8B41481ED52EF50192703E31A2BD8B455
:1035E0001481ED52EF50EFBE01D0800A1A27D8B0F7
:1035F000148116B9FCD616BB3ED774D70001120051
:1036000009010B6B0A6B096B086B07530AE1065340
:1036100008E10551020824E2FF0A03E10451E7082A
:103620001FE2D89207C913F906C912F905C911F9A1
:1036300004C910F9176B166B030E156FE80E146FA3
:103640000001DBEC09F003C00BF902C00AF901C06C
:1036500009F900C008F96D0E0201356F0CD009019F
:1036600007C90BF906C90AF905C909F904C908F916
:103670005B0E0201356F08C900F009C901F00AC9E3
:1036800002F00BC903F000011200E9500901086FB4
:103690003B0E0F6F9A0E0E6FCA0E0D6F0C6B0A0E5B
:1036A0000A6FD882090EEA6E040EE96E07C913F993
:1036B00006C912F905C911F904C910F90FC917F99A
:1036C0000EC916F90DC915F90CC914F90001DBEC86
:1036D00009F00150005213E109010A51010AD8A46E
:1036E00002D000010CD008510CE00F0B0A5D01E084
:1036F00010E208BF0ED008BD04D0200E03D009018F
:10370000086B300E002600C010F900017CEC0FF0B1
:103710000901D8920FC913F90EC912F90DC911F98F
:103720000CC910F9176B166B156B0A0E146F00019C
:10373000DBEC09F003C00FF902C00EF901C00DF96E
:1037400000C00CF909010A2FACD70001120051ACDE
:10375000F4EF2AF00801D99100016C51280802E128
:103760004FA025D06C51300805E00101326B010EED
:10377000316F000188EC0BF00901036B060E026F3C
:10378000046B056B020E066F076B000157EC0EF021
:10379000010EBF6F030ECE6F4F908251030800E100
:1037A0000101AE6BAD6BAC6B82C0ABF10001070EDB
:1037B000BF6FCD5302E1010EBF6FD8908235036A0F
:1037C000390FE96E010E0320EA6EECCFE9F8ED52F5
:1037D000EFCFE8F80801E951000814E2FF0A03E11D
:1037E000E85121080FE2D89000018235036A390FB1
:1037F000E96E010E0320EA6E010EEC6EED52220E10
:10380000EF6E08010101AA530CE1A9530AE1A85384
:1038100008E1A751010805E3AA6BA96BA86B010E8B
:10382000A76FAA5307E1A95305E1A85303E1A751E4
:103830000E0805E2AA6BA96BA86B0F0EA76F00011B
:103840008251030810E10101AA5307E1A95305E1E0
:10385000A85303E1A7510C0805E2AA6BA96BA86B5A
:103860000D0EA76F000119EC11F0010E826F82514D
:10387000FC0F0EE2040FF8EF2AF0F10E8C6F08D067
:10388000F20E8C6F05D0F30E8C6F02D0F40E8C6F9D
:103890000101A72D06D0A85304E1A95302E1AA53C0
:1038A00002E0000E01D0010E0801E96F0901036B6F
:1038B0008CC002F9040E046F120E056F010E066F24
:1038C000E9C807F9000157EC0EF0D8908235036A79
:1038D000F70FE96E000E0320EA6EECCF05F9ED520A
:1038E000EFCF04F9D8908235036AFF0FE96E000E1E
:1038F0000320EA6EECCF07F9ED52EFCF06F9A8EC02
:1039000017F031EF18F082510308D8B45AEF28F0BD
:10391000CD510608D8B482D0CD510508D8B47ED098
:10392000036A82515D0FE96E000E0320EA6EEF52CA
:1039300040E14EBE1FD00101A7510E080BE1A85374
:1039400009E1A95307E1AA5305E1AA6BA96BA86B8A
:103950000F0EA76FA7510A080BE1A85309E1A9535D
:1039600007E1AA5305E1AA6BA96BA86B0B0EA76F21
:103970001ED000010101A7510E080BE1A85309E177
:10398000A95307E1AA5305E1AA6BA96BA86B0D0E19
:10399000A76FA7510A080BE1A85309E1A95307E152
:1039A000AA5305E1AA6BA96BA86B090EA76F35D0C6
:1039B00000014EBE1AD0036A8251590FE96E000E03
:1039C0000320EA6EEF5210E00101A7510E080BE14F
:1039D000A85309E1A95307E1AA5305E1AA6BA96B12
:1039E000A86B0F0EA76F000119D0036A8251590FFF
:1039F000E96E000E0320EA6EEF5210E00101A751BC
:103A00000E080BE1A85309E1A95307E1AA5305E108
:103A1000AA6BA96BA86B0D0EA76F00010801D991C5
:103A20000001822D01D003D00801D9810001578EF9
:103A3000D60E8C6F0801D9A103D00001CD6B08010F
:103A4000D9B124D00001CD51020806E0CD510308C0
:103A500003E0CD51040801E1579ECD51F90F15E265
:103A6000070F0CEF2BF011D0D70E8C6F0ED0D80EA5
:103A70008C6F0BD0D90E8C6F08D0DA0E8C6F05D0FE
:103A8000DB0E8C6F02D0DC0E8C6F0801000ED9B1FA
:103A9000010E036A840FE96E000E0320EA6EEFCF79
:103AA000E9F80101A751020806E1A85304E1A9536E
:103AB00002E1AA5302E0000E01D0010E0801EA6FF4
:103AC0000901026B8CC001F9290E036F120E046FFD
:103AD000010E056FE9C806F9EAC807F900016AECAA
:103AE00012F0010E0801C16FDB0EC06F740EF66E8E
:103AF000020EF76E000EF86E030E0901066F00014C
:103B000076EC15F077C007F9110E0901086F000176
:103B10008DEC0FF03A0E0901106F00017CEC0FF0F4
:103B200078C007F9010E0901086F00018DEC0FF054
:103B3000200E0901106F00017CEC0FF0730E0901DB
:103B4000106F00017CEC0FF00101A751030806E1A2
:103B5000A85304E1A95302E1AA5302E0000E01D0E8
:103B6000010E0801EB6F010E0901046FDB0E036FFC
:103B7000040E056F1E0E066F010E076F84C008F954
:103B8000EBC809F90001B4EC15F0010E0801C16F92
:103B9000DB0EC06F820EF66E020EF76E000EF86E30
:103BA000030E0901066F000176EC15F079C007F9E4
:103BB000110E0901086F00018DEC0FF03A0E09019A
:103BC000106F00017CEC0FF07AC007F9010E0901BB
:103BD000086F00018DEC0FF0200E0901106F00013D
:103BE0007CEC0FF0730E0901106F00017CEC0FF0FC
:103BF0000101A751040806E1A85304E1A95302E119
:103C0000AA5302E0000E01D0010E0801EB6F010E75
:103C10000901046FDB0E036F290E056F1E0E066F80
:103C2000010E076F84C008F9EBC809F90001B4EC74
:103C300015F0CD51020805E1030E0201656F04D0B5
:103C400000010A0E0201656F6451655D02E365C201
:103C500064F25B51665D02E366C25BF2D8900001DC
:103C60008235036A390FE96E010E0320EA6EECCF4C
:103C7000E9F8ED52EFCFE8F8D8900801E931036E8A
:103C8000E831026E016E03521FE102015B51015CDB
:103C9000D8A002D0080118D0D89000018235036A5C
:103CA000390FE96E010E0320EA6EECCFE9F8ED5210
:103CB000EFCFE8F8D8900801E931E8310201676FE9
:103CC00067C25BF215D00801D89000018235036A03
:103CD000390FE96E010E0320EA6EECCFE9F8ED52E0
:103CE000EFCFE8F8D8900801E931E8310201676FB9
:103CF0000801D9910001CD5303E10801D9810001E8
:103D0000010E0801C16FDB0EC06F900EF66E020E41
:103D1000F76E000EF86E050E0901066F000176ECD5
:103D200015F064C207F9130E0901086F00018DEC4C
:103D30000FF0980EF66E020EF76E000EF86E030E80
:103D40000901066F000176EC15F0000E0801D9B1EB
:103D5000010E036A840FE96E000E0320EA6EEFCFB6
:103D6000EAF80101A751050806E1A85304E1A953A7
:103D700002E1AA5302E0000E01D0010E0801EB6F30
:103D8000010E0901046FDB0E036F040E056F2C0E8C
:103D9000066F010E076FEAC808F9EBC809F90001C0
:103DA000B4EC15F00801D991D89000018235036A6E
:103DB000FF0FE96E000E0320EA6EECCFE9F8ED523A
:103DC000EFCFE8F80801E85303E1E95301E1D981B5
:103DD000D9A12DD0036A00018251650FE96E000E52
:103DE0000320EA6E010EEF6E4EBE11D00101A75105
:103DF00006080BE1A85309E1A95307E1AA5305E11D
:103E0000AA6BA96BA86B070EA76F10D00001010168
:103E1000A75106080BE1A85309E1A95307E1AA53EA
:103E200005E1AA6BA96BA86B050EA76F0801036AD1
:103E300000018251650FE96E000E0320EA6EEFCF9C
:103E4000E8F8010E0801C16FDB0EC06F4E0E0901CC
:103E5000106F00017CEC0FF03D0E0901106F0001A6
:103E60007CEC0FF0E8C807F9110E0901086F00019A
:103E70008DEC0FF0A10EF66E020EF76E000EF86ECE
:103E8000060E0901066F000176EC15F0000E080120
:103E9000D9B1010E036A840FE96E000E0320EA6EA9
:103EA000EFCFEAF80101A751060806E1A85304E1A3
:103EB000A95302E1AA5302E0000E01D0010E08014D
:103EC000EB6F010E0901046FDB0E036F290E056F06
:103ED0002C0E066F010E076FEAC808F9EBC809F946
:103EE0000001B4EC15F0D8908235036A390FE96E01
:103EF000010E0320EA6EECCF0BF9ED52EFCF0AF979
:103F000009010D6B320E0C6F000163EC0BF002C067
:103F1000E9F801C0E8F8010E0801C16FDB0EC06FBF
:103F2000490E0901106F00017CEC0FF03D0E0901F4
:103F3000106F00017CEC0FF0000EE96EE9C807F984
:103F4000E8C806F99AEC14F0AE0EF66E020EF76EA3
:103F5000000EF86E040E0901066F000176EC15F0F4
:103F60000101A751070806E1A85304E1A95302E1A2
:103F7000AA5302E0000E01D0010E0801EB6F010E02
:103F80000901046FDB0E036F040E056F3A0E066F16
:103F9000010E076F84C008F9EBC809F90001B4EC01
:103FA00015F00801E96B5BC2E8F8E9C80BF95BC2E0
:103FB0000AF909010D6B640E0C6F000163EC0BF044
:103FC00002C0E9F801C0E8F8010E0801C16FDB0E7C
:103FD000C06FB40EF66E020EF76E000EF86E050E90
:103FE0000901066F000176EC15F0000EE96EE9C8D4
:103FF00007F9E8C806F99AEC14F0BD0EF66E020E49
:10400000F76E000EF86E040E0901066F000176ECE3
:1040100015F0000E57BE010E036A840FE96E000E04
:104020000320EA6EEFCFEAF80101A751080806E184
:10403000A85304E1A95302E1AA5302E0000E01D003
:10404000010E0801EB6F010E0901046FDB0E036F17
:10405000290E056F3A0E066F010E076FEAC808F9C0
:10406000EBC809F90001B4EC15F0036A82515D0F49
:10407000E96E000E0320EA6EEF5233E0010E8C6F02
:104080008251040DF350036AE70FE96E000E03201E
:10409000EA6EEFCFE8F8ECCFE9F8ECCFEAF8ECCF36
:1040A000EBF80801E8531BE1E95319E1EA5317E182
:1040B000EB5315E100018251040DF350036AE70F41
:1040C000E96E000E0320EA6EEE52EE52EC6AED52FB
:1040D000EF6AED52EF6AED52640EEF6E08011DD0EB
:1040E00000018C6B036A8251590FE96E000E0320A8
:1040F000EA6EEF6A8251040DF350036AE70FE96E2E
:10410000000E0320EA6EEE52EE52EC6AED52EF6AB8
:10411000ED52EF6AED52EF6A0801D9910001832D4B
:1041200005D0822D03D00801D9810001000E0801BD
:10413000D9B1010EE86F00018351020806E1822D1A
:1041400001D005D08251020802E0000E01D0010E1C
:104150000801E811D991E8B0D981000ED9B1010E5A
:10416000036A840FE96E000E0320EA6EEFCFE9F8D0
:104170000101A751090806E1A85304E1A95302E18E
:10418000AA5302E0000E01D0010E0801EA6F0901F6
:10419000026B8CC001F9040E036F480E046F010E10
:1041A000056FE9C806F9EAC807F900016AEC12F0E0
:1041B000036A8251590FE96E000E0320EA6EEF5236
:1041C00002E1CD532DE0050E8C6F8251040DF350AA
:1041D000036AE70F016E000E032201C0E8F803C076
:1041E000E9F800018251040DF350036AD70FE96E1C
:1041F000000E0320EA6EEFCF00F0ECCF01F0ECCF21
:1042000002F0ECCF03F0E9C8EAFFE8C8E9FF00C01C
:10421000EFFF01C0ECFF02C0ECFF03C0ECFF02D0D7
:10422000040E8C6FCD5304E00801D98138D0000111
:104230000801D9910001832D05D0822D03D00801FA
:10424000D9810001000E0801D9B1010EE86F00010B
:104250008351020806E1822D01D005D08251020867
:1042600002E0000E01D0010E0801E811D991E8B07A
:10427000D981000ED9B1010EE86F036A00018251A5
:104280005D0FE96E000E0320EA6EEF5202E0000EB1
:1042900001D0010E0801E811D991E8B0D981000ED2
:1042A000D9B1010E036A840FE96E000E0320EA6E95
:1042B000EFCFE9F80101A7510A0806E1A85304E18C
:1042C000A95302E1AA5302E0000E01D0010E080139
:1042D000EA6F0901026B8CC001F9290E036F480EC9
:1042E000046F010E056FE9C806F9EAC807F9000175
:1042F0006AEC12F0CD2D01D009D0CD51040806E0B2
:10430000CD51060803E0CD5102084CE10801D991D6
:10431000010EC16FDB0EC06FC20EF66E020EF76E9D
:10432000000EF86E050E0901066F000176EC15F01F
:10433000020EE96E58C207F957C206F99AEC14F05A
:10434000480E0901106F00017CEC0FF07A0E090194
:10435000106F00017CEC0FF0010E0801C16FF90E27
:10436000C06FCE0EF66E020EF76E000EF86E050EE2
:104370000901066F000176EC15F0020EE96E5AC2D3
:1043800007F959C206F99AEC14F0480E0901106FAA
:1043900000017CEC0FF07A0E0901106F00017CEC3B
:1043A0000FF067D00801D981D89000018235036AE7
:1043B000CF0FE96E000E0320EA6EECCFE9F8ED5264
:1043C000EFCFE8F8010E0801C16FDB0EC06F460E9B
:1043D0000901106F00017CEC0FF03D0E0901106F18
:1043E00000017CEC0FF0010EE96EE9C807F9E8C89E
:1043F00006F99AEC14F0E00EF66E020EF76E000E5F
:10440000F86E040E0901066F000176EC15F0D890E5
:104410008235036ACF0FE96E000E0320EA6EECCFFF
:10442000E9F8ED52EFCFE8F8010E0801C16FF90E7F
:10443000C06F460E0901106F00017CEC0FF03D0EBD
:104440000901106F00017CEC0FF0010EE96EE9C864
:1044500007F9E8C806F99AEC14F0EC0EF66E020EB5
:10446000F76E000EF86E040E0901066F000176EC7F
:1044700015F00101A7510B0806E1A85304E1A95367
:1044800002E1AA5302E0000E01D0010E0801EB6F19
:10449000010E0901046FDB0E036F040E056F560E4B
:1044A000066F010E076F84C008F9EBC809F9000117
:1044B000B4EC15F0000E0801D9B1010E036A840FA7
:1044C000E96E000E0320EA6EEFCFEAF80101A75172
:1044D0000C0806E1A85304E1A95302E1AA5302E043
:1044E000000E01D0010E0801EB6F010E0901046FEF
:1044F000F90E036F290E056F560E066F010E076F3A
:10450000EAC808F9EBC809F90001B4EC15F0CD517F
:104510000508D8B43AD2CD510608D8B436D2CD2D3C
:1045200001D006D0CD51040803E0CD51020851E17D
:104530001B6AF2BE1B8EF29E5AC279F959C278F9F3
:1045400045EC05F01BBEF28E0901266B256B246B32
:104550007F0E236F03C02AF902C029F901C028F990
:1045600000C027F900016FEC0AF003C0EBF802C0AD
:10457000EAF801C0E9F800C0E8F81B6AF2BE1B8E39
:10458000F29E03C07BF902C07AF901C079F900C03C
:1045900078F909017F6BBA0E7E6F5B0E7D6F920E0C
:1045A0007C6F000160EC05F01BBEF28E03C010F9B9
:1045B00002C00FF901C00EF900C00DF9A3EC19F00B
:1045C00003C0DDF802C0DCF801C0DBF800C0DAF897
:1045D0005DD0D8908235036ACF0FE96E000E0320BC
:1045E000EA6EECCF03F0ED52EF501B6AF2BE1B8E69
:1045F000F29E0901786F03C079F9000145EC05F0DE
:104600001BBEF28E0901266B256B246B7F0E236F78
:1046100003C02AF902C029F901C028F900C027F90E
:1046200000016FEC0AF003C0EBF802C0EAF801C029
:10463000E9F800C0E8F81B6AF2BE1B8EF29E03C0C8
:104640007BF902C07AF901C079F900C078F9090153
:104650007F6BBA0E7E6F5B0E7D6F920E7C6F0001DA
:1046600060EC05F01BBEF28E03C010F902C00FF91A
:1046700001C00EF900C00DF9A3EC19F003C0DDF87C
:1046800002C0DCF801C0DBF800C0DAF8036A82512E
:104690005D0FE96E000E0320EA6EEF5207E0D8903E
:1046A0000801DD33DC33DB33DA3300010801DD538D
:1046B0000AE1DC5308E1DB5126086AE2FF0A03E164
:1046C000DA51100865E2DDC8EBF8DCC8EAF8DBC8AF
:1046D000E9F8DAC8E8F8000153EC0AF003C026F95B
:1046E00002C025F901C024F900C023F909012A6B91
:1046F000400E296F1C0E286F8B0E276F00016FEC88
:104700000AF003C0EBF802C0EAF801C0E9F800C003
:10471000E8F8D89203C00FF902C00EF901C00DF9F4
:1047200000C00CF90901136B126B116B7E0E106F38
:104730000001C4EC19F003C010F902C00FF901C068
:104740000EF900C00DF9A3EC19F003C0EBF802C09C
:10475000EAF801C0E9F800C0E8F803C05BF902C05C
:104760005AF901C059F900C058F909015F6B5E6B35
:10477000130E5D6F880E5C6F000125EC0AF003C01C
:10478000DDF802C0DCF801C0DBF800C0DAF808018F
:10479000DD530BE1DC5309E1DB510208D8B074D0E2
:1047A000FF0A03E1DA51E8086FE2DD536DE1DC5303
:1047B0006BE1DB51270868E303E1DA51100864E399
:1047C000DDC8EBF8DCC8EAF8DBC8E9F8DAC8E8F8D5
:1047D000000153EC0AF003C026F902C025F901C01C
:1047E00024F900C023F909012A6B296B7A0E286F7E
:1047F000880E276F00016FEC0AF003C0EBF802C0CF
:10480000EAF801C0E9F800C0E8F8D89203C00FF94F
:1048100002C00EF901C00DF900C00CF90901136BBB
:10482000126B116B7E0E106F0001C4EC19F003C007
:1048300010F902C00FF901C00EF900C00DF9A3EC88
:1048400019F003C0EBF802C0EAF801C0E9F800C0B3
:10485000E8F803C05BF902C05AF901C059F900C079
:1048600058F909015F6B5E6B030E5D6FE80E5C6FBC
:10487000000125EC0AF003C0DDF802C0DCF801C03D
:10488000DBF800C0DAF8080100018251040DF35092
:10489000036AD70FE96E000E0320EA6EEFCFE8F847
:1048A000ECCFE9F8ECCFEAF8ECCFEBF80801DD51FA
:1048B000EB5D1FE30BE1DC51EA5D1BE307E1DB513C
:1048C000E95D17E303E1DA51E85D13E3000182518A
:1048D000040DF350036AD70FE96E000E0320EA6E51
:1048E000DAC8EFFFDBC8ECFFDCC8ECFFDDC8ECFF8B
:1048F000080100018251040DF350036AE70FE96ECD
:10490000000E0320EA6EEFCFE8F8ECCFE9F8ECCF29
:10491000EAF8ECCFEBF80801DD51EB5D1FE30BE1AA
:10492000DC51EA5D1BE307E1DB51E95D17E303E1DD
:10493000DA51E85D13E300018251040DF350036A7C
:10494000E70FE96E000E0320EA6EDAC8EFFFDBC85E
:10495000ECFFDCC8ECFFDDC8ECFF0801D892DDC835
:1049600013F9DCC812F9DBC811F9DAC810F909012A
:10497000176B166B156B190E146F0001DBEC09F049
:1049800001C038F100C037F1D8D1CD51050804E09D
:10499000CD510608D8A4D1D1CD51050850E11B6AEC
:1049A000F2BE1B8EF29ED2C079F9D1C078F945ECE7
:1049B00005F01BBEF28E0901266B256B246B7F0E62
:1049C000236F03C02AF902C029F901C028F900C0E9
:1049D00027F900016FEC0AF003C0EBF802C0EAF817
:1049E00001C0E9F800C0E8F81B6AF2BE1B8EF29E17
:1049F00003C07BF902C07AF901C079F900C078F9E7
:104A000009017F6BBA0E7E6F5B0E7D6F920E7C6F1D
:104A1000000160EC05F01BBEF28E03C010F902C06D
:104A20000FF901C00EF900C00DF9A3EC19F003C095
:104A3000DDF802C0DCF801C0DBF800C0DAF8CD51C7
:104A4000060850E11B6AF2BE1B8EF29E5AC279F92B
:104A500059C278F945EC05F01BBEF28E0901266BB0
:104A6000256B246B7F0E236F03C02AF902C029F93E
:104A700001C028F900C027F900016FEC0AF003C05B
:104A8000EBF802C0EAF801C0E9F800C0E8F81B6AD8
:104A9000F2BE1B8EF29E03C07BF902C07AF901C000
:104AA00079F900C078F909017F6BBA0E7E6F5B0E51
:104AB0007D6F920E7C6F000160EC05F01BBEF28EE4
:104AC00003C010F902C00FF901C00EF900C00DF9C2
:104AD000A3EC19F003C0DDF802C0DCF801C0DBF87C
:104AE00000C0DAF85E5207E0D8900801DD33DC330D
:104AF000DB33DA3300010801DD530AE1DC5308E15E
:104B0000DB5126086AE2FF0A03E1DA51100865E288
:104B1000DDC8EBF8DCC8EAF8DBC8E9F8DAC8E8F881
:104B2000000153EC0AF003C026F902C025F901C0C8
:104B300024F900C023F909012A6B400E296F1C0ECD
:104B4000286F8B0E276F00016FEC0AF003C0EBF8A3
:104B500002C0EAF801C0E9F800C0E8F8D89203C042
:104B60000FF902C00EF901C00DF900C00CF90901DE
:104B7000136B126B116B7E0E106F0001C4EC19F0F9
:104B800003C010F902C00FF901C00EF900C00DF901
:104B9000A3EC19F003C0EBF802C0EAF801C0E9F891
:104BA00000C0E8F803C05BF902C05AF901C059F926
:104BB00000C058F909015F6B5E6B130E5D6F880EC4
:104BC0005C6F000125EC0AF003C0DDF802C0DCF8E0
:104BD00001C0DBF800C0DAF80801DD530BE1DC535B
:104BE00009E1DB510208D8B074D0FF0A03E1DA51C1
:104BF000E8086FE2DD536DE1DC536BE1DB51270820
:104C000068E303E1DA51100864E3DDC8EBF8DCC8BF
:104C1000EAF8DBC8E9F8DAC8E8F8000153EC0AF072
:104C200003C026F902C025F901C024F900C023F908
:104C300009012A6B296B7A0E286F880E276F0001F5
:104C40006FEC0AF003C0EBF802C0EAF801C0E9F823
:104C500000C0E8F8D89203C00FF902C00EF901C0F5
:104C60000DF900C00CF90901136B126B116B7E0E6C
:104C7000106F0001C4EC19F003C010F902C00FF965
:104C800001C00EF900C00DF9A3EC19F003C0EBF858
:104C900002C0EAF801C0E9F800C0E8F803C05BF917
:104CA00002C05AF901C059F900C058F909015F6BF7
:104CB0005E6B030E5D6FE80E5C6F000125EC0AF081
:104CC00003C0DDF802C0DCF801C0DBF800C0DAF890
:104CD0000801DD510201635D1AE311E10801DC51B5
:104CE0000201625D14E30BE10801DB510201615D29
:104CF0000EE305E10801DA510201605D08E3DDC859
:104D000063F2DCC862F2DBC861F2DAC860F2D89202
:104D1000DDC813F9DCC812F9DBC811F9DAC810F9DB
:104D20000901176B166B156B190E146F0001DBEC84
:104D300009F001C038F100C037F10801D991000134
:104D4000832D05D0822D03D00801D9810001000EEA
:104D50000801D9B1010EE86F00018351020806E194
:104D6000822D01D005D08251020802E0000E01D050
:104D7000010E0801E811D991E8B0D9810001CD51A7
:104D8000050803E0CD51060873E163C207F962C26A
:104D900006F961C205F960C204F900EC1BF003C01A
:104DA000EBF802C0EAF801C0E9F800C0E8F8010E2B
:104DB0000801C16FDB0EC06FF20EF66E020EF76EC9
:104DC000000EF86E060E0901066F000176EC15F074
:104DD000030EE96EEBC807F9EAC806F9E9C805F958
:104DE000E8C804F945EC1BF035C210F97CEC0FF073
:104DF000730E0901106F00017CEC0FF05FC207F920
:104E00005EC206F95DC205F95CC204F900EC1BF054
:104E100003C0EBF802C0EAF801C0E9F800C0E8F806
:104E2000010E0801C16FF90EC06F000EF66E030E81
:104E3000F76E000EF86E060E0901066F000176ECA3
:104E400015F0030EE96EEBC807F9EAC806F9E9C8E0
:104E500005F9E8C804F945EC1BF035C210F97CEC03
:104E60000FF0730E0901106F00017CEC0FF084D07D
:104E70008251040DF350036AD70FE96E000E032030
:104E8000EA6EEFCF04F9ECCF05F9ECCF06F9ECCFE1
:104E900007F900EC1BF003C0EBF802C0EAF801C010
:104EA000E9F800C0E8F8010E0801C16FDB0EC06F21
:104EB0000E0EF66E030EF76E000EF86E050E09016B
:104EC000066F000176EC15F0040EE96EEBC807F9E9
:104ED000EAC806F9E9C805F9E8C804F945EC1BF089
:104EE00035C210F97CEC0FF0730E0901106F000150
:104EF0007CEC0FF08251040DF350036AE70FE96E6A
:104F0000000E0320EA6EEFCF04F9ECCF05F9ECCFE9
:104F100006F9ECCF07F900EC1BF003C0EBF802C078
:104F2000EAF801C0E9F800C0E8F8010E0801C16F15
:104F3000F90EC06F1C0EF66E030EF76E000EF86EC3
:104F4000050E0901066F000176EC15F0040EE96EFE
:104F5000EBC807F9EAC806F9E9C805F9E8C804F991
:104F600045EC1BF035C210F97CEC0FF0730E090113
:104F7000106F00017CEC0FF0000E0801D9B1010E9A
:104F8000036A840FE96E000E0320EA6EEFCFEAF8A1
:104F90000101A7510D0806E1A85304E1A95302E15C
:104FA000AA5302E0000E01D0010E0801EB6F010EC2
:104FB0000901046FDB0E036F040E056F640E066FAC
:104FC000010E076FEAC808F9EBC809F90001B4EC53
:104FD00015F0000E0801D9B1010EE86F0001CD51A6
:104FE000050815E0CD51060812E0036A82515D0FF5
:104FF000E96E000E0320EA6EEF520BE0036A825165
:10500000590FE96E000E0320EA6EEF5202E1000E26
:1050100001D0010E0801E811D991E8B0D981000E44
:10502000D9B1010E036A840FE96E000E0320EA6E07
:10503000EFCFEAF80101A7510E0806E1A85304E1F9
:10504000A95302E1AA5302E0000E01D0010E0801AB
:10505000EB6F010E0901046FF90E036F290E056F46
:10506000640E066F010E076FEAC808F9EBC809F96C
:105070000001B4EC15F00101A7510F0806E1A85397
:1050800004E1A95302E1AA5302E0000E01D0010E8F
:105090000801E86F0901036B910E026F040E046FA3
:1050A000730E056F010E066FE8C807F9000157EC93
:1050B0000EF098D20901026BD60E016F290E036F14
:1050C000120E046F010E056F85C006F9076B000113
:1050D0006AEC12F00901026BDD0E016F040E036F22
:1050E0001E0E046F010E056F85C006F9076B0001E7
:1050F0006AEC12F00901026BDE0E016F290E036FDC
:105100001E0E046F010E056F85C006F9076B0001C6
:105110006AEC12F0080EEA6EDE0EE96E0A0E016EFF
:10512000F76A000EE6EC00F00A000900F5CFEEFF8A
:10513000012EFBD7080E0901046FDE0E036F040E6B
:10514000056F2C0E066F010E076F85C008F9096BFD
:105150000001B4EC15F00901026BDF0E016F290E9E
:10516000036F2C0E046F010E056F85C006F9076BE7
:1051700000016AEC12F00901026BE00E016F040EEF
:10518000036F3A0E046F010E056F85C006F9076BB9
:1051900000016AEC12F00801E96B5BC2E8F8E9C8AB
:1051A0000BF95BC20AF909010D6B640E0C6F00016B
:1051B00063EC0BF002C0E9F801C0E8F8010E080149
:1051C000C16FDB0EC06F2A0EF66E030EF76E000E77
:1051D000F86E050E0901066F000176EC15F0000E61
:1051E000E96EE9C807F9E8C806F99AEC14F0330E3D
:1051F000F66E030EF76E000EF86E040E0901066FD0
:10520000000176EC15F0010E0901046FDB0E036F4F
:10521000290E056F3A0E066F010E076F85C008F95B
:10522000096B0001B4EC15F0080EEA6EDE0EE96EB3
:10523000080E016EF76A000EF5EC00F00A00090096
:10524000F5CFEEFF012EFBD7080E0901046FDE0E2D
:10525000036F040E056F480E066F010E076F85C0C1
:1052600008F9096B0001B4EC15F00901026B050E99
:10527000016F290E036F480E046F010E056F85C084
:1052800006F9076B00016AEC12F0D8908235036AC8
:10529000CF0FE96E000E0320EA6EECCFE9F8ED5275
:1052A000EFCFE8F8010E0801C16FF90EC06F460E8E
:1052B0000901106F00017CEC0FF03D0E0901106F29
:1052C00000017CEC0FF0010EE96EE9C807F9E8C8AF
:1052D00006F99AEC14F03E0EF66E030EF76E000E11
:1052E000F86E040E0901066F000176EC15F0010E50
:1052F0000901046FF90E036F290E056F560E066F34
:10530000010E076F85C008F9096B0001B4EC15F0B8
:10531000D8908235036A390FE96E010E0320EA6ED8
:10532000EC6AED52040EEF6ED8908235036ACF0F0F
:10533000E96E000E0320EA6EECCFE9F8ED52EFCFF4
:10534000E8F8010E0801C16FF90EC06F460E0901A1
:10535000106F00017CEC0FF03D0E0901106F000191
:105360007CEC0FF0010EE96EE9C807F9E8C806F910
:105370009AEC14F04A0EF66E030EF76E000EF86EFD
:10538000040E0901066F000176EC15F00101A7512A
:105390000B0806E1A85304E1A95302E1AA5302E075
:1053A000000E01D0010E0801EA6F010E09010A6F1B
:1053B000F90E096F040E0B6F560E0C6F010E0D6F78
:1053C000EAC80EF9000131EC0FF08251040DF350E0
:1053D000036AD70FE96E000E0320EA6EEFCF04F9DF
:1053E000ECCF05F9ECCF06F9ECCF07F900EC1BF098
:1053F00003C0EBF802C0EAF801C0E9F800C0E8F821
:10540000010E0801C16FDB0EC06F500EF66E030E69
:10541000F76E000EF86E050E0901066F000176ECBE
:1054200015F0040EE96EEBC807F9EAC806F9E9C8F9
:1054300005F9E8C804F945EC1BF035C210F97CEC1D
:105440000FF0730E0901106F00017CEC0FF00101E9
:10545000A7510D0806E1A85304E1A95302E1AA539C
:1054600002E0000E01D0010E0801EA6F010E0901F1
:105470000A6FDB0E096F040E0B6F640E0C6F010ECA
:105480000D6FEAC80EF9000131EC0FF08251040DE6
:10549000F350036AE70F016E000E032201C0E8F823
:1054A00003C0E9F800018251040DF350036AD70FDD
:1054B000E96E000E0320EA6EEFCF00F0ECCF01F0B2
:1054C000ECCF02F0ECCF03F0E9C8EAFFE8C8E9FF4F
:1054D00000C0EFFF01C0ECFF02C0ECFF03C0ECFF17
:1054E0008251040DF350036AE70FE96E000E0320AA
:1054F000EA6EEFCF04F9ECCF05F9ECCF06F9ECCF6B
:1055000007F900EC1BF003C0EBF802C0EAF801C099
:10551000E9F800C0E8F8010E0801C16FDB0EC06FAA
:105520005E0EF66E030EF76E000EF86E050E0901A4
:10553000066F000176EC15F0040EE96EEBC807F972
:10554000EAC806F9E9C805F9E8C804F945EC1BF012
:1055500035C210F97CEC0FF0730E0901106F0001D9
:105560007CEC0FF0010E0901046FDB0E036F290EB6
:10557000056F640E066F010E076F85C008F9096B91
:105580000001B4EC15F0036A82515D0FE96E000E64
:105590000320EA6E010EEF6E036A8251590FE96E25
:1055A000000E0320EA6E010EEF6ED8908235036A7A
:1055B000470FE96E010E0320EA6E0E0EEC6EED52FF
:1055C000100EEF6E0901026B910E016F040E036F56
:1055D000730E046F010E056F85C006F9076B00019D
:1055E0006AEC12F06BC06CF0519C000E016E120060
:1055F000E824F76AF736110FF66E560EF722000E02
:10560000F86EFB6E0A00F550FA6E0800F550F96E60
:105610007A38803886388C38E824F76AF736390FBC
:10562000F66E560EF722000EF86EFB6E0A00F5506D
:10563000FA6E0800F550F96E663A683A6E3A743AB6
:105640007A3A803A863AE7C8EEF80801EB51EE1B49
:10565000EEAF05D0D894D890E7BFD8802FD0E7C858
:10566000EEF8EAC8EFF8E651EF5F06E0EEAF26D0BD
:10567000D850010AD86E22D0EBC8EFF8E751EF5F9F
:1056800006E0EEAF1BD0D850010AD86E17D0ECC898
:10569000EFF8E851EF5F06E0EEAF10D0D850010A06
:1056A000D86E0CD0EDC8EFF8E951EF5F06E0EEAF31
:1056B00005D0D850010AD86E01D0D8900001120050
:1056C0001B6AF2BE1B8EF29EE7C879F9E6C878F92C
:1056D00045EC05F01BBEF28E03C026F902C025F989
:1056E00001C024F900C023F909012A6B296B480E77
:1056F000286F840E276F00016FEC0AF003C0EBF8EF
:1057000002C0EAF801C0E9F800C0E8F8D89203C086
:105710000FF902C00EF901C00DF900C00CF9090122
:10572000136B126B116B7E0E106F0001C4EC19F03D
:105730001B6AF2BE1B8EF29E03C07BF902C07AF98F
:1057400001C079F900C078F9DBEC05F01BBEF28EE0
:1057500002C0E9F801C0E8F802C00BF901C00AF97B
:1057600009010D6B320E0C6F000163EC0BF002C0EF
:1057700003F002C002F012001B6AF2BE1B8EF29E02
:10578000E7C879F9E6C878F945EC05F01BBEF28E5A
:1057900003C026F902C025F901C024F900C023F98D
:1057A00009012A6B296B200E286F820E276F0001DA
:1057B0006FEC0AF003C0EBF802C0EAF801C0E9F8A8
:1057C00000C0E8F8D89203C00FF902C00EF901C07A
:1057D0000DF900C00CF90901136B126B116B7E0EF1
:1057E000106F0001C4EC19F01B6AF2BE1B8EF29E12
:1057F00003C07BF902C07AF901C079F900C078F9D9
:10580000DBEC05F01BBEF28E02C0E9F801C0E8F83F
:1058100002C00BF901C00AF909010D6B0A0E0C6FE9
:10582000000163EC0BF002C003F002C002F01200B2
:105830001B6AF2BE1B8EF29EE7C879F9E6C878F9BA
:1058400045EC05F01BBEF28E03C026F902C025F917
:1058500001C024F900C023F909012A6B296B286BC8
:105860007F0E276F00016FEC0AF003C0EBF802C057
:10587000EAF801C0E9F800C0E8F8D89203C00FF9CF
:1058800002C00EF901C00DF900C00CF90901136B3B
:10589000126B116B7E0E106F0001C4EC19F01B6AC5
:1058A000F2BE1B8EF29E03C07BF902C07AF901C0E2
:1058B00079F900C078F9DBEC05F01BBEF28E02C06E
:1058C000E9F801C0E8F8080101C001F002C002F0E7
:1058D0000001120051AC10EF34F00801DF9100011B
:1058E0006C5150083EE00601F79B00016C515308D3
:1058F00005E00101326B010E316F000188EC0BF005
:105900000901036B070E026F046B056B020E066F35
:10591000076B000157EC0EF0050EBF6F020ECE6F45
:105920006C51B4080DE10101AE6BAD6B4FC2ACF12F
:105930004EC2ABF1AA6BA96BA86B080EA76F000152
:105940000101A75108080CE1A8530AE1A95308E195
:10595000AA5306E1AE6BAD6B4FC2ACF14EC2ABF1D8
:1059600000010101AA5307E1A95305E1A85303E18E
:10597000A7510A0805E2AA6BA96BA86B0A0EA76FCC
:10598000AA530CE1A9530AE1A85308E1A75108085A
:1059900005E3AA6BA96BA86B080EA76F000119ECB1
:1059A00011F0010E8C6F0101A75306E1A85304E129
:1059B000A95302E1AA5302E0000E01D0010E080132
:1059C000E66F0901026B8CC001F9040E036F1E0E15
:1059D000046F010E056F85C006F9E6C807F90001DE
:1059E0006AEC12F0010E0801C16FDB0EC06F6C0E85
:1059F000F66E030EF76E000EF86E030E0901066FC9
:105A0000000176EC15F0010EE96E45C207F944C2BB
:105A100006F99AEC14F0730EF66E030EF76E000E94
:105A2000F86E030E0901066F000176EC15F0010116
:105A3000A72D06D0A85304E1A95302E1AA5302E01E
:105A4000000E01D0010E0801E76F010E0901046F7D
:105A5000DB0E036F290E056F1E0E066F010E076F1A
:105A600085C008F9E7C809F90001B4EC15F0010E8A
:105A70000801C16FDB0EC06F780EF66E030EF76E75
:105A8000000EF86E030E0901066F000176EC15F0AA
:105A9000010EE96E47C207F946C206F99AEC14F006
:105AA0000101A751020806E1A85304E1A95302E14C
:105AB000AA5302E0000E01D0010E0801E76F010EAB
:105AC0000901046FDB0E036F040E056F2C0E066FC9
:105AD000010E076F85C008F9E7C809F90001B4ECA9
:105AE00015F045C211F944C210F9030E0901136FF4
:105AF000E80E126F000185EC17F002C003F00150B0
:105B00001B6AF2BE1B8EF29E0901786F02C079F902
:105B1000000145EC05F01BBEF28E03C0DEF802C0AA
:105B2000DDF801C0DCF800C0DBF8020143532DE0D2
:105B3000D89044350801E46F020145350801E56F4E
:105B4000E8CF11F9E4C810F9030E0901136FE80E4C
:105B5000126F000185EC17F002C003F001501B6AC0
:105B6000F2BE1B8EF29E0901786F02C079F9000126
:105B700045EC05F01BBEF28E03C0DEF802C0DDF876
:105B800001C0DCF800C0DBF802011B6AF2BE1B8E0C
:105B9000F29EDEC87BF9DDC87AF9DCC879F9DBC88A
:105BA00078F90001DBEC05F01BBEF28E010E080156
:105BB0000124D96F000E0220DA6FDEC8E9F8DDC8D3
:105BC000E8F8DCC8E7F8DBC8E6F8ED6BEC6BEB6BEC
:105BD0007F0EEA6F000137DD05E30801DA6B010E85
:105BE000D96F00010801DA5305E1020148510801AB
:105BF000D95D02E3D9C848F2E06BDF910201475357
:105C000006E14651010803E30801DF8102010801B2
:105C1000DFB102D048C2E0F8010EC16FDB0EC06FE9
:105C2000800EF66E030EF76E000EF86E030E09017D
:105C3000066F000176EC15F0010E0801E46F200EEE
:105C40000901106F00017CEC0FF00801E42FF7D779
:105C5000E0C807F9130E0901086F00018DEC0FF081
:105C6000860EF66E030EF76E000EF86E030E090137
:105C7000066F000176EC15F00101A751030806E15B
:105C8000A85304E1A95302E1AA5302E0000E01D097
:105C9000010E0801E76F010E0901046FDB0E036FAF
:105CA000290E056F2C0E066F010E076F85C008F9CF
:105CB000E7C809F90001B4EC15F0010E0801C16F45
:105CC000DB0EC06F8A0EF66E030EF76E000EF86ED6
:105CD000030E0901066F000176EC15F0010E0801B4
:105CE000E46F200E0901106F00017CEC0FF0080139
:105CF000E42FF7D749C207F9130E0901086F000115
:105D00008DEC0FF00101A751040806E1A85304E14E
:105D1000A95302E1AA5302E0000E01D0010E0801CE
:105D2000E76F010E0901046FDB0E036F040E056FB0
:105D30003A0E066F010E076F85C008F9E7C809F92A
:105D40000001B4EC15F0010E0201465D0801E46F9C
:105D5000000E020147590801E56FE8CF0BF9E4C8CE
:105D60000AF909010D6B48C20CF9000163EC0BF054
:105D700002C0E5F801C0E4F845C211F944C210F9C7
:105D8000030E0901136FE80E126F000185EC17F086
:105D900002C003F001500801E425016EE551032221
:105DA00001501B6AF2BE1B8EF29E0901786F03C080
:105DB00079F9000145EC05F01BBEF28E03C0DEF858
:105DC00002C0DDF801C0DCF800C0DBF8020143537B
:105DD0004CE0010E465D0801E46F000E02014759D8
:105DE0000801E56FE8CF0BF9E4C80AF909010D6B6A
:105DF00048C20CF9000163EC0BF002C0E5F801C0E9
:105E0000E4F8D890020144350801E66F02014535F7
:105E10000801E76FE8CF11F9E6C810F9030E090190
:105E2000136FE80E126F000185EC17F002C003F04B
:105E300001500801E425016EE551032201501B6A5F
:105E4000F2BE1B8EF29E0901786F03C079F9000142
:105E500045EC05F01BBEF28E03C0DEF802C0DDF893
:105E600001C0DCF800C0DBF802010801DA6B320E79
:105E7000D96FE96BE86B480EE76F840EE66FDEC8FA
:105E8000EDF8DDC8ECF8DCC8EBF8DBC8EAF8000197
:105E900023EC2BF002E2D8A410D11B6AF2BE1B8EB9
:105EA000F29EDEC87BF9DDC87AF9DCC879F9DBC877
:105EB00078F9DBEC05F01BBEF28E02C0E5F801C0FC
:105EC000E4F802C0E7F801C0E6F860EC2BF002C08D
:105ED000DAF801C0D9F81B6AF2BE1B8EF29EDEC84A
:105EE0007BF9DDC87AF9DCC879F9DBC878F9DBEC35
:105EF00005F01BBEF28E02C0E5F801C0E4F802C056
:105F0000E7F801C0E6F860EC2BF002C0E5F801C04C
:105F1000E4F81B6AF2BE1B8EF29E02C079F901C042
:105F200078F945EC05F01BBEF28E03C0E9F802C01B
:105F3000E8F801C0E7F800C0E6F8DEC8EDF8DDC813
:105F4000ECF8DCC8EBF8DBC8EAF823EC2BF001E254
:105F500022E11B6AF2BE1B8EF29EDEC87BF9DDC811
:105F60007AF9DCC879F9DBC878F9DBEC05F01BBEFF
:105F7000F28E02C0E5F801C0E4F802C0E7F801C003
:105F8000E6F860EC2BF0320E08010124D96F000E08
:105F90000220DA6F0001DEC8E9F8DDC8E8F8DCC8E5
:105FA000E7F8DBC8E6F80801ED6BEC6B7A0EEB6FF7
:105FB000880EEA6F000123EC2BF0D8A07ED01B6A7C
:105FC000F2BE1B8EF29EDEC87BF9DDC87AF9DCC812
:105FD00079F9DBC878F9DBEC05F01BBEF28E02C064
:105FE000E5F801C0E4F802C0E7F801C0E6F8BCEC4F
:105FF0002BF002C0DAF801C0D9F81B6AF2BE1B8E82
:10600000F29EDEC87BF9DDC87AF9DCC879F9DBC815
:1060100078F9DBEC05F01BBEF28E02C0E5F801C09A
:10602000E4F802C0E7F801C0E6F8BCEC2BF002C0CF
:10603000E5F801C0E4F81B6AF2BE1B8EF29E02C0B6
:1060400079F901C078F945EC05F01BBEF28E03C06A
:10605000E9F802C0E8F801C0E7F800C0E6F8DEC8D9
:10606000EDF8DDC8ECF8DCC8EBF8DBC8EAF823ECA7
:106070002BF001E222E11B6AF2BE1B8EF29EDEC80B
:106080007BF9DDC87AF9DCC879F9DBC878F9DBEC93
:1060900005F01BBEF28E02C0E5F801C0E4F802C0B4
:1060A000E7F801C0E6F8BCEC2BF00A0E0801012469
:1060B000D96F000E0220DA6F000102014B51080176
:1060C000DA5D0AE305E102014A510801D95D04E302
:1060D000DAC84BF2D9C84AF2E26BE16BDF910201F8
:1060E0004951010803E30801DF8102010801DFB122
:1060F00004D04BC2E2F84AC2E1F8010EC16FDB0ED8
:10610000C06F920EF66E030EF76E000EF86E030E61
:106110000901066F000176EC15F0010EE96EE2C888
:1061200007F9E1C806F99AEC14F0990EF66E030E21
:10613000F76E000EF86E030E0901066F000176EC93
:1061400015F00101A751050806E1A85304E1A95380
:1061500002E1AA5302E0000E01D0010E0801E76F30
:10616000010E0901046FDB0E036F290E056F3A0E55
:10617000066F010E076F85C008F9E7C809F900012D
:10618000B4EC15F0010E0801C16FDB0EC06F9E0E5E
:10619000F66E030EF76E000EF86E030E0901066F21
:1061A000000176EC15F0010E0801E46F200E0901E4
:1061B000106F00017CEC0FF00801E42FF7D74CC200
:1061C00007F9130E0901086F00018DEC0FF00101B2
:1061D000A751060806E1A85304E1A95302E1AA5316
:1061E00002E0000E01D0010E0801E76F010E090167
:1061F000046FDB0E036F040E056F480E066F010E71
:10620000076F85C008F9E7C809F90001B4EC15F07B
:10621000010E0201495D0801E56F09010B6B0A6F70
:106220004BC20DF94AC20CF9000163EC0BF002C03D
:10623000E5F801C0E4F8010E0201465D0801E66FD1
:10624000000E020147590801E76FE8CF0BF9E6C8D5
:106250000AF909010D6B48C20CF9000163EC0BF05F
:1062600002C003F001500801E4270250E52345C2B3
:1062700011F944C210F9030E0901136FE80E126FF1
:10628000000185EC17F002C003F001500801E4277B
:106290000250E523E5C811F9E4C810F9030E09011D
:1062A000136FE80E126F000185EC17F002C003F0C7
:1062B00001501B6AF2BE1B8EF29E0901786F02C06C
:1062C00079F9000145EC05F01BBEF28E03C0DEF843
:1062D00002C0DDF801C0DCF800C0DBF80201435366
:1062E0006FE0010E495D0801E56F09010B6B0A6F54
:1062F0004BC20DF94AC20CF9000163EC0BF002C06D
:10630000E5F801C0E4F8010E0201465D0801E66F00
:10631000000E020147590801E76FE8CF0BF9E6C804
:106320000AF909010D6B48C20CF9000163EC0BF08E
:1063300002C003F001500801E4270250E523D89081
:10634000020144350801E66F020145350801E76F97
:10635000E8CF11F9E6C810F9030E0901136FE80E32
:10636000126F000185EC17F002C003F00150080124
:10637000E4270250E523E5C811F9E4C810F9030E3B
:106380000901136FE80E126F000185EC17F002C0CF
:1063900003F001501B6AF2BE1B8EF29E0901786F5A
:1063A00002C079F9000145EC05F01BBEF28E03C076
:1063B000DEF802C0DDF801C0DCF800C0DBF8020145
:1063C0000801DA6B010ED96FE96BE86BE76B7F0EA2
:1063D000E66FDEC8EDF8DDC8ECF8DCC8EBF8DBC82A
:1063E000EAF8000123EC2BF002E2D8A47ED01B6A6D
:1063F000F2BE1B8EF29EDEC87BF9DDC87AF9DCC8DE
:1064000079F9DBC878F9DBEC05F01BBEF28E02C02F
:10641000E5F801C0E4F802C0E7F801C0E6F818ECBE
:106420002CF002C0DAF801C0D9F81B6AF2BE1B8E4C
:10643000F29EDEC87BF9DDC87AF9DCC879F9DBC8E1
:1064400078F9DBEC05F01BBEF28E02C0E5F801C066
:10645000E4F802C0E7F801C0E6F818EC2CF002C03E
:10646000E5F801C0E4F81B6AF2BE1B8EF29E02C082
:1064700079F901C078F945EC05F01BBEF28E03C036
:10648000E9F802C0E8F801C0E7F800C0E6F8DEC8A5
:10649000EDF8DDC8ECF8DCC8EBF8DBC8EAF823EC73
:1064A0002BF001E222E11B6AF2BE1B8EF29EDEC8D7
:1064B0007BF9DDC87AF9DCC879F9DBC878F9DBEC5F
:1064C00005F01BBEF28E02C0E5F801C0E4F802C080
:1064D000E7F801C0E6F818EC2CF0010E08010124E1
:1064E000D96F000E0220DA6F00010801DA5305E1CE
:1064F00002014D510801D95D02E3D9C84DF24DC2E8
:10650000E3F8DF9102014C51010803E30801DF8148
:1065100002010801DFA103D0E36BD9C84DF2010EDF
:10652000C16FDB0EC06FA60EF66E030EF76E000E87
:10653000F86E030E0901066F000176EC15F0010EEE
:106540000801E46F200E0901106F00017CEC0FF0D0
:106550000801E42FF7D7E3C807F9130E0901086F04
:1065600000018DEC0FF0200E0901106F00017CEC92
:106570000FF0730E0901106F00017CEC0FF00101A8
:10658000A751070806E1A85304E1A95302E1AA5361
:1065900002E0000E01D0010E0801E76F010E0901B3
:1065A000046FDB0E036F290E056F480E066F010E98
:1065B000076F85C008F9E7C809F90001B4EC15F0C8
:1065C0004FC20BF94EC20AF909010D6B640E0C6F34
:1065D000000163EC0BF002C0E5F801C0E4F8010E25
:1065E0000801C16FDB0EC06FB00EF66E030EF76EC2
:1065F000000EF86E030E0901066F000176EC15F02F
:10660000000EE96EE5C807F9E4C806F99AEC14F043
:10661000B70EF66E030EF76E000EF86E030E09014C
:10662000066F000176EC15F00101A751080806E19C
:10663000A85304E1A95302E1AA5302E0000E01D0DD
:10664000010E0801E66F010E09010A6FDB0E096FEA
:10665000040E0B6F560E0C6F010E0D6FE6C80EF98F
:10666000000131EC0FF00801E56B4DC2E4F8036A5C
:106670004CC2E6F803C0E7F8E5C80BF94DC20AF9C9
:1066800003C00DF94CC20CF9000163EC0BF002C021
:10669000E5F801C0E4F80801E76B49C2E6F8010E2D
:1066A000E65D006E000EE759036E00C0E6F8E76F86
:1066B0004BC20BF94AC20AF9E8CF0DF900C00CF938
:1066C000000163EC0BF002C0E7F801C0E6F8080136
:1066D000E96B48C2E8F8010E0201465D006E000E4B
:1066E0004759036E00C0EAF80801EB6FE9C80BF9DF
:1066F00048C20AF9E8CF0DF900C00CF9000163ECBB
:106700000BF002C003F001500801E6270250E72316
:10671000E7C811F9E6C810F9030E0901136FE80E76
:10672000126F000185EC17F001500801E4270250B8
:10673000E523020EE4250201506F000E0801E52159
:106740000201516F51C205F950C204F90901076BEA
:10675000066B0001A8EC17F0010E0801C16FDB0EFB
:10676000C06FBC0EF66E030EF76E000EF86E030ED1
:106770000901066F000176EC15F077C007F9110EDC
:106780000901086F00018DEC0FF03A0E0901106F3E
:1067900000017CEC0FF078C007F9010E0901086FC9
:1067A00000018DEC0FF0200E0901106F00017CEC50
:1067B0000FF0730E0901106F00017CEC0FF0010E59
:1067C0000901046FDB0E036F290E056F560E066F6D
:1067D000010E076F85C008F9096B0001B4EC15F0D4
:1067E0000101A7510A0806E1A85304E1A95302E1F7
:1067F000AA5302E0000E01D0010E0801E46F090166
:10680000036B910E026F040E046F730E056F010E81
:10681000066FE4C807F9000157EC0EF06BC06CF08E
:10682000519C000E016E12001A0E0901076F4A0EEC
:10683000086F5A0E096F0001D6EC10F01200EC0E32
:10684000CE250801D96F0101A75306E1A85304E141
:10685000A95302E1AA5302E0000E01D0010E080183
:10686000DA6F0901036BD9C802F9050E046F120E25
:10687000056F010E066FDAC807F9000157EC0EF03C
:106880000101A72D06D0A85304E1A95302E1AA53A0
:1068900002E0000E01D0010E0801D96F0901036B5F
:1068A0005F0E026F050E046F280E056F066BD9C8C8
:1068B00007F9000157EC0EF00101A751020806E1AB
:1068C000A85304E1A95302E1AA5302E0000E01D04B
:1068D000010E0801D96F0901036B600E026F050EEE
:1068E000046F330E056F066BD9C807F9000157EC2A
:1068F0000EF00101A751030806E1A85304E1A953D2
:1069000002E1AA5302E0000E01D0010E0801D96F86
:106910000901036B610E026F050E046F3E0E056FD9
:10692000066BD9C807F9000157EC0EF0CE510308E9
:106930002BE0CE51060DF350020F036AA70FE96E4C
:10694000000E0320EA6E690EEF240801D96F0101E1
:10695000A751030806E1A85304E1A95302E1AA5391
:1069600002E0000E01D0010E0801DA6F0901036B8D
:10697000D9C802F9280E046F3E0E056F066BDAC8FF
:1069800007F9000157EC0EF00101A751040806E1D8
:10699000A85304E1A95302E1AA5302E0000E01D07A
:1069A000010E0801D96F0901036B620E026F050E1B
:1069B000046F490E056F066BD9C807F9000157EC43
:1069C0000EF0CE51060DF350030F036AA70FE96EC8
:1069D000000E0320EA6E690EEF240801D96F010151
:1069E000A751040806E1A85304E1A95302E1AA5300
:1069F00002E0000E01D0010E0801DA6F0901036BFD
:106A0000D9C802F9280E046F490E056F066BDAC863
:106A100007F9000157EC0EF00101A751050806E146
:106A2000A85304E1A95302E1AA5302E0000E01D0E9
:106A3000010E0801D96F0901036B630E026F050E89
:106A4000046F540E056F066BD9C807F9000157ECA7
:106A50000EF0CE51060DF350040F036AA70FE96E36
:106A6000000E0320EA6E690EEF240801D96F0101C0
:106A7000A751050806E1A85304E1A95302E1AA536E
:106A800002E0000E01D0010E0801DA6F0901036B6C
:106A9000D9C802F9280E046F540E056F066BDAC8C8
:106AA00007F9000157EC0EF00101A751060806E1B5
:106AB000A85304E1A95302E1AA5302E0000E01D059
:106AC000010E0801D96F0901036B640E026F050EF8
:106AD000046F5F0E056F066BD9C807F9000157EC0C
:106AE0000EF0CE51060DF350050F036AA70FE96EA5
:106AF000000E0320EA6E690EEF240801D96F010130
:106B0000A751060806E1A85304E1A95302E1AA53DC
:106B100002E0000E01D0010E0801DA6F0901036BDB
:106B2000D9C802F9280E046F5F0E056F066BDAC82C
:106B300007F9000157EC0EF0CE51FC0F19E2040FDB
:106B400011EF36F0C30E8C6FC40E8D6F11D0C50ED1
:106B50008C6F690EAE258D6F0BD0F70E8C6FF80E13
:106B60008D6F06D0C60E8C6FC70E8D6FF60E8E6FB2
:106B7000CE5103081DE10101A751030806E1A85306
:106B800004E1A95302E1AA5302E0000E01D0010E74
:106B90000801DA6F0901036B8EC002F9280E046F39
:106BA0003E0E056F066BDAC807F9000157EC0EF0D0
:106BB0000101A72D06D0A85304E1A95302E1AA536D
:106BC00002E0000E01D0010E0801DA6F0901036B2B
:106BD0008CC002F9280E046F056F066BDAC807F93E
:106BE000000157EC0EF00101A751020806E1A8537D
:106BF00004E1A95302E1AA5302E0000E01D0010E04
:106C00000801DA6F0901036B8DC002F9280E046FC9
:106C1000330E056F066BDAC807F9000157EC0EF06A
:106C20001200E824F76AF736430FF66E6C0EF7226F
:106C3000000EF86EFB6E0A00F550FA6E0800F55073
:106C4000F96E446B4E6B5A6B646B51AC2FD06C5128
:106C50005A0802E154A80FD0549888EC0BF00901AF
:106C6000036B730E026F046B056B020E066F076BEE
:106C7000000157EC0EF019EC11F0D6DDCE510108F1
:106C800002E3020ECE6F0101AA5307E1A95305E109
:106C9000A85303E1A751060805E2AA6BA96BA86BEC
:106CA000060EA76F0001CBDD6BC06CF0519C000E8F
:106CB000016E120051AC6BD00101AA6BA96BA86BDD
:106CC000010EA76F00016C515B0822E088EC0BF00D
:106CD0000901036B730E026F046B056B020E066FE6
:106CE000076B000157EC0EF00901036B9E0E026F5B
:106CF0000A0E046F240E056F020E066F076B00016B
:106D000057EC0EF00101AA6BA96BA86BA76B0001F1
:106D10000101AA6BA96BA86B010EA76F000119EC0A
:106D200011F082DD0101A7530AE1A85308E1A9533C
:106D300006E1AA5304E1AA6BA96BA86BA76BAA533F
:106D400007E1A95305E1A85303E1A751060805E2AD
:106D5000AA6BA96BA86B060EA76F9F0EA72508014B
:106D6000D96F000E0101A8210801DA6FE8CF03F9FD
:106D7000D9C802F90C0E0901046F460E056F010E09
:106D8000066F076B000157EC0EF06BC06CF0519C66
:106D9000000E016E1200130E0901076F4A0E086FF4
:106DA0005A0E096F0001D6EC10F012EF37F051AC1B
:106DB00095D06C515C0833E088EC0BF00901036B53
:106DC000730E026F046B056B020E066F076B0001FA
:106DD00057EC0EF0CE51FC0F22E2040F72EF37F0A9
:106DE0000101AA6BA96BA86B030EA76F000117D056
:106DF0000101AA6BA96BA86B020EA76F00010FD04F
:106E00000101AA6BA96BA86B030EA76F000107D045
:106E10000101AA6BA96BA86B040EA76F000119EC06
:106E200011F0B9D7CE51FC0F46E2040F86EF37F0D0
:106E30000101AA530CE1A9530AE1A85308E1A751A3
:106E4000030805E3AA6BA96BA86B030EA76F0001EB
:106E500032D00101AA530CE1A9530AE1A85308E179
:106E6000A751020805E3AA6BA96BA86B020EA76FD6
:106E7000000121D00101AA530CE1A9530AE1A85352
:106E800008E1A751030805E3AA6BA96BA86B030EE1
:106E9000A76F000110D00101AA530CE1A9530AE128
:106EA000A85308E1A751040805E3AA6BA96BA86BD6
:106EB000040EA76F00010101AA5307E1A95305E1E0
:106EC000A85303E1A751060805E2AA6BA96BA86BBA
:106ED000060EA76F0001B3DC6BC06CF0519C000E76
:106EE000016E1200E824F76AF736050FF66E6F0E92
:106EF000F722000EF86EFB6E0A00F550FA6E0800DD
:106F0000F550F96EE06DF06D006E106EE824F76AD2
:106F1000F7362D0FF66E6F0EF722000EF86EFB6E31
:106F20000A00F550FA6E0800F550F96E306E526E98
:106F3000746E966E0901016B006B00C9A6F707011C
:106F4000A76B0901016B006B00C9A8F70701A96BCA
:106F50000901016B006B00C9B6F70701B76B0901A6
:106F6000016B006B00C9B8F70701B96B0901006B31
:106F700000C9C6F7006B00C9C7F7006B00C9CEF7A0
:106F80000001906B916B986B559012000901016B99
:106F9000006B00C9AAF70701AB6B0901016B006B1D
:106FA00000C9ACF70701AD6B0901016B006B00C9AB
:106FB000BAF70701BB6B0901016B006B00C9BCF795
:106FC0000701BD6B0901006B00C9C8F7006B00C960
:106FD000C9F7006B00C9CFF70001926B936B996BF7
:106FE000559212000901016B006B00C9AEF7070151
:106FF000AF6B0901016B006B00C9B0F70701B16B02
:107000000901016B006B00C9BEF70701BF6B0901E5
:10701000016B006B00C9C0F70701C16B0901006B70
:1070200000C9CAF7006B00C9CBF7006B00C9D0F7E5
:107030000001946B956B9A6B559412000901016BDA
:10704000006B00C9B2F70701B36B0901016B006B5C
:1070500000C9B4F70701B56B0901016B006B00C9EA
:10706000C2F70701C36B0901016B006B00C9C4F7CC
:107070000701C56B0901006B00C9CCF7006B00C9A3
:10708000CDF7006B00C9D1F70001966B976B9B6B36
:10709000559612000901029107015151010815E2AC
:1070A0000901036B070151510901035D0DE2036AF8
:1070B0000351270FE96E070E0320EA6E0151EF5CC2
:1070C00001E10281032BEED70701000E090102B195
:1070D000010E016E0001120000C901F9DBDF01524F
:1070E00015E1036A07015151270FE96E070E0320CE
:1070F000EA6E00C9EFFF5151512B036A3B0FE96E55
:10710000070E0320EA6EEF6A502B000112001B6A83
:10711000F2BE1B8EF29E07C979F906C978F945ECD3
:1071200005F01BBEF28E03C026F902C025F901C08E
:1071300024F900C023F909012A6B296B480E286F36
:10714000850E276F00016FEC0AF003C00BF902C037
:107150000AF901C009F900C008F9D89203C00FF973
:1071600002C00EF901C00DF900C00CF90901136B42
:10717000126B116B7E0E106F0001C4EC19F01B6ACC
:10718000F2BE1B8EF29E03C07BF902C07AF901C0E9
:1071900079F900C078F9DBEC05F01BBEF28E02C075
:1071A00009F901C008F902C00BF901C00AF9090187
:1071B0000D6B640E0C6F000163EC0BF002C003F06A
:1071C00002C002F019EF3FF00901196B186B176B41
:1071D000166B1D6B1C6B1B6B1A6B1E6B0F510B5DC3
:1071E0001E6F00016B5114080CE06B51770803E22D
:1071F0006B51800806E26B518B0809E26B519408D1
:1072000006E30901155302E10BC91EF900011B6ACF
:10721000F2BE1B8EF29E0901796B1EC978F900013E
:1072200045EC05F01BBEF28E03C022F902C021F925
:1072300001C020F900C01FF903C026F902C025F9DA
:1072400001C024F900C023F909012A6B240E296F1B
:10725000740E286F920E276F00016FEC0AF003C0C6
:1072600019F902C018F901C017F900C016F91B6A14
:10727000F2BE1B8EF29E14C979F913C978F945EC58
:1072800005F01BBEF28E1B6AF2BE1B8EF29E19C960
:107290007BF918C97AF917C979F916C978F903C0C1
:1072A0007FF902C07EF901C07DF900C07CF960EC75
:1072B00005F01BBEF28E03C022F902C021F901C005
:1072C00020F900C01FF91B6AF2BE1B8EF29E03C09C
:1072D0007BF902C07AF901C079F900C078F9090197
:1072E0007F6B7E6B480E7D6F850E7C6F000160ECBE
:1072F00005F01BBEF28E03C01DF902C01CF901C0CF
:107300001BF900C01AF91AC900F01BC901F01CC909
:1073100002F01DC903F01200E9500901056F045184
:10732000076F22E01B6AF2BE1B8EF29E03C97BF937
:1073300002C97AF901C979F900C978F97F6B7E6BC6
:10734000200E7D6F820E7C6F000160EC05F01BBE8D
:10735000F28E03C003F902C002F901C001F900C0B6
:1073600000F90901072FDED703C910F902C90FF987
:1073700001C90EF900C90DF90001A3EC19F003C011
:1073800003F902C002F901C001F900C000F90901C6
:1073900003AF0DD00507058B001F011F021F031F40
:1073A000002BD8B4012BD8B4022BD8B4032B3B0E3E
:1073B0000C6F9A0E0B6FCA0E0A6F096B0A0E076FDD
:1073C0000451D8B4052BD882090EEA6EE96A03C9C4
:1073D00013F902C912F901C911F900C910F90CC950
:1073E00017F90BC916F90AC915F909C914F90001E9
:1073F000DBEC09F00150005213E109010429075D9B
:10740000D8A402D000010CD005510DE00F0B075D90
:1074100001E044E205BF42D005BD05D0200E37D0C3
:10742000200E0901051705AB0FD0059B0451D8A408
:1074300005070050056F2D0E106F00017CEC0FF05A
:1074400009010551006E056B0451075D0DE1005007
:10745000056F2E0E106F00017CEC0FF00901055135
:10746000006E200E0517000E300E05AB10D0059BE8
:107470000451D8A405070050056F2D0E106F0001B0
:107480007CEC0FF009010551006E056B300E0026F3
:1074900000C010F900017CEC0FF00901D8920CC972
:1074A00013F90BC912F90AC911F909C910F9176BB7
:1074B000166B156B0A0E146F0001DBEC09F003C0AC
:1074C0000CF902C00BF901C00AF900C009F9090161
:1074D000072F79D70001A0EF41F00900F55211E024
:1074E000F6CF00F9F7CF01F9F8CF02F9F5CF10F98F
:1074F0007CEC0FF000C9F6FF01C9F7FF02C9F8FFE5
:10750000ECD712000101CA6BC96BC869DC0EC76FEA
:107510001B6AF2BE1B8EF29E010E09016F6F000105
:1075200053EC03F01BBEF28E12001B6AF2BE1B8EE0
:10753000F29E03C979F902C978F945EC05F01BBE42
:10754000F28E03C026F902C025F901C024F900C05B
:1075500023F909012A6B296B480E286F840E276FC7
:1075600000016FEC0AF003C007F902C006F901C080
:1075700005F900C004F9D89203C00FF902C00EF952
:1075800001C00DF900C00CF90901136B126B116BEE
:107590007E0E106F0001C4EC19F01B6AF2BE1B8E48
:1075A000F29E03C07BF902C07AF901C079F900C0EC
:1075B00078F9DBEC05F01BBEF28E02C005F901C0C4
:1075C00004F902C00BF901C00AF909010D6B320E72
:1075D0000C6F000163EC0BF002C003F002C002F07C
:1075E000120051AC69EF47F019EC11F06C518C08A6
:1075F00010E16B518D080DE18251FC0F0AE2040F7E
:107600006DEF47F097DC05D0C1DC03D0EBDC01D097
:1076100015DD6B518F08D8B4BDEF44F06C518F0865
:107620000BE11B6AF2BE1B8EF29E09016F6B00011B
:1076300053EC03F01BBEF28E0101306B320E2F6F44
:1076400000016C51290810E188EC0BF00901036B73
:10765000060E026F046B056B020E066F076B0001CE
:1076600057EC0EF019EC11F06C518C08D8B4ACD179
:107670006C518D08D8B4A8D16C518E08D8B4A4D15F
:107680006C512908D8B4A0D188EC0BF00901036B28
:10769000060E026F046B056B020E066F076B00018E
:1076A00057EC0EF06C518F08D8B482D06C5128087A
:1076B00007E16B518D08D8B47BD06B518E0878E010
:1076C0008251030868E0D8908235036A470F016E43
:1076D000010E032201C000F9090103C001F9D8908D
:1076E00000018235036AF70FE96E000E0320EA6E8F
:1076F000ECCF03F9ED52EFCF02F9020E090102259A
:10770000016E000E032101C9EAFF00C9E9FFEC6E1A
:10771000ED5201C0EFFFD89000018235036A4F0F90
:10772000016E010E0322090103C001F9D890000186
:107730008235036AFF0FE96E000E0320EA6EECCF7C
:1077400003F0ED52EFCF02F9090101C9EAFF01C0D0
:10775000E9FF03C0ECFFED5202C9EFFF036A00012D
:1077600082517F0F016E000E0322090103C001F94F
:10777000036A00018251650FE96E000E0320EA6E74
:10778000EFCF02F9090101C9EAFF01C0E9FF02C90F
:10779000EFFF0FD00001D8908235036A470FE96EE2
:1077A000010E0320EA6E0E0EEC6EED52100EEF6E1F
:1077B0000901000119EC11F06C518F08D8B404D103
:1077C0006C51280808E16B518D08D8B4FDD06B517D
:1077D0008E08D8B4F9D088C052F782C053F7036A34
:1077E0008251590FE96E000E0320EA6EEFCF54F775
:1077F0000901036A000182515D0FE96E000E03204A
:10780000EA6EEFCF55F70901D89000018235036A7F
:10781000F70FE96E000E0320EA6EECCF57F7ED523A
:10782000EFCF56F70901D89000018235036AFF0FA8
:10783000E96E000E0320EA6EECCF59F7ED52EFCF60
:1078400058F70901036A00018251650FE96E000EC5
:107850000320EA6EEFCF5AF70901D8900001823574
:10786000036A390FE96E010E0320EA6EECCF5CF774
:10787000ED52EFCF5BF70901D89000018235036A22
:10788000CF0FE96E000E0320EA6EECCF5EF7ED52EB
:10789000EFCF5DF7090100018251040DF350036A37
:1078A000D70FE96E000E0320EA6EEFCF5FF7ECCF43
:1078B00060F7ECCF61F7ECCF62F78251040DF35023
:1078C000036AE70FE96E000E0320EA6EEFCF63F75D
:1078D000ECCF64F7ECCF65F7ECCF66F757C267F7EC
:1078E00058C268F759C269F75AC26AF75BC26BF7A8
:1078F0005CC26CF75DC26DF75EC26EF75FC26FF778
:1079000060C270F761C271F762C272F763C273F747
:1079100064C274F7CDC075F70901006B00C976F732
:107920000701076B080E0901006F00016CEC38F0CD
:107930000601FF6BD89000018235036A390FE96EAA
:10794000010E0320EA6EECCF9FF7ED52EFCF9EF7CA
:107950000901D89000018235036A200F016E000EE4
:107960000322090103C0EAFF01C0E9FFEC6AED52FE
:10797000EF6A036A00018251280F016E000E032294
:1079800001500901006F03C001F9A60E0025026F26
:10799000070E0121036F046B03C9EAFF02C9E9FF67
:1079A00004C9EEFFD89000018235036A390FE96EF1
:1079B000010E0320EA6E0101AA6BA96BECCFA8F1BE
:1079C000ED52EFCFA7F10001D8908235036A470F3F
:1079D000E96E010E0320EA6EECCF05F9ED52EFCF10
:1079E00004F9D8908235036A4F0FE96E010E032027
:1079F000EA6EECCF07F9ED52EFCF06F9A8EC17F0DD
:107A00004FBE03D03A0E8C6F02D03D0E8C6F825366
:107A100005E08251030802E0000E01D0010E0901C9
:107A2000016F036B8CC002F9030E046F160E056F15
:107A3000020E066F01C907F9000157EC0EF0822D06
:107A400001D002D0000E01D0010E0901006F036BBE
:107A50003B0E026F1D0E046F160E056F020E066FB1
:107A600000C907F9000157EC0EF08251020802E04C
:107A7000000E01D0010E0901006F036B3C0E026F76
:107A8000350E046F160E056F020E066F00C907F95A
:107A9000000157EC0EF0CD2D09D0CD51040806E1C0
:107AA000CD51060803E1CD51020832E0D89082356D
:107AB000036ACF0FE96E000E0320EA6EECCF01F9E6
:107AC000ED52EFCF00F9010E0801C16FDB0EC06F60
:107AD000CA0EF66E030EF76E000EF86E0B0E09015D
:107AE000066F000176EC15F0020EE96E01C907F988
:107AF00000C906F99AEC14F0480E0901106F000154
:107B00007CEC0FF07A0E0901106F00017CEC0FF095
:107B1000CD2D01D009D0CD51040806E0CD51060885
:107B200003E0CD51020839E1010E0801C16FDB0EFF
:107B3000C06FDC0EF66E030EF76E000EF86E060ECA
:107B40000901066F000176EC15F0020EE96E58C2CD
:107B500007F957C206F99AEC14F0E60EF66E030E1A
:107B6000F76E000EF86E090E0901066F000176EC43
:107B700015F0020EE96E5AC207F959C206F99AECDD
:107B800014F0480E0901106F00017CEC0FF07A0E22
:107B90000901106F00017CEC0FF0010E09010A6F62
:107BA000DB0E096F110E0B6F280E0C6F0D6B0E6B39
:107BB000000131EC0FF082510308D8B41FD1CD5130
:107BC000060804E1CD510508D8B484D08251040DD3
:107BD000F350036AD70FE96E000E0320EA6EEFCF71
:107BE00004F9ECCF05F9ECCF06F9ECCF07F900EC7E
:107BF0001BF003C003F902C002F901C001F900C083
:107C000000F9010E0801C16FDB0EC06FF60EF66EB3
:107C1000030EF76E000EF86E040E0901066F0001E8
:107C200076EC15F0030EE96E03C907F902C906F9EF
:107C300001C905F900C904F945EC1BF035C210F97A
:107C40007CEC0FF0730E0901106F00017CEC0FF05B
:107C50008251040DF350036AE70FE96E000E032012
:107C6000EA6EEFCF04F9ECCF05F9ECCF06F9ECCFD3
:107C700007F900EC1BF003C003F902C002F901C0D0
:107C800001F900C000F9010E0801C16FF90EC06FC3
:107C9000020EF66E040EF76E000EF86E040E090169
:107CA000066F000176EC15F0030EE96E03C907F9C3
:107CB00002C906F901C905F900C904F945EC1BF030
:107CC00035C210F97CEC0FF0730E0901106F000142
:107CD0007CEC0FF0CD51060803E0CD51050872E1B0
:107CE0005FC207F95EC206F95DC205F95CC204F91C
:107CF00000EC1BF003C003F902C002F901C001F956
:107D000000C000F9010E0801C16FF90EC06F0E0E20
:107D1000F66E040EF76E000EF86E060E0901066F81
:107D2000000176EC15F0030EE96E03C907F902C9EC
:107D300006F901C905F900C904F945EC1BF035C283
:107D400010F97CEC0FF0730E0901106F00017CEC50
:107D50000FF063C207F962C206F961C205F960C299
:107D600004F900EC1BF003C003F902C002F901C0E2
:107D700001F900C000F9010E0801C16FDB0EC06FF0
:107D80001C0EF66E040EF76E000EF86E060E09015C
:107D9000066F000176EC15F0030EE96E03C907F9D2
:107DA00002C906F901C905F900C904F945EC1BF03F
:107DB00035C210F97CEC0FF0730E0901106F000151
:107DC0007CEC0FF0010E09010A6FDB0E096F110E3A
:107DD0000B6F320E0C6F0D6B0E6B000131EC0FF060
:107DE000010E09010A6FF90E096F290E0B6F320E91
:107DF0000C6F0D6B0E6B000131EC0FF08251040D16
:107E0000F3500901016B006FA60E0025026F070EEB
:107E10000121036F03C9E2FF02C9E1FFE6CF04F9C4
:107E2000E6CF05F905C907F904C906F9000187EF8E
:107E300038F002C042F101C041F1010E006E8251E2
:107E4000016E04E0D8900036012EFCD70050871553
:107E5000D8B40BD1D8908235036A390FE96E010E80
:107E60000320EA6EECCF0BF9ED52EFCF0AF90901CE
:107E70000D6B320E0C6F000163EC0BF002C003F0CF
:107E800001500101415D04E10350425DD8B490D03E
:107E90000901026B300E016F120E036F3C0E046F6E
:107EA000010E056F85C006F9076B00016AEC12F040
:107EB000010E0801C16FDB0EC06F000EE96E42C1FA
:107EC00007F941C106F900019AEC14F05B0E0901B3
:107ED000106F00017CEC0FF0410E0901106F0001E2
:107EE0007CEC0FF0010E0901046FDB0E036F210E15
:107EF000056F3C0E066F010E076F85C008F9096B10
:107F00000001B4EC15F00901026B940E016F120E22
:107F1000036F460E046F010E056F84C006F9076BF0
:107F200000016AEC12F0D8908235036A390FE96ECD
:107F3000010E0320EA6EECCF0BF9ED52EFCF0AF9F8
:107F400009010D6B320E0C6F000163EC0BF002C0E7
:107F500001F901C000F9010E0801C16FDB0EC06F0D
:107F6000000EE96E02C007F901C006F900019AECA3
:107F700014F05B0E0901106F00017CEC0FF0410E54
:107F80000901106F00017CEC0FF0010E0901046F74
:107F9000DB0E036F210E056F460E066F010E076F95
:107FA00084C008F9096B0001B4EC15F05DD0010143
:107FB0000901026B300E016F120E036F3C0E046F4D
:107FC000010E056F84C006F9076B00016AEC12F020
:107FD000010E0801C16FDB0EC06F000EE96E42C1D9
:107FE00007F941C106F900019AEC14F05B0E090192
:107FF000106F00017CEC0FF0410E0901106F0001C1
:108000007CEC0FF0010E0901046FDB0E036F210EF3
:10801000056F3C0E066F010E076F84C008F9096BEF
:108020000001B4EC15F0080EEA6EDD0EE96E0F0EDD
:10803000016EF76A000E03EC01F00A000900F5CFAB
:10804000EEFF012EFBD7080E0901046FDD0E036F52
:10805000120E056F460E066F010E076F84C008F9F9
:10806000096B0001B4EC15F05BD00901026B300E16
:10807000016F120E036F3C0E046F010E056F84C07A
:1080800006F9076B00016AEC12F0010E0801C16FDE
:10809000DB0EC06F000EE96E0901076B066B000175
:1080A0009AEC14F05B0E0901106F00017CEC0FF0EC
:1080B000410E0901106F00017CEC0FF0010E090167
:1080C000046FDB0E036F210E056F3C0E066F010E71
:1080D000076F84C008F9096B0001B4EC15F0080EB5
:1080E000EA6EEC0EE96E0F0E016EF76A000E03ECFD
:1080F00001F00A000900F5CFEEFF012EFBD7080EB4
:108100000901046FEC0E036F120E056F460E066F29
:10811000010E076F84C008F9096B0001B4EC15F07B
:108120000801FE6BFD6BFC6BFB6B000182510308C9
:10813000D8B41AD1CD5303E0CD51030843E18251A5
:10814000040DF350036AD70FE96E000E0320EA6EA8
:10815000EFCF0BF9ECCF0CF9ECCF0DF9ECCF0EF91A
:108160008251040DF350036AE70FE96E000E0320FD
:10817000EA6EEFCF0FF9ECCF10F9ECCF11F9ECCF9D
:1081800012F9D8908235036ACF0FE96E000E0320F2
:10819000EA6EECCF14F9ED52EFCF13F9036A825176
:1081A0005D0FE96E000E0320EA6EEFCF15F9E4ECE7
:1081B00038F003C0FEF802C0FDF801C0FCF800C0B2
:1081C000FBF89DD0CD2D01D006D0CD51040803E0A1
:1081D000CD5102083AE18251040DF350036AD70FE2
:1081E000E96E000E0320EA6EEFCF0BF9ECCF0CF92D
:1081F000ECCF0DF9ECCF0EF98251040DF350036A68
:10820000E70FE96E000E0320EA6EEFCF0FF9ECCF17
:1082100010F9ECCF11F9ECCF12F9036A82515D0F1E
:10822000E96E000E0320EA6EEFCF15F95AC214F979
:1082300059C213F9E4EC38F003C0FEF802C0FDF8AF
:1082400001C0FCF800C0FBF85AD0CD51060826E169
:10825000036A82515D0FE96E000E0320EA6EEFCFD4
:1082600015F963C20EF962C20DF961C20CF960C260
:108270000BF90901126B116B106B0F6B5AC214F9D9
:1082800059C213F90001E4EC38F003C0FEF802C053
:10829000FDF801C0FCF800C0FBF831D0CD51050855
:1082A0002EE1D8908235036ACF0FE96E000E0320CD
:1082B000EA6EECCF14F9ED52EFCF13F9036A825155
:1082C0005D0FE96E000E0320EA6EEFCF15F963C271
:1082D0000EF962C20DF961C20CF960C20BF9090115
:1082E000126B116B106B0F6B0001E4EC38F003C0E4
:1082F000FEF802C0FDF801C0FCF800C0FBF8010E5A
:108300000801C16FDB0EC06F470E0901106F00013D
:108310007CEC0FF0200E0901106F00017CEC0FF0D7
:10832000020EE96EFEC803F9FDC802F9FCC801F9A6
:10833000FBC800F9010E0901046F00018CEF39F050
:10834000250E0901106F00017CEC0FF0010E0901F0
:108350000A6FDB0E096F2C0E0B6F600E0C6F0D6B2E
:108360000E6B000131EC0FF0B6C700F9B7C701F989
:108370000901056B046B01C903F900C902F9EACFD1
:1083800007F9E9CF06F905C95BF904C95AF903C928
:1083900059F902C958F95F6B5E6B030E5D6FE80E09
:1083A0005C6F000125EC0AF007C9EAFF06C9E9FF86
:1083B00003C005F902C004F901C003F900C002F9C5
:1083C000A6C708F9A7C709F9EACF0BF9E9CF0AF957
:1083D000D89205C913F904C912F903C911F902C9E0
:1083E00010F90901176B166B09C915F908C914F9B9
:1083F0000001DBEC09F00BC9EAFF0AC9E9FF01C083
:1084000024F100C023F1BAC700F9BBC701F9090183
:10841000056B046B01C903F900C902F9EACF07F93A
:10842000E9CF06F905C95BF904C95AF903C959F935
:1084300002C958F95F6B5E6B030E5D6FE80E5C6FEF
:10844000000125EC0AF007C9EAFF06C9E9FF03C0ED
:1084500005F902C004F901C003F900C002F9AAC776
:1084600008F9ABC709F9EACF0BF9E9CF0AF9D892B5
:1084700005C913F904C912F903C911F902C910F9A0
:108480000901176B166B09C915F908C914F9000120
:10849000DBEC09F00BC9EAFF0AC9E9FF01C026F1CC
:1084A00000C025F1BEC700F9BFC701F90901056B7E
:1084B000046B01C903F900C902F9EACF07F9E9CF52
:1084C00006F905C95BF904C95AF903C959F902C982
:1084D00058F95F6B5E6B030E5D6FE80E5C6F000119
:1084E00025EC0AF007C9EAFF06C9E9FF03C005F950
:1084F00002C004F901C003F900C002F9AEC708F9CF
:10850000AFC709F9EACF0BF9E9CF0AF9D89205C943
:1085100013F904C912F903C911F902C910F90901C3
:10852000176B166B09C915F908C914F90001DBECC2
:1085300009F00BC9EAFF0AC9E9FF01C028F100C030
:1085400027F1C2C700F9C3C701F90901056B046B24
:1085500001C903F900C902F9EACF07F9E9CF06F921
:1085600005C95BF904C95AF903C959F902C958F98F
:108570005F6B5E6B030E5D6FE80E5C6F000125ECB8
:108580000AF007C9EAFF06C9E9FF03C005F902C0FE
:1085900004F901C003F900C002F9B2C708F9B3C772
:1085A00009F9EACF0BF9E9CF0AF9D89205C913F90D
:1085B00004C912F903C911F902C910F90901176BAD
:1085C000166B09C915F908C914F90001DBEC09F0AB
:1085D0000BC9EAFF0AC9E9FF01C02AF100C029F16D
:1085E000010E006E8251016E04E0D8900036012E1B
:1085F000FCD70050871529E1D8908235036A230FF4
:10860000E96E010E0320EA6EEC6AED52EF6A8251C8
:10861000040DF350036A100F0901006F000E0320D0
:10862000016FA60E0025026F070E0121036F056B77
:10863000046B03C9EAFF02C9E9FF04C9EEFF090E92
:10864000EA6E030EE96EEF6A00010901036B320E58
:10865000026F020E046F550E056F066B076B00016B
:1086600057EC0EF0D8908235036A230FE96E010EA5
:108670000320EA6EECCF07F9ED52EFCF06F9010EB9
:108680000801C16FDB0EC06F000EE96E00019AECAD
:1086900014F02E0EF66E040EF76E000EF86E040E39
:1086A0000901066F000176EC15F0010E09010A6F51
:1086B000DB0E096F110E0B6F550E0C6F0D6B0E6BF1
:1086C000000131EC0FF00901036B310E026F2B0E2C
:1086D000046F550E056F066B076B000157EC0EF02B
:1086E0008251040DF350036A100F0901006F000E50
:1086F0000320016F010E0801C16FDB0EC06FA60ED3
:1087000009010025026F070E0121036F03C9E2FF73
:1087100002C9E1FFE6CF04F9E6CF05F9000EE96EE4
:1087200005C907F904C906F900019AEC14F0380EDE
:10873000F66E040EF76E000EF86E030E0901066F5A
:10874000000176EC15F0010E09010A6FDB0E096FCE
:10875000390E0B6F550E0C6F0D6B0E6B000131EC6B
:108760000FF08251040DF350036A100F0901006FDE
:10877000000E0320016FA60E0025026F070E0121D7
:10878000036F03C9E2FF02C9E1FFE6CF04F9E6CFB8
:1087900005F9055126080AE2FF0A03E104510F0812
:1087A00005E2950E00018C6F04D00901960E0001C0
:1087B0008C6F0901036B8CC002F9460E046F2D0EFD
:1087C000056F020E066F076B000157EC0EF0010EED
:1087D0000801C16FDB0EC06F3C0EF66E040EF76E23
:1087E000000EF86E030E0901066F000176EC15F01D
:1087F00077C007F9110E0901086F00018DEC0FF029
:108800003A0E0901106F00017CEC0FF078C007F9F7
:10881000010E0901086F00018DEC0FF08251030871
:108820004AE0010E0801C16FF90EC06F480EF66EE6
:10883000040EF76E000EF86E030E0901066F0001BC
:1088400076EC15F079C007F9110E0901086F0001E7
:108850008DEC0FF03A0E0901106F00017CEC0FF067
:108860007AC007F9010E0901086F00018DEC0FF0C5
:10887000036A82517F0FE96E000E0320EA6EEFCF8C
:1088800000F9020E0801C16F170EC06F540EF66E8C
:10889000040EF76E000EF86E050E0901066F00015A
:1088A00076EC15F000C907F9110E0901086F0001F7
:1088B0008DEC0FF037D0010E0801C16FF90EC06FBB
:1088C0005E0EF66E040EF76E000EF86E050E0901D0
:1088D000066F000176EC15F0410EE96EE6C007F96F
:1088E000E5C006F9E4C005F9E3C004F945EC1BF066
:1088F000660EF66E040EF76E000EF86E030E09019A
:10890000066F000176EC15F0020E0801C16F170E1C
:10891000C06F6A0EF66E040EF76E000EF86E000160
:108920006DEC3AF0010E09010A6FDB0E096F040EBF
:108930000B6F600E0C6F0D6B0E6B000131EC0FF0C6
:10894000010E09010A6FF90E096F180E0B6F600E08
:108950000C6F0D6B0E6B000131EC0FF0020E090174
:108960000A6F170E096F380E0B6F600E0C6F0D6BD0
:108970000E6B000131EC0FF0E4D06C518F0804E075
:1089800088EC0BF082EC3AF050A004D00801FF6BA9
:108990000DD0000150A205D0010E0801FF6F06D0D6
:1089A000000150A404D0020E0801FF6F0001D8900E
:1089B0000801FF35036A470FE96E010E0320EA6ED6
:1089C000ECCF05F9ED52EFCF04F9D890FF35036AEB
:1089D0004F0FE96E010E0320EA6EECCF07F9ED525E
:1089E000EFCF06F90001A8EC17F077C0D9F878C0EE
:1089F000DAF879C0DBF87AC0DCF80901036B380ECD
:108A0000026F060E046F550E056F066B076B0001B3
:108A100057EC0EF00901036B390E026F260E046F3E
:108A2000550E056F066B076B000157EC0EF0090140
:108A3000036B060E026F046B056B020E066F076B6D
:108A4000000157EC0EF00901036B330E026F0A0EA2
:108A5000046F320E056F020E066F076B000157ECB4
:108A60000EF050A003D03E0E8C6F09D050A203D060
:108A70003F0E8C6F04D050A402D0400E8C6F0901C1
:108A8000036B8CC002F90A0E046F400E056F020ED4
:108A9000066F076B000157EC0EF0010E0801C16F65
:108AA000DB0EC06FD9C807F9110E0901086F00016C
:108AB0008DEC0FF03A0E0901106F00017CEC0FF005
:108AC000DAC807F9010E0901086F00018DEC0FF0FB
:108AD000010E09010A6FDB0E096F0C0E0B6F5F0EA2
:108AE0000C6F020E0D6F0E6B000131EC0FF0010EDA
:108AF0000801C16FDB0EC06FDBC807F9110E090159
:108B0000086F00018DEC0FF03A0E0901106F0001A3
:108B10007CEC0FF0DCC807F9010E0901086F0001B9
:108B20008DEC0FF0010E09010A6FDB0E096F250EA7
:108B30000B6F5F0E0C6F020E0D6F0E6B000131ECB0
:108B40000FF00901036BA80E026F046B6B0E056F2B
:108B5000066B076B000157EC0EF04FBE6ED087A17D
:108B600034D0A6C700F9A7C701F901C903F900C9A4
:108B700002F995EC3AF002C003F901C002F9010EC6
:108B80000801C16FDB0EC06F740EF66E040EF76E37
:108B9000000EF86E030E0901066F000176EC15F069
:108BA000000EE96E03C907F902C906F99AEC14F040
:108BB0007B0EF66E040EF76E000EF86E030E0901C2
:108BC000066F000176EC15F020D0010E0801C16F90
:108BD000DB0EC06F800EF66E040EF76E000EF86EA0
:108BE00000016DEC3AF00901016B006B00C9B6F7AA
:108BF0000701B76B0901016B006B00C9A6F70701FC
:108C0000A76B0101246B236B000187A102D0825363
:108C100002E0000E01D0010E0901026F010E0A6F81
:108C2000DB0E096F030E0B6F760E0C6F0D6B02C916
:108C30000EF9000131EC0FF06ED087A734D0B2C727
:108C400000F9B3C701F901C903F900C902F995ECAC
:108C50003AF002C003F901C002F9010E0801C16F28
:108C6000DB0EC06F8C0EF66E040EF76E000EF86E03
:108C7000030E0901066F000176EC15F0000EE96E97
:108C800003C907F902C906F99AEC14F0930EF66EBF
:108C9000040EF76E000EF86E030E0901066F000158
:108CA00076EC15F020D0010E0801C16FDB0EC06F0D
:108CB000980EF66E040EF76E000EF86E00016DEC65
:108CC0003AF00901016B006B00C9C2F70701C36BE1
:108CD0000901016B006B00C9B2F70701B36B010119
:108CE0002A6B296B000187A703D08251030802E099
:108CF000000E01D0010E0901026F010E0A6FDB0E9A
:108D0000096F030E0B6F760E0C6F0D6B02C90EF917
:108D1000000131EC0FF087A334D0AAC700F9ABC72C
:108D200001F901C903F900C902F995EC3AF002C052
:108D300003F901C002F9010E0801C16FDB0EC06F1B
:108D4000A40EF66E040EF76E000EF86E030E090107
:108D5000066F000176EC15F0000EE96E03C907F905
:108D600002C906F99AEC14F0AB0EF66E040EF76E1B
:108D7000000EF86E030E0901066F000176EC15F087
:108D800020D0010E0801C16FDB0EC06FB00EF66E71
:108D9000040EF76E000EF86E00016DEC3AF009015A
:108DA000016B006B00C9BAF70701BB6B0901016BCE
:108DB000006B00C9AAF70701AB6B0101266B256B9D
:108DC000000187A303D0822D01D002D0000E01D074
:108DD000010E0901026F010E0A6FDB0E096F1C0EF6
:108DE0000B6F760E0C6F0D6B02C90EF9000131ECA2
:108DF0000FF087A534D0AEC700F9AFC701F901C99C
:108E000003F900C902F995EC3AF002C003F901C078
:108E100002F9010E0801C16FDB0EC06FBC0EF66EC9
:108E2000040EF76E000EF86E030E0901066F0001C6
:108E300076EC15F0000EE96E03C907F902C906F9D0
:108E40009AEC14F0C30EF66E040EF76E000EF86E78
:108E5000030E0901066F000176EC15F020D0010E1B
:108E60000801C16FDB0EC06FC80EF66E040EF76E00
:108E7000000EF86E00016DEC3AF00901016B006B19
:108E800000C9BEF70701BF6B0901016B006B00C988
:108E9000AEF70701AF6B0101286B276B000187A5B7
:108EA00003D08251020802E0000E01D0010E090138
:108EB000026F010E0A6FDB0E096F350E0B6F760E17
:108EC0000C6F0D6B02C90EF9000131EC0FF06BC095
:108ED0006CF0519C000E016E1200E824F76AF73620
:108EE000FB0FF66E8E0EF722000EF86EFB6E0A0078
:108EF000F550FA6E0800F550F96E047608760C7697
:108F000010760601F7BB08D047C224F746C223F704
:108F100049C225F74CC226F723C728F824C729F8E9
:108F200025C72AF826C72BF80801E36BE26BE2C8D5
:108F300022F8236BE36BE26BE2C824F8256BE36B4A
:108F4000E26BE2C826F8276BE26BE2C82CF8E26B12
:108F5000E2C82DF8E26BE2C82EF80001946B956B25
:108F60009A6B0701226B26C756F20101886B876B4B
:108F7000566B556B586B576B559450940601FA6BB2
:108F8000F96B00011200140E0901076F4A0E086FF9
:108F9000140E096F0001D6EC10F032EF49F051AC1D
:108FA00039D36C51B40809E16B51B50806E10601EB
:108FB000F79B0101566B556B00016B51B708D8B494
:108FC000C0D26C51B7080BE11B6AF2BE1B8EF29E39
:108FD00009016F6B000153EC03F01BBEF28E6C5164
:108FE000B40823E06C51B50820E088EC0BF00901CF
:108FF000036B070E026F046B056B020E066F076BA7
:10900000000157EC0EF06C51B70809E00101AA6BA2
:10901000A96B4FC2A8F14EC2A7F1000172DF51C285
:1090200048F150C247F119EC11F06B51B40801E15D
:1090300068DF6B51B40803E1FAEC10F005D06B5116
:10904000B50802E104EC11F048C105F947C104F983
:109050000901076B066B0001A8EC17F00901036B0F
:109060002B0E026F020E046F1A0E056F066B076B54
:10907000000157EC0EF05B0E0801DB6F410EDC6F58
:10908000DD6B080E09010A6FDB0E096F240E0B6FF2
:10909000370E0C6F0D6B0E6B000131EC0FF024C816
:1090A00055F125C856F126C857F127C858F122C8EE
:1090B00087F123C888F128C823F729C824F72AC8CC
:1090C00025F72BC826F70701265302E1010E226F70
:1090D0001B6AF2BE1B8EF29E56C179F955C178F912
:1090E000000145EC05F01BBEF28E03C026F902C05C
:1090F00025F901C024F900C023F909012A6B296B65
:109100007A0E286F880E276F00016FEC0AF003C0FB
:10911000E5F802C0E4F801C0E3F800C0E2F81B6A19
:10912000F2BE1B8EF29E58C179F957C178F945EC11
:1091300005F01BBEF28E1B6AF2BE1B8EF29EE5C8C6
:109140007BF9E4C87AF9E3C879F9E2C878F903C091
:109150007FF902C07EF901C07DF900C07CF960ECA6
:1091600005F01BBEF28E03C0E5F802C0E4F801C0B2
:10917000E3F800C0E2F80801E96B400EE86F1C0E4E
:10918000E76F8C0EE66F03C0EDF802C0ECF801C08B
:10919000EBF800C0EAF8000123EC2BF001E203E158
:1091A000950E8C6F02D0960E8C6F0901036B8CC0EC
:1091B00002F9460E046F2D0E056F020E066F076B47
:1091C000000157EC0EF06C51500833E16B51B408BC
:1091D00030E144C200F845C201F846C202F847C275
:1091E00003F848C204F84AC205F84BC206F849C25F
:1091F00007F84DC208F84CC209F843C20AF84EC23B
:109200000BF84FC20CF80201556B546B536B910E67
:10921000526F0701076B0A0E0901006F00016CEC29
:1092200038F0010E0601FF6F4EC21CF84FC21DF848
:1092300000016C51B40803E16B51B50806E06C51B4
:10924000B70811E16B51B5080EE1050E02014E257C
:10925000526F000E4F21536F546BD8B0522B556B89
:10926000000191D658960101555302E156530CE086
:10927000050E02014E25526F000E4F21536F546BA5
:10928000D8B0522B556B0101020156510701265DE2
:1092900003E026C756F2589656C103F955C102F9A4
:1092A000000195EC3AF002C0E3F801C0E2F8010ECB
:1092B0000801C16FDB0EC06F000EE96E02C007F936
:1092C00001C006F900019AEC14F0010E09010A6FC1
:1092D000DB0E096F0B6B280E0C6F030E0D6F0E6B00
:1092E000000131EC0FF00901036B940E026F2B0E9D
:1092F000046F570E056F066B076B000157EC0EF0FD
:109300004FC20BF94EC20AF909010D6B640E0C6FC6
:10931000000163EC0BF002C0E3F801C0E2F8010EBB
:109320000801C16FDB0EC06F000EE96E02C007F9C5
:1093300001C006F900019AEC14F0D80EF66E040E86
:10934000F76E000EF86E030E0901066F000176EC51
:1093500015F0010E09010A6FDB0E096F370E0B6F56
:10936000570E0C6F0D6B0E6B000131EC0FF0090105
:10937000036B310E026F2B0E046F610E056F066BCF
:10938000076B000157EC0EF0010E0801C16FDB0EF8
:10939000C06F000EE96E88C107F987C106F90001A8
:1093A0009AEC14F0E00EF66E040EF76E000EF86EF6
:1093B000030E0901066F000176EC15F0010E09019C
:1093C0000A6FDB0E096F370E0B6F610E0C6F0D6BA2
:1093D0000E6B000131EC0FF00901036B320E026FCE
:1093E0002B0E046F6B0E056F066B076B000157ECBD
:1093F0000EF0010E0801C16FDB0EC06F000EE96EAA
:1094000058C107F957C106F900019AEC14F0E80EAB
:10941000F66E040EF76E000EF86E040E0901066F6C
:10942000000176EC15F0010E09010A6FDB0E096FE1
:10943000370E0B6F6B0E0C6F0D6B0E6B000131EC6A
:109440000FF0080EEA6EDB0EE96E070E016EF76A8A
:10945000000E15EC01F00A000900F5CFEEFF012E19
:10946000FBD7080E09010A6FDB0E096F2C0E0B6F7C
:109470001A0E0C6F0D6B0E6B000131EC0FF0010E2C
:109480000801C16FDB0EC06F26C707F9130E090173
:10949000086F00018DEC0FF0010E09010A6FDB0E61
:1094A000096F280E0B6F0C6F030E0D6F0E6B000112
:1094B00031EC0FF048C105F947C104F90901076B08
:1094C000066B0001A8EC17F00901036B2D0E026F6B
:1094D000020E046F500E056F066B076B000157EC10
:1094E0000EF0010E0801C16FDB0EC06F77C007F9E7
:1094F000110E0901086F00018DEC0FF03A0E090101
:10950000106F00017CEC0FF078C007F9010E090123
:10951000086F00018DEC0FF0200E0901106F0001A3
:109520007CEC0FF0010E09010A6FDB0E096F0B6B6B
:109530005E0E0C6F030E0D6F0E6B000131EC0FF021
:1095400067D06C51B70804E088EC0BF082EC3AF07D
:1095500048C105F947C104F90901076B066B000111
:10956000A8EC17F077C0D9F878C0DAF80901036BD6
:10957000380E026F190E046F550E056F066B076BE0
:10958000000157EC0EF00901036B070E026F0A0E83
:10959000046F056B020E066F076B000157EC0EF0AF
:1095A0000901036B330E026F0A0E046F320E056F52
:1095B000020E066F076B000157EC0EF0010E08015A
:1095C000C16FDB0EC06FD9C807F9110E0901086F12
:1095D00000018DEC0FF03A0E0901106F00017CECD8
:1095E0000FF0DAC807F9010E0901086F00018DECD0
:1095F0000FF0010E09010A6FDB0E096F1D0E0B6FD4
:109600005F0E0C6F020E0D6F0E6B000131EC0FF050
:109610006BC06CF0519C000E016E12006C51C808BA
:1096200004E088EC0BF06CC06DF0C00ED880010136
:109630008F550801DD6F270E010190550801DE6F7F
:10964000090E010191550801DF6F000E01019255CD
:109650000801E06FEB6FDFC8EAF8DEC8E9F8DDC8A3
:10966000E8F8000153EC0AF01B6AF2BE1B8EF29E72
:1096700003C07BF902C07AF901C079F900C078F91A
:109680006F0E09017F6F120E7E6F030E7D6F750ED8
:109690007C6F000160EC05F01BBEF28E03C010F978
:1096A00002C00FF901C00EF900C00DF9A3EC19F0CA
:1096B00003C0DCF802C0DBF801C0DAF800C0D9F85A
:1096C000010E0801C16FDB0EC06FEE0EF66E040EC8
:1096D000F76E000EF86E070E0901066F000176ECBA
:1096E00015F0410EE96EDCC807F9DBC806F9DAC8E7
:1096F00005F9D9C804F945EC1BF0F80EF66E040E16
:10970000F76E000EF86E090E0901066F000176EC87
:1097100015F0010E09010A6FDB0E096F0A0E0B6FBF
:109720001E0E0C6F020E0D6F0E6B000131EC0FF070
:109730000901036B410E026F0A0E046F320E056FB2
:10974000020E066F076B000157EC0EF00901036B68
:10975000420E026F046B5A0E056F020E066F076B06
:10976000000157EC0EF00901036B430E026F0F0E60
:10977000046F6E0E056F020E066F076B000157EC4B
:109780000EF00101AA6BA96BA86BA76B6BC06CF004
:10979000000E016E000112006C51C90802E088EC55
:1097A0000BF00901036B440E026F0F0E046F320EB3
:1097B000056F020E066F076B000157EC0EF06BC0D1
:1097C0006CF0000E016E12000801E76BE66BE86BAF
:1097D000E551E85D3EE254BE3CD0C580C5B0FED741
:1097E000AA0EF96F0001FEEC14F0012C01D02DD06F
:1097F0000801E851E425EB6FF96F0001FEEC14F06D
:10980000C582C5B2FED7AB0E0801F96F0001FEECB0
:1098100014F0006A0CEC15F00801EA6B01C0E9F8DD
:10982000C584C5B4FED7E851080DF3CF00F000524F
:1098300005E0D890E937EA37002EFBD7E951E62753
:10984000EA51E723549E03D00001548E0801E82B0F
:10985000BFD7E6C801F0E7C802F000011200020E0F
:109860000801E46FE56F0001AFDF02501200F7DF7F
:10987000015012000E0E0801E46F020EE56F0001A8
:10988000A3DF025045EF4CF0F5D702C0E1F8080124
:10989000E06B020EE117E05303E1E151020802E040
:1098A000000E01D0010E016E000114EF4DF01A0EF2
:1098B0000801E46F020EE56F000186DF02501EEF23
:1098C0004DF0080E0801E46F020EE56F00017CDF29
:1098D00002C0E1F801C0E0F80801E0C801F0E1C809
:1098E00002F00001FFEF4EF00A0E0801E46F020ED5
:1098F000E56F000169DF02C0E3F801C0E2F808018A
:10990000E2C801F0E3C802F0000104EF4FF0EACF33
:10991000EDF8E9CFECF80801E6AF08D0EC8FECA940
:10992000EC2BE51FE61FE52BD8B4E62BE639F00952
:10993000E86FE827E20FE96F320FEB6FE6510F0B8C
:10994000E927E927EB27E90FEA6FEA27EA27E53954
:109950000F0BEA27EB27EA37EB37EB1FEB37E55125
:109960000F0BEB27E837070EE76F0A0EEA07EB2726
:10997000FDE3E907EA27FDE3E807E927FDE3E70759
:10998000E827FDE3080EEA6EE70EE96E070EEC1518
:10999000EC9DED52EC1507E1ECB9EE52ECB903D0B9
:1099A000200E006E21D0E926000EEA22E950EB08D5
:1099B00004E1EA50080801E1EC8DEF50006E08E187
:1099C000ECBD06D0ECB91ED0ECB702D0200E0BD007
:1099D000ECAF06D02D0E006EED50EC9DEC9F04D048
:1099E000EC87EC99300E0026EACFE6F8E9CFE5F8EF
:1099F00000C010F900017CEC0FF0E6C8EAFFE5C8F2
:109A0000E9FF0801EE50ECADD1D7000112000801CA
:109A1000DD6BDE6B00012BDF01C0DFF86C51CC0881
:109A200002E088EC0BF030D7015205E0450E8C6F58
:109A30008B908B8A2FD1460E8C6F39D702C0E1F8FC
:109A400001C0E0F81B6AF2BE1B8EF29E02C079F9DB
:109A500001C078F945EC05F01BBEF28E03C026F973
:109A600002C025F901C024F900C023F909012A6BBD
:109A7000296B700E286F840E276F00016FEC0AF0BF
:109A800003C0DCF802C0DBF801C0DAF800C0D9F886
:109A90001B6AF2BE1B8EF29EDCC87BF9DBC87AF92A
:109AA000DAC879F9D9C878F9DBEC05F01BBEF28E7B
:109AB00001C0DEF81B6AF2BE1B8EF29E0901796BB3
:109AC000DEC878F9000145EC05F01BBEF28ED882A5
:109AD000DCC80FF9DBC80EF9DAC80DF9D9C80CF9E2
:109AE00003C013F902C012F901C011F900C010F946
:109AF000C4EC19F003C0E3F802C0E2F801C0E1F8D9
:109B000000C0E0F81B6AF2BE1B8EF29E03C07BF918
:109B100002C07AF901C079F900C078F909017F6BB8
:109B20007E6B700E7D6F840E7C6F000160EC05F023
:109B30001BBEF28E1B6AF2BE1B8EF29E03C07BF927
:109B400002C07AF901C079F900C078F9DBEC05F0C0
:109B50001BBEF28E01C0DDF80901036BAB0E026F74
:109B6000090E046F640E056F066B076B000157EC5E
:109B70000EF0010E0801C16FDB0EC06FDEC807F9E1
:109B8000110E0901086F00018DEC0FF0050EF66E45
:109B9000050EF76E000EF86E030E0901066F000148
:109BA00076EC15F0DDC807F9110E0901086F000108
:109BB0008DEC0FF00B0EF66E050EF76E000EF86EC4
:109BC000050E0901066F000176EC15F0010E090182
:109BD0000A6FDB0E096F2E0E0B6F640E0C6F0D6B90
:109BE0000E6B000131EC0FF00801DE5123081EE27C
:109BF000000135DE02C0E1F801C0E0F80801E153E0
:109C000015E1E051390812E38B908B8A0901036B4F
:109C1000F00E026F090E046F640E056F066B076B82
:109C2000000157EC0EF0450E8C6F0801DE51430821
:109C30000CE2000114DE02C0E1F801C0E0F8080106
:109C4000E15308E1E0513A0805E3000170510801D1
:109C5000DF5D1BE30001712BD8B4722B7251020837
:109C600005E2FF0A08E17151E80805E370510801B7
:109C7000DF5D0AE300018B908B8ADFC870F0726BA6
:109C8000716B450E8C6F080106D00001726B716B11
:109C90008B808B8A0801000170510801DF5D02E3AF
:109CA000DFC870F00901036B8CC002F90F0E046F5E
:109CB0000A0E056F020E066F076B000157EC0EF0DF
:109CC0001B6AF2BE1B8EF29E0901796BDFC878F920
:109CD000000145EC05F01BBEF28E03C0E3F802C0A4
:109CE000E2F801C0E1F800C0E0F81B6AF2BE1B8E8A
:109CF000F29E0901796B70C078F9000145EC05F01E
:109D00001BBEF28EE3C826F9E2C825F9E1C824F9A2
:109D1000E0C823F903C02AF902C029F901C028F9D3
:109D200000C027F96FEC0AF003C0E3F802C0E2F8C4
:109D300001C0E1F800C0E0F81B6AF2BE1B8EF29E83
:109D400003C07BF902C07AF901C079F900C078F943
:109D500009017F6B7E6B480E7D6F850E7C6F000165
:109D600060EC05F01BBEF28E1B6AF2BE1B8EF29EEB
:109D700003C07BF902C07AF901C079F900C078F913
:109D8000DBEC05F01BBEF28E01C0E0F8010E08010D
:109D9000C16FDB0EC06F01C007F91B0E0901086F10
:109DA00000018DEC0FF0200E0901106F00017CEC1A
:109DB0000FF0250E0901106F00017CEC0FF0010E71
:109DC00009010A6FDB0E096F190E0B6F280E0C6F5D
:109DD000030E0D6F0E6B000131EC0FF0010E080148
:109DE000C16FDB0EC06F120EF66E050EF76E000E21
:109DF000F86E00016DEC3AF085BC58D062D502C017
:109E0000E1F801C0E0F870D502C0E3F801C0E2F863
:109E10002EDD01C0E4F8010E0801C16FDB0EC06F3A
:109E2000340EF66E050EF76E000EF86E030E090185
:109E3000066F000176EC15F00A0EE96EE1C8E6F84F
:109E4000E0C8E5F864DD3C0EF66E050EF76E000E18
:109E5000F86E070E0901066F000176EC15F00A0E88
:109E6000E96EE3C8E6F8E2C8E5F851DD480EF66EA3
:109E7000050EF76E000EF86E090E0901066F00015F
:109E800076EC15F0E4C807F91B0E0901086F000114
:109E90008DEC0FF0200E0901106F00017CEC0FF02B
:109EA000250E0901106F00017CEC0FF0010E090175
:109EB0000A6FDB0E096F090E0B6F500E0C6F0D6BE6
:109EC0000E6B000131EC0FF06BC06CF0000E016EF8
:109ED00012000801EE6BED6BEE51EC5D1EE303E149
:109EE000EB51ED5D1AE2F06BEF6BF05103080CE300
:109EF00003E1EF51B50808E3050E006E002EFED712
:109F0000EF2BD8B4F02BF1D704000001A8EC07F038
:109F10000801ED2BD8B4EE2BDFD7000112000801A9
:109F2000F46BF56BF76BF66BC580C5B0FED7D890B8
:109F3000F2354009F86FF96F0001FEEC14F00152A0
:109F40003CE10801F35306E0F96B0001FEEC14F06C
:109F500005D00801F96B0001FEEC14F0C582C5B212
:109F6000FED7D8900801F2354109F86FF96F00016A
:109F7000FEEC14F00801F35312E0010E006E000134
:109F80000CEC15F001C0F4F8006A0CEC15F001C0FF
:109F9000F5F8F5C8F7F8F4C8F6F80AD00801006A31
:109FA00000010CEC15F00801F76B01C0F6F8000198
:109FB000C584C5B4FED7549E01D0548E0801F6C89E
:109FC00001F0F7C802F000011200C580C5B0FED74D
:109FD000D8900801F4354009F66FF96F0001FEECE6
:109FE00014F0015222E10801F55307E0020EF96F67
:109FF0000001FEEC14F006D00801010EF96F00011B
:10A00000FEEC14F0F2C8F9F8FEEC14F00801F55378
:10A0100006E0F3C8F9F80001FEEC14F00801C5846D
:10A02000C5B4FED7549E03D00001548E0801000130
:10A030001200010E0801E86FE76BE96BEA6BE6516D
:10A04000040815E1E55304E0830E966E8D8403D079
:10A05000830E966E8D86EC6B640EEB6F000139DF1C
:10A06000830E966E8D94966E8D9659D00801F26B84
:10A07000010EF36F000153DF080102C0E9F8E65159
:10A08000FC0F31E2040F000190EF50F00801E5539E
:10A0900004E0E86B040EE76F03D0E86B400EE76F57
:10A0A00022D00801E55304E0E86B080EE76F03D007
:10A0B000E86B200EE76F17D00801E55304E0E86B6A
:10A0C000100EE76F03D0E86B800EE76F0CD008012D
:10A0D000E55304E0E86B020EE76F03D0E86B010E76
:10A0E000E76F01D00801E7C8EAF8EAC8F2F8E9C862
:10A0F000F3F8F46B010EF56F000167DF0801EC6BFC
:10A10000640EEB6F0001E5DE0801EA6BEAC8F2F8C5
:10A11000E9C8F3F8F46B010EF56F000156DF120089
:10A12000E824F76AF736410FF66EA10EF722000E0B
:10A13000F86EFB6E0A00F550FA6E0800F550F96EE5
:10A140008CA0A2A0B8A0CEA0030E0801E96FE86B16
:10A15000010EEB6FEA6BAA0EED6FEC6BD890E73552
:10A16000EE6FEF6BD8B0EF2BF06BF16BE55304E1C2
:10A17000D890EB33EA3305D0E65303E1D890EA37C1
:10A18000EB37EA6BEE51006E05E0D890EA37EB371B
:10A19000002EFBD7EE51006E05E0D890E837E93786
:10A1A000002EFBD7E81FE91FF26B010EF36F0001D1
:10A1B000B6DE02C0EDF801C0ECF80801E851EC177A
:10A1C000E951ED17EC51EA13ED51EB13EAC8F1F840
:10A1D000EBC8F0F8F1C8F2F8F0C8F3F8F46B010E30
:10A1E000F56F0001F2DE12000801E56B010EE66F6B
:10A1F000000141EC08F00801E56B030EE66F000179
:10A2000018DF0801E56BE66BE76B00019DDF5094FA
:10A21000646B589C0801DA6BD96BD9C8AEF707019B
:10A22000AF6B0801DA6BD96BD9C8B0F70701B16B16
:10A230000801DA6BD96BD9C8BEF70701BF6B0801FB
:10A24000DA6BD96BD9C8C0F70701C16B0601F7BB40
:10A2500007D00101AA6BA96BA86B010EA76F0601BD
:10A260005192F995FA6B000181EC47F0518C120084
:10A2700087532AE10601F7AB02D0000125D008017F
:10A28000E56B010EE66F000141EC08F0646B08011C
:10A29000DA6BD96BD9C8A6F70701A76B0801DA6B8F
:10A2A000D96BD9C8A8F70701A96B0801DA6BD96B7C
:10A2B000D9C8B6F70701B76B0801DA6BD96BD9C8F3
:10A2C000B8F70701B96B000101013A5100080FE22C
:10A2D000FF0A03E1395122080AE2010E3A6F220E09
:10A2E000396FAA6BA96B010EA86F220EA76F51924E
:10A2F000000189910801E56B010EE66F000199DE0E
:10A300000801E56BE66B020EE76F00011DDF509060
:10A310000701006B0801D96BD9C892F80601F991C1
:10A32000FA6B0001906B916B986B64919AEC37F02B
:10A330005692518C120087532AE10601F7AB02D0E6
:10A34000000125D00801E56B010EE66F000141EC2C
:10A3500008F0646B0801DA6BD96BD9C8AAF707015A
:10A36000AB6B0801DA6BD96BD9C8ACF70701AD6BE1
:10A370000801DA6BD96BD9C8BAF70701BB6B0801C2
:10A38000DA6BD96BD9C8BCF70701BD6B00010101BD
:10A390003C5100080FE2FF0A03E13B5122080AE2A8
:10A3A000010E3C6F220E3B6FAA6BA96B010EA86FCA
:10A3B000220EA76F5192000189930801E56B020EEE
:10A3C000E66F000136DE0801E56BE66B010EE76F14
:10A3D0000001BADE50920701016B0801D96BD9C8A0
:10A3E00093F80601F993FA6B0001926B936B996BEA
:10A3F0006493C6EC37F05692518C120087532AE1D1
:10A400000601F7AB02D0000125D00801E56B010E73
:10A41000E66F000141EC08F0646B0801DA6BD96B60
:10A42000D9C8AEF70701AF6B0801DA6BD96BD9C891
:10A43000B0F70701B16B0801DA6BD96BD9C8BEF769
:10A440000701BF6B0801DA6BD96BD9C8C0F70701E8
:10A45000C16B000101013E5100080FE2FF0A03E158
:10A460003D5122080AE2010E3E6F220E3D6FAA6B9B
:10A47000A96B010EA86F220EA76F5192000189955A
:10A480000801E56B030EE66F0001D3DD0801E56B03
:10A49000E66BE76B000158DE50940701026B080180
:10A4A000D96BD9C894F80601F995FA6B0001946B41
:10A4B000956B9A6B6495F2EC37F05692518C1200C2
:10A4C0008751010A15E0030A15E0060A15E0070A9C
:10A4D00015E0050A16E0030A17E0020A18E00F0A61
:10A4E0001AE0020A1BE0060A1DE0020A1FE023D060
:10A4F000BFDE24D020DF22D081DF20D0B9DE1BDFF9
:10A500001DD019DF7BDF1AD0B3DE78DF17D0B0DEC5
:10A5100012DF74DF13D0ACDE649710D00CDFA8DE3E
:10A5200064970CD0A5DE6ADF649708D0A1DE03DF54
:10A5300065DF649703D09CDEFEDE60DF876B896B8E
:10A54000518C12000801DA6BD96BD9C87CF87D6B8D
:10A55000DA6BD96BD9C87EF87F6BDA6BD96BD9C847
:10A5600080F8816BD96BD9C882F8D96BD9C883F8C8
:10A57000D96BD9C884F80001926B936B996B010178
:10A58000186B176B1A6B196B1C6B1B6B55920001C8
:10A5900012000801E56B010EE66F000141EC08F0C6
:10A5A0000801E56BE66B000144DD0801E56BE66B35
:10A5B000030EE76F0001C8DD646B0701046B08013F
:10A5C000D96BD9C896F80601F791F7BB25D04F96FD
:10A5D0000101A26BA16BA06B9F6B7F5305E18053C0
:10A5E00003E1486B476B17D00001C05101017F2583
:10A5F0000801D96F0001C151010180210801DA6F02
:10A600000001C2510801D9250101476F000E080160
:10A61000DA210101486F06015192F799F46BF79521
:10A62000589807011E6B0801D96BD9C871F806014B
:10A63000F993FA6B000186DF518C12000801DA6B86
:10A64000D96BD9C87CF87D6BDA6BD96BD9C87EF829
:10A650007F6BDA6BD96BD9C880F8816BD96BD9C89D
:10A6600082F8D96BD9C883F8D96BD9C884F8D96B6B
:10A67000D9C885F80001926B936B996B0101186B37
:10A68000176B1A6B196B1C6B1B6B0601F7BB09D0A0
:10A6900057B607D00101DA6BD96BD86BD76B5796D9
:10A6A00006015592000112000801E56B010EE66FEC
:10A6B000000141EC08F00801E56BE66B0001B9DC34
:10A6C0000801E56BE66B030EE76F00013DDD646B8F
:10A6D0000701046B0801D96BD9C896F8589E4F9AA8
:10A6E0000601F7BB58D00001CC2D01D049D04F96C0
:10A6F000616B01019E6B9D6B9C6B9B6B000E4FB859
:10A70000010E006ED89000360050036A130FE96EF8
:10A71000010E0320EA6EECCFDAF8ED52EFCFD9F854
:10A720000801D95307E1DA5305E10101486B476B92
:10A7300025D00801000E4FB8010E006ED8900036EB
:10A740000050036A130FE96E010E0320EA6EECCF8E
:10A75000DAF8ED52EFCFD9F8000E4FB8010E036AC8
:10A76000740FE96E000E0320EA6EEF50D925010147
:10A77000476F000E0801DA210101486F0BD000017C
:10A780004F96010E616F765101010D25476F000E46
:10A790000E21486F06015192F799F46BF79558987E
:10A7A000F993FA6B00014ADF518C0701216B080114
:10A7B000D96BD9C853F8D96BD9C872F80001120007
:10A7C0000601F7BB07D00001616BCC2D02D0010E52
:10A7D000616F060101010C51000809E2FF0A03E163
:10A7E0000B51220804E2010E0C6F220E0B6F0001C8
:10A7F0005BDF12000801D96BD95106080FE3E56B46
:10A80000D9C8E6F8000115DC0801EC6B640EEB6FAB
:10A81000000169EC4FF00801D92BEED700011200BE
:10A820000801D96BD95103080AE3010EE56FE66F01
:10A83000D9C8E7F8000188DC0801D92BF3D700015B
:10A8400012000101CA6BC96B070EC86FD00EC76F2B
:10A850001B6AF2BE1B8EF29E010E09016F6F000192
:10A8600053EC03F01BBEF28E1200F40E986E8F8034
:10A870000801EC6B320EEB6F000169EC4FF0F40E47
:10A88000986E8F9012000801D96BD95103080AE322
:10A89000E56B010EE66FD9C8E7F8000155DC080149
:10A8A000D92BF3D70001120088EC0BF051BA21D05C
:10A8B000519A646B0801E56B010EE66F000141ECF3
:10A8C00008F06C51B30803E28FDC589C11D0875319
:10A8D00003E16C518B0802E2F3DD0AD06C51810870
:10A8E00002E257DE05D06C51770802E269DF589E1C
:10A8F00081DF96DF0901036B5E0E026F140E046F99
:10A90000320E056F010E066F076B000157EC0EF05B
:10A9100051A80ED0010E0801C16FDB0EC06F020EF0
:10A920000901076F030E086F00018DEC0FF00DD0C9
:10A93000010E0801C16FDB0EC06F010E0901076F28
:10A94000030E086F00018DEC0FF0010E09010A6F74
:10A95000DB0E096F210E0B6F460E0C6F010E0D6F93
:10A960000E6B000131EC0FF06CDF7FDF0B0E080186
:10A97000EC6FB80EEB6F000169EC4FF00601F46B61
:10A98000000181DF000E016E120088EC0BF009015E
:10A99000036B5E0E026F140E046F320E056F010E14
:10A9A000066F076B000157EC0EF0010E0801C16F36
:10A9B000DB0EC06FCAC007F9030E0901086F000162
:10A9C0008DEC0FF0010E09010A6FDB0E096F210EED
:10A9D0000B6F460E0C6F010E0D6F0E6B000131EC0C
:10A9E0000FF0875302E06CDD09D06C51B30804E22C
:10A9F000F4EC50F0589C02D0E3DE589E11DFFADEF2
:10AA000020DF33DF0B0E0801EC6FB80EEB6F000197
:10AA100069EC4FF038DF000E016E120088EC0BF08D
:10AA20000901036B5E0E026F140E046F320E056F88
:10AA3000010E066F076B000157EC0EF0010E0801C6
:10AA4000C16FDB0EC06FCAC007F9030E0901086FA2
:10AA500000018DEC0FF0010E09010A6FDB0E096F8A
:10AA6000210E0B6F460E0C6F010E0D6F0E6B000169
:10AA700031EC0FF05794000E016E1200C90E6B6F8F
:10AA800009010B6B6BC00AF90D6B040E0C6F000112
:10AA900063EC0BF002C003F00150860F006E020E53
:10AAA0000220016E026AD8B0002A036A02C0D1F8FF
:10AAB000E8CFD0F800C0CFF8EA6E00C0E9FF23EC81
:10AAC00001F001C07EF0F40E986E8F90F096F09A2F
:10AAD000B99AB99CF090F0948150BA9ABA9C0F013F
:10AAE000339530950801E56B010EE66F000141ECEE
:10AAF00008F080DE04000801CE6BCE51030813E39A
:10AB0000E56BE66BCEC8E7F80001A4EC50F0080155
:10AB1000E56B010EE66FCEC8E7F80001A4EC50F03B
:10AB20000801CE2BEAD7000188EC0BF004006F6A15
:10AB30006E50CF0B6E6E0F01476B4651CF0B466FB9
:10AB40006E6A466BC290B59CB59EC69A679AAB9EDC
:10AB5000229F0801E56B040EE66F000141EC08F04E
:10AB60000801E56B050EE66F000141EC08F01B6A79
:10AB7000F2BE1B8EF29E0901766BC80E756F000146
:10AB800056EC06F01BBEF28E830E966E8D94966E7A
:10AB90008D967D0E976E8E92976E8E9EF40E986EA9
:10ABA0008F90200E956E8C90956E8C92956E8C94F5
:10ABB000956E8C96956E8C98956E8C9C956E8C9EF1
:10ABC0008B9A8B908B928B940D0E926E8992926ED3
:10ABD0008998926E899A830E966E8D9CF40E986E6B
:10ABE0008F96830E966E8D98966E8D9A939EC80E54
:10ABF00092167F0E936E8A9E0D0E926E899C926EB7
:10AC0000899E270E941698928B968B98F40E986EC8
:10AC10008F928B9C8B9EF2864E8056961B6AF2BE5C
:10AC20001B8EF29E09016F6B000153EC03F01BBEFB
:10AC3000F28E12006F51590804E3010E016E05D027
:10AC400004D0000E80A0010E016E1200C580C5B0B8
:10AC5000FED7D8900801D0354009D26FF96F0001B6
:10AC6000FEEC14F0015227E10801D15307E0060E73
:10AC7000F96F0001FEEC14F006D00801030EF96F25
:10AC80000001FEEC14F00801D1530BE0CEC8F9F836
:10AC90000001FEEC14F0CFC8F9F8FEEC14F006D079
:10ACA0000801CEC8F9F80001FEEC14F0C584C5B463
:10ACB000FED7549E01D0548E16EFD7F0200E956E1D
:10ACC0008C920801EC6B640EEB6F000169EC4FF0A5
:10ACD000200E956E8C82010E0801EC6F2C0EEB6F2E
:10ACE000000169EC4FF096EF56F0B00E676E3F0E24
:10ACF00068160901596B300E5A6F000174EC0BF0A5
:10AD00000901596BAF0E5A6F000174EC0BF0010E84
:10AD10000801EC6F2C0EEB6F000169EC4FF015EFA2
:10AD200059F0B00E676E3F0E6816C8D70901596B0F
:10AD3000300E5A6F000174EC0BF00901596B940E40
:10AD40005A6F000174EC0BF00901596BD10E5A6F68
:10AD5000000174EC0BF00901596B200E5A6F0001D1
:10AD600074EC0BF0010E0901596F080E5A6F0001C7
:10AD700074EC0BF00801EC6B050EEB6F000169EC55
:10AD80004FF00901596B200E5A6F000174EC0BF063
:10AD9000010E0901596F0B0E5A6F000174EC0BF094
:10ADA0007C5302E11C0E7C6F0901596B810E5A6FB6
:10ADB000000174EC0BF01B6AF2BE1B8EF29E0901BF
:10ADC000796B7CC078F9000145EC05F01BBEF28E72
:10ADD0001B6AF2BE1B8EF29E03C07BF902C07AF999
:10ADE00001C079F900C078F9AE0E09017F6F470EF6
:10ADF0007E6F210E7D6F7E0E7C6F000160EC05F092
:10AE00001BBEF28E1B6AF2BE1B8EF29E03C07BF944
:10AE100002C07AF901C079F900C078F9DBEC05F0DD
:10AE20001BBEF28E01C0D0F8010E0901596F01C09E
:10AE30005AF9000174EC0BF0010E0901596F040E70
:10AE40005A6F000174EC0BF00901596BCA0E5A6F6E
:10AE5000000174EC0BF0010E0901596F5A6B0001EF
:10AE600074EC0BF0010E0901596F230E5A6F0001AB
:10AE700074EC0BF0010E0901596F5A6B000174EC70
:10AE80000BF00901596BA70E5A6F000174EC0BF01F
:10AE90000901596BBB0E5A6F000174EC0BF0010EE7
:10AEA0000901596F020E5A6F000174EC0BF0090191
:10AEB000596BBC0E5A6F000174EC0BF0010E0901C6
:10AEC000596F030E5A6F000174EC0BF0010E09016B
:10AED000596F5A6F000174EC0BF0010E0901596FA4
:10AEE000020E5A6F000174EC0BF00901596B750EDC
:10AEF0005A6F000174EC0BF0010E0901596F100E2E
:10AF00005A6F000174EC0BF0010E0901596F9F0E8E
:10AF10005A6F000174EC0BF00901596B150E5A6F52
:10AF2000000174EC0BF0010E0901596F050E5A6F08
:10AF3000000174EC0BF0010E0901596F540E5A6FA9
:10AF4000000174EC0BF00901596B5C0E5A6F0001A3
:10AF500074EC0BF0100E0801CE6FCE519E081FE36B
:10AF6000050ECF6FCF51530818E3010E0901596F39
:10AF70005A6B000174EC0BF0010E0901596F5A6B0A
:10AF8000000174EC0BF0010E0901596F5A6B0001BE
:10AF900074EC0BF00801CF2BE5D7CE2BDED70901DF
:10AFA000596B250E5A6F000174EC0BF00901596BB7
:10AFB000A90E5A6F000174EC0BF00901596B310EA8
:10AFC0005A6F000174EC0BF00901596B320E5A6F85
:10AFD000000174EC0BF0010E0901596F5A6F00016A
:10AFE00074EC0BF0010E0901596F5A6B000174ECFF
:10AFF0000BF0010E0901596F020E5A6F000174EC3B
:10B000000BF00901596B340E5A6F000174EC0BF010
:10B010000901596B200E5A6F000174EC0BF0010E00
:10B020000901596F5A6B000174EC0BF0010E090114
:10B03000596F020E5A6F000174EC0BF0010E0901FA
:10B04000596F040E5A6F000174EC0BF0010E0901E8
:10B05000596F060E5A6F000174EC0BF0010E0901D6
:10B06000596F080E5A6F000174EC0BF0010E0901C4
:10B07000596F0A0E5A6F000174EC0BF0010E0901B2
:10B08000596F0C0E5A6F000174EC0BF0010E0901A0
:10B09000596F0E0E5A6F000174EC0BF0010E09018E
:10B0A000596F100E5A6F000174EC0BF0010E09017C
:10B0B000596F120E5A6F000174EC0BF0010E09016A
:10B0C000596F140E5A6F000174EC0BF0010E090158
:10B0D000596F160E5A6F000174EC0BF0010E090146
:10B0E000596F180E5A6F000174EC0BF0010E090134
:10B0F000596F1A0E5A6F000174EC0BF0010E090122
:10B10000596F1C0E5A6F000174EC0BF0010E09010F
:10B11000596F1F0E5A6F000174EC0BF00901596B47
:10B12000210E5A6F000174EC0BF0010E0901596FEA
:10B130005A6B000174EC0BF0010E0901596F020EFD
:10B140005A6F000174EC0BF0010E0901596F040EE7
:10B150005A6F000174EC0BF0010E0901596F060ED5
:10B160005A6F000174EC0BF0010E0901596F080EC3
:10B170005A6F000174EC0BF0010E0901596F0A0EB1
:10B180005A6F000174EC0BF0010E0901596F0C0E9F
:10B190005A6F000174EC0BF0010E0901596F0E0E8D
:10B1A0005A6F000174EC0BF0010E0901596F100E7B
:10B1B0005A6F000174EC0BF0010E0901596F120E69
:10B1C0005A6F000174EC0BF0010E0901596F140E57
:10B1D0005A6F000174EC0BF0010E0901596F160E45
:10B1E0005A6F000174EC0BF0010E0901596F180E33
:10B1F0005A6F000174EC0BF0010E0901596F1A0E21
:10B200005A6F000174EC0BF0010E0901596F1C0E0E
:10B210005A6F000174EC0BF0010E0901596F1F0EFB
:10B220005A6F000174EC0BF060D576EFD7F0050E85
:10B230000801D027100ED1270901646B636B626B84
:10B240000F0E616F0001B9EC09F001C0DEF80901D1
:10B25000646B636B626B100E616F0001B9EC09F0F7
:10B2600001C0DFF80901646B636B626B110E616FE3
:10B270000001B9EC09F00501F36BDEC8F2F5DFC897
:10B28000F1F501C0F0F50901596B300E5A6F00015C
:10B2900074EC0BF00901596B750E5A6F000174ECD8
:10B2A0000BF0010E0901596FD1C85AF9000174EC75
:10B2B0000BF00801D151D225DE6F000ED321DF6FD4
:10B2C000010EDE5F000EDF5B010E0901596FDEC863
:10B2D0005AF9000174EC0BF00901596B150E5A6F05
:10B2E000000174EC0BF0010E0901596FD0C85AF936
:10B2F000000174EC0BF0D8900801D435DE6FD53521
:10B30000DF6FE8CF11F9DEC810F90901136B030EE6
:10B31000126F000185EC17F002C003F00150080124
:10B32000D025DE6F000E0220DF6F010E0901596F7C
:10B33000DEC85AF9000174EC0BF00901596B5C0E80
:10B340005A6F000174EC0BF0F3C5D9F8F2C5D8F8C8
:10B35000F1C5D7F8F0C5D6F80801DD6BDC6BDB6B07
:10B36000010EDA6FD3C80BF9D2C80AF9D5C80DF9A6
:10B37000D4C80CF9000163EC0BF002C003F00150DB
:10B380000501F025006E0250F121016E000EF22140
:10B39000026E000EF321036E0801D951035CD8A0A0
:10B3A0008BD00EE1D851025CD8A086D009E1D751EC
:10B3B000015CD8A081D004E10050D65DD8B07CD02B
:10B3C000D9C864F9D8C863F9D7C862F9D6C861F991
:10B3D0000001B9EC09F001C0F4F50501F451F00BDE
:10B3E0000801DE6F010E0901596FDEC85AF900012C
:10B3F00074EC0BF00501F4510F0B006E00380801DE
:10B40000DE6FF00EDE17010E0901596FDEC85AF922
:10B41000000174EC0BF0D882080EEA6EDE0EE96EC5
:10B42000DDC813F9DCC812F9DBC811F9DAC810F964
:10B430000901176B166BD5C815F9D4C814F90001AA
:10B44000DBEC09F0E1C8E5F8E0C8E4F8DFC8E3F8B0
:10B45000DEC8E2F80801E25316E1E35314E1E453D5
:10B4600012E1E55310E1DA5306E1DB5304E1DC536A
:10B4700002E1DD5308E0010E0901596F5A6B00012A
:10B4800074EC0BF00801D9C803F0D8C802F0D7C893
:10B4900001F0D6C800F0010ED627D8B0D72BD8B40B
:10B4A000D82BD8B4D92B010EDA27D8B0DB2BD8B4DF
:10B4B000DC2BD8B4DD2B56D7000197EFD7F008016D
:10B4C000D06BC580C5B0FED73A0EF96F0001FEEC17
:10B4D00014F0015217E1CFC8F9F8FEEC14F0C58260
:10B4E000C5B2FED73B0E0801F96F0001FEEC14F067
:10B4F000006A0CEC15F001C0D0F8C584C5B4FED7C5
:10B50000549E01D0548E0801D0C801F000011200F1
:10B51000C580C5B0FED73A0E0801F96F0001FEECF8
:10B5200014F0012C01D00DD0D0C8F9F8FEEC14F0C5
:10B53000D1C8F9F8FEEC14F0C584C5B4FED7549E0A
:10B5400001D0548E12007F0EC86E280EC66EC78EB4
:10B55000C79C0D0E0801CF6F0001B1DF01C0CEF80E
:10B560000801CE511A0803E0000E016E5ED02B0ECA
:10B57000D06F400ED16F0001CBDF2B0E0801CF6FD3
:10B5800000019DDF01BCF9D72A0E0801D06F040E1F
:10B59000D16F0001BDDF0E0E0801D06F120ED16F0A
:10B5A0000001B6DF1D0E0801D06F1E0ED16F000125
:10B5B000AFDF1F0E0801D06F300ED16F0001A8DF82
:10B5C000200E0801D06F050ED16F0001A1DF0F0E14
:10B5D0000801D06F010ED16F00019ADF2B0E080118
:10B5E000D06F120ED16F000193DF2D0E0801D06FC6
:10B5F000200ED16F00018CDF2E0E0801D06F200EBF
:10B60000D16F000185DF2A0E0801CF6F000157DFDF
:10B61000015001090801CF6F2A0ED06FCFC8D1F8B1
:10B62000000176DF010E016E0801000199EFD7F0ED
:10B630006F51590804E3010E016E05D004D0000ECD
:10B6400080A4010E016E1200040E07010A6F0B6F39
:10B650000C6F080E0D6F050E0E6F1A0E0F6F0B0E8E
:10B66000106F280E116F080E126F110E136F060E59
:10B67000146F300E156F110E166F0E0E176F050E2C
:10B68000186F0D0E196F090E1A6F1B6F040E1C6FC9
:10B69000000116EFD8F00801CE81D26BD16BD06BD0
:10B6A000CF6B400E016EC250830B0110C26E000EB4
:10B6B000016EC150F80B0110C16EC2B2FED7C2823A
:10B6C000C2B2FED7C3CFCFF8C4CFD0F8D16BD26B04
:10B6D000C2B2FED7D26BD16BD06BCF6BD36BD351D1
:10B6E00018081CE3400E016EC250830B0110C26E9D
:10B6F000000E016EC150F80B0110C16EC2B2FED730
:10B70000C282C2B2FED7C350CF27C450D023000E8E
:10B71000D123D223C2B2FED7D32BE1D7D892D2C83D
:10B7200013F9D1C812F9D0C811F9CFC810F909011D
:10B73000176B166B156B190E146F0001DBEC09F01B
:10B7400003C0D2F802C0D1F801C0D0F800C0CFF8D1
:10B750001B6AF2BE1B8EF29E8EC179F98DC178F9FB
:10B7600045EC05F01BBEF28E03C026F902C025F998
:10B7700001C024F900C023F909012A6B296B286B49
:10B780008B0E276F00016FEC0AF003C0D7F802C0E0
:10B79000D6F801C0D5F800C0D4F8D2C8EBF8D1C8AB
:10B7A000EAF8D0C8E9F8CFC8E8F853EC0AF01B6A09
:10B7B000F2BE1B8EF29E03C07BF902C07AF901C073
:10B7C00079F900C078F9D7C87FF9D6C87EF9D5C80D
:10B7D0007DF9D4C87CF960EC05F01BBEF28E03C085
:10B7E00010F902C00FF901C00EF900C00DF9A3EC69
:10B7F00019F003C0D2F802C0D1F801C0D0F800C0DF
:10B80000CFF8D8900801CF37D037D137D237D2C848
:10B81000EBF8D1C8EAF8D0C8E9F8CFC8E8F80001D9
:10B8200053EC0AF003C0E9F802C0E8F801C0E7F8F9
:10B8300000C0E6F80801ED6BC00EEC6F5A0EEB6F1E
:10B840008A0EEA6F000123EC2BF01EE2D2C8EBF85F
:10B85000D1C8EAF8D0C8E9F8CFC8E8F853EC0AF044
:10B860000801E96B800EE86F3B0EE76F8B0EE66F09
:10B8700003C0EDF802C0ECF801C0EBF800C0EAF834
:10B88000000123EC2BF003E30801CE910001000E30
:10B890000801CEB1010E016E000112000400F40E89
:10B8A000986E8F80F096F09AB99AB99CF090F094C7
:10B8B0008150BA9ABA9C0F01339530956F6A6E50D9
:10B8C000CF0B6E6E476B4651CF0B466F6E6A466B61
:10B8D000AB9E229F0801E56B050EE66F000141EC6F
:10B8E00008F00801EC6BC80EEB6F000169EC4FF03B
:10B8F0000400830E966E8D94966E8D967D0E976ED7
:10B900008E92976E8E9E8B9A8B908B940D0E926E6C
:10B910008992926E899A830E966E8D9C966E8D9802
:10B92000966E8D9A7F0E936E8A9E0D0E926E899CF6
:10B93000926E899EF40E986E8F928B9C8B9E040063
:10B940004E8A8B80CC0E6B6F09010B6B6BC00AF9B2
:10B950000D6B040E0C6F000163EC0BF002C003F0E2
:10B960000150860F006E020E0220016E026AD8B0EE
:10B97000002A036A02C0D0F8E8CFCFF800C0CEF8A2
:10B98000EA6E00C0E9FF23EC01F001C07EF071EF28
:10B99000D8F0010E0801D96FDA6B00011AEC15F02E
:10B9A0000250D7EF5CF00801CE910001F2D702C03F
:10B9B000D0F801C0CFF80801CF5303E1D02D01D05A
:10B9C000CE81000ECEB1010E016E00011200050104
:10B9D000E6510801CE03F3CFCFF80501E651080187
:10B9E000CE03F350160FCF5D1FE2F250006EF29EB1
:10B9F000636ACFC862FF616A7F9C7F9E7F840F016C
:10BA0000550E7E6EAA0E7E6E7F820050F2127FB2BD
:10BA1000FED77F940801D86B640ED76F0001ABECA2
:10BA200007F00801CF2BD9D7000112000501E7511B
:10BA30000801CE03F3502D0FCF6F0501E751080128
:10BA4000CE03F3504B0FCF5D1FE2F250006EF29E1B
:10BA5000636ACFC862FF616A7F9C7F9E7F840F010B
:10BA6000550E7E6EAA0E7E6E7F820050F2127FB25D
:10BA7000FED77F940801D86B640ED76F0001ABEC42
:10BA800007F00801CF2BD9D7000112000801CE6BB7
:10BA900000019DDF0801CE6B0001C8DF010E080127
:10BAA000CE6F000194DF010E0801CE6F0001BEDFF2
:10BAB00081EFD9F0010E0801CE6F000188DF010E81
:10BAC0000801CE6F0001B2DFC2EFD9F0A4A8FED703
:10BAD0000F011C6F000112000801E751FF0A010F5E
:10BAE000016E000112000801E591E66B010EE45DB4
:10BAF000ED0FD8B0F0EF62F0130F0001F7EF62F036
:10BB00000801E581F0EF62F00801E581F0EF62F0F5
:10BB100052C7E7F80801E751E62753C7E7F8E751AE
:10BB2000E62754C7E7F8E751E62755C7E7F8E75196
:10BB3000E62756C7E7F857C7E8F8E751E62756C79C
:10BB4000E7F857C7E8F8E851E62758C7E7F859C7B4
:10BB5000E8F8E751E62758C7E7F859C7E8F8E85189
:10BB6000E6275AC7E7F8E751E6275BC7E7F85CC75F
:10BB7000E8F8E751E6275BC7E7F85CC7E8F8E85163
:10BB8000E6275DC7E7F85EC7E8F8E751E6275DC737
:10BB9000E7F85EC7E8F8E851E6275FC7E7F860C74F
:10BBA000E8F861C7E9F862C7EAF8E751E6275FC736
:10BBB000E7F860C7E8F861C7E9F862C7EAF8E85152
:10BBC000E6275FC7E7F860C7E8F861C7E9F862C72A
:10BBD000EAF8E951E6275FC7E7F860C7E8F861C708
:10BBE000E9F862C7EAF8EA51E62763C7E7F864C7ED
:10BBF000E8F865C7E9F866C7EAF8E751E62763C7DA
:10BC0000E7F864C7E8F865C7E9F866C7EAF8E851F5
:10BC1000E62763C7E7F864C7E8F865C7E9F866C7C9
:10BC2000EAF8E951E62763C7E7F864C7E8F865C7AB
:10BC3000E9F866C7EAF8EA51E62767C7E7F868C790
:10BC4000E8F8E751E62767C7E7F868C7E8F8E8517A
:10BC5000E62769C7E7F86AC7E8F8E751E62769C742
:10BC6000E7F86AC7E8F8E851E6276BC7E7F8E75155
:10BC7000E6276CC7E7F86DC7E8F86EC7E9F86FC745
:10BC8000EAF8E751E6276CC7E7F86DC7E8F86EC732
:10BC9000E9F86FC7EAF8E851E6276CC7E7F86DC71F
:10BCA000E8F86EC7E9F86FC7EAF8E951E6276CC70C
:10BCB000E7F86DC7E8F86EC7E9F86FC7EAF8EA5128
:10BCC000E62770C7E7F871C7E8F872C7E9F873C7E5
:10BCD000EAF8E751E62770C7E7F871C7E8F872C7D6
:10BCE000E9F873C7EAF8E851E62770C7E7F871C7C3
:10BCF000E8F872C7E9F873C7EAF8E951E62770C7B0
:10BD0000E7F871C7E8F872C7E9F873C7EAF8EA51CB
:10BD1000E62774C7E7F8E751E62775C7E7F8E75164
:10BD2000E627E35310E0E6C8E7F80001D5DE01C0DE
:10BD3000E7F876C7E8F80801E851E75D02E0E59129
:10BD400001D0E5810AD0E6C8E7F80001C5DE01C0F0
:10BD5000E7F8E7C876F70801E581F0EF62F09CC7E5
:10BD6000E7F80801E751E6279DC7E7F8E751E6271E
:10BD70009EC7E7F89FC7E8F8E751E6279EC7E7F8B0
:10BD80009FC7E8F8E851E627E35310E0E6C8E7F874
:10BD90000001A2DE01C0E7F8A0C7E8F80801E851F9
:10BDA000E75D02E0E59101D0E5810AD0E6C8E7F859
:10BDB000000192DE01C0E7F8E7C8A0F70801E581BD
:10BDC000F0EF62F000C8E7F801C8E8F80801E751B1
:10BDD000E62700C8E7F801C8E8F8E851E62702C8F6
:10BDE000E7F803C8E8F8E751E62702C8E7F803C810
:10BDF000E8F8E851E62704C8E7F8E751E62705C860
:10BE0000E7F806C8E8F8E751E62705C8E7F806C8E6
:10BE1000E8F8E851E62707C8E7F8E751E62708C839
:10BE2000E7F8E751E62709C8E7F8E751E6270AC827
:10BE3000E7F8E751E6270BC8E7F80CC8E8F8E75140
:10BE4000E6270BC8E7F80CC8E8F8E851E627E35303
:10BE500010E0E6C8E7F800013FDE01C0E7F80DC8D2
:10BE6000E8F80801E851E75D02E0E59101D0E581DD
:10BE70000AD0E6C8E7F800012FDE01C0E7F8E7C8FE
:10BE80000DF80801E581ACD31CC8E7F81DC8E8F837
:10BE90000801E751E6271CC8E7F81DC8E8F8E85193
:10BEA000E627E35310E0E6C8E7F8000115DE01C01D
:10BEB000E7F81EC8E8F80801E851E75D02E0E591FF
:10BEC00001D0E5810AD0E6C8E7F8000105DE01C02F
:10BED000E7F8E7C81EF80801E58182D33EC8E7F815
:10BEE0000801E751E6273FC8E7F840C8E8F841C82D
:10BEF000E9F842C8EAF8E751E6273FC8E7F840C842
:10BF0000E8F841C8E9F842C8EAF8E851E6273FC82E
:10BF1000E7F840C8E8F841C8E9F842C8EAF8E9514A
:10BF2000E6273FC8E7F840C8E8F841C8E9F842C842
:10BF3000EAF8EA51E62743C8E7F844C8E8F8E751C9
:10BF4000E62743C8E7F844C8E8F8E851E62745C8BB
:10BF5000E7F846C8E8F8E751E62745C8E7F846C8D5
:10BF6000E8F8E851E62747C8E7F8E751E62748C868
:10BF7000E7F849C8E8F8E751E62748C8E7F849C8AC
:10BF8000E8F8E851E6274AC8E7F84BC8E8F8E7516F
:10BF9000E6274AC8E7F84BC8E8F8E851E6274CC856
:10BFA000E7F8E751E6274DC8E7F84EC8E8F8E7514B
:10BFB000E6274DC8E7F84EC8E8F8E851E6274FC82D
:10BFC000E7F8E751E62750C8E7F8E751E62751C8F8
:10BFD000E7F8E751E62753C8E7F8E751E62752C8E4
:10BFE000E7F8E751E627E35310E0E6C8E7F8000179
:10BFF00073DD01C0E7F854C8E8F80801E851E75DCF
:10C0000002E0E59101D0E5810AD0E6C8E7F8000139
:10C0100063DD01C0E7F8E7C854F80801E581E0D224
:10C020006CC8E7F86DC8E8F80801E751E6276CC866
:10C03000E7F86DC8E8F8E851E6276EC8E7F86FC87A
:10C04000E8F8E751E6276EC8E7F86FC8E8F8E85166
:10C05000E62770C8E7F8E751E62771C8E7F8E75127
:10C06000E62772C8E7F8E751E627E35310E0E6C891
:10C07000E7F8000131DD01C0E7F873C8E8F808010E
:10C08000E851E75D02E0E59101D0E5810AD0E6C81C
:10C09000E7F8000121DD01C0E7F8E7C873F80801FF
:10C0A000E5819ED2A6C7E7F8A7C7E8F80801E751DF
:10C0B000E627A6C7E7F8A7C7E8F8E851E627A8C724
:10C0C000E7F8A9C7E8F8E751E627A8C7E7F8A9C73E
:10C0D000E8F8E851E627AAC7E7F8ABC7E8F8E75160
:10C0E000E627AAC7E7F8ABC7E8F8E851E627ACC7E8
:10C0F000E7F8ADC7E8F8E751E627ACC7E7F8ADC702
:10C10000E8F8E851E627AEC7E7F8AFC7E8F8E75127
:10C11000E627AEC7E7F8AFC7E8F8E851E627B0C7AB
:10C12000E7F8B1C7E8F8E751E627B0C7E7F8B1C7C5
:10C13000E8F8E851E627B2C7E7F8B3C7E8F8E751EF
:10C14000E627B2C7E7F8B3C7E8F8E851E627B4C76F
:10C15000E7F8B5C7E8F8E751E627B4C7E7F8B5C789
:10C16000E8F8E851E627B6C7E7F8B7C7E8F8E751B7
:10C17000E627B6C7E7F8B7C7E8F8E851E627B8C733
:10C18000E7F8B9C7E8F8E751E627B8C7E7F8B9C74D
:10C19000E8F8E851E627BAC7E7F8BBC7E8F8E7517F
:10C1A000E627BAC7E7F8BBC7E8F8E851E627BCC7F7
:10C1B000E7F8BDC7E8F8E751E627BCC7E7F8BDC711
:10C1C000E8F8E851E627BEC7E7F8BFC7E8F8E75147
:10C1D000E627BEC7E7F8BFC7E8F8E851E627C0C7BB
:10C1E000E7F8C1C7E8F8E751E627C0C7E7F8C1C7D5
:10C1F000E8F8E851E627C2C7E7F8C3C7E8F8E7510F
:10C20000E627C2C7E7F8C3C7E8F8E851E627C4C77E
:10C21000E7F8C5C7E8F8E751E627C4C7E7F8C5C798
:10C22000E8F8E851E627C6C7E7F8E751E627C7C7A9
:10C23000E7F8E751E627C8C7E7F8E751E627C9C797
:10C24000E7F8E751E627CAC7E7F8E751E627CBC783
:10C25000E7F8E751E627CCC7E7F8E751E627CDC76F
:10C26000E7F8E751E627CEC7E7F8E751E627CFC75B
:10C27000E7F8E751E627D0C7E7F8E751E627D1C747
:10C28000E7F8E751E627E35310E0E6C8E7F80001D6
:10C2900023DC01C0E7F8D2C7E8F80801E851E75D00
:10C2A00002E0E59101D0E5810AD0E6C8E7F8000197
:10C2B00013DC01C0E7F8E7C8D2F70801E58190D1A7
:10C2C00022C8E7F823C8E8F80801E751E62722C8A2
:10C2D000E7F823C8E8F8E851E62724C8E7F825C8B6
:10C2E000E8F8E751E62724C8E7F825C8E8F8E85158
:10C2F000E62726C8E7F827C8E8F8E751E62726C862
:10C30000E7F827C8E8F8E851E62728C8E7F829C879
:10C31000E8F8E751E62728C8E7F829C8E8F8E8511F
:10C32000E6272AC8E7F8E751E6272BC8E7F8E751E0
:10C33000E6272CC8E7F8E751E6272DC8E7F8E751CC
:10C34000E6272EC8E7F8E751E627E35311E0E6C8F1
:10C35000E7F800016CEC5DF001C0E7F82FC8E8F8E1
:10C360000801E851E75D02E0E59101D0E5810BD0DD
:10C37000E6C8E7F800016CEC5DF001C0E7F8E7C83B
:10C380002FF80801E5812CD17CC8E7F87DC8E8F8D2
:10C390000801E751E6277CC8E7F87DC8E8F8E851CE
:10C3A000E6277EC8E7F87FC8E8F8E751E6277EC8A9
:10C3B000E7F87FC8E8F8E851E62780C8E7F881C8C1
:10C3C000E8F8E751E62780C8E7F881C8E8F8E851BF
:10C3D000E62782C8E7F8E751E62783C8E7F8E75180
:10C3E000E62784C8E7F8E751E62785C8E7F8E7516C
:10C3F000E627E35311E0E6C8E7F800016CEC5DF0D6
:10C4000001C0E7F886C8E8F80801E851E75D02E0F6
:10C41000E59101D0E5810BD0E6C8E7F800016CECAE
:10C420005DF001C0E7F8E7C886F80801E581D8D0DB
:10C430000801E581D5D00801E581D2D00801E58168
:10C44000CFD00801E581CCD00801E581C9D092C8E0
:10C45000E7F80801E751E62793C8E7F8E751E62730
:10C4600094C8E7F8E751E62795C8E7F8E751E627CB
:10C4700096C8E7F8E751E62797C8E7F8E751E627B7
:10C4800098C8E7F8E751E62799C8E7F8E751E627A3
:10C490009AC8E7F8E751E627E35311E0E6C8E7F862
:10C4A00000016CEC5DF001C0E7F89BC8E8F80801FA
:10C4B000E851E75D02E0E59101D0E5810BD0E6C8E7
:10C4C000E7F800016CEC5DF001C0E7F8E7C89BF805
:10C4D0000801E58185D0A6C8E7F8A7C8E8F8A8C88C
:10C4E000E9F8A9C8EAF80801E751E627A6C8E7F87D
:10C4F000A7C8E8F8A8C8E9F8A9C8EAF8E851E62703
:10C50000A6C8E7F8A7C8E8F8A8C8E9F8A9C8EAF8EB
:10C51000E951E627A6C8E7F8A7C8E8F8A8C8E9F8E7
:10C52000A9C8EAF8EA51E627AAC8E7F8E751E627DA
:10C53000E35311E0E6C8E7F800016CEC5DF001C0E0
:10C54000E7F8ABC8E8F80801E851E75D02E0E591DB
:10C5500001D0E5810BD0E6C8E7F800016CEC5DF096
:10C5600001C0E7F8E7C8ABF80801E58139D0B2C8E7
:10C57000E7F80801E751E627B3C8E7F8E751E627EF
:10C58000B4C8E7F8E751E627B5C8E7F8B6C8E8F851
:10C59000E751E627B5C8E7F8B6C8E8F8E851E62756
:10C5A000E35311E0E6C8E7F800016CEC5DF001C070
:10C5B000E7F8B7C8E8F80801E851E75D02E0E5915F
:10C5C00001D0E5810BD0E6C8E7F800016CEC5DF026
:10C5D00001C0E7F8E7C8B7F80801E58101D0080114
:10C5E000000EE5B1010E016E000129EF63F0E824B1
:10C5F000F76AF7360F0FF66EC60EF722000EF86ECA
:10C60000FB6E0A00F550FA6E0800F550F96E00BB9B
:10C6100042C43CC408BB36C4DCBE20C010BB5EBDF7
:10C62000C4BD88BEA4C0C0C288C330C44EC4D6C472
:10C630006EC548C40801D569D451000166EC5DF0AF
:10C64000D4C8F6F60801E36BD4C8E4F8000173EF30
:10C650005DF00801D66B010ED45DEE0FD8B0E9D1C4
:10C66000120F000129EF65F0CA0E66EC5DF0DD0ED9
:10C670000801D56FDED1070EEA6E770EE96E070E60
:10C68000E26E520EE16E250E016EE6CFEEFF012E38
:10C69000FCD70801D76BD751240810E3036AD751A0
:10C6A000770FE96E070E0320EA6EEFCFE3F8E35150
:10C6B000000166EC5DF00801D72BEDD7DD0ED56FDC
:10C6C000B8D1070EEA6EA10EE96E070EE26E9C0E5F
:10C6D000E16E050E016EE6CFEEFF012EFCD70801DC
:10C6E000D86BD851040810E3036AD851A10FE96E42
:10C6F000070E0320EA6EEFCFE3F8E351000166EC8A
:10C700005DF00801D82BEDD7DD0ED56F92D1080E64
:10C71000EA6E0E0EE96E080EE26EE16A0E0E016E12
:10C72000E6CFEEFF012EFCD70801D96BD9510D08D9
:10C7300010E3036AD9510E0FE96E080E0320EA6E6A
:10C74000EFCFE3F8E351000166EC5DF00801D92B6F
:10C75000EDD7DD0ED56F6DD11CC81FF81DC820F8B0
:10C760001EC821F80801DA6BDA51020810E3036AE7
:10C77000DA511F0FE96E080E0320EA6EEFCFE3F8DF
:10C78000E351000166EC5DF00801DA2BEDD7DD0E18
:10C79000D56F4FD1080EEA6E550EE96E080EE26EA7
:10C7A0003E0EE16E170E016EE6CFEEFF012EFCD7B6
:10C7B0000801DB6BDB51160810E3036ADB51550FF0
:10C7C000E96E080E0320EA6EEFCFE3F8E3510001B3
:10C7D00066EC5DF00801DB2BEDD7DD0ED56F29D1BE
:10C7E000080EEA6E740EE96E080EE26E6C0EE16ED3
:10C7F000080E016EE6CFEEFF012EFCD70801DC6BC0
:10C80000DC51070810E3036ADC51740FE96E080E6F
:10C810000320EA6EEFCFE3F8E351000166EC5DF030
:10C820000801DC2BEDD7DD0ED56F03D1070EEA6EC4
:10C83000D30EE96E070EE26EA60EE16E2D0E016EAE
:10C84000E6CFEEFF012EFCD70801DD6BDD512C0891
:10C850001CE3036ADD51D30FE96E070E0320EA6E75
:10C86000EFCFE3F8E351000166EC5DF00801DD5124
:10C870002B0809E3036ADD51D30FE96E070E03208D
:10C88000EA6EEF50D627DD2BE1D7DD0ED56FD1D084
:10C89000080EEA6E300EE96E080EE26E220EE16EB0
:10C8A0000E0E016EE6CFEEFF012EFCD70801DE6B07
:10C8B000DE510D0810E3036ADE51300FE96E080EF9
:10C8C0000320EA6EEFCFE3F8E351000166EC5DF080
:10C8D0000801DE2BEDD7DD0ED56FABD0080EEA6E6A
:10C8E000870EE96E080EE26E7C0EE16E0B0E016E95
:10C8F000E6CFEEFF012EFCD70801DF6BDF510A08FF
:10C9000010E3036ADF51870FE96E080E0320EA6E19
:10C91000EFCFE3F8E351000166EC5DF00801DF2B97
:10C92000EDD7DD0ED56F85D0FAC6E3F80801E351E7
:10C93000000166EC5DF0F9C6E3F80801E35100017F
:10C9400066EC5DF0DD0E0801D56F73D0080EEA6E5F
:10C950009C0EE96E080EE26E920EE16E0A0E016EFA
:10C96000E6CFEEFF012EFCD70801E06BE05109088D
:10C9700010E3036AE0519C0FE96E080E0320EA6E93
:10C98000EFCFE3F8E351000166EC5DF00801E02B26
:10C99000EDD7DD0ED56F4DD0080EEA6EAC0EE96E08
:10C9A000080EE26EA60EE16E060E016EE6CFEEFFF9
:10C9B000012EFCD70801E16BE151050810E3036A81
:10C9C000E151AC0FE96E080E0320EA6EEFCFE3F8F9
:10C9D000E351000166EC5DF00801E12BEDD7DD0EBF
:10C9E000D56F27D0080EEA6EB80EE96E080EE26E1B
:10C9F000B20EE16E060E016EE6CFEEFF012EFCD701
:10CA00000801E26BE251050810E3036AE251B80F36
:10CA1000E96E080E0320EA6EEFCFE3F8E351000160
:10CA200066EC5DF00801E22BEDD7DD0ED56F01D08D
:10CA30000801D551DD0808E10D0E000166EC5DF03E
:10CA40000A0E66EC5DF00801D5C801F00001C5EFE3
:10CA500072F0E824F76AF736730FF66ECA0EF72203
:10CA6000000EF86EFB6E0A00F550FA6E0800F550E5
:10CA7000F96E68C630CA30CA30CA30CA94C7E0C737
:10CA800076C6C2C60EC758C72CC890C8DCC828C90D
:10CA90004CC998C9E4C90801E769E551050800E0F7
:10CAA000E551000166EC5DF00801E551040A000162
:10CAB00009E0060A21E0110A2BE0100A35E0060A17
:10CAC0003FE04AD00801E651000166EC5DF0875175
:10CAD00066EC5DF0895166EC5DF0825166EC5DF0CC
:10CAE00007012151000166EC5DF0E5C8F6F6DD0EA8
:10CAF0000801E76F000130D00801E651000166EC43
:10CB00005DF0E5C8F6F6DD0E0801E76F000124D000
:10CB10000801E651000166EC5DF0E5C8F6F6DD0EB1
:10CB20000801E76F000118D00801E651000166EC2A
:10CB30005DF0E5C8F6F6DD0E0801E76F00010CD0E8
:10CB40000801E651000166EC5DF0CC0E66EC5DF08C
:10CB5000DD0E0801E76F00010801E751DD0808E17B
:10CB60000D0E000166EC5DF00A0E66EC5DF008014A
:10CB7000E7C801F0000112000101CA6BC96B020E87
:10CB8000C86FEE0EC76F1B6AF2BE1B8EF29E010EBF
:10CB900009016F6F000153EC03F01BBEF28E12000F
:10CBA0000801E591E59300016B51790803E06B51B1
:10CBB00083085FE155A203D0010E926F03D082C8B3
:10CBC00092F0936B84C899F0925302E193530CE076
:10CBD00052B202D05282D0DF0201396B386B376B10
:10CBE000550E366F08D000010201396B386B376B78
:10CBF0005D0E366F5292000199530CE053B202D091
:10CC00005382BADF02013D6B3C6B3B6B5C0E3A6FAB
:10CC100008D0000102013D6B3C6B3B6B5D0E3A6F2F
:10CC2000539237C2E7F836C2E6F837C203F936C284
:10CC300002F9240E0901046F410E056F010E066F03
:10CC4000076B000157EC0EF03BC2E7F83AC2E6F87A
:10CC50003BC203F93AC202F92E0E0901046F410EDC
:10CC6000056F010E066F076B000157EC0EF0BCEF6D
:10CC70006BF06B51B50860E155A403D0010E946FC1
:10CC800004D02CC894F02DC895F02EC89AF0945377
:10CC900002E195530CE052B402D052846DDF0201E0
:10CCA000396B386B376B550E366F08D000010201B7
:10CCB000396B386B376B5D0E366F529400019A53A7
:10CCC0000CE053B402D0538457DF02013D6B3C6B40
:10CCD0003B6B5C0E3A6F08D0000102013D6B3C6B70
:10CCE0003B6B5D0E3A6F539437C2E7F836C2E6F8F5
:10CCF00037C203F936C202F9240E0901046F410E4E
:10CD0000056F010E066F076B000157EC0EF03BC27A
:10CD1000E7F83AC2E6F83BC203F93AC202F92E0E2E
:10CD20000901046F410E056F010E066F076B0001CC
:10CD300057EC0EF0BCEF6BF06B518C0805E06B51BB
:10CD40008D08D8A4BCEF6BF0C6C7E6F80801E65121
:10CD50000001905D12E1C7C7E7F80801E751000143
:10CD6000915D0BE1CEC7E8F80801E8510001985D3C
:10CD700004E155A011D090530FE155A003D0010E4E
:10CD8000906F04D0C6C790F0C7C791F0CEC798F097
:10CD90000801E581E5830001C8C7E6F80801E6510E
:10CDA0000001925D12E1C9C7E7F80801E7510001EF
:10CDB000935D0BE1CFC7E8F80801E8510001995DE8
:10CDC00004E155A211D092530FE155A203D0010EF8
:10CDD000926F04D0C8C792F0C9C793F0CFC799F03B
:10CDE0000801E581E5830001CAC7E6F80801E651BC
:10CDF0000001945D12E1CBC7E7F80801E75100019B
:10CE0000955D0BE1D0C7E8F80801E85100019A5D93
:10CE100004E155A411D094530FE155A403D0010EA1
:10CE2000946F04D0CAC794F0CBC795F0D0C79AF0DE
:10CE30000801E581E5830001CCC7E6F80801E65169
:10CE40000001965D12E1CDC7E7F80801E751000146
:10CE5000975D0BE1D1C7E8F80801E85100019B5D3F
:10CE600004E155A611D096530FE155A603D0010E4B
:10CE7000966F04D0CCC796F0CDC797F0D1C79BF082
:10CE80000801E581E5830001010E875DF20FD8B04E
:10CE900092EF6BF00E0FBDEF6BF0905302E19153E8
:10CEA00008E00201396B386B376B4F0E366F09D0D3
:10CEB00000010801E5930201396B386B376B5D0E99
:10CEC000366F0001985308E002013D6B3C6B3B6BF1
:10CED000560E3A6F09D000010801E59102013D6B41
:10CEE0003C6B3B6B5D0E3A6F000192EF6BF092531F
:10CEF00002E1935308E00201396B386B376B500E37
:10CF0000366F09D000010801E5930201396B386BD7
:10CF1000376B5D0E366F0001995308E002013D6BDF
:10CF20003C6B3B6B570E3A6F09D000010801E5914D
:10CF300002013D6B3C6B3B6B5D0E3A6F000192EF63
:10CF40006BF0945302E1955308E00201396B386BA2
:10CF5000376B510E366F09D000010801E5930201CD
:10CF6000396B386B376B5D0E366F00019A5308E0F2
:10CF700002013D6B3C6B3B6B580E3A6F09D00001D0
:10CF80000801E59102013D6B3C6B3B6B5D0E3A6F16
:10CF9000000192EF6BF0905302E191530CE0925339
:10CFA00002E1935308E00201396B386B376B550E81
:10CFB000366F29D00001905302E191530CE0925357
:10CFC0000AE1935308E10201396B386B376B4F0E5E
:10CFD000366F19D0000190530EE191530CE192533A
:10CFE00002E1935308E00201396B386B376B500E46
:10CFF000366F09D000010801E5930201396B386BE7
:10D00000376B5D0E366F000198530AE0995308E0C4
:10D0100002013D6B3C6B3B6B5C0E3A6F1DD0000117
:10D02000985308E002013D6B3C6B3B6B560E3A6F28
:10D0300013D00001995308E002013D6B3C6B3B6B40
:10D04000570E3A6F09D000010801E59102013D6BCE
:10D050003C6B3B6B5D0E3A6F000192EF6BF09253AD
:10D0600002E193530CE0945302E1955308E002016E
:10D07000396B386B376B550E366F29D000019253E0
:10D0800002E193530CE094530AE1955308E1020145
:10D09000396B386B376B500E366F19D000019253D5
:10D0A0000EE193530CE1945302E1955308E0020121
:10D0B000396B386B376B510E366F09D000010801A0
:10D0C000E5930201396B386B376B5D0E366F0001EB
:10D0D00099530AE09A5308E002013D6B3C6B3B6BAD
:10D0E0005C0E3A6F1DD00001995308E002013D6BC0
:10D0F0003C6B3B6B570E3A6F13D000019A5308E01C
:10D1000002013D6B3C6B3B6B580E3A6F09D000013E
:10D110000801E59102013D6B3C6B3B6B5D0E3A6F84
:10D12000000192EF6BF0905302E191530CE09453A5
:10D1300002E1955308E00201396B386B376B550EED
:10D14000366F29D00001905302E191530CE09453C3
:10D150000AE1955308E10201396B386B376B4F0ECA
:10D16000366F19D0000190530EE191530CE19453A6
:10D1700002E1955308E00201396B386B376B510EB1
:10D18000366F09D000010801E5930201396B386B55
:10D19000376B5D0E366F000198530AE09A5308E032
:10D1A00002013D6B3C6B3B6B5C0E3A6F1DD0000186
:10D1B000985308E002013D6B3C6B3B6B560E3A6F97
:10D1C00013D000019A5308E002013D6B3C6B3B6BAE
:10D1D000580E3A6F09D000010801E59102013D6B3C
:10D1E0003C6B3B6B5D0E3A6F00019CD2905302E1A9
:10D1F000915310E0925302E193530CE0945302E1F7
:10D20000955308E00201396B386B376B550E366F5A
:10D2100069D00001905302E1915310E0925302E172
:10D2200093530CE094530AE1955308E10201396BE2
:10D23000386B376B520E366F55D00001905312E1A8
:10D24000915310E1925302E193530CE0945302E1A5
:10D25000955308E00201396B386B376B540E366F0B
:10D2600041D00001905302E1915310E092530EE13E
:10D2700093530CE1945302E1955308E00201396B9A
:10D28000386B376B530E366F2DD00001905302E18F
:10D29000915308E00201396B386B376B4F0E366FD4
:10D2A00021D00001925302E1935308E00201396B4F
:10D2B000386B376B500E366F15D00001945302E176
:10D2C000955308E00201396B386B376B510E366F9E
:10D2D00009D000010801E5930201396B386B376B07
:10D2E0005D0E366F000198530CE099530AE09A5393
:10D2F00008E002013D6B3C6B3B6B5C0E3A6F4BD020
:10D30000000198530AE0995308E002013D6B3C6B21
:10D310003B6B590E3A6F3FD0000199530AE09A5384
:10D3200008E002013D6B3C6B3B6B5B0E3A6F33D008
:10D33000000198530AE09A5308E002013D6B3C6BF0
:10D340003B6B5A0E3A6F27D00001985308E0020158
:10D350003D6B3C6B3B6B560E3A6F1DD000019953F1
:10D3600008E002013D6B3C6B3B6B570E3A6F13D0EC
:10D3700000019A5308E002013D6B3C6B3B6B580E79
:10D380003A6F09D000010801E59102013D6B3C6B49
:10D390003B6B5D0E3A6F0001C5D1965302E1975386
:10D3A00008E00201396B386B376BAC0E366F09D071
:10D3B00000010801E5930201396B386B376B5D0E94
:10D3C000366F00019B5308E002013D6B3C6B3B6BE9
:10D3D000AF0E3A6F09D000010801E59102013D6BE3
:10D3E0003C6B3B6B5D0E3A6F00019CD1965302E1A2
:10D3F00097530CE0925302E1935308E00201396B1A
:10D40000386B376B550E366F29D00001965302E109
:10D4100097530CE092530AE1935308E10201396BF0
:10D42000386B376BAC0E366F19D0000196530EE196
:10D4300097530CE1925302E1935308E00201396BD8
:10D44000386B376B500E366F09D000010801E59339
:10D450000201396B386B376B5D0E366F00019B53E1
:10D460000AE0995308E002013D6B3C6B3B6B5C0E9C
:10D470003A6F1DD000019B5308E002013D6B3C6BED
:10D480003B6BAF0E3A6F13D00001995308E00201D5
:10D490003D6B3C6B3B6B570E3A6F09D000010801A6
:10D4A000E59102013D6B3C6B3B6B5D0E3A6F0001F9
:10D4B00039D1965302E197530CE0945302E195530E
:10D4C00008E00201396B386B376B550E366F29D087
:10D4D0000001965302E197530CE094530AE19553EF
:10D4E00008E10201396B386B376BAC0E366F19D01F
:10D4F000000196530EE197530CE1945302E19553CA
:10D5000008E00201396B386B376B510E366F09D06A
:10D5100000010801E5930201396B386B376B5D0E32
:10D52000366F00019B530AE09A5308E002013D6BFD
:10D530003C6B3B6B5C0E3A6F1DD000019B5308E0C7
:10D5400002013D6B3C6B3B6BAF0E3A6F13D0000199
:10D550009A5308E002013D6B3C6B3B6B580E3A6FEF
:10D5600009D000010801E59102013D6B3C6B3B6B6A
:10D570005D0E3A6F0001D6D0965302E1975310E04A
:10D58000925302E193530CE0945302E1955308E067
:10D590000201396B386B376B550E366F69D000015D
:10D5A000965302E1975310E0925302E193530CE03B
:10D5B00094530AE1955308E10201396B386B376BDC
:10D5C000AD0E366F55D00001965312E1975310E11E
:10D5D000925302E193530CE0945302E1955308E017
:10D5E0000201396B386B376B540E366F41D0000136
:10D5F000965302E1975310E092530EE193530CE1DE
:10D60000945302E1955308E00201396B386B376B94
:10D61000AE0E366F2DD00001965302E1975308E00D
:10D620000201396B386B376BAC0E366F21D00001BD
:10D63000925302E1935308E00201396B386B376B68
:10D64000500E366F15D00001945302E1955308E057
:10D650000201396B386B376B510E366F09D0000100
:10D660000801E5930201396B386B376B5D0E366F3D
:10D6700000019B530CE099530AE09A5308E0020121
:10D680003D6B3C6B3B6B5C0E3A6F4BD000019B5388
:10D690000AE0995308E002013D6B3C6B3B6BB00E16
:10D6A0003A6F3FD0000199530AE09A5308E0020113
:10D6B0003D6B3C6B3B6B5B0E3A6F33D000019B5371
:10D6C0000AE09A5308E002013D6B3C6B3B6BB10EE4
:10D6D0003A6F27D000019B5308E002013D6B3C6B81
:10D6E0003B6BAF0E3A6F1DD00001995308E0020169
:10D6F0003D6B3C6B3B6B570E3A6F13D000019A5356
:10D7000008E002013D6B3C6B3B6B580E3A6F09D051
:10D7100000010801E59102013D6B3C6B3B6B5D0E26
:10D720003A6F000137C2E7F836C2E6F837C203F9AC
:10D7300036C202F9020E0901046F2D0E056F010EAB
:10D74000066F076B000157EC0EF03BC2E7F83AC2D8
:10D75000E6F83BC203F93AC202F9020E0901046F6E
:10D76000370E056F010E066F076B000157EC0EF0C8
:10D770000801E591E59300011200E824F76AF73605
:10D780009B0FF66ED70EF722000EF86EFB6E0A00A6
:10D79000F550FA6E0800F550F96E9ACEEECE96CF9F
:10D7A00042CF26D15ED0ECD19AD324D7ECD324D764
:10D7B000B2D424D778D50801D669D76BD86BFAC50F
:10D7C000F5F60601F551050802E0F5C6F6F6010E7C
:10D7D000F55DED0FD8B02EEF72F0130F000196EF4C
:10D7E00072F00501FB51CA0809E1050E0801E56F59
:10D7F000010EE66F00014BEC65F00501DD0E08013E
:10D80000D66F06012EEF72F0FCC587F0FDC589F0DA
:10D81000FEC582F0FFC521F721C753F821C772F872
:10D820000501FB51AA0A00010BE0110A31E0660A6A
:10D8300049E0330A4DE0410A52E0110A56E07ED039
:10D840000601FF51FB0F20E2050F000133EF72F0DC
:10D85000588A060119D0588C0601F79B15D0588EAE
:10D860004F9A0601F7AB02D0F78FF79B0DD0589E69
:10D870004F8A0601F79B08D00601F781F7AB02D06B
:10D88000F78FF79B01D00601DD0E0801D66F58D047
:10D890000601FF51FB0F12E2050F000148EF72F085
:10D8A000589A06010BD0589C060108D0589E4F9AF2
:10D8B000060104D00601F79101D00601DD0E080132
:10D8C000D66F3ED00601F787DD0E0801D66F38D03F
:10D8D0000601F797588ADD0E0801D66F31D0060190
:10D8E000F78BDD0E0801D66F2BD00601FF51FB0F21
:10D8F00020E2050F00015DEF72F006011AD0588C8E
:10D90000060117D0CC2D02D0010E616F615302E1E8
:10D91000588E01D04F8A0601F7AB02D0F79BF78FE4
:10D9200008D00601F781F7AB02D0F79BF78F01D043
:10D930000601DD0E0801D66F03D000010801D6698B
:10D94000D651DD0808E1050EE56F040EE66F000113
:10D950004BEC65F0080106012EEF72F00801D96B5F
:10D96000D951240830E3036AD951770F016E070EAD
:10D97000032203C0E6F8010ED925036AFA0FE96E07
:10D98000050E0320EA6EEFCFE7F8E6C8EAFF01C014
:10D99000E9FFE7C8EFFFD95124080AE0036AD9512B
:10D9A000770FE96E070E0320EA6EEF50D72709D0F4
:10D9B000036AD951770FE96E070E0320EA6EEFCFA5
:10D9C000D8F8D92BCDD7D7C8E7F800016CEC5DF0BB
:10D9D00001500801D85D18E1070EEA6E520EE96E9B
:10D9E000070EE26E770EE16E250E016EE6CFEEFFBA
:10D9F000012EFCD7050EE56F080EE66F00014BEC1B
:10DA000065F0DD0E0801D66F06012EEF72F00801F9
:10DA1000DA6BDA51040830E3036ADA51A10F016EC0
:10DA2000070E032203C0E6F8010EDA25036AFA0F97
:10DA3000E96E050E0320EA6EEFCFE7F8E6C8EAFFCD
:10DA400001C0E9FFE7C8EFFFDA5104080AE0036A02
:10DA5000DA51A10FE96E070E0320EA6EEF50D727C7
:10DA600009D0036ADA51A10FE96E070E0320EA6EAE
:10DA7000EFCFD8F8DA2BCDD7D7C8E7F800016CEC98
:10DA80005DF001500801D85D18E1070EEA6E9C0EAA
:10DA9000E96E070EE26EA10EE16E050E016EE6CF95
:10DAA000EEFF012EFCD7050EE56F090EE66F0001B3
:10DAB0004BEC65F0DD0E0801D66F06012EEF72F01B
:10DAC0000801DB6BDB510D0830E3036ADB510E0FFD
:10DAD000016E080E032203C0E6F8010EDB25036A7F
:10DAE000FA0FE96E050E0320EA6EEFCFE7F8E6C8FD
:10DAF000EAFF01C0E9FFE7C8EFFFDB510D080AE0CC
:10DB0000036ADB510E0FE96E080E0320EA6EEF5038
:10DB1000D72709D0036ADB510E0FE96E080E0320E8
:10DB2000EA6EEFCFD8F8DB2BCDD7D7C8E7F80001E6
:10DB30006CEC5DF001500801D85D15E1080EEA6E4D
:10DB4000E96AE26E0E0EE16E016EE6CFEEFF012E87
:10DB5000FCD7050EE56F0A0EE66F00014BEC65F091
:10DB6000DD0E0801D66F06012EEF72F00801DC6BA6
:10DB7000DC51020830E3036ADC511F0F016E080E0E
:10DB8000032203C0E6F8010EDC25036AFA0FE96EF2
:10DB9000050E0320EA6EEFCFE7F8E6C8EAFF01C002
:10DBA000E9FFE7C8EFFFDC5102080AE0036ADC5135
:10DBB0001F0FE96E080E0320EA6EEF50D72709D039
:10DBC000036ADC511F0FE96E080E0320EA6EEFCFE7
:10DBD000D8F8DC2BCDD7D7C8E7F800016CEC5DF0A6
:10DBE00001500801D85D10E11FC81CF820C81DF8BD
:10DBF00021C81EF8050EE56F0B0EE66F00014BEC19
:10DC000065F0DD0E0801D66F06012EEF72F00801F7
:10DC1000DD6BDD51160830E3036ADD51550F016EEF
:10DC2000080E032203C0E6F8010EDD25036AFA0F91
:10DC3000E96E050E0320EA6EEFCFE7F8E6C8EAFFCB
:10DC400001C0E9FFE7C8EFFFDD5116080AE0036AEB
:10DC5000DD51550FE96E080E0320EA6EEF50D7270D
:10DC600009D0036ADD51550FE96E080E0320EA6EF4
:10DC7000EFCFD8F8DD2BCDD7D7C8E7F800016CEC93
:10DC80005DF001500801D85D18E1080EEA6E3E0E05
:10DC9000E96E080EE26E550EE16E170E016EE6CFCC
:10DCA000EEFF012EFCD7050EE56F060EE66F0001B4
:10DCB0004BEC65F0DD0E0801D66F06012EEF72F019
:10DCC0000801DE6BDE51070830E3036ADE51740F92
:10DCD000016E080E032203C0E6F8010EDE25036A7A
:10DCE000FA0FE96E050E0320EA6EEFCFE7F8E6C8FB
:10DCF000EAFF01C0E9FFE7C8EFFFDE5107080AE0CD
:10DD0000036ADE51740FE96E080E0320EA6EEF50CD
:10DD1000D72709D0036ADE51740FE96E080E03207D
:10DD2000EA6EEFCFD8F8DE2BCDD7D7C8E7F80001E1
:10DD30006CEC5DF001500801D85D18E1080EEA6E48
:10DD40006C0EE96E080EE26E740EE16E080E016E46
:10DD5000E6CFEEFF012EFCD7050EE56F070EE66F4E
:10DD600000014BEC65F0DD0E0801D66F060176D39D
:10DD70000801DF6BDF512C0830E3036ADF51D30F5A
:10DD8000016E070E032203C0E6F8010EDF25036AC9
:10DD9000FA0FE96E050E0320EA6EEFCFE7F8E6C84A
:10DDA000EAFF01C0E9FFE7C8EFFFDF512C080AE0F6
:10DDB000036ADF51D30FE96E070E0320EA6EEF50BE
:10DDC000D72709D0036ADF51D30FE96E070E03206E
:10DDD000EA6EEFCFD8F8DF2BCDD7D7C8E7F8000130
:10DDE0006CEC5DF001500801D85D1CE1070EEA6E95
:10DDF000A60EE96E070EE26ED30EE16E2D0E016ED9
:10DE0000E6CFEEFF012EFCD70001D0EC65F0050E49
:10DE10000801E56F0C0EE66F00014BEC65F0DD0EBE
:10DE20000801D66F06011AD30801E06BE0510D0816
:10DE300030E3036AE051300F016E080E032203C085
:10DE4000E6F8010EE025036AFA0FE96E050E0320DD
:10DE5000EA6EEFCFE7F8E6C8EAFF01C0E9FFE7C8DE
:10DE6000EFFFE0510D080AE0036AE051300FE96E60
:10DE7000080E0320EA6EEF50D72709D0036AE0515D
:10DE8000300FE96E080E0320EA6EEFCFD8F8E02BD2
:10DE9000CDD7D7C8E7F800016CEC5DF00150080160
:10DEA000D85D1CE1080EEA6E220EE96E080EE26EE5
:10DEB000300EE16E0E0E016EE6CFEEFF012EFCD7A6
:10DEC0000001D0EC65F0050E0801E56F0D0EE66F60
:10DED00000014BEC65F0DD0E0801D66F0601BED2E5
:10DEE0000801E16BE1510A0830E3036AE151870F51
:10DEF000016E080E032203C0E6F8010EE125036A55
:10DF0000FA0FE96E050E0320EA6EEFCFE7F8E6C8D8
:10DF1000EAFF01C0E9FFE7C8EFFFE1510A080AE0A4
:10DF2000036AE151870FE96E080E0320EA6EEF5095
:10DF3000D72709D0036AE151870FE96E080E032045
:10DF4000EA6EEFCFD8F8E12BCDD7D7C8E7F80001BC
:10DF50006CEC5DF001500801D85D1CE1080EEA6E22
:10DF60007C0EE96E080EE26E870EE16E0B0E016EFE
:10DF7000E6CFEEFF012EFCD70001D0EC65F0050ED8
:10DF80000801E56F0E0EE66F00014BEC65F0DD0E4B
:10DF90000801D66F060162D2FBC5FAF6FCC5F9F698
:10DFA000DD0E0801D66F060159D251AA18D006011C
:10DFB000F6510501FB5D0DE1FC2D0BD0FDC54DF0CB
:10DFC000FEC54CF0DD0E0801D66F5684519A05D07F
:10DFD00005015694DD0E0801D66F10D00001060130
:10DFE000F6510501FB5D08E1FC51CC0805E1DD0EB1
:10DFF0000801D66F03D005010801D66906012ED2AB
:10E000000601F79D0501FBA103D00601F78D05016F
:10E01000050E0801E56F030EE66F00014BEC65F09D
:10E02000DD0E0801D66F060119D20501FB51EC0F78
:10E03000D8B0FCD0140F000172EF72F0010E08018D
:10E04000E56FE66F000141EC08F00501EFD0010E2D
:10E050000801E56FE66F000119EC50F00501E6D00C
:10E06000010E0801E56F020EE66F000119EC50F099
:10E070000501DCD0010E0801E56F030EE66F00011B
:10E0800019EC50F00501D2D00801E56B020EE66FE5
:10E09000010EE76F0001A4EC50F00801E56B020EE1
:10E0A000E66FE76B0001A4EC50F00501BFD008015A
:10E0B000E56B020EE66F010EE76F0001A4EC50F075
:10E0C000010E0801E56F020EE66FE76B0001A4EC9C
:10E0D00050F00501ABD0010E0801E56F020EE66FAE
:10E0E000010EE76F0001A4EC50F00801E56B020E91
:10E0F000E66FE76B0001A4EC50F0050197D0080132
:10E10000E56B010EE66FE76F0001A4EC50F008012B
:10E11000E56B010EE66FE76B0001A4EC50F0050122
:10E1200085D00801E56B010EE66FE76F0001A4ECF6
:10E1300050F0010E0801E56FE66FE76B0001A4ECFB
:10E1400050F0050173D0010E0801E56FE66FE76F2F
:10E150000001A4EC50F00801E56B010EE66FE76BDF
:10E160000001A4EC50F0050161D00801E56BE66BFD
:10E17000010EE76F0001A4EC50F00801E56BE66BBF
:10E18000E76B0001A4EC50F0050150D00801E56BED
:10E19000E66B010EE76F0001A4EC50F0010E0801E0
:10E1A000E56FE66BE76B0001A4EC50F005013ED093
:10E1B000010E0801E56FE66BE76F0001A4EC50F07B
:10E1C0000801E56BE66BE76B0001A4EC50F005017C
:10E1D0002DD0010E0801E56FE66B000119EC50F03F
:10E1E000050124D00801E56B010EE66F000119EC72
:10E1F00050F005011BD00801E56B020EE66F00012F
:10E2000019EC50F0050112D00801E56B030EE66F22
:10E21000000119EC50F0050109D00801E56BE66B2F
:10E22000000119EC50F0050101D00501050E0801AF
:10E23000E56F020EE66F00014BEC65F0DD0E0801A4
:10E24000D66F06010BD10801E26BE251090830E3F9
:10E25000036AE2519C0F016E080E032203C0E6F828
:10E26000010EE225036AFA0FE96E050E0320EA6E3D
:10E27000EFCFE7F8E6C8EAFF01C0E9FFE7C8EFFF24
:10E28000E25109080AE0036AE2519C0FE96E080EA8
:10E290000320EA6EEF50D72709D0036AE2519C0FA2
:10E2A000E96E080E0320EA6EEFCFD8F8E22BCDD747
:10E2B000D7C8E7F800016CEC5DF001500801D85DAB
:10E2C00018E1080EEA6E920EE96E080EE26E9C0EE0
:10E2D000E16E0A0E016EE6CFEEFF012EFCD7050EB1
:10E2E000E56F100EE66F00014BEC65F0DD0E0801E6
:10E2F000D66F0601B3D00801E36BE351050830E3A4
:10E30000036AE351AC0F016E080E032203C0E6F866
:10E31000010EE325036AFA0FE96E050E0320EA6E8B
:10E32000EFCFE7F8E6C8EAFF01C0E9FFE7C8EFFF73
:10E33000E35105080AE0036AE351AC0FE96E080EE9
:10E340000320EA6EEF50D72709D0036AE351AC0FE0
:10E35000E96E080E0320EA6EEFCFD8F8E32BCDD795
:10E36000D7C8E7F800016CEC5DF001500801D85DFA
:10E3700018E1080EEA6EA60EE96E080EE26EAC0E0B
:10E38000E16E060E016EE6CFEEFF012EFCD7050E04
:10E39000E56F110EE66F00014BEC65F0DD0E080134
:10E3A000D66F06015BD00801E46BE451050830E349
:10E3B000036AE451B80F016E080E032203C0E6F8A9
:10E3C000010EE425036AFA0FE96E050E0320EA6EDA
:10E3D000EFCFE7F8E6C8EAFF01C0E9FFE7C8EFFFC3
:10E3E000E45105080AE0036AE451B80FE96E080E2B
:10E3F0000320EA6EEF50D72709D0036AE451B80F23
:10E40000E96E080E0320EA6EEFCFD8F8E42BCDD7E3
:10E41000D7C8E7F800016CEC5DF001500801D85D49
:10E4200018E1080EEA6EB20EE96E080EE26EB80E42
:10E43000E16E060E016EE6CFEEFF012EFCD7050E53
:10E44000E56F120EE66F00014BEC65F0DD0E080182
:10E45000D66F060103D0060101D006010801D6C817
:10E4600001F000011200E824F76AF736870FF66E14
:10E47000E40EF722000EF86EFB6E0A00F550FA6EFD
:10E480000800F550F96E50D856D85ED86ED878D8B6
:10E49000E824F76AF736B10FF66EE40EF722000EA5
:10E4A000F86EFB6E0A00F550FA6E0800F550F96E32
:10E4B000A0D8A6D8ACD8ACD8B4D8E824F76AF73638
:10E4C000DB0FF66EE40EF722000EF86EFB6E0A000C
:10E4D000F550FA6E0800F550F96EFAD8FED804D956
:10E4E00004D922D9E824F76AF736050FF66EE50E4F
:10E4F000F722000EF86EFB6E0A00F550FA6E080067
:10E50000F550F96E3CE04EE060E074E088E0AEE08B
:10E51000D6E0FEE022E146E16AE18CE1B0E1D2E141
:10E520002AE22AE2E4E1F6E108E21AE2E824F76AE4
:10E53000F7364D0FF66EE50EF722000EF86EFB6E05
:10E540000A00F550FA6E0800F550F96EE2D72AE09D
:10E5500000E008D8AADF0EDCC0DC5CD90EDAC0DA35
:10E560006CDB70DD28DEE0DE98DF46E2F6E2A6E353
:10E5700056E401019A6B996B986B976B0701076BD7
:10E58000D3C8D4F800011AEF63F00601FE6BFD6BEF
:10E59000FC6BFB6B58B81BD0FE5319E1FD5108080A
:10E5A00016E307E1FC51640812E303E1FB51700834
:10E5B0000EE3010EFB27D8B0FC2BD8B4FD2BD8B44A
:10E5C000FE2B0001A8EC07F004000601E3D75898E1
:10E5D000FE530EE1FD510708D8B074D0FF0A08E1E0
:10E5E000FC5163086FE2FF0A03E1FB516F086AE226
:10E5F0000701072B0751050862E2010E0801D66FDB
:10E600000001C0EC07F00701076B51AA02D0518846
:10E6100051D0CD0E00016B6F09010B6B6BC00AF975
:10E620000D6B040E0C6F000163EC0BF002C003F0E5
:10E630000150860F006E020E0220016E026AD8B0F1
:10E64000002A036A02C0D6F8E8CFD5F800C0D4F893
:10E65000EA6E00C0E9FF23EC01F001C07EF06B6BB5
:10E660006C690101AA6BA96BA86BA76B09010B6B05
:10E670006BC00AF90D6B040E0C6F000163EC0BF01C
:10E6800002C003F00150860F006E020E0220016EE0
:10E69000026AD8B0002A036A02C0D6F8E8CFD5F8DB
:10E6A00000C0D4F8EA6E00C0E9FF23EC01F001C01D
:10E6B0007EF007010601F783F46B03D00701060122
:10E6C000F79311D00001DBEC6BF00150DD0804E1A1
:10E6D0000601F783010E02D00601F793F7A303D0DA
:10E6E00054A401D05482F7B302D0070149D7F7935D
:10E6F000519854A401D0549600011200F2CFD2F8E0
:10E70000F29E636ACFC862FF7F9C7F9E7F806150CC
:10E710000801D2BFF28ED36F010ECF25D46FF2CF96
:10E72000D5F8F29E636AD4C862FF7F9C7F9E7F808B
:10E730006150D5BFF28ED46FD3C8D1F8D4C8D0F809
:10E74000D02BD8B4D12BD1C8D2F8F250006EF29EA3
:10E75000636ACFC862FFD2C861FF7F9C7F9E7F84BF
:10E760000F01550E7E6EAA0E7E6E7F820050F21251
:10E770007FB2FED77F940801D86B640ED76F00017B
:10E78000ABEC07F0010E0801CF25D26FD0C8D3F84B
:10E79000F250006EF29E636AD2C862FFD3C861FF76
:10E7A0007F9C7F9E7F840F01550E7E6EAA0E7E6E2B
:10E7B0007F820050F2127FB2FED77F940801D86B9F
:10E7C000640ED76F0001ABEC07F00501E7510801BB
:10E7D000CF25D26FF2CFD3F8F29E636AD2C862FF20
:10E7E0007F9C7F9E7F806150D3BFF28ED26F0501E8
:10E7F000E7510801CF25010FD46FF2CFD5F8F29E73
:10E80000636AD4C862FF7F9C7F9E7F806150D5BFC2
:10E81000F28ED46FD2C8D1F8D4C8D0F8D02BD8B4E7
:10E82000D12B0501E7510801CF25D26FD1C8D3F80C
:10E83000F250006EF29E636AD2C862FFD3C861FFD5
:10E840007F9C7F9E7F840F01550E7E6EAA0E7E6E8A
:10E850007F820050F2127FB2FED77F940801D86BFE
:10E86000640ED76F0001ABEC07F00501E75108011A
:10E87000CF25010FD26FD0C8D3F8F250006EF29EB0
:10E88000636AD2C862FFD3C861FF7F9C7F9E7F848A
:10E890000F01550E7E6EAA0E7E6E7F820050F21220
:10E8A0007FB2FED77F940801D86B640ED76F00014A
:10E8B000ABEC07F0120001019A6B996B986B976BA8
:10E8C0000701076BD4C8E5F8D5C8E6F800014BECA2
:10E8D00065F00601FE6BFD6BFC6BFB6B58B81AD044
:10E8E000FE5318E1FD51080815E307E1FC516408E7
:10E8F00011E303E1FB5170080DE3010EFB27D8B0D3
:10E90000FC2BD8B4FD2BD8B4FE2B0001A8EC07F0EB
:10E910000601E4D75898FE530DE1FD5107086FE258
:10E92000FF0A08E1FC5163086AE2FF0A03E1FB51B8
:10E930006F0865E20701072B075105085DE2010E2C
:10E940000801D66F0001C0EC07F00701076BCD0E80
:10E9500000016B6F09010B6B6BC00AF90D6B040EA4
:10E960000C6F000163EC0BF002C003F00150860F46
:10E97000006E020E0220016E026AD8B0002A036AFD
:10E9800002C0D8F8E8CFD7F800C0D6F8EA6E00C0C9
:10E99000E9FF23EC01F001C07EF06C696B6B0101B3
:10E9A000AA6BA96BA86BA76B09010B6B6BC00AF96B
:10E9B0000D6B040E0C6F000163EC0BF002C003F052
:10E9C0000150860F006E020E0220016E026AD8B05E
:10E9D000002A036A02C0D8F8E8CFD7F800C0D6F8FA
:10E9E000EA6E00C0E9FF23EC01F001C07EF00601F1
:10E9F000F783F46B03D007010601F7930CD00001F5
:10EA0000DBEC6BF00150DD0804E10601F783010E39
:10EA100002D00601F793F7B302D0070153D70001E4
:10EA200012002C0E0801E46F020EE56F0001E4EC09
:10EA30004BF0025057EF76F0EACFE6F8E9CFE5F871
:10EA40000801DF39F009E16FE127E20FE26F320FD1
:10EA5000E46FDF510F0BE227E227E427E90FE36FB2
:10EA6000E327E327DE390F0BE327E427E337E43717
:10EA7000E41FE437DE510F0BE427E137070EE06FA8
:10EA80000A0EE307E427FDE3E207E327FDE3E107DE
:10EA9000E227FDE3E007E127FDE3080EEA6EE00E62
:10EAA000E96E070EE515E59DE926000EEA22E9501C
:10EAB000E40804E1EA50080801E1E58DEF50006E3A
:10EAC00008E1E5BD06D0E5B90CD0E5B702D0200ECF
:10EAD00003D0E587E599300E002600509EA8FED7AA
:10EAE000AD6EEE50E5ADE3D700011200E95008012C
:10EAF000ED6FEC51EF6F23E01B6AF2BE1B8EF29EAE
:10EB0000EBC87BF9EAC87AF9E9C879F9E8C878F975
:10EB100009017F6B7E6B200E7D6F820E7C6F000182
:10EB200060EC05F01BBEF28E03C0EBF802C0EAF801
:10EB300001C0E9F800C0E8F80801EF2FDDD7EBC805
:10EB400010F9EAC80FF9E9C80EF9E8C80DF9000193
:10EB5000A3EC19F003C0EBF802C0EAF801C0E9F831
:10EB600000C0E8F80801EBAF0DD0ED07ED8BE81F12
:10EB7000E91FEA1FEB1FE82BD8B4E92BD8B4EA2B26
:10EB8000D8B4EB2B3B0EF46F9A0EF36FCA0EF26FF4
:10EB9000F16B0A0EEF6FEC51D8B4ED2BD882080E52
:10EBA000EA6EE80EE96EEBC813F9EAC812F9E9C893
:10EBB00011F9E8C810F9F4C817F9F3C816F9F2C842
:10EBC00015F9F1C814F90001DBEC09F0015000520D
:10EBD00013E10801EC29EF5DD8A402D000010CD0AC
:10EBE000ED510DE00F0BEF5D01E03CE2EDBF3AD0DF
:10EBF000EDBD05D0200E31D0200E0801ED17EDAB94
:10EC00000DD0ED9BEC51D8A4ED070050ED6F2D0E0B
:10EC10009EA8FED7AD6EED51006EED6BEC51EF5D31
:10EC20000BE10050ED6F2E0E9EA8FED7AD6EED519C
:10EC3000006E200EED17000E300EEDAB0ED0ED9BEA
:10EC4000EC51D8A4ED070050ED6F2D0E9EA8FED715
:10EC5000AD6EED51006EED6B300E002600509EA89B
:10EC6000FED7AD6ED892F4C813F9F3C812F9F2C802
:10EC700011F9F1C810F90901176B166B156B0A0E23
:10EC8000146F0001DBEC09F003C0F4F802C0F3F8E4
:10EC900001C0F2F800C0F1F80801EF2F7FD70001A2
:10ECA00012000801CE6BD06BCF6B0001BAD602C048
:10ECB000D2F801C0D1F8100EE96E02C0DFF801C031
:10ECC000DEF8BADE2C0E9EA8FED7AD6E7B0E0801D4
:10ECD000CE6FD06B2D0ECF6FD053D8A47DD0CF5137
:10ECE0003D08D8A079D0F2CFD1F8F29ED0C863FF0A
:10ECF000CFC862FF7F9C7F9E7F806150D1BFF28E24
:10ED0000D26F010ECF25D36F000ED021D46FF2CF7A
:10ED1000D5F8F29ED4C863FFD3C862FF7F9C7F9E64
:10ED20007F806150D5BFF28ED36FD2C8D7F8D3C8D9
:10ED3000D6F80501E7510801CF25D86F000ED02184
:10ED4000D96FF2CFD4F8F29ED9C863FFD8C862FF5A
:10ED50007F9C7F9E7F806150D4BFF28ED86F05016B
:10ED6000E7510801CF25D96F000ED021DA6F010ECF
:10ED7000D927000EDA23F2CFDBF8F29EDAC863FF60
:10ED8000D9C862FF7F9C7F9E7F806150DBBFF28E7F
:10ED9000D96FD8C8DDF8D9C8DCF8100EE96ED7C82D
:10EDA000DFF8D6C8DEF8000147DE2C0E9EA8FED79D
:10EDB000AD6E100EE96EDDC8DFF8DCC8DEF83CDEB3
:10EDC0002C0E9EA8FED7AD6E0801CE51CE2B020EA2
:10EDD000CF27000ED02380D7840ECE6FD06B3F0E8E
:10EDE000CF6FD053D8A43AD1CF514708D8A036D14D
:10EDF000F2CFD1F8F29ED0C863FFCFC862FF7F9CEC
:10EE00007F9E7F806150D1BFF28ED26F010ECF25E1
:10EE1000D36F000ED021D46FF2CFD5F8F29ED4C8B4
:10EE200063FFD3C862FF7F9C7F9E7F806150D5BF08
:10EE3000F28ED36F020ECF25D66F000ED021D76F82
:10EE4000F2CFD4F8F29ED7C863FFD6C862FF7F9C8A
:10EE50007F9E7F806150D4BFF28ED66F030ECF2588
:10EE6000D76F000ED021D86FF2CFD9F8F29ED8C854
:10EE700063FFD7C862FF7F9C7F9E7F806150D9BFB0
:10EE8000F28ED76FD2C8DBF8D3C8DAF8D6C8D9F873
:10EE9000D7C8D8F8DBC8EBF8DAC8EAF8D9C8E9F877
:10EEA000D8C8E8F8000153EC0AF003C026F902C004
:10EEB00025F901C024F900C023F909012A6B296B47
:10EEC000700E286F840E276F00016FEC0AF003C0EC
:10EED000DBF802C0DAF801C0D9F800C0D8F80501A3
:10EEE000E7510801CF25DC6F000ED021DD6FF2CF96
:10EEF000DEF8F29EDDC863FFDCC862FF7F9C7F9E68
:10EF00007F806150DEBFF28EDC6F0501E7510801A2
:10EF1000CF25DF6F000ED021E06F010EDF27000E3E
:10EF2000E023F2CFDDF8F29EE0C863FFDFC862FFA6
:10EF30007F9C7F9E7F806150DDBFF28EDF6F050179
:10EF4000E7510801CF25E06F000ED021E16F020EDE
:10EF5000E027000EE123F2CFE2F8F29EE1C863FF62
:10EF6000E0C862FF7F9C7F9E7F806150E2BFF28E8F
:10EF7000E06F0501E7510801CF25E36F000ED021B6
:10EF8000E46F030EE327000EE423F2CFE1F8F29ED4
:10EF9000E4C863FFE3C862FF7F9C7F9E7F8061506F
:10EFA000E1BFF28EE36FDCC8E7F8DFC8E6F8E0C83F
:10EFB000E5F8E3C8E4F8E7C8EBF8E6C8EAF8E5C81E
:10EFC000E9F8E4C8E8F8000153EC0AF003C026F9B8
:10EFD00002C025F901C024F900C023F909012A6BF8
:10EFE000296B700E286F840E276F00016FEC0AF0FA
:10EFF00003C0E7F802C0E6F801C0E5F800C0E4F895
:10F00000040EE96EDBC8EBF8DAC8EAF8D9C8E9F80B
:10F01000D8C8E8F8010E0801EC6F000167DD2C0E7E
:10F020009EA8FED7AD6E040EE96EE7C8EBF8E6C801
:10F03000EAF8E5C8E9F8E4C8E8F8010E0801EC6F61
:10F04000000154DD2C0E9EA8FED7AD6E0801CE51F6
:10F05000CE2B040ECF27000ED023C3D60001B4EF71
:10F0600078F00150D3C809F9640E09010A6F000154
:10F0700066EC0FF000C0D3F80150300E08E1080133
:10F08000D4A30ED0D4B70CD0D4B9200E04D008012C
:10F09000D497D499D481012601509EA8FED7AD6E95
:10F0A000D3C809F90A0E09010A6F000166EC0FF0D6
:10F0B00000C0D3F80150300E08E10801D4B70BD0DE
:10F0C000D4A109D0D4B9200E0001012601509EA878
:10F0D000FED7AD6E0801300ED327D3519EA8FED7C0
:10F0E000AD6E00011200010E0801CE6FCE51150861
:10F0F00037E3F2CFCFF8F29E636ACEC862FF7F9CFF
:10F100007F9E7F806150CFBFF28ED06F0501E651A8
:10F110000801CE25D16FF2CFD2F8F29E636AD1C832
:10F1200062FF7F9C7F9E7F806150D2BFF28ED16F45
:10F13000D0C8D3F81B0ED46F000193DF2C0E9EA80D
:10F14000FED7AD6ED1C8D3F81B0E0801D46F0001F5
:10F1500088DF2C0E9EA8FED7AD6E0801CE2BC6D739
:10F160000001B5EF78F09DD5BED7100EE96E8EC1C7
:10F17000DFF88DC1DEF860DC2C0E9EA8FED7AD6EE8
:10F18000100EE96E4BC0DFF84AC0DEF855DC2C0EDD
:10F190009EA8FED7AD6E100EE96E4DC0DFF84CC0D4
:10F1A000DEF84ADC2C0E9EA8FED7AD6ED9EFDAF061
:10F1B0000801CE6BCF6BCF51170830E3B60ECF25C9
:10F1C000D06F030ED16FD8B0D12BD1C8DDF8D0C825
:10F1D000DCF8000178EC08F001C0CEF80801CE3D63
:10F1E00012D0CE6BB60ECF25D06F030ED16FD8B034
:10F1F000D12BD1C8DBF8D0C8DAF8CEC8DCF80001D2
:10F20000B4EC08F00801036ACF51A70FE96E000EB5
:10F210000320EA6ECEC8EFFFCF2BCDD70001EFEF72
:10F22000DAF09AEC37F0C6EC37F0F2EC37F01EEC7F
:10F2300038F0F1EFDAF051A8A3D06B518D080EE051
:10F240006B518E080BE06B51B50808E06B517908E3
:10F2500005E06B51830802E0875347E088EC0BF030
:10F260000901036B490E026F080E046F410E056F12
:10F27000010E066F076B000157EC0EF00901036BDE
:10F280004A0E026F080E046F500E056F010E066FD6
:10F29000076B000157EC0EF0FA0E6C6FFAEC53F0AE
:10F2A000875307E0070E876F896B60EC52F0876B1E
:10F2B0001CD06B51780807E26B51810804E3E0EC45
:10F2C00053F0589E12D06B51820809E26B518B08A3
:10F2D00006E3C9EC52F00601F79108D000016B512A
:10F2E000B40803E2F4EC50F0589C0601000135EC40
:10F2F00054F0020E0801D66F0001C0EC07F0BA0E00
:10F30000006E050E016E026A036A0801D06BCF6FB2
:10F31000BA0ECE6FCFC8EAFFE96E000123EC01F010
:10F3200001C07EF051986C696B6B0101AA6BA96BEF
:10F33000A86BA76B518C09010B6B6BC00AF90D6BA5
:10F34000040E0C6F000163EC0BF002C003F00150DF
:10F35000860F006E020E0220016E026AD8B0002AEB
:10F36000036A02C0D0F8E8CFCFF800C0CEF8EA6E4A
:10F3700000C0E9FF23EC01F001C07EF00601F46B50
:10F3800000011CEFDBF00801E56BE66BCFC8E7F886
:10F390000001A4EC50F0010E0801E56FE66FCFC844
:10F3A000E7F80001A4EC50F012000801E56B010E33
:10F3B000E66FCFC8E7F80001A4EC50F0010E080199
:10F3C000E56FE66BCFC8E7F80001A4EC50F012003F
:10F3D0000101CA6BC96B010EC86F2C0EC76F1B6A87
:10F3E000F2BE1B8EF29E010E09016F6F000153ECFD
:10F3F00003F01BBEF28E12000101CA6BC96B020E34
:10F40000C86FEE0EC76F1B6AF2BE1B8EF29E010E16
:10F4100009016F6F000153EC03F01BBEF28EB6EFD3
:10F420007EF00101CA6BC96B050EC86FDC0EC76F99
:10F430001B6AF2BE1B8EF29E010E09016F6F000166
:10F4400053EC03F01BBEF28ECBEF7EF058A8CCEF4E
:10F450007EF0A8EC07F00400589801019A6B996BB4
:10F46000986B976B0001DBEC6BF00150DD08D8A4C2
:10F47000CCEF7EF0A8EC07F0518C0601F5510F0A95
:10F4800000010EE01F0AD8B441EF7EF0130AD8B491
:10F490009FEF7EF0120AD8B4CCEF7EF0CCEF7EF076
:10F4A0000601F95303E1FA53D8B445D3F951010BDE
:10F4B000006E036A0050031013E05080000187A122
:10F4C00005D0020E0801CF6F00015DDF0601FF537A
:10F4D00006E18F0E00016B6F0701006B06010ED075
:10F4E00050900001872D01D003D08751080805E115
:10F4F000020E0801CF6F000158DF0601F951020B1F
:10F50000006E036A0050031050E05082FF530BE17D
:10F51000010E0801CF6F000136DF8F0E6B6F070100
:10F52000016B41D00601FF51020818E17B0E00017A
:10F530006B6F000E4FB8010E036A740FE96E000E78
:10F540000320EA6EEF5203E00701046B0001030E93
:10F550000801CF6F000117DF25D00601FF51030816
:10F560000FE17B0E00016B6F765303E00701046B24
:10F570000001030E0801CF6F000105DF13D0060163
:10F58000FF5104080FE1850E00016B6FC05302E1CB
:10F59000C15303E00701046B0001030E0801CF6FA4
:10F5A0000001F1DE07011ED00601509200018751D3
:10F5B000020811E00601FF510308D8A402D000019F
:10F5C0000AD0FF510208D8A402D0000104D0FF5194
:10F5D000040807E10001010E0801CF6F0001E5DE1C
:10F5E000060107010601F951040B006E036A005081
:10F5F000031022E050840801E56BE66BE76B000125
:10F60000A4EC50F0010E0801E56FE66FE76B000116
:10F61000A4EC50F00601FF5307E18F0E00016B6F61
:10F620000701026B07D00601FF2D03D0B70E0001C2
:10F630006B6F070110D00601509400018751040838
:10F6400004E00601FF2D06D000010801CF6B000188
:10F65000ACDE060107010601F951400B006E036A9A
:10F660000050031060E00F0E0801D66F0001C0ECDF
:10F6700007F00F0ECA6FCE0E6B6F050E0801E56F17
:10F680000F0EE66F00014BEC65F009010B6B6BC0D0
:10F690000AF90D6B040E0C6F000163EC0BF002C055
:10F6A00003F00150860F006E020E0220016E026A06
:10F6B000D8B0002A036A02C0D1F8E8CFD0F800C061
:10F6C000CFF8EA6E00C0E9FF23EC01F001C07EF044
:10F6D0006B6B0101AA6BA96BA86BA76B518C09011D
:10F6E0000B6B6BC00AF90D6B040E0C6F000163EC21
:10F6F0000BF002C003F00150860F006E020E0220D4
:10F70000016E026AD8B0002A036A02C0D1F8E8CFBD
:10F71000D0F800C0CFF8EA6E00C0E9FF23EC01F09A
:10F7200001C07EF00601F951800B006E036A0050A3
:10F73000031060E0100E0801D66F0001C0EC07F066
:10F74000100ECA6FCE0E6B6F050E0801E56F0F0E1F
:10F75000E66F00014BEC65F009010B6B6BC00AF919
:10F760000D6B040E0C6F000163EC0BF002C003F094
:10F770000150860F006E020E0220016E026AD8B0A0
:10F78000002A036A02C0D1F8E8CFD0F800C0CFF851
:10F79000EA6E00C0E9FF23EC01F001C07EF06B6B64
:10F7A0000101AA6BA96BA86BA76B518C09010B6BAC
:10F7B0006BC00AF90D6B040E0C6F000163EC0BF0CB
:10F7C00002C003F00150860F006E020E0220016E8F
:10F7D000026AD8B0002A036A02C0D1F8E8CFD0F894
:10F7E00000C0CFF8EA6E00C0E9FF23EC01F001C0D1
:10F7F0007EF00601000B006EFA51010B036E005003
:10F80000031060E0110E0801D66F0001C0EC07F094
:10F81000110ECA6FCE0E6B6F050E0801E56F0F0E4D
:10F82000E66F00014BEC65F009010B6B6BC00AF948
:10F830000D6B040E0C6F000163EC0BF002C003F0C3
:10F840000150860F006E020E0220016E026AD8B0CF
:10F85000002A036A02C0D1F8E8CFD0F800C0CFF880
:10F86000EA6E00C0E9FF23EC01F001C07EF06B6B93
:10F870000101AA6BA96BA86BA76B518C09010B6BDB
:10F880006BC00AF90D6B040E0C6F000163EC0BF0FA
:10F8900002C003F00150860F006E020E0220016EBE
:10F8A000026AD8B0002A036A02C0D1F8E8CFD0F8C3
:10F8B00000C0CFF8EA6E00C0E9FF23EC01F001C000
:10F8C0007EF00601000B006EFA51100B036E005023
:10F8D000031060E0120E0801D66F0001C0EC07F0C3
:10F8E000120ECA6FCE0E6B6F050E0801E56F0F0E7C
:10F8F000E66F00014BEC65F009010B6B6BC00AF978
:10F900000D6B040E0C6F000163EC0BF002C003F0F2
:10F910000150860F006E020E0220016E026AD8B0FE
:10F92000002A036A02C0D1F8E8CFD0F800C0CFF8AF
:10F93000EA6E00C0E9FF23EC01F001C07EF06B6BC2
:10F940000101AA6BA96BA86BA76B518C09010B6B0A
:10F950006BC00AF90D6B040E0C6F000163EC0BF029
:10F9600002C003F00150860F006E020E0220016EED
:10F97000026AD8B0002A036A02C0D1F8E8CFD0F8F2
:10F9800000C0CFF8EA6E00C0E9FF23EC01F001C02F
:10F990007EF00601000B006EFA51200B036E005042
:10F9A000031060E0130E0801D66F0001C0EC07F0F1
:10F9B000130ECA6FCE0E6B6F050E0801E56F0F0EAA
:10F9C000E66F00014BEC65F009010B6B6BC00AF9A7
:10F9D0000D6B040E0C6F000163EC0BF002C003F022
:10F9E0000150860F006E020E0220016E026AD8B02E
:10F9F000002A036A02C0D1F8E8CFD0F800C0CFF8DF
:10FA0000EA6E00C0E9FF23EC01F001C07EF06B6BF1
:10FA10000101AA6BA96BA86BA76B518C09010B6B39
:10FA20006BC00AF90D6B040E0C6F000163EC0BF058
:10FA300002C003F00150860F006E020E0220016E1C
:10FA4000026AD8B0002A036A02C0D1F8E8CFD0F821
:10FA500000C0CFF8EA6E00C0E9FF23EC01F001C05E
:10FA60007EF00601000B006EFA51400B036E005051
:10FA7000031060E0140E0801D66F0001C0EC07F01F
:10FA8000140ECA6FCE0E6B6F050E0801E56F0F0ED8
:10FA9000E66F00014BEC65F009010B6B6BC00AF9D6
:10FAA0000D6B040E0C6F000163EC0BF002C003F051
:10FAB0000150860F006E020E0220016E026AD8B05D
:10FAC000002A036A02C0D1F8E8CFD0F800C0CFF80E
:10FAD000EA6E00C0E9FF23EC01F001C07EF06B6B21
:10FAE0000101AA6BA96BA86BA76B518C09010B6B69
:10FAF0006BC00AF90D6B040E0C6F000163EC0BF088
:10FB000002C003F00150860F006E020E0220016E4B
:10FB1000026AD8B0002A036A02C0D1F8E8CFD0F850
:10FB200000C0CFF8EA6E00C0E9FF23EC01F001C08D
:10FB30007EF006019DD0FF53D8A46DD000018753FD
:10FB400068E08D0E6B6F509050925094010E875D5F
:10FB5000F20F5FE20E0FCEEF7EF0020E0801CF6FC4
:10FB6000000123DC56D0010E0801CF6F00011DDC1F
:10FB700050D00801CF6B000118DC4BD0020E0801F9
:10FB8000CF6F000112DC010E0801CF6F00010DDC08
:10FB900040D0010E0801CF6F000107DC0801CF6BD8
:10FBA000000103DC36D0020E0801CF6F0001D5EC56
:10FBB00079F00801CF6B0001D5EC79F02AD0020E64
:10FBC0000801CF6F0001D5EC79F0010E0801CF6F6D
:10FBD0000001D5EC79F00801CF6B0001D5EC79F08C
:10FBE00018D0010E0801CF6F0001D5EC79F011D0CB
:10FBF0000801CF6B0001D5EC79F00BD0010E0801A4
:10FC0000CF6F0001D5EC79F00801CF6B0001D5EC86
:10FC100079F02DD00601FF51020803E0FF510308DF
:10FC20000CE1790E00016B6F5092030E0801CF6F4B
:10FC30000001D5EC79F01BD00601FF2D0BD0B50EDD
:10FC400000016B6F50940801CF6B0001D5EC79F087
:10FC50000ED00601FF5104080BE1830E00016B6F0B
:10FC60005092030E0801CF6F0001D5EC79F0060128
:10FC7000050E0801E56F0F0EE66F00014BEC65F015
:10FC80008BD064532AE10101926B916B906B8F6B67
:10FC900000016B51790806E06B51830803E06B515A
:10FCA000B5080BE10101475302E1485304E0475115
:10FCB000D8B44807470712D000016B518D080DE1F9
:10FCC000D8908235036A470FE96E010E0320EA6E71
:10FCD000FF0EEF2602E2EE52ED0601019AC8CFF8C0
:10FCE000036A0801CF51920FD06F080E0320D16F25
:10FCF000D1C8E2FFD0C8E1FFE6CFCEF89AC8CFF86E
:10FD0000036ACF51E96E070E0324EA6ECEC8EFFFF7
:10FD100099C864F09AC8CFF8036ACF51E96E070E0C
:10FD20000324EA6EEF5204E00001E8EC79F00801E8
:10FD3000CF6BCFC899F85182569200012DD00601A1
:10FD4000F7AD16D00801E56B010EE66F020EE76F06
:10FD50000001A4EC50F0010E0801E56FE66B020E05
:10FD6000E76F0001A4EC50F0FCEF79F014D006012D
:10FD70000801E56BE66B020EE76F0001A4EC50F0A2
:10FD8000010E0801E56FE66F020EE76F0001A4ECBB
:10FD900050F011EF7AF000D024EFDBF0E824F76A9E
:10FDA000F736BD0FF66EFD0EF722000EF86EFB6EF5
:10FDB0000A00F550FA6E0800F550F96E5AFB66FB22
:10FDC0007CFB72FBA6FB92FBBEFB12FC12FCE2FB6F
:10FDD00012FCF0FB12FCFCFB569C56BE568C569E49
:10FDE00084A0568E000E56BE010E016E26EFDBF08B
:10FDF0001AEC56F001520DE1040E0801D66F000115
:10FE0000C0EC07F0000E58B4010E01095894E8B098
:10FE1000588418EC5BF001520DE1050E0801D66F15
:10FE20000001C0EC07F0000E58B4010E020958940E
:10FE3000E8B0588412000801CE51040817E1036AA3
:10FE400007015151270FE96E070E0320EA6ECEC855
:10FE5000EFFF5151512B036A3B0FE96E070E032050
:10FE6000EA6ECFC8EFFF502B1DD00801CEC801F9B4
:10FE700000014AEC38F0015216E1036A07015151C2
:10FE8000270FE96E070E0320EA6ECEC8EFFF51512F
:10FE9000512B036A3B0FE96E070E0320EA6ECFC8B1
:10FEA000EFFF502B00011200D5C8EBF8D4C8EAF8D8
:10FEB000D3C8E9F8D2C8E8F853EC0AF003C0DFF879
:10FEC00002C0DEF801C0DDF800C0DCF8D7C80BF9CD
:10FED000D6C80AF909010D6B320E0C6F000163ECF4
:10FEE0000BF002C003F001501B6AF2BE1B8EF29EA3
:10FEF0000901786F02C079F9000145EC05F01BBEDD
:10FF0000F28EDFC826F9DEC825F9DDC824F9DCC881
:10FF100023F903C02AF902C029F901C028F900C059
:10FF200027F96FEC0AF003C0DBF802C0DAF801C071
:10FF3000D9F800C0D8F8DBC8E9F8DAC8E8F8D9C8B9
:10FF4000E7F8D8C8E6F80801ED6BEC6BEB6BEA6BF1
:10FF5000000123EC2BF001E206E10801DB6BDA6B18
:10FF6000D96BD86B00011B6AF2BE1B8EF29EDBC8F8
:10FF70007BF9DAC87AF9D9C879F9D8C878F9DBEC0D
:10FF800005F01BBEF28E025012000801CE6BCE515E
:10FF9000030813E3E56BE66BCEC8E7F80001A4ECB9
:10FFA00050F00801E56B010EE66FCEC8E7F80001DE
:10FFB000A4EC50F00801CE2BEAD700011200010199
:10FFC000CA6BC96BC86B640EC76F1B6AF2BE1B8E0F
:10FFD000F29E010E09016F6F000153EC03F01BBE8E
:06FFE000F28E3CEF83F0FD
:020000040001F9
:10000000F2CFD3F8F29E636ACEC862FF7F9C7F9ED8
:100010007F8061500801D3BFF28ED46F010ECE25D0
:10002000D56FF2CFD6F8F29E636AD5C862FF7F9C87
:100030007F9E7F806150D6BFF28ED56F020ECE2597
:10004000D76FF2CFD8F8F29E636AD7C862FF7F9C61
:100050007F9E7F806150D8BFF28ED76F030ECE2572
:10006000D96FF2CFDAF8F29E636AD9C862FF7F9C3B
:100070007F9E7F806150DABFF28ED96FD4C8D2F8EC
:10008000D5C8D1F8D7C8D0F8D9C8CFF8010ECF2736
:10009000D8B0D02BD8B4D12BD8B4D22BD2C8D3F867
:1000A000F250006EF29E636ACEC862FFD3C861FF51
:1000B0007F9C7F9E7F840F01550E7E6EAA0E7E6E02
:1000C0007F820050F2127FB263EF80F07F940801CC
:1000D000D86B640ED76F0001ABEC07F0010E08017E
:1000E000CE25D36FD1C8D4F8F250006EF29E636A69
:1000F000D3C862FFD4C861FF7F9C7F9E7F840F01BD
:10010000550E7E6EAA0E7E6E7F820050F2127FB276
:1001100087EF80F07F940801D86B640ED76F0001E1
:10012000ABEC07F0020E0801CE25D36FD0C8D4F88F
:10013000F250006EF29E636AD3C862FFD4C861FFBA
:100140007F9C7F9E7F840F01550E7E6EAA0E7E6E71
:100150007F820050F2127FB2ABEF80F07F940801F3
:10016000D86B640ED76F0001ABEC07F0030E0801EB
:10017000CE25D36FCFC8D4F8F250006EF29E636ADA
:10018000D3C862FFD4C861FF7F9C7F9E7F840F012C
:10019000550E7E6EAA0E7E6E7F820050F2127FB2E6
:1001A000CFEF80F07F940801D86B640ED76F000109
:1001B000ABEC07F00501E7510801CE25D36FF2CF74
:1001C000D4F8F29E636AD3C862FF7F9C7F9E7F80D3
:1001D0006150D4BFF28ED36F0501E7510801CE25DF
:1001E000010FD56FF2CFD6F8F29E636AD5C862FFD1
:1001F0007F9C7F9E7F806150D6BFF28ED56F0501B8
:10020000E7510801CE25020FD76FF2CFD8F8F29E42
:10021000636AD7C862FF7F9C7F9E7F806150D8BF92
:10022000F28ED76F0501E7510801CE25030FD96F74
:10023000F2CFDAF8F29E636AD9C862FF7F9C7F9E94
:100240007F806150DABFF28ED96FD3C8D2F8D5C89B
:10025000D1F8D7C8D0F8D9C8CFF8010ECF27D8B079
:10026000D02BD8B4D12BD8B4D22B0501E75108013B
:10027000CE25D36FD2C8D4F8F250006EF29E636AD6
:10028000D3C862FFD4C861FF7F9C7F9E7F840F012B
:10029000550E7E6EAA0E7E6E7F820050F2127FB2E5
:1002A0004FEF81F07F940801D86B640ED76F000187
:1002B000ABEC07F00501E7510801CE25010FD36F24
:1002C000D1C8D4F8F250006EF29E636AD3C862FFC0
:1002D000D4C861FF7F9C7F9E7F840F01550E7E6E88
:1002E000AA0E7E6E7F820050F2127FB275EF81F00F
:1002F0007F940801D86B640ED76F0001ABEC07F058
:100300000501E7510801CE25020FD36FD0C8D4F8FC
:10031000F250006EF29E636AD3C862FFD4C861FFD8
:100320007F9C7F9E7F840F01550E7E6EAA0E7E6E8F
:100330007F820050F2127FB29BEF81F07F94080120
:10034000D86B640ED76F0001ABEC07F00501E751E5
:100350000801CE25030FD36FCFC8D4F8F250006E3A
:10036000F29E636AD3C862FFD4C861FF7F9C7F9E00
:100370007F840F01550E7E6EAA0E7E6E7F82005026
:10038000F2127FB2C1EF81F07F940801D86B640E46
:10039000D76F0001ABEC07F012000801CE51FC0F43
:1003A00034E2040F000107EF82F087918991080180
:1003B000E56BE66B020EE76F0001A4EC50F008015C
:1003C00024D0879389930801E56BE66B010EE76FF4
:1003D0000001A4EC50F0080118D087958995080118
:1003E000E56BE66BE76B0001A4EC50F008010DD063
:1003F000879789970801E56BE66B020EE76F0001AE
:10040000A4EC50F0080101D0080100011200E8241A
:10041000F76AF7362F0FF66E040EF722010EF86E0C
:10042000FB6E0A00F550FA6E0800F550F96EAA034B
:10043000C203DA03F0030801D56BD46BD36BD26B24
:100440001B6AF2BE1B8EF29ECFC879F9CEC878F92E
:10045000000145EC05F01BBEF28E03C0D9F802C0C6
:10046000D8F801C0D7F800C0D6F81B6AF2BE1B8EC0
:10047000F29ED1C879F9D0C878F945EC05F01BBED9
:10048000F28E1B6AF2BE1B8EF29ED9C87BF9D8C8C9
:100490007AF9D7C879F9D6C878F903C07FF902C0CC
:1004A0007EF901C07DF900C07CF960EC05F01BBE4F
:1004B000F28E03C0D9F802C0D8F801C0D7F800C046
:1004C000D6F803C026F902C025F901C024F900C0FE
:1004D00023F909012A6B240E296F740E286F920EDE
:1004E000276F00016FEC0AF003C0D5F802C0D4F802
:1004F00001C0D3F800C0D2F8D5C810F9D4C80FF99C
:10050000D3C80EF9D2C80DF9A3EC19F012000801F6
:10051000D56BD46BD36BD26B1B6AF2BE1B8EF29E73
:10052000CFC879F9CEC878F9000145EC05F01BBEBB
:10053000F28E03C0D9F802C0D8F801C0D7F800C0C5
:10054000D6F81B6AF2BE1B8EF29ED1C879F9D0C8CC
:1005500078F945EC05F01BBEF28E1B6AF2BE1B8ECD
:10056000F29ED9C87BF9D8C87AF9D7C879F9D6C824
:1005700078F903C07FF902C07EF901C07DF900C09F
:100580007CF960EC05F01BBEF28E03C0D9F802C006
:10059000D8F801C0D7F800C0D6F803C026F902C0C9
:1005A00025F901C024F900C023F909012A6B240EA2
:1005B000296F740E286F920E276F00016FEC0AF0FE
:1005C00003C0D5F802C0D4F801C0D3F800C0D2F8F7
:1005D000D5C826F9D4C825F9D3C824F9D2C823F937
:1005E00009012A6B296B286B800E276F00016FECC5
:1005F0000AF003C0D5F802C0D4F801C0D3F800C097
:10060000D2F8D5C810F9D4C80FF9D3C80EF9D2C89A
:100610000DF9A3EC19F01200010192530DE1915173
:10062000070821E2FF0A08E190513C081CE2FF0A9A
:1006300003E18F515F0817E292530DE191510808D1
:100640000EE2FF0A08E19051260809E2FF0A03E1E1
:100650008F51BF0804E2020E016E07D003D0010ED5
:10066000016E03D002D0000E016E00011EEFE6F015
:1006700051AE28D0519EA3D4A8EC07F0875318E1BF
:100680006B518D0815E06B518E0812E06B51B50867
:100690000FE06B5179080CE06B51830809E06B5156
:1006A000C80806E00101926B916B906B8F6B0001A3
:1006B0006B51C80804E16A51050801E06A6BF094C7
:1006C000F08AF1966FEFE6F00101AA5318E1A95301
:1006D00016E1A85314E1A751130811E3AAC103F0CE
:1006E000A9C102F0A8C101F0A7C100F0010EA7271F
:1006F000D8B0A82BD8B4A92BD8B4AA2B06D0020EF8
:10070000A727000EA823A923AA23000112006A2DFF
:1007100051EF8FF0518C010E7D6F4E8EA8EC07F0DB
:100720006B518D0807E06B51790804E06B51830829
:10073000D8A416D26B517908D8A4ECD085C862F041
:100740006251615D07E1010148531EE14751020812
:100750001BE30001000E4FB8010E006ED89000366A
:100760000050036A130FE96E010E0320EA6EECCF0E
:10077000CFF8ED52EFCFCEF80801CE53D8A4C8D0B1
:10078000CF53D8A4C5D0010100016153D8A496D09D
:1007900007010453D8B490D0000196DF070121531C
:1007A00006E001018A6B640E896F05D00701010123
:1007B0008A6BC80E896FAA5309E1A95307E18A51D0
:1007C000A85D0FE303E18951A75D0BE3AA6BA96B59
:1007D0008AC1A8F189C1A7F155820001D0EC65F06A
:1007E0000101000E4FB8010E006ED8900036005087
:1007F000036A0F0FE96E010E0320EA6EA7C1EFFF37
:10080000A8C1ECFF000E4FB8010E006ED890003664
:100810000050036A0F0FE96E010E0320EA6EECCF61
:100820000BF9ED52EFCF0AF909010D6B320E0C6F87
:10083000000163EC0BF002C05EF101C05DF157AA4C
:1008400038D0000E4FB8010E006ED8900036005020
:10085000036A130FE96E010E0320EA6EECCFCFF8A6
:10086000ED52EFCFCEF80801CE5302E1CF5322E094
:10087000000E4FB8010E006ED89000360050036A8B
:100880000F0FE96E010E0320EA6EECCFD7F8ED52A0
:10089000EFCFD6F89EC1D5F89DC1D4F89CC1D3F84E
:1008A0009BC1D2F8000154EC7FF002C048F101C0B6
:1008B00047F108014F8207012AD0000105DF01013D
:1008C000AA530AE1A95308E1A851000817E2FF0A58
:1008D00003E1A751210812E20001612D01D002D0ED
:1008E00001010CD00101AA6BA96B010EA86F220EA9
:1008F000A76F55820001D0EC65F00101A8C10CF191
:10090000A7C10BF14F82010E0001646F07010801BE
:1009100024D100016B518308D8A4BDD001014853F4
:1009200009E14751150806E37F53D8A4B1D080539D
:10093000D8A4AED007010453D8B4ABD00001C4DEB4
:100940001B6AF2BE1B8EF29EC6C07BF9C5C07AF947
:10095000C4C079F9C3C078F9DBEC05F01BBEF28E98
:1009600002C0CFF801C0CEF802C00BF901C00AF9ED
:1009700009010D6B3A0E0C6F000163EC0BF002C025
:100980002EF101C02DF101012E51020824E2FF0ACF
:1009900003E12D51E7081FE22EC111F92DC110F915
:1009A0000901136B640E126F000185EC17F002C091
:1009B0002EF101C02DF12EC10BF92DC10AF909014B
:1009C0000D6B640E0C6F000163EC0BF002C02EF196
:1009D00001C02DF101012EC111F92DC110F909013C
:1009E000136B320E126F000185EC17F002C02EF16E
:1009F00001C02DF101012E5303E12D51630803E2E3
:100A00002E6B640E2D6FAA5309E1A95307E12E51F5
:100A1000A85D0FE303E12D51A75D0BE3AA6BA96B62
:100A20002EC1A8F12DC1A7F155820001D0EC65F0CF
:100A30000101A8C17EF1A7C17DF17EC10BF97DC185
:100A40000AF909010D6B320E0C6F000163EC0BF01B
:100A500002C060F101C05FF157AC18D001017F53B3
:100A600002E1805314E0A2C1D5F8A1C1D4F8A0C11D
:100A7000D3F89FC1D2F87EC1D7F87DC1D6F8000166
:100A800054EC7FF002C048F101C047F101014F82F0
:100A9000070162D0000182C0E9FF070EEA6EEF5243
:100AA0005BE0D8908235036A470FE96E010E0320A0
:100AB000EA6EECCFCFF8ED52EFCFCEF80801CF536E
:100AC00006E1CE510208D8A002D0000145D0D8904E
:100AD00000018235036A390FE96E010E0320EA6EC8
:100AE0000101AA6BA96BECCFA8F1ED52EFCFA7F1F2
:100AF000020EA727000EA823A923AA23AA530AE1BE
:100B0000A95308E1A851000819E2FF0A03E1A7511F
:100B1000210814E2AA6BA96B010EA86F220EA76F21
:100B200082C0E7F8010E0801E86FEA6B550EE96F25
:100B3000000120EC08F0D0EC65F00101D890000134
:100B40008235036A390FE96E010E0320EA6EA7C1F0
:100B5000EFFFA8C1ECFF4F8208013CEF8FF00001CE
:100B60006B51B50848E1010E0101A727D8B0A82BA9
:100B7000D8B4A92BD8B4AA2BAA5307E1A95305E1ED
:100B8000A85303E1A75190080AE2AA6BA96BA86BCE
:100B9000910EA76F55840001D0EC65F023D00201BF
:100BA00055510101AA5D1FE311E1020154510101F8
:100BB000A95D19E30BE1020153510101A85D13E3A3
:100BC00005E1020152510101A75D0DE355C2AAF1F1
:100BD00054C2A9F153C2A8F152C2A7F1588600012C
:100BE000D0EC65F00101A8C14FF2A7C14EF24F82CF
:100BF0003AEF8FF000016B51780809E06B518208E1
:100C000006E06B518C0803E06B51B40802E13BEF46
:100C10008FF06BC009F90A0E09010A6F000166EC3A
:100C20000FF0005206E16B515E0803E36B5132088E
:100C300005E16B513108D8A413EF8FF051A071EF8B
:100C400089F06B510A0811E06B5114080EE06B51EA
:100C50001E080BE06B51280808E06B51500805E0B6
:100C60006B515A08D8A471EF89F06B51140816E142
:100C70000101A7510B08D8B402D000010FD0A8532E
:100C8000D8B402D000010AD0A953D8B402D00001D0
:100C900005D0AA53D8B46EEF89F000016B511E083D
:100CA00016E10101A7510908D8B402D000010FD004
:100CB000A853D8B402D000010AD0A953D8B402D0A6
:100CC000000105D0AA53D8B46EEF89F000016B5132
:100CD000280816E10101A7511008D8B402D000017C
:100CE0000FD0A853D8B402D000010AD0A953D8B469
:100CF00002D0000105D0AA53D8B46EEF89F00001EC
:100D00006B51500816E10101A7510B08D8B402D06D
:100D100000010FD0A853D8B402D000010AD0A953C3
:100D2000D8B402D0000105D0AA53D8B46EEF89F030
:100D300000016B51140A0AE00A0AD8B4B2D0360A8C
:100D4000D8B43BD1780AD8B44DD2BFD20101A75153
:100D5000006EA851036E035005E1010E005C000116
:100D60001FE00101035005E1050E005C000118E0E1
:100D70000101035005E1020E005C000134E00101B5
:100D8000035005E1060E005C00012DE00101035057
:100D900006E1090E005C0001D8B458D0010178D0FA
:100DA0000101AE5319E1AD5317E1AC5315E1AB515D
:100DB000130812E3AEC103F0ADC102F0ACC101F003
:100DC000ABC100F0010EAB27D8B0AC2BD8B4AD2B23
:100DD000D8B4AE2B005006D0020EAB27000EAC23C9
:100DE000AD23AE235DD00101AE5310E1AD530EE152
:100DF000AC530CE1AB51130809E3010EAB27D8B09B
:100E0000AC2BD8B4AD2BD8B4AE2B1FD0AE5307E16A
:100E1000AD5305E1AC5303E1AB51130810E2AE53FF
:100E20000EE1AD530CE1AC530AE1AB513B0807E3D3
:100E3000020EAB27000EAC23AD23AE2306D0050E69
:100E4000AB27000EAC23AD23AE232AD00101AE5355
:100E500018E1AD5316E1AC5314E1AB51130811E3A3
:100E6000AEC103F0ADC102F0ACC101F0ABC100F006
:100E7000010EAB27D8B0AC2BD8B4AD2BD8B4AE2B69
:100E800006D0020EAB27000EAC23AD23AE2308D054
:100E9000010EAB27D8B0AC2BD8B4AD2BD8B4AE2B49
:100EA0001DD20101A751006EA851036E035005E148
:100EB000010E005C000117E00101035005E1030E83
:100EC000005C000133E00101035005E1040E005C09
:100ED000000148E00101035005E1050E005C00013E
:100EE00041E0010161D00101AE5319E1AD5317E1B9
:100EF000AC5315E1AB51130812E3AEC103F0ADC121
:100F000002F0ACC101F0ABC100F0010EAB27D8B0CC
:100F1000AC2BD8B4AD2BD8B4AE2B005006D0020EFB
:100F2000AB27000EAC23AD23AE2346D00101AE5358
:100F300012E1AD5310E1AC5102080DE303E1AB51F6
:100F4000CF0809E3010EAB27D8B0AC2BD8B4AD2B3A
:100F5000D8B4AE2B06D0AE6BAD6B020EAC6FD00E1C
:100F6000AB6F2AD00101AE5318E1AD5316E1AC537B
:100F700014E1AB51090811E3AEC103F0ADC102F0B9
:100F8000ACC101F0ABC100F0010EAB27D8B0AC2B67
:100F9000D8B4AD2BD8B4AE2B06D0050EAB27000EBF
:100FA000AC23AD23AE2308D0010EAB27D8B0AC2BB9
:100FB000D8B4AD2BD8B4AE2B91D10101A751006E9E
:100FC000A851036E035005E1030E005C00012EE002
:100FD0000101035005E1040E005C000127E001015E
:100FE000035005E1070E005C000153E001010350CE
:100FF00005E10B0E005C000154E00101035005E126
:101000000C0E005C00014DE00101035006E10D0EE5
:10101000005C0001D8B4A8D00101035006E10E0E17
:10102000005C0001D8B4A0D00101D3D00101AE53BF
:1010300010E1AD530EE1AC530CE1AB51090809E3EB
:10104000010EAB27D8B0AC2BD8B4AD2BD8B4AE2B97
:101050001FD0AE5307E1AD5305E1AC5303E1AB51F3
:10106000090810E2AE530EE1AD530CE1AC530AE1B6
:10107000AB513B0807E3050EAB27000EAC23AD23B5
:10108000AE2306D00A0EAB27000EAC23AD23AE2351
:10109000A8D0020E0101AB27000EAC23AD23AE2376
:1010A000A0D0CD2D01D009D0CD51040806E0CD51FE
:1010B000060803E0CD5102084DE10101AE5310E1F5
:1010C000AD530EE1AC530CE1AB51130809E3010E33
:1010D000AB27D8B0AC2BD8B4AD2BD8B4AE2B38D00E
:1010E000AE5307E1AD5305E1AC5303E1AB51130837
:1010F00010E2AE530EE1AD530CE1AC530AE1AB513B
:10110000630807E3020EAB27000EAC23AD23AE232A
:101110001FD0AE5307E1AD5305E1AC5303E1AB5132
:10112000630810E2AE530EE1AD530CE1AC530AE19B
:10113000AB51C70807E30A0EAB27000EAC23AD2363
:10114000AE2306D0320EAB27000EAC23AD23AE2368
:101150000AD00001010E0101AB27D8B0AC2BD8B4E6
:10116000AD2BD8B4AE2B3DD00101AE5310E1AD5341
:101170000EE1AC530CE1AB51270809E3010EAB279C
:10118000D8B0AC2BD8B4AD2BD8B4AE2B21D0AE5345
:1011900007E1AD5305E1AC5303E1AB51270812E27F
:1011A000AE5310E1AD530EE1AC5101080BE303E186
:1011B000AB518F0807E3280EAB27000EAC23AD23FD
:1011C000AE2306D0C80EAB27000EAC23AD23AE2352
:1011D00008D0010EAB27D8B0AC2BD8B4AD2BD8B407
:1011E000AE2B7CD00101A751006EA851036E0350B5
:1011F00005E1020E005C000109E00101035005E178
:10120000050E005C000135E0010155D00101AE532F
:1012100010E1AD530EE1AC530CE1AB51130809E3FF
:10122000010EAB27D8B0AC2BD8B4AD2BD8B4AE2BB5
:101230001FD0AE5307E1AD5305E1AC5303E1AB5111
:10124000130810E2AE530EE1AD530CE1AC530AE1CA
:10125000AB51630807E3050EAB27000EAC23AD23AB
:10126000AE2306D00A0EAB27000EAC23AD23AE236F
:101270002AD00101AE5318E1AD5316E1AC51030879
:1012800013E303E1AB51E7080FE30A0EAB27000EAF
:10129000AC23AD23AE23ABC100F0ACC101F0ADC1B6
:1012A00002F0AEC103F006D0320EAB27000EAC2325
:1012B000AD23AE2308D0010EAB27D8B0AC2BD8B4E9
:1012C000AD2BD8B4AE2B0AD00001010E0101AB2723
:1012D000D8B0AC2BD8B4AD2BD8B4AE2B11EF8FF067
:1012E00000010101A7530CE1A8530AE1A95308E149
:1012F000AA5306E1AA6BA96BA86BA76B11EF8FF03D
:10130000FF0EA727D8A0A827D8A0A927D8A0AA272A
:1013100000016B530FE10101A75102080AE1A85334
:1013200008E1A95306E1AA5304E1AA6BA96BA86BD3
:10133000A76B00016B510A0A0EE01E0A4CE00A0A74
:10134000D8B481D1360AD8B421D2780AD8B405EFFE
:101350008FF012EF8FF00101A751006EA851036EBC
:10136000035004E10052000117E00101035005E1C0
:10137000010E005C000117E00101035005E1020EBF
:10138000005C000117E00101035005E1030E005C61
:10139000000118E001011CD00101AE6BAD6BAC6B1C
:1013A0007BC0ABF115D00101AE6BAD6BAC6B7CC0FB
:1013B000ABF10ED00101AE6BAD6B0AC1ACF109C14E
:1013C000ABF106D00101AE6BAD6BAC6B8BC0ABF17A
:1013D000000112EF8FF0CC5338E10101A751090849
:1013E0000BE1A85309E1A95307E1AA5305E1AA6B50
:1013F000A96BA86B040EA76F000E4FB8010E006E0C
:10140000D89000360050036A130FE96E010E0320D6
:10141000EA6EECCFCFF8ED52EFCFCEF80801CE5305
:1014200012E1CF5310E10101A75104080BE1A853C9
:1014300009E1A95307E1AA5305E1AA6BA96BA86BBF
:10144000030EA76F080120D00001CC2D1CD0010194
:10145000A75104080BE1A85309E1A95307E1AA53D6
:1014600005E1AA6BA96BA86B030EA76FA751020831
:101470000AE1A85308E1A95306E1AA5304E1AA6BC3
:10148000A96BA86BA76B08010101A751006EA851B9
:10149000036E035004E10052000147E001010350D4
:1014A00005E1010E005C000147E00101035005E188
:1014B000020E005C000156E00101035005E1030E3D
:1014C000005C000165E00101035006E1040E005CD0
:1014D0000001D8B46DD00101035006E1050E005C97
:1014E0000001D8B475D00101035006E1060E005C7E
:1014F0000001D8B475D00101035006E1070E005C6D
:101500000001D8B475D00101035006E1080E005C5B
:101510000001D8B477D00101035006E1090E005C48
:101520000001D8B482D001018BD00101AE6BAD6B4C
:10153000AC6BCCC0ABF184D0000E4FB8010E006E86
:10154000D89000360050036A0F0FE96E010E032099
:10155000EA6E0101AE6BAD6BECCFACF1ED52EFCFAB
:10156000ABF16ED0000E4FB8010E006ED890003671
:101570000050036A130FE96E010E0320EA6E0101A9
:10158000AE6BAD6BECCFACF1ED52EFCFABF158D011
:10159000000E4FB8010E036A740FE96E000E0320AF
:1015A000EA6E0101AE6BAD6BAC6BEFCFABF148D027
:1015B000000E57BA010E016A026A036A03C0AEF157
:1015C00002C0ADF101C0ACF1E8CFABF1010138D000
:1015D0000101AE6BAD6B0CC1ACF10BC1ABF130D006
:1015E0000101AE6BAD6B0EC1ACF10DC1ABF128D0FA
:1015F000D8906335070120110101AB6FAC6BAD6B67
:10160000AE6B1ED034C111F933C110F90901136B4F
:10161000190E126F000185EC17F00101AE6BAD6B76
:1016200002C0ACF101C0ABF10BD00101AE6BAD6BF0
:1016300036C1ACF135C1ABF136C1BFF835C1BEF82A
:10164000000112EF8FF001017F5310E180530EE192
:10165000A75102080BE1A85309E1A95307E1AA53D6
:1016600005E1AA6BA96BA86B010EA76FA751006ECD
:10167000A851036E035005E1010E005C000125E056
:101680000101035005E1020E005C000126E00101AA
:10169000035005E1030E005C00012FE0010103503F
:1016A00005E1040E005C00013BE00101035005E18F
:1016B000050E005C00013CE00101035005E1060E4F
:1016C000005C00013CE001015ED00101AE6BAD6B3E
:1016D0007EC1ACF17DC1ABF156D0000E57BC010EFE
:1016E000016A026A036A03C0AEF102C0ADF101C033
:1016F000ACF1E8CFABF1010146D080C111F97FC157
:1017000010F90901136B050E126F000185EC17F03B
:101710000101AE6BAD6B02C0ACF101C0ABF133D0D7
:101720000101AE6BAD6BC1C0ACF1C0C0ABF12BD051
:101730000101AE6BAD6BAC6BC2C0ABF124D0C6C0C7
:1017400026F9C5C025F9C4C024F9C3C023F909018D
:101750002A6B296B286B7E0E276F00016FEC0AF055
:1017600003C010F902C00FF901C00EF900C00DF955
:10177000A3EC19F003C0AEF102C0ADF101C0ACF1B1
:1017800000C0ABF10101000112EF8FF0CD5106084E
:101790003EE0CD5105083BE0036A82515D0FE96EE2
:1017A000000E0320EA6EEF5210E10101A7510E086E
:1017B0000BE1A85309E1A95307E1AA5305E1AA6B7C
:1017C000A96BA86B0D0EA76F0001036A82515D0F14
:1017D000E96E000E0320EA6EEF5219E0036A8251AF
:1017E000590FE96E000E0320EA6EEF5210E001017E
:1017F000A7510E080BE1A85309E1A95307E1AA5329
:1018000005E1AA6BA96BA86B0D0EA76F0001CD2D8A
:1018100001D019D0CD51040816E0CD51060813E0CF
:10182000CD51020810E00101A7510C080BE1A853AB
:1018300009E1A95307E1AA5305E1AA6BA96BA86BBB
:101840000B0EA76F0001036A82515D0FE96E000E57
:101850000320EA6EEF5210E10101A7510A080BE1E3
:10186000A85309E1A95307E1AA5305E1AA6BA96BA3
:10187000A86B090EA76F0001CD5310E00101A7511D
:101880000A080BE1A85309E1A95307E1AA5305E1AE
:10189000AA6BA96BA86B090EA76F0001CD510308B5
:1018A00016E0CD51040813E0CD51020810E001010B
:1018B000A75108080BE1A85309E1A95307E1AA536E
:1018C00005E1AA6BA96BA86B070EA76F0001D89062
:1018D0008235036AFF0FE96E000E0320EA6EECCF3B
:1018E000CFF8ED52EFCFCEF80801CE5312E1CF532F
:1018F00010E10101A75106080BE1A85309E1A95322
:1019000007E1AA5305E1AA6BA96BA86B050EA76FA7
:1019100008010001CD5310E10101A75105080BE1B9
:10192000A85309E1A95307E1AA5305E1AA6BA96BE2
:10193000A86B040EA76F0001822D01D010D0010109
:10194000A75102080BE1A85309E1A95307E1AA53E3
:1019500005E1AA6BA96BA86B010EA76F000182516C
:10196000030849E10101AA5307E1A95305E1A8537E
:1019700003E1A7510D080FE2AA530DE1A9530BE1B2
:10198000A85309E1A7510E0806E3AA6BA96BA86B3F
:101990000D0EA76F2FD0AA5307E1A95305E1A85355
:1019A00003E1A7510B080FE2AA530DE1A9530BE184
:1019B000A85309E1A7510C0806E3AA6BA96BA86B11
:1019C0000B0EA76F17D0AA5307E1A95305E1A8533F
:1019D00003E1A75101080EE2AA530CE1A9530AE161
:1019E000A85308E1A7510A0805E3AA6BA96BA86BE5
:1019F000010EA76F00010101A751006EA851036EEF
:101A0000035006E1010E005C0001D8B46AD0010168
:101A1000035006E1020E005C0001D8B469D0010158
:101A2000035006E1030E005C0001D8B468D0010148
:101A3000035006E1040E005C0001D8B471D001012E
:101A4000035006E1050E005C0001D8B47AD0010114
:101A5000035006E1060E005C0001D8B479D0010104
:101A6000035006E1070E005C0001D8B47FD00101ED
:101A7000035006E1080E005C0001D8B488D00101D3
:101A8000035006E1090E005C0001D8B487D00101C3
:101A9000035006E10A0E005C0001D8B48DD00101AC
:101AA000035006E10B0E005C0001D8B493D0010195
:101AB000035006E10C0E005C0001D8B4CAD001014D
:101AC000035006E10D0E005C0001D8B401D1010104
:101AD000035006E10E0E005C0001D8B447D10101AD
:101AE00092D10101AE6BAD6BAC6B82C0ABF18BD10F
:101AF0000101AE6BAD6BAC6BCDC0ABF184D1D890B6
:101B00008235036AF70FE96E000E0320EA6E0101C9
:101B1000AE6BAD6BECCFACF1ED52EFCFABF173D15F
:101B2000D8908235036AFF0FE96E000E0320EA6E3B
:101B30000101AE6BAD6BECCFACF1ED52EFCFABF181
:101B400062D10101AE6BAD6BAC6B64C2ABF15BD12A
:101B5000036A8251650FE96E000E0320EA6E0101EF
:101B6000AE6BAD6BAC6BEFCFABF14DD1D890823596
:101B7000036A390FE96E010E0320EA6E0101AE6BB4
:101B8000AD6BECCFACF1ED52EFCFABF13CD101013D
:101B9000AE6BAD6BAC6B5BC2ABF135D1036A8251FE
:101BA0005D0FE96E000E0320EA6E0101AE6BAD6BB6
:101BB000AC6BEFCFABF127D1036A8251590FE96EBD
:101BC000000E0320EA6E0101AE6BAD6BAC6BEFCF84
:101BD000ABF119D1CD2D01D009D0CD51040806E0CB
:101BE000CD51060803E0CD51020809E10101AE6BB9
:101BF000AD6B58C2ACF157C2ABF12AD00001D890FE
:101C00008235036ACF0FE96E000E0320EA6EECCF37
:101C100011F9ED52EFCF10F932C113F931C112F9B8
:101C200085EC17F00101AE6BAD6B02C0ACF101C0E9
:101C3000ABF1D89000018235036ACF0FE96E000E38
:101C40000320EA6EECCFBFF8ED52EFCFBEF80101F2
:101C5000DAD0CD2D01D009D0CD51040806E0CD5108
:101C6000060803E0CD51020809E10101AE6BAD6B3E
:101C70005AC2ACF159C2ABF12AD00001D8908235DA
:101C8000036ACF0FE96E000E0320EA6EECCF11F964
:101C9000ED52EFCF10F932C113F931C112F985ECD1
:101CA00017F00101AE6BAD6B02C0ACF101C0ABF13E
:101CB000D89000018235036ACF0FE96E000E032031
:101CC000EA6EECCFBFF8ED52EFCFBEF801019BD02A
:101CD000CD51050803E0CD5106081BE1D89263C23F
:101CE00013F962C212F961C211F960C210F9090157
:101CF000176B166B156B190E146F0001DBEC09F0F6
:101D000003C0AEF102C0ADF101C0ACF100C0ABF157
:101D10002BD08251040DF350036AD70FE96E000EE9
:101D20000320EA6EEFCF10F9ECCF11F9ECCF12F9E6
:101D3000ECCF13F9EACFD3F8E9CFD2F8D892090162
:101D4000176B166B156B190E146F0001DBEC09F0A5
:101D5000D3C8EAFFD2C8E9FF03C0AEF102C0ADF1BB
:101D600001C0ACF100C0ABF101014DD0CD5105086F
:101D700003E0CD5106081BE1D8925FC213F95EC2A1
:101D800012F95DC211F95CC210F90901176B166BEB
:101D9000156B190E146F0001DBEC09F003C0AEF1F6
:101DA00002C0ADF101C0ACF100C0ABF12BD082514B
:101DB000040DF350036AE70FE96E000E0320EA6E8C
:101DC000EFCF10F9ECCF11F9ECCF12F9ECCF13F9FA
:101DD000EACFD3F8E9CFD2F8D8920901176B166B86
:101DE000156B190E146F0001DBEC09F0D3C8EAFF84
:101DF000D2C8E9FF03C0AEF102C0ADF101C0ACF141
:101E000000C0ABF1010100010DD00101AA6BA96B6B
:101E1000A86B080EA76FAE6BAD6B4FC2ACF14EC294
:101E2000ABF1000128D06B515B0803E06B515C08FB
:101E300018E10101A75306E1A85304E1A95302E107
:101E4000AA5309E0FF0EA727D8A0A827D8A0A92742
:101E5000D8A0AA2704D0AA6BA96BA86BA76B0AD03D
:101E60000001010E0101A727D8B0A82BD8B4A92BD7
:101E7000D8B4AA2B0001080100016A6B4E944E9859
:101E80004E961B6AF2BE1B8EF29E09016F6B00011B
:101E900053EC03F01BBEF28E5190A8C17AF1A7C19A
:101EA00079F175EFE6F00101AA5307E1A95305E1C5
:101EB000A85303E1A75114080FE2020EA75F000E1A
:101EC000A85BA95BAA5BA7C100F0A8C101F0A9C1EA
:101ED00002F0AAC103F010D0AAC103F0A9C102F018
:101EE000A8C101F0A7C100F0FF0EA727D8A0A8271E
:101EF000D8A0A927D8A0AA27000112006A51020879
:101F0000D8A48FEF9BF0518C020E7D6F4E9EA8ECF3
:101F100007F06B518D0807E06B51830804E06B51AB
:101F20007908D8A467D26B518D08D8A47AD082C022
:101F3000E9FF070EEA6EEF52D8B472D0D89082351E
:101F4000036A470FE96E010E0320EA6EECCFCFF86B
:101F5000ED52EFCFCEF80801CF5306E1CE51020883
:101F6000D8A002D000015CD082C0E7F8E86BEA6B31
:101F7000550EE96F000120EC08F0D0EC65F001018E
:101F8000AA530DE1A9530BE1A85309E1A751020897
:101F900006E3AA6BA96BA86B020EA76F40D0D8907E
:101FA00000018235036A390FE96E010E0320EA6EE3
:101FB0000101AA6BA96BECCFA8F1ED52EFCFA7F10D
:101FC000000187A717D0020E0101A75F000EA85BD2
:101FD000A95BAA5BAA530CE1A9530AE1A85308E143
:101FE000A751020805E3AA6BA96BA86B020EA76FA5
:101FF00016D00001020E0101A75F000EA85BA95BCD
:10200000AA5BAA530CE1A9530AE1A85308E1A7511E
:10201000020805E3AA6BA96BA86B020EA76F00016B
:1020200084D06B517908D8A45AD05592D0EC65F081
:1020300085C862F06251615D07E1010148531CE10E
:102040004751020819E30001000E4FB8010E006E5F
:10205000D89000360050036A130FE96E010E03207A
:10206000EA6EECCFCFF8ED52EFCFCEF80801CE53A9
:1020700034E1CF5332E101010001615319E107015D
:10208000045314E00101AA530DE1A9530BE1A85335
:1020900009E1A751020806E3AA6BA96BA86B020E1F
:1020A000A76F03D00001FFDE0101070115D0000179
:1020B0000101AA530DE1A9530BE1A85309E1A7516E
:1020C000020806E3AA6BA96BA86B020EA76F03D0E8
:1020D0000001E9DE0101070108012AD000016B516E
:1020E000830823E10101485307E14751150804E340
:1020F0007F531CE180531AE155920001D0EC65F04A
:102100000701045314E00101AA530DE1A9530BE1A7
:10211000A85309E1A751020806E3AA6BA96BA86BB3
:10212000020EA76F03D00001BEDE01010701080106
:1021300085C862F000016251615D07E10101485309
:1021400026E14751010823E300016B517908D8B417
:1021500002D001011CD0000E4FB8010E006ED890C5
:1021600000360050036A130FE96E010E0320EA6E79
:10217000ECCFCFF8ED52EFCFCEF80801CE5304E10B
:10218000CF5302E14F8201D04F9238D00101485322
:1021900003E14751140804E27F5312E1805310E138
:1021A00000016B518308D8B402D0010109D00101AC
:1021B0007F5304E1805302E14F8201D04F921FD040
:1021C00000016B518D0818E1D8908235036A470FE2
:1021D000E96E010E0320EA6EECCFCFF8ED52EFCF9F
:1021E000CEF80801CF5303E1CE51020802E24F823C
:1021F00001D04F9203D000014F820801010100017C
:102200006B517908D8A4A2D085C862F06251615D93
:1022100007E1010148531EE1475102081BE3000199
:10222000000E4FB8010E006ED89000360050036AC1
:10223000130FE96E010E0320EA6EECCFCFF8ED52DA
:10224000EFCFCEF80801CE53D8A47ED0CF53D8A478
:102250007BD001010001615372E1070104536BE07F
:10226000000E4FB8010E006ED89000360050036A81
:102270000F0FE96E010E0320EA6EA7C1EFFFA8C1A0
:10228000ECFF000E4FB8010E006ED89000360050E3
:10229000036A0F0FE96E010E0320EA6EECCF0BF913
:1022A000ED52EFCF0AF909010D6B320E0C6F0001F0
:1022B00063EC0BF002C05EF101C05DF157AA38D0AB
:1022C000000E4FB8010E006ED89000360050036A21
:1022D000130FE96E010E0320EA6EECCFCFF8ED523A
:1022E000EFCFCEF80801CE5302E1CF5322E0000E2B
:1022F0004FB8010E006ED89000360050036A0F0FE1
:10230000E96E010E0320EA6EECCFD7F8ED52EFCF65
:10231000D6F89EC1D5F89DC1D4F89CC1D3F89BC115
:10232000D2F8000154EC7FF002C048F101C047F13F
:10233000080103D007014F92080106D00001A8C18F
:102340000CF1A7C10BF1080152D000016B518308B9
:1023500041E10101485307E14751150804E37F5368
:1023600037E1805335E10701045330E0A8C17EF125
:10237000A7C17DF17EC10BF97DC10AF909010D6B81
:10238000320E0C6F000163EC0BF002C060F101C073
:102390005FF157AC18D001017F5302E1805314E084
:1023A000A2C1D5F8A1C1D4F8A0C1D3F89FC1D2F879
:1023B0007EC1D7F87DC1D6F8000154EC7FF002C091
:1023C00048F101C047F1010103D007014F9201011B
:1023D0000DD00001D8908235036A390FE96E010EE5
:1023E0000320EA6EA7C1EFFFA8C1ECFF08016DEF63
:1023F0009BF000016B51B50823E155945896D0EC41
:1024000065F0FF0E0101A727D8A0A827D8A0A9270B
:10241000D8A0AA27AA530CE1A9530AE1A85308E1BE
:10242000A751020805E3AA6BA96BA86B020EA76F60
:10243000A8C14FF2A7C14EF24F826BEF9BF0000193
:102440006B51780809E06B51820806E06B518C08EB
:1024500003E06B51B40802E16CEF9BF06BC009F92B
:102460000A0E09010A6F000166EC0FF0005206E146
:102470006B515E0803E36B51320805E16B51310883
:10248000D8A445EF9BF051A0B0EF95F06B510A082E
:1024900011E06B5114080EE06B511E080BE06B51FC
:1024A000280808E06B51500805E06B515A08D8A481
:1024B000B0EF95F00101AB530CE1AC530AE1AD5321
:1024C00008E1AE5306E1AE6BAD6BAC6BAB6BADEF41
:1024D00095F000016B51140816E10101A7510B089A
:1024E000D8B402D000010FD0A853D8B402D0000154
:1024F0000AD0A953D8B402D0000105D0AA53D8B449
:10250000ADEF95F000016B511E0816E10101A751D6
:102510000908D8B402D000010FD0A853D8B402D013
:1025200000010AD0A953D8B402D0000105D0AA53A3
:10253000D8B4ADEF95F000016B51280816E1010108
:10254000A7511008D8B402D000010FD0A853D8B4B6
:1025500002D000010AD0A953D8B402D0000105D09E
:10256000AA53D8B4ADEF95F000016B51500816E1B5
:102570000101A7510B08D8B402D000010FD0A85315
:10258000D8B402D000010AD0A953D8B402D00001B7
:1025900005D0AA53D8B4ADEF95F000016B51140AE1
:1025A0000AE00A0AD8B4C8D0360AD8B444D1780AA6
:1025B000D8B456D2C9D20101A751006EA851036EFA
:1025C000035005E1010E005C00011FE00101035012
:1025D00005E1050E005C000118E00101035005E172
:1025E000020E005C000142E00101035005E1060E0D
:1025F000005C00013BE00101035006E1090E005CB4
:102600000001D8B466D001018ED00101AE5307E1BC
:10261000AD5305E1AC5303E1AB51140808E2020EDF
:10262000AB5F000EAC5BAD5BAE5BAB5110D0AEC12F
:1026300003F0ADC102F0ACC101F0ABC100F0FF0E80
:10264000AB27D8A0AC27D8A0AD27D8A0AE27AE53D3
:102650000CE1AD530AE1AC5308E1AB51020805E3CC
:10266000AE6BAD6BAC6B020EAB6F65D00101AE53C0
:1026700010E1AD530EE1AC530CE1AB51140809E38A
:10268000FF0EAB27D8A0AC27D8A0AD27D8A0AE2787
:102690001FD0AE5307E1AD5305E1AC5303E1AB519D
:1026A000140810E2AE530EE1AD530CE1AC530AE155
:1026B000AB513C0807E3020EAB5F000EAC5BAD5BB9
:1026C000AE5B06D0050EAB5F000EAC5BAD5BAE5BE8
:1026D00032D00101AE5307E1AD5305E1AC5303E144
:1026E000AB5114080FE2020EAB5F000EAC5BAD5BAA
:1026F000AE5BABC100F0ACC101F0ADC102F0AEC148
:1027000003F010D0AEC103F0ADC102F0ACC101F0D6
:10271000ABC100F0FF0EAB27D8A0AC27D8A0AD27E7
:10272000D8A0AE2708D0FF0EAB27D8A0AC27D8A0E2
:10273000AD27D8A0AE2711D20101A751006EA85134
:10274000036E035005E1010E005C000110E0010181
:10275000035005E1040E005C00013AE00101035062
:1027600005E1050E005C000133E001015BD00101D1
:10277000AE5307E1AD5305E1AC5303E1AB5114088F
:1027800008E2020EAB5F000EAC5BAD5BAE5BAB5123
:1027900010D0AEC103F0ADC102F0ACC101F0ABC1CD
:1027A00000F0FF0EAB27D8A0AC27D8A0AD27D8A04B
:1027B000AE27AE530CE1AD530AE1AC5308E1AB5187
:1027C000020805E3AE6BAD6BAC6B020EAB6F32D0A3
:1027D0000101AE5307E1AD5305E1AC5303E1AB5149
:1027E0000A080FE2050EAB5F000EAC5BAD5BAE5BA3
:1027F000ABC100F0ACC101F0ADC102F0AEC103F05D
:1028000010D0AEC103F0ADC102F0ACC101F0ABC15C
:1028100000F0FF0EAB27D8A0AC27D8A0AD27D8A0DA
:10282000AE2708D0FF0EAB27D8A0AC27D8A0AD2785
:10283000D8A0AE2792D10101A751006EA851036E16
:10284000035005E1030E005C00012EE0010103507E
:1028500005E1040E005C000127E00101035005E1E1
:10286000070E005C000153E00101035005E10B0E6F
:10287000005C000154E00101035005E10C0E005C16
:1028800000014DE00101035006E10D0E005C000166
:10289000D8B4A8D00101035006E10E0E005C00017F
:1028A000D8B4A0D00101D3D00101AE5310E1AD5393
:1028B0000EE1AC530CE1AB510A0809E3FF0EAB2764
:1028C000D8A0AC27D8A0AD27D8A0AE271FD0AE5334
:1028D00007E1AD5305E1AC5303E1AB510A0810E247
:1028E000AE530EE1AD530CE1AC530AE1AB513C08E1
:1028F00007E3050EAB5F000EAC5BAD5BAE5B06D0D5
:102900000A0EAB5F000EAC5BAD5BAE5BA8D0020EF7
:102910000101AB5F000EAC5BAD5BAE5BA0D0CD2D1B
:1029200001D009D0CD51040806E0CD51060803E0DE
:10293000CD5102084DE10101AE5310E1AD530EE15E
:10294000AC530CE1AB51140809E3FF0EAB27D8A040
:10295000AC27D8A0AD27D8A0AE2738D0AE5307E11A
:10296000AD5305E1AC5303E1AB51140810E2AE5393
:102970000EE1AD530CE1AC530AE1AB51640807E33F
:10298000020EAB5F000EAC5BAD5BAE5B1FD0AE5317
:1029900007E1AD5305E1AC5303E1AB51640810E22C
:1029A000AE530EE1AD530CE1AC530AE1AB51C80894
:1029B00007E30A0EAB5F000EAC5BAD5BAE5B06D00F
:1029C000320EAB5F000EAC5BAD5BAE5B0AD00001BC
:1029D000FF0E0101AB27D8A0AC27D8A0AD27D8A007
:1029E000AE273DD00101AE5310E1AD530EE1AC5323
:1029F0000CE1AB51280809E3FF0EAB27D8A0AC27A8
:102A0000D8A0AD27D8A0AE2721D0AE5307E1AD5353
:102A100005E1AC5303E1AB51280812E2AE5310E1DB
:102A2000AD530EE1AC5101080BE303E1AB5190084B
:102A300007E3280EAB5F000EAC5BAD5BAE5B06D070
:102A4000C80EAB5F000EAC5BAD5BAE5B08D0FF0E9B
:102A5000AB27D8A0AC27D8A0AD27D8A0AE277DD073
:102A60000101A751006EA851036E035005E1020E4B
:102A7000005C000109E00101035005E1050E005C66
:102A8000000135E0010156D00101AE5310E1AD5314
:102A90000EE1AC530CE1AB51140809E3FF0EAB2778
:102AA000D8A0AC27D8A0AD27D8A0AE271FD0AE5352
:102AB00007E1AD5305E1AC5303E1AB51140810E25B
:102AC000AE530EE1AD530CE1AC530AE1AB516408D7
:102AD00007E3050EAB5F000EAC5BAD5BAE5B06D0F3
:102AE0000A0EAB5F000EAC5BAD5BAE5B2BD00101A1
:102AF000AE530AE1AD5308E1AC51020814E2FF0AFB
:102B000003E1AB51E8080FE2320EAB5F000EAC5BA5
:102B1000AD5BAE5BABC100F0ACC101F0ADC102F08A
:102B2000AEC103F006D00A0EAB5F000EAC5BAD5B2E
:102B3000AE5B08D0FF0EAB27D8A0AC27D8A0AD273E
:102B4000D8A0AE270AD00001FF0E0101AB27D8A004
:102B5000AC27D8A0AD27D8A0AE2743EF9BF000014B
:102B6000010E0101A727D8B0A82BD8B4A92BD8B43F
:102B7000AA2B00016B5318E10101A72D06D0A85321
:102B800004E1A95302E1AA5309E0A75102080BE1AD
:102B9000A85309E1A95307E1AA5305E1AA6BA96B60
:102BA000A86B030EA76F00016B510A0A0EE01E0A04
:102BB0004CE00A0AD8B481D1360AD8B421D2780AB6
:102BC000D8B43DEF9BF044EF9BF00101A751006E9C
:102BD000A851036E035004E10052000117E0010107
:102BE000035005E1010E005C000117E001010350F4
:102BF00005E1020E005C000117E00101035005E150
:102C0000030E005C000118E001011CD00101AE6B55
:102C1000AD6BAC6B7BC0ABF115D00101AE6BAD6B96
:102C2000AC6B7CC0ABF10ED00101AE6BAD6B0AC1D9
:102C3000ACF109C1ABF106D00101AE6BAD6BAC6B71
:102C40008BC0ABF1000144EF9BF0CC5338E1000E98
:102C50004FB8010E006ED89000360050036A130F73
:102C6000E96E010E0320EA6EECCFCFF8ED52EFCF04
:102C7000CEF80801CE5312E1CF5310E10101A75164
:102C800004080BE1A85309E1A95307E1AA5305E1A0
:102C9000AA6BA96BA86B050EA76F08010101A751CC
:102CA00005080BE1A85309E1A95307E1AA5305E17F
:102CB000AA6BA96BA86B0A0EA76F1FD00001CC2DC1
:102CC0001DD00101A72D0BD0A85309E1A95307E19D
:102CD000AA5305E1AA6BA96BA86B030EA76FA751B6
:102CE00004080BE1A85309E1A95307E1AA5305E140
:102CF000AA6BA96BA86B050EA76F00010101A75174
:102D0000006EA851036E035004E10052000147E039
:102D10000101035005E1010E005C000147E00101E3
:102D2000035005E1020E005C000156E00101035072
:102D300005E1030E005C000165E00101035006E1BE
:102D4000040E005C0001D8B46DD00101035006E10F
:102D5000050E005C0001D8B475D00101035006E1F6
:102D6000060E005C0001D8B475D00101035006E1E5
:102D7000070E005C0001D8B475D00101035006E1D4
:102D8000080E005C0001D8B477D00101035006E1C1
:102D9000090E005C0001D8B482D001018BD0010182
:102DA000AE6BAD6BAC6BCCC0ABF184D0000E4FB84A
:102DB000010E006ED89000360050036A0F0FE96EC6
:102DC000010E0320EA6E0101AE6BAD6BECCFACF1EE
:102DD000ED52EFCFABF16ED0000E4FB8010E006E8A
:102DE000D89000360050036A130FE96E010E0320DD
:102DF000EA6E0101AE6BAD6BECCFACF1ED52EFCFF3
:102E0000ABF158D0000E4FB8010E036A740FE96E93
:102E1000000E0320EA6E0101AE6BAD6BAC6BEFCF21
:102E2000ABF148D0000E57BA010E016A026A036A7C
:102E300003C0AEF102C0ADF101C0ACF1E8CFABF11F
:102E4000010138D00101AE6BAD6B0CC1ACF10BC10F
:102E5000ABF130D00101AE6BAD6B0EC1ACF10DC169
:102E6000ABF128D0D8906335070120110101AB6F79
:102E7000AC6BAD6BAE6B1ED034C111F933C110F920
:102E80000901136B190E126F000185EC17F0010197
:102E9000AE6BAD6B02C0ACF101C0ABF10BD0010168
:102EA000AE6BAD6B36C1ACF135C1ABF136C1BFF81D
:102EB00035C1BEF8000144EF9BF001017F5310E1E2
:102EC00080530EE1A75102080BE1A85309E1A95371
:102ED00007E1AA5305E1AA6BA96BA86B030EA76FC4
:102EE000A751006EA851036E035005E1010E005C6E
:102EF000000125E00101035005E1020E005C000124
:102F000026E00101035005E1030E005C00012FE003
:102F10000101035005E1040E005C00013BE00101EA
:102F2000035005E1050E005C00013CE00101035087
:102F300005E1060E005C00013CE001015ED00101EC
:102F4000AE6BAD6B7EC1ACF17DC1ABF156D0000E66
:102F500057BC010E016A026A036A03C0AEF102C0E7
:102F6000ADF101C0ACF1E8CFABF1010146D080C1B9
:102F700011F97FC110F90901136B050E126F0001E1
:102F800085EC17F00101AE6BAD6B02C0ACF101C076
:102F9000ABF133D00101AE6BAD6BC1C0ACF1C0C0C1
:102FA000ABF12BD00101AE6BAD6BAC6BC2C0ABF122
:102FB00024D0C6C026F9C5C025F9C4C024F9C3C0B1
:102FC00023F909012A6B296B286B7E0E276F0001FC
:102FD0006FEC0AF003C010F902C00FF901C00EF93E
:102FE00000C00DF9A3EC19F003C0AEF102C0ADF1C1
:102FF00001C0ACF100C0ABF10101000144EF9BF056
:10300000822D01D010D00101A75102080BE1A85375
:1030100009E1A95307E1AA5305E1AA6BA96BA86BC3
:10302000030EA76F0001CD5310E10101A751050860
:103030000BE1A85309E1A95307E1AA5305E1AA6BE3
:10304000A96BA86B060EA76F0001D8908235036AA2
:10305000FF0FE96E000E0320EA6EECCFCFF8ED52C1
:10306000EFCFCEF80801CE5312E1CF5310E10101AA
:10307000A75106080BE1A85309E1A95307E1AA5398
:1030800005E1AA6BA96BA86B070EA76F08010001E9
:10309000CD51030816E0CD51040813E0CD510208CC
:1030A00010E00101A75108080BE1A85309E1A95359
:1030B00007E1AA5305E1AA6BA96BA86B090EA76FDC
:1030C0000001036A82515D0FE96E000E0320EA6E73
:1030D000EF5210E10101A7510A080BE1A85309E1E1
:1030E000A95307E1AA5305E1AA6BA96BA86B0B0EC4
:1030F000A76F0001CD5310E00101A7510A080BE1B1
:10310000A85309E1A95307E1AA5305E1AA6BA96BEA
:10311000A86B0B0EA76F0001CD2D01D019D0CD519A
:10312000040816E0CD51060813E0CD51020810E066
:103130000101A7510C080BE1A85309E1A95307E1CC
:10314000AA5305E1AA6BA96BA86B0D0EA76F00012E
:10315000CD5106083EE0CD5105083BE0036A82519F
:103160005D0FE96E000E0320EA6EEF5210E10101DF
:10317000A7510E080BE1A85309E1A95307E1AA538F
:1031800005E1AA6BA96BA86B0F0EA76F0001036A7C
:1031900082515D0FE96E000E0320EA6EEF5219E0D6
:1031A000036A8251590FE96E000E0320EA6EEF5256
:1031B00010E00101A7510E080BE1A85309E1A95342
:1031C00007E1AA5305E1AA6BA96BA86B0F0EA76FC5
:1031D00000018251030849E10101AA5307E1A95303
:1031E00005E1A85303E1A75101080FE2AA530DE13D
:1031F000A9530BE1A85309E1A7510A0806E3AA6BFA
:10320000A96BA86B0B0EA76F2FD0AA5307E1A95388
:1032100005E1A85303E1A7510B080FE2AA530DE102
:10322000A9530BE1A85309E1A7510C0806E3AA6BC7
:10323000A96BA86B0D0EA76F17D0AA5307E1A9536E
:1032400005E1A85303E1A7510D080EE2AA530CE1D2
:10325000A9530AE1A85308E1A7510E0805E3AA6B98
:10326000A96BA86B0F0EA76F00010101A751006E9B
:10327000A851036E035006E1010E005C0001D8B4B2
:103280006AD00101035006E1020E005C0001D8B4CF
:1032900069D00101035006E1030E005C0001D8B4BF
:1032A00068D00101035006E1040E005C0001D8B4AF
:1032B00071D00101035006E1050E005C0001D8B495
:1032C0007AD00101035006E1060E005C0001D8B47B
:1032D00079D00101035006E1070E005C0001D8B46B
:1032E0007FD00101035006E1080E005C0001D8B454
:1032F00088D00101035006E1090E005C0001D8B43A
:1033000087D00101035006E10A0E005C0001D8B429
:103310008DD00101035006E10B0E005C0001D8B412
:1033200093D00101035006E10C0E005C0001D8B4FB
:10333000CAD00101035006E10D0E005C0001D8B4B3
:1033400001D10101035006E10E0E005C0001D8B46A
:1033500046D1010190D10101AE6BAD6BAC6B82C067
:10336000ABF189D10101AE6BAD6BAC6BCDC0ABF1F4
:1033700082D1D8908235036AF70FE96E000E0320E0
:10338000EA6E0101AE6BAD6BECCFACF1ED52EFCF5D
:10339000ABF171D1D8908235036AFF0FE96E000E50
:1033A0000320EA6E0101AE6BAD6BECCFACF1ED52D8
:1033B000EFCFABF160D10101AE6BAD6BAC6B64C212
:1033C000ABF159D1036A8251650FE96E000E0320FB
:1033D000EA6E0101AE6BAD6BAC6BEFCFABF14BD1D5
:1033E000D8908235036A390FE96E010E0320EA6E28
:1033F0000101AE6BAD6BECCFACF1ED52EFCFABF1A9
:103400003AD10101AE6BAD6BAC6B5BC2ABF133D1AA
:10341000036A82515D0FE96E000E0320EA6E01011E
:10342000AE6BAD6BAC6BEFCFABF125D1036A8251C4
:10343000590FE96E000E0320EA6E0101AE6BAD6B11
:10344000AC6BEFCFABF117D1CD2D01D009D0CD5161
:10345000040806E0CD51060803E0CD51020809E159
:103460000101AE6BAD6B58C2ACF157C2ABF12AD0C3
:103470000001D8908235036ACF0FE96E000E032059
:10348000EA6EECCF11F9ED52EFCF10F932C113F91A
:1034900031C112F985EC17F00101AE6BAD6B02C0C2
:1034A000ACF101C0ABF1D89000018235036ACF0FB7
:1034B000E96E000E0320EA6EECCFBFF8ED52EFCFBD
:1034C000BEF80101D8D0CD2D01D009D0CD510408CE
:1034D00006E0CD51060803E0CD51020809E10101E3
:1034E000AE6BAD6B5AC2ACF159C2ABF12AD0000140
:1034F000D8908235036ACF0FE96E000E0320EA6E82
:10350000ECCF11F9ED52EFCF10F932C113F931C1FF
:1035100012F985EC17F00101AE6BAD6B02C0ACF196
:1035200001C0ABF1D89000018235036ACF0FE96E7C
:10353000000E0320EA6EECCFBFF8ED52EFCFBEF8DD
:10354000010199D08251040DF350036AD70FE96E3F
:10355000000E0320EA6EEFCF10F9ECCF11F9ECCF9B
:1035600012F9ECCF13F9EACFD3F8E9CFD2F8D89219
:103570000901176B166B156B190E146F0001DBEC4C
:1035800009F0D3C8EAFFD2C8E9FF03C0AEF102C018
:10359000ADF101C0ACF100C0ABF1CD51050803E0C5
:1035A000CD5106081AE1D89263C213F962C212F92A
:1035B00061C211F960C210F90901176B166B156B26
:1035C000190E146F0001DBEC09F003C0AEF102C06C
:1035D000ADF101C0ACF100C0ABF101014CD08251A2
:1035E000040DF350036AE70FE96E000E0320EA6E44
:1035F000EFCF10F9ECCF11F9ECCF12F9ECCF13F9B2
:10360000EACFD3F8E9CFD2F8D8920901176B166B3D
:10361000156B190E146F0001DBEC09F0D3C8EAFF3B
:10362000D2C8E9FF03C0AEF102C0ADF101C0ACF1F8
:1036300000C0ABF1CD51050803E0CD5106081AE1F9
:10364000D8925FC213F95EC212F95DC211F95CC271
:1036500010F90901176B166B156B190E146F000129
:10366000DBEC09F003C0AEF102C0ADF101C0ACF17A
:1036700000C0ABF10101000107D00101AA6BA96BE9
:10368000A86B0A0EA76F000127D06B515B0803E0FF
:103690006B515C080BE1010E0101A727D8B0A82BE4
:1036A000D8B4A92BD8B4AA2B16D00001FF0E010163
:1036B000A727D8A0A827D8A0A927D8A0AA27A7536A
:1036C0000AE1A85308E1A95306E1AA5304E1AA6B51
:1036D000A96BA86BA76B00010801000182C0E9FF7C
:1036E000070EEA6EEF5207E16B518C0803E06B5155
:1036F0008D0801E14F926A6B4E944E984E961B6A6C
:10370000F2BE1B8EF29E09016F6B000153EC03F0B9
:103710001BBEF28E5190A8C17AF1A7C179F17BEF5F
:10372000E6F08251FC0F4CE2040FE1EF9BF087A121
:1037300008D089A103D08E0E6B6F02D08D0E6B6FF7
:1037400008D0280E6B6F0101AA6BA96BA86BA76B41
:10375000000136D087A308D089A303D08E0E6B6FEB
:1037600002D08D0E6B6F08D0280E6B6F0101AA6B13
:10377000A96BA86BA76B000123D087A507D08D0E7E
:103780006B6F89A502D08E0E6B6F08D0280E6B6F01
:103790000101AA6BA96BA86BA76B000111D087A7C9
:1037A00007D08D0E6B6F89A702D08E0E6B6F08D07D
:1037B000280E6B6F0101AA6BA96BA86BA76B0001A8
:1037C0001200E824F76AF736E30FF66E370EF72299
:1037D000010EF86EFB6E0A00F550FA6E0800F55007
:1037E000F96E2E3754377A379E370801E36BE2C8FB
:1037F000E4F8F250006EF29EDEC863FFDDC862FF9F
:10380000E4C861FF7F9C7F9E7F840F01550E7E6E12
:10381000AA0E7E6E7F820050F2127FB2FED77F9496
:103820001B6AF2BE1B8EF29E050E0901796F000124
:1038300041EC06F01BBEF28E010E0801DD25E46F9F
:10384000000EDE21E56FE1C8E6F8F250006EF29E50
:10385000E5C863FFE4C862FFE6C861FF7F9C7F9E06
:103860007F840F01550E7E6EAA0E7E6E7F82005001
:10387000F2127FB2FED77F941B6AF2BE1B8EF29EBD
:10388000050E0901796F000141EC06F01BBEF28EB6
:10389000020E0801DD25E46F000EDE21E56FE0C8B1
:1038A000E6F8F250006EF29EE5C863FFE4C862FFDE
:1038B000E6C861FF7F9C7F9E7F840F01550E7E6E60
:1038C000AA0E7E6E7F820050F2127FB2FED77F94E6
:1038D0001B6AF2BE1B8EF29E050E0901796F000174
:1038E00041EC06F01BBEF28E030E0801DD25E46FED
:1038F000000EDE21E56FDFC8E6F8F250006EF29EA2
:10390000E5C863FFE4C862FFE6C861FF7F9C7F9E55
:103910007F840F01550E7E6EAA0E7E6E7F82005050
:10392000F2127FB2FED77F941B6AF2BE1B8EF29E0C
:10393000050E0901796F000141EC06F01BBEF28E05
:103940000801E3C801F0000112000801D36BD56B38
:10395000D46BD66B0001CE5103083FE0010E080185
:10396000D25DFB0F38E2050F000167EFA3F0CE2D0B
:1039700006D0010E0801D56F0D0ED46F00010801AD
:103980002AD0CE51780DF350A90F0801D46FD56B12
:10399000D8B0D42B20D0CE51780DF350BD0F0801F4
:1039A000D46FD56BD8B0D42B16D015D0CE51780D9E
:1039B000F350D10F0801D46FD56BD8B0D42B0BD0F6
:1039C000CE51780DF350E50F0801D46FD56BD8B008
:1039D000D42B01D0080120D000010801D251030AE4
:1039E000000105E0070A0AE0010A0FE014D0020E08
:1039F0000801D56F610ED46F00010DD0020E0801D1
:103A0000D56F890ED46F000106D0020E0801D56F64
:103A1000B10ED46F00010801010E0001BF5DF80F67
:103A2000D8B042EFA3F0080F7CEFA3F0D890823516
:103A3000036AF70FE96E000E0320EA6EECCFDEF8A2
:103A4000ED52EFCFDDF8D5C8DCF8D4C8DBF8DDECFB
:103A500008F0020E0801D425D76F000ED521D86FCB
:103A6000D89000018235036AFF0FE96E000E032033
:103A7000EA6EECCFDEF8ED52EFCFDDF8D8C8DCF817
:103A8000D7C8DBF8DDEC08F0020E0801D425D76FAB
:103A9000000ED521D86F020ED727000ED823036A57
:103AA00000018251650FE96E000E0320EA6EEFCF30
:103AB000DCF8D8C8DBF8D7C8DAF8B4EC08F0020EA6
:103AC0000801D425D76F000ED521D86F020ED72755
:103AD000000ED823010ED727000ED823D89000015E
:103AE0008235036A390FE96E010E0320EA6EECCFCE
:103AF000DEF8ED52EFCFDDF8D8C8DCF8D7C8DBF838
:103B0000DDEC08F0020E0801D425D76F000ED52198
:103B1000D86F020ED727000ED823010ED727000E2C
:103B2000D823020ED727000ED823D8900001823563
:103B3000036ACF0FE96E000E0320EA6EECCFDEF8C9
:103B4000ED52EFCFDDF8D8C8DCF8D7C8DBF8DDECF4
:103B500008F0020E0801D425D76F000ED521D86FCA
:103B6000020ED727000ED823010ED727000ED82328
:103B7000020ED727000ED823020ED727000ED82317
:103B8000036A000182515D0FE96E000E0320EA6EA8
:103B9000EFCFDCF8D8C8DBF8D7C8DAF8B4EC08F017
:103BA000020E0801D425D76F000ED521D86F020E62
:103BB000D727000ED823010ED727000ED823020ED8
:103BC000D727000ED823020ED727000ED823010EC8
:103BD000D727000ED823036A00018251590FE96EDE
:103BE000000E0320EA6EEFCFDCF8D8C8DBF8D7C8A8
:103BF000DAF8B4EC08F0020E0801D425D76F000EF5
:103C0000D521D86F020ED727000ED823010ED72753
:103C1000000ED823020ED727000ED823020ED72776
:103C2000000ED823010ED727000ED823010ED72768
:103C3000000ED82300018251040DF350036AD70F00
:103C4000E96E000E0320EA6EEFCFDFF8ECCFE0F86C
:103C5000ECCFE1F8ECCFE2F8D8C8DEF8D7C8DDF851
:103C6000C4DD020E0801D425D76F000ED521D86F10
:103C7000020ED727000ED823010ED727000ED82317
:103C8000020ED727000ED823020ED727000ED82306
:103C9000010ED727000ED823010ED727000ED823F8
:103CA000040ED727000ED82300018251040DF350D3
:103CB000036AE70FE96E000E0320EA6EEFCFDFF82C
:103CC000ECCFE0F8ECCFE1F8ECCFE2F8D8C8DEF8C2
:103CD000D7C8DDF88ADD020E0801D425D76F000EA3
:103CE000D521D86F020ED727000ED823010ED72773
:103CF000000ED823020ED727000ED823020ED72796
:103D0000000ED823010ED727000ED823010ED72787
:103D1000000ED823040ED727000ED823040ED72771
:103D2000000ED823D8C8DBF8D7C8DAF8CDC0DCF845
:103D30000001B4EC08F0020E0801D425D76F000E84
:103D4000D521D86F020ED727000ED823010ED72712
:103D5000000ED823020ED727000ED823020ED72735
:103D6000000ED823010ED727000ED823010ED72727
:103D7000000ED823040ED727000ED823040ED72711
:103D8000000ED823010ED727000ED823D8C8DCF8A0
:103D9000D7C8DBF858C2DEF857C2DDF80001DDEC09
:103DA00008F0020E0801D425D76F000ED521D86F78
:103DB000020ED727000ED823010ED727000ED823D6
:103DC000020ED727000ED823020ED727000ED823C5
:103DD000010ED727000ED823010ED727000ED823B7
:103DE000040ED727000ED823040ED727000ED823A1
:103DF000010ED727000ED823020ED727000ED82396
:103E0000D8C8DCF8D7C8DBF85AC2DEF859C2DDF8EA
:103E10000001DDEC08F0020E0801D425D76F000E7A
:103E2000D521D86F020ED727000ED823010ED72731
:103E3000000ED823020ED727000ED823020ED72754
:103E4000000ED823010ED727000ED823010ED72746
:103E5000000ED823040ED727000ED823040ED72730
:103E6000000ED823010ED727000ED823020ED72725
:103E7000000ED823020ED727000ED823D8C8DBF8AF
:103E8000D7C8DAF85BC2DCF80001B4EC08F0020E27
:103E90000801D425D76F000ED521D86F020ED72781
:103EA000000ED823010ED727000ED823020ED727E5
:103EB000000ED823020ED727000ED823010ED727D5
:103EC000000ED823010ED727000ED823040ED727C3
:103ED000000ED823040ED727000ED823010ED727B3
:103EE000000ED823020ED727000ED823020ED727A4
:103EF000000ED823010ED727000ED823D8C8DEF82D
:103F0000D7C8DDF85FC2E2F85EC2E1F85DC2E0F852
:103F10005CC2DFF8000169DC020E0801D425D76F0E
:103F2000000ED521D86F020ED727000ED823010E20
:103F3000D727000ED823020ED727000ED823020E53
:103F4000D727000ED823010ED727000ED823010E45
:103F5000D727000ED823040ED727000ED823040E2F
:103F6000D727000ED823010ED727000ED823020E24
:103F7000D727000ED823020ED727000ED823010E14
:103F8000D727000ED823040ED727000ED823D8C871
:103F9000DEF8D7C8DDF863C2E2F862C2E1F861C2B8
:103FA000E0F860C2DFF8000120DC020E0801D42531
:103FB000D76F000ED521D86F020ED727000ED82359
:103FC000010ED727000ED823020ED727000ED823C4
:103FD000020ED727000ED823010ED727000ED823B4
:103FE000010ED727000ED823040ED727000ED823A2
:103FF000040ED727000ED823010ED727000ED82392
:10400000020ED727000ED823020ED727000ED82382
:10401000010ED727000ED823040ED727000ED82371
:10402000040ED727000ED823D8C8DBF8D7C8DAF893
:1040300064C2DCF80001B4EC08F024D3D5C8DCF885
:10404000D4C8DBF810C1DEF80FC1DDF8DDEC08F0F4
:10405000020E0801D425D76F000ED521D86F000EAF
:104060004FB8010E006ED89000360050036A130F4F
:10407000E96E010E0320EA6EECCFDEF8ED52EFCFD1
:10408000DDF8D8C8DCF8D7C8DBF80001DDEC08F0B3
:10409000020E0801D425D76F000ED521D86F020E6D
:1040A000D727000ED823D8C8DBF8D7C8DAF874C0F1
:1040B000DCF80001B4EC08F0020E0801D425D76F3B
:1040C000000ED521D86F020ED727000ED823010E7F
:1040D000D727000ED82357BA010ED96FD8C8DBF8FE
:1040E000D7C8DAF8DC6F0001B4EC08F0CBD2D5C841
:1040F000DCF8D4C8DBF812C1DEF811C1DDF8DDEC64
:1041000008F0020E0801D425D76F000ED521D86F14
:10411000000E4FB8010E006ED89000360050036AB2
:10412000130FE96E010E0320EA6EECCFDEF8ED52BC
:10413000EFCFDDF8D8C8DCF8D7C8DBF80001DDEC3C
:1041400008F0020E0801D425D76F000ED521D86FD4
:10415000020ED727000ED823D8C8DBF8D7C8DAF864
:1041600075C0DCF80001B4EC08F0020E0801D4259B
:10417000D76F000ED521D86F020ED727000ED82397
:10418000010ED727000ED82357BA010ED96FD8C811
:10419000DBF8D7C8DAF8DC6F0001B4EC08F0020EE7
:1041A0000801D425D76F000ED521D86F020ED7276E
:1041B000000ED823010ED727000ED823010ED727D3
:1041C000000ED823D8C8DCF8D7C8DBF80CC1DEF85D
:1041D0000BC1DDF80001DDEC08F0020E0801D4256A
:1041E000D76F000ED521D86F020ED727000ED82327
:1041F000010ED727000ED823010ED727000ED82393
:10420000020ED727000ED823D8C8DCF8D7C8DBF8B1
:104210000EC1DEF80DC1DDF80001DDEC08F0020E84
:104220000801D425D76F000ED521D86F020ED727ED
:10423000000ED823010ED727000ED823010ED72752
:10424000000ED823020ED727000ED823020ED72740
:10425000000ED823D8C8DBF8D7C8DAF863C0DCF87A
:104260000001B4EC08F0020E0801D425D76F000E4F
:10427000D521D86F020ED727000ED823010ED727DD
:10428000000ED823010ED727000ED823020ED72701
:10429000000ED823020ED727000ED823010ED727F1
:1042A000000ED823D8C8DCF8D7C8DBF834C1DEF854
:1042B00033C1DDF80001DDEC08F0020E0801D42561
:1042C000D76F000ED521D86F020ED727000ED82346
:1042D000010ED727000ED823010ED727000ED823B2
:1042E000020ED727000ED823020ED727000ED823A0
:1042F000010ED727000ED823020ED727000ED82391
:10430000D8C8DCF8D7C8DBF836C1DEF835C1DDF82F
:104310000001DDEC08F0B6D1D5C8DCF8D4C8DBF874
:104320007EC1DEF87DC1DDF8DDEC08F0020E08018B
:10433000D425D76F000ED521D86FDC6FD7C8DBF836
:1043400080C1DEF87FC1DDF80001DDEC08F0020E6F
:104350000801D425D76F000ED521D86F020ED727BC
:10436000000ED823D8C8DCF8D7C8DBF8C1C0DEF807
:10437000C0C0DDF80001DDEC08F0020E0801D42514
:10438000D76F000ED521D86F020ED727000ED82385
:10439000020ED727000ED8231B6AF2BE1B8EF29E98
:1043A000C6C07BF9C5C07AF9C4C079F9C3C078F931
:1043B00009017F6B7E6B200E7D6F820E7C6F00018A
:1043C00060EC05F01BBEF28E03C010F902C00FF9BD
:1043D00001C00EF900C00DF9A3EC19F003C0DCF820
:1043E00002C0DBF801C0DAF800C0D9F8D8C8DEF89E
:1043F000D7C8DDF803C0E2F802C0E1F801C0E0F878
:1044000000C0DFF8F5EC9BF0020E0801D425D76F51
:10441000000ED521D86F020ED727000ED823020E2A
:10442000D727000ED823040ED727000ED82357BC59
:10443000010ED96FD8C8DBF8D7C8DAF8DC6F0001F5
:10444000B4EC08F0020E0801D425D76F000ED52178
:10445000D86F020ED727000ED823020ED727000EE2
:10446000D823040ED727000ED823010ED727000E1D
:10447000D823D8C8DBF8D7C8DAF8C2C0DCF8000106
:10448000B4EC08F0FFD0D5C8DBF8D4C8DAF843C2E2
:10449000DCF8B4EC08F0010E0801D425D76F000E4B
:1044A000D521D86FDC6FD7C8DBF845C2DEF844C22F
:1044B000DDF80001DDEC08F0010E0801D425D76F0E
:1044C000000ED521D86F020ED727000ED823D8C8EA
:1044D000DCF8D7C8DBF847C2DEF846C2DDF80001D9
:1044E000DDEC08F0010E0801D425D76F000ED521B0
:1044F000D86F020ED727000ED823020ED727000E42
:10450000D823D8C8DBF8D7C8DAF848C2DCF80001ED
:10451000B4EC08F0010E0801D425D76F000ED521A8
:10452000D86F020ED727000ED823020ED727000E11
:10453000D823010ED727000ED823D8C8DBF8D7C858
:10454000DAF849C2DCF80001B4EC08F0010E080109
:10455000D425D76F000ED521D86F020ED727000EB5
:10456000D823020ED727000ED823010ED727000E1E
:10457000D823010ED727000ED823D8C8DCF8D7C817
:10458000DBF84BC2DEF84AC2DDF80001DDEC08F0D2
:10459000010E0801D425D76F000ED521D86F020E69
:1045A000D727000ED823020ED727000ED823010EDE
:1045B000D727000ED823010ED727000ED823020ECE
:1045C000D727000ED823D8C8DBF8D7C8DAF84CC2F2
:1045D000DCF80001B4EC08F0010E0801D425D76F17
:1045E000000ED521D86F020ED727000ED823020E59
:1045F000D727000ED823010ED727000ED823010E8F
:10460000D727000ED823020ED727000ED823010E7D
:10461000D727000ED823D8C8DBF8D7C8DAF84DC2A0
:10462000DCF80001B4EC08F0010E0801D425D76FC6
:10463000000ED521D86F020ED727000ED823020E08
:10464000D727000ED823010ED727000ED823010E3E
:10465000D727000ED823020ED727000ED823010E2D
:10466000D727000ED823010ED727000ED823D8C88D
:10467000DCF8D7C8DBF84FC2DEF84EC2DDF8000127
:10468000DDEC08F0CE51060DF3500801D225D66FAF
:10469000036AD651A70FE96E000E0320EA6EBFC071
:1046A000EFFFB60ED625D76F030ED86FD8B0D82B34
:1046B000D8C8DBF8D7C8DAF8BFC0DCF80001B4EC22
:1046C00008F00801D3C801F00001ADEFADF0E82417
:1046D000F76AF736EF0FF66E460EF722010EF86E08
:1046E000FB6E0A00F550FA6E0800F550F96E6E394F
:1046F00082399639AC39C039E824F76AF736190F90
:10470000F66E470EF722010EF86EFB6E0A00F550AA
:10471000FA6E0800F550F96E2C3A3C40EE40184312
:10472000864484462C3AEE40010E0101A75D080143
:10473000CE6F000E0101A8590801CF6F000E0101D4
:10474000A9590801D06F000E0101AA590801D16FC3
:104750000001CE51060DF3500801CE27000ECF23E5
:10476000D023D123A70ECE25E96E000ECF21EA6E0D
:10477000EF50010829E0010E0101A75D0801D26F89
:10478000000E0101A8590801D36F000E0101A959BB
:104790000801D46F000E0101AA590801D56F00016C
:1047A000CE51060DF3500801D227000ED323D42397
:1047B000D523A70ED225E96E000ED321EA6EEF5065
:1047C000070802E0000E01D0010E016E0001B4EFF7
:1047D000ADF0F2CFDEF8F29EDDC863FFDCC862FF09
:1047E0007F9C7F9E7F8061500801DEBFF28EDF6F6D
:1047F000010EDC25E06F000EDD21E16FF2CFE2F863
:10480000F29EE1C863FFE0C862FF7F9C7F9E7F80CD
:104810006150E2BFF28EE06F020EDC25E36F000E06
:10482000DD21E46FF2CFE1F8F29EE4C863FFE3C854
:1048300062FF7F9C7F9E7F806150E1BFF28EE36FBD
:10484000030EDC25E46F000EDD21E56FF2CFE6F804
:10485000F29EE5C863FFE4C862FF7F9C7F9E7F8075
:104860006150E6BFF28EE46FDFC803F0E0C802F0EB
:10487000E3C801F0E4C800F0000112000801D36BA6
:10488000D56BD46BD66B0001CE510308D8B46BD076
:104890000801D251FA0FD8B064D0060F000129EFF9
:1048A000ACF0CE5105E0010A09E0030A0DE012D098
:1048B0000801D56B810ED46F00010CD00801D56BB7
:1048C000F90ED46F000106D0010E0801D56F710EEC
:1048D000D46F0001080145D0CE5105E0010A09E07E
:1048E000030A0EE013D00801D56B950ED46F0001BA
:1048F0000DD0010E0801D56F0D0ED46F000106D04A
:10490000010E0801D56F850ED46F0001080129D072
:10491000CE51780DF350A90F0801D46FD56BD8B0E4
:10492000D42B1FD0CE51780DF350BD0F0801D46F9A
:10493000D56BD8B0D42B15D0CE51780DF350D10F04
:104940000801D46FD56BD8B0D42B0BD0CE51780DD5
:10495000F350E50F0801D46FD56BD8B0D42B01D03C
:1049600008012ED000010801D251FA0F29E2060FEA
:1049700000013FEFACF0010E0801D56FE90ED46FD6
:104980001FD0020E0801D56F110ED46F19D0020E80
:104990000801D56F390ED46F13D0020E0801D56F00
:1049A000610ED46F0DD0020E0801D56F890ED46F41
:1049B00007D0020E0801D56FB10ED46F01D00801E7
:1049C0000001CE51060DF3500801D225D66F036ABF
:1049D000D651A70FE96E000E0320EA6EEFCFBFF0AD
:1049E000010E0001BF5DF80FD8B024EFACF0080F46
:1049F00055EFACF0BF5107082EE0C85102080CE398
:104A0000010EC96FC851016E04E0D890C937012E5C
:104A1000FCD7C8C082F01ED0C851050815E3C851A4
:104A2000030A05E0070A07E0010A0AE00CD0030EBA
:104A3000C96F826B08D0060EC96F010E826F03D05A
:104A4000050EC96F826B06D0C851060803E1070E38
:104A5000C96F826B0BD0010EC96FC851016E04E0A3
:104A6000D890C937012EFCD7010E826F0801D76B91
:104A7000D7510208D8A05AD3010E006ED751016E4B
:104A800004E0D8900036012EFCD700500001C91573
:104A9000D8B449D3D8900801D735036AF70F016E0F
:104AA000000E032201C0D8F803C0D9F8D5C8DDF83C
:104AB000D4C8DCF8000189EC08F0D9C8EAFFD8C8EE
:104AC000E9FF02C0ECFFED5201C0EFFFD8900801F2
:104AD000D735036AFF0F016E000E032201C0D8F81C
:104AE00003C0D9F8020ED425DA6F000ED521DB6F92
:104AF000DD6FDAC8DCF8000189EC08F0D9C8EAFFFC
:104B0000D8C8E9FF02C0ECFFED5201C0EFFF036A15
:104B10000801D751650F016E000E032201C0D8F8BD
:104B200003C0D9F8020ED425DA6F000ED521DB6F51
:104B3000020EDA27000EDB23DBC8DDF8DAC8DCF86A
:104B4000000178EC08F0D9C8EAFFD8C8E9FF01C035
:104B5000EFFFD8900801D735036A390F016E010EB7
:104B6000032201C0D8F803C0D9F8020ED425DA6FA9
:104B7000000ED521DB6F020EDA27000EDB23010EBB
:104B8000DA27000EDB23DBC8DDF8DAC8DCF8000129
:104B900089EC08F0D9C8EAFFD8C8E9FF02C0ECFFE9
:104BA000ED5201C0EFFFD8900801D735036ACF0F4F
:104BB000016E000E032201C0D8F803C0D9F8020E1E
:104BC000D425DA6F000ED521DB6F020EDA27000E36
:104BD000DB23010EDA27000EDB23020EDA27000E9C
:104BE000DB23DBC8DDF8DAC8DCF8000189EC08F06B
:104BF000D9C8EAFFD8C8E9FF02C0ECFFED5201C0F6
:104C0000EFFF036A0801D7515D0F016E000E03220A
:104C100001C0D8F803C0D9F8020ED425DA6F000E0F
:104C2000D521DB6F020EDA27000EDB23010EDA2717
:104C3000000EDB23020EDA27000EDB23020EDA273A
:104C4000000EDB23DBC8DDF8DAC8DCF8000178EC05
:104C500008F0D9C8EAFFD8C8E9FF01C0EFFF036A2E
:104C60000801D751590F016E000E032201C0D8F878
:104C700003C0D9F8020ED425DA6F000ED521DB6F00
:104C8000020EDA27000EDB23010EDA27000EDB23EB
:104C9000020EDA27000EDB23020EDA27000EDB23DA
:104CA000010EDA27000EDB23DBC8DDF8DAC8DCF8FA
:104CB000000178EC08F0D9C8EAFFD8C8E9FF01C0C4
:104CC000EFFF0801D751040DF350036AD70F016EAF
:104CD000000E032201C0D8F803C0D9F8020ED42573
:104CE000DA6F000ED521DB6F020EDA27000EDB2310
:104CF000010EDA27000EDB23020EDA27000EDB237B
:104D0000020EDA27000EDB23010EDA27000EDB236A
:104D1000010EDA27000EDB23DBC8DDF8DAC8DCF889
:104D2000000157DDD9C8EAFFD8C8E9FF00C0EFFF8E
:104D300001C0ECFF02C0ECFF03C0ECFF0801D7513B
:104D4000040DF350036AE70F016E000E032201C049
:104D5000D8F803C0D9F8020ED425DA6F000ED52199
:104D6000DB6F020EDA27000EDB23010EDA27000EBE
:104D7000DB23020EDA27000EDB23020EDA27000EF9
:104D8000DB23010EDA27000EDB23010EDA27000EEB
:104D9000DB23040EDA27000EDB23DBC8DDF8DAC8DC
:104DA000DCF8000116DDD9C8EAFFD8C8E9FF00C069
:104DB000EFFF01C0ECFF02C0ECFF03C0ECFF020EEE
:104DC0000801D425D86F000ED521D96F020ED8273F
:104DD000000ED923010ED827000ED923020ED827A2
:104DE000000ED923020ED827000ED923010ED82792
:104DF000000ED923010ED827000ED923040ED82780
:104E0000000ED923040ED827000ED923D9C8DDF807
:104E1000D8C8DCF8000178EC08F001C0CDF0020E33
:104E20000801D425D86F000ED521D96F020ED827DE
:104E3000000ED923010ED827000ED923020ED82741
:104E4000000ED923020ED827000ED923010ED82731
:104E5000000ED923010ED827000ED923040ED8271F
:104E6000000ED923040ED827000ED923010ED8270F
:104E7000000ED923D9C8DDF8D8C8DCF8000189ECC8
:104E800008F002C058F201C057F2020E0801D42502
:104E9000D86F000ED521D96F020ED827000ED92366
:104EA000010ED827000ED923020ED827000ED923D1
:104EB000020ED827000ED923010ED827000ED923C1
:104EC000010ED827000ED923040ED827000ED923AF
:104ED000040ED827000ED923010ED827000ED9239F
:104EE000020ED827000ED923D9C8DDF8D8C8DCF8BF
:104EF000000189EC08F002C05AF201C059F2020E1A
:104F00000801D425D86F000ED521D96F020ED827FD
:104F1000000ED923010ED827000ED923020ED82760
:104F2000000ED923020ED827000ED923010ED82750
:104F3000000ED923010ED827000ED923040ED8273E
:104F4000000ED923040ED827000ED923010ED8272E
:104F5000000ED923020ED827000ED923020ED8271F
:104F6000000ED923D9C8DDF8D8C8DCF8000178ECE8
:104F700008F001C05BF2020E0801D425D86F000EC4
:104F8000D521D96F020ED827000ED923010ED827BC
:104F9000000ED923020ED827000ED923020ED827DF
:104FA000000ED923010ED827000ED923010ED827D1
:104FB000000ED923040ED827000ED923040ED827BB
:104FC000000ED923010ED827000ED923020ED827B0
:104FD000000ED923020ED827000ED923010ED827A0
:104FE000000ED923D9C8DDF8D8C8DCF80001E9ECF7
:104FF000A3F003C05FF202C05EF201C05DF200C028
:105000005CF2020E0801D425D86F000ED521D96FAD
:10501000020ED827000ED923010ED827000ED9235F
:10502000020ED827000ED923020ED827000ED9234E
:10503000010ED827000ED923010ED827000ED92340
:10504000040ED827000ED923040ED827000ED9232A
:10505000010ED827000ED923020ED827000ED9231F
:10506000020ED827000ED923010ED827000ED9230F
:10507000040ED827000ED923D9C8DDF8D8C8DCF82B
:105080000001E9ECA3F003C063F202C062F201C0C8
:1050900061F200C060F2020E0801D425D86F000E44
:1050A000D521D96F020ED827000ED923010ED8279B
:1050B000000ED923020ED827000ED923020ED827BE
:1050C000000ED923010ED827000ED923010ED827B0
:1050D000000ED923040ED827000ED923040ED8279A
:1050E000000ED923010ED827000ED923020ED8278F
:1050F000000ED923020ED827000ED923010ED8277F
:10510000000ED923040ED827000ED923040ED82769
:10511000000ED923D9C8DDF8D8C8DCF8000178EC36
:1051200008F001C064F20801D72BA2D4280E0001B8
:105130006B6F0101746B030E736F766B756BAA6BEB
:10514000A96BA86BA76B00017FD3D5C8DDF8D4C8C5
:10515000DCF889EC08F002C010F101C00FF1000E7C
:105160004FB8010E006ED89000360050036A130F3E
:10517000016E010E032201C0D8F8080103C0D9F85E
:10518000020ED425DA6F000ED521DB6FDD6FDAC891
:10519000DCF8000189EC08F0D9C8EAFFD8C8E9FFBB
:1051A00002C0ECFFED5201C0EFFF020E0801D42552
:1051B000D86F000ED521D96F020ED827000ED92343
:1051C000D9C8DDF8D8C8DCF8000178EC08F001C0D7
:1051D00074F0020E0801D425D86F000ED521D96FC6
:1051E000020ED827000ED923010ED827000ED9238E
:1051F000D9C8DDF8D8C8DCF8000178EC08F0579A77
:1052000001B0578A140E6B6F4F98CC6B0101746B11
:10521000010E736F766B756BAA6BA96BA86BA76B8E
:10522000AE6BAD6B10C1ACF10FC1ABF100010CD393
:10523000D5C8DDF8D4C8DCF889EC08F002C012F15A
:1052400001C011F1000E4FB8010E006ED89000366B
:105250000050036A130F016E010E032201C0D8F83B
:10526000080103C0D9F8020ED425DA6F000ED5214B
:10527000DB6FDD6FDAC8DCF8000189EC08F0D9C813
:10528000EAFFD8C8E9FF02C0ECFFED5201C0EFFF12
:10529000020E0801D425D86F000ED521D96F020E59
:1052A000D827000ED923D9C8DDF8D8C8DCF800010A
:1052B00078EC08F001C075F0020E0801D425D86F13
:1052C000000ED521D96F020ED827000ED923010E6A
:1052D000D827000ED923D9C8DDF8D8C8DCF80001DA
:1052E00078EC08F0579A01B0578A020E0801D425CD
:1052F000D86F000ED521D96F020ED827000ED92302
:10530000010ED827000ED923010ED827000ED9236D
:10531000D9C8DDF8D8C8DCF8000189EC08F002C073
:105320000CF101C00BF1020E0801D425D86F000E5C
:10533000D521D96F020ED827000ED923010ED82708
:10534000000ED923010ED827000ED923020ED8272C
:10535000000ED923D9C8DDF8D8C8DCF8000189ECE3
:1053600008F002C00EF101C00DF1020E0801D425B3
:10537000D86F000ED521D96F020ED827000ED92381
:10538000010ED827000ED923010ED827000ED923ED
:10539000020ED827000ED923020ED827000ED923DB
:1053A000D9C8DDF8D8C8DCF8000178EC08F001C0F5
:1053B00063F0020E0801D425D86F000ED521D96FF5
:1053C000020ED827000ED923010ED827000ED923AC
:1053D000010ED827000ED923020ED827000ED9239C
:1053E000020ED827000ED923010ED827000ED9238C
:1053F000D9C8DDF8D8C8DCF8000189EC08F002C093
:1054000034F101C033F1020E0801D425D86F000E2B
:10541000D521D96F020ED827000ED923010ED82727
:10542000000ED923010ED827000ED923020ED8274B
:10543000000ED923020ED827000ED923010ED8273B
:10544000000ED923020ED827000ED923D9C8DDF8C3
:10545000D8C8DCF8000189EC08F002C036F101C0C0
:1054600035F1140E6B6F4F88020ECC6FBF510808D8
:1054700002E1010ECC6F0101746B010E736F766B4C
:10548000756BAA6BA96BA86BA76BAE6BAD6B12C1EA
:10549000ACF111C1ABF10001D7D1D5C8DDF8D4C84A
:1054A000DCF889EC08F002C07EF101C07DF1020E4B
:1054B0000801D425D86F000ED521D96FDD6FD8C86B
:1054C000DCF8000189EC08F002C080F101C07FF136
:1054D000020E0801D425D86F000ED521D96F020E17
:1054E000D827000ED923D9C8DDF8D8C8DCF80001C8
:1054F00089EC08F002C0C1F001C0C0F0020E080142
:10550000D425D86F000ED521D96F020ED827000EF2
:10551000D923020ED827000ED923D9C8DDF8D8C860
:10552000DCF80001E9ECA3F003C0DBF802C0DAF814
:1055300001C0D9F800C0D8F803C0EBF802C0EAF8FF
:1055400001C0E9F800C0E8F853EC0AF003C026F9FE
:1055500002C025F901C024F900C023F909012A6B12
:10556000296B200E286F820E276F00016FEC0AF066
:1055700003C0C6F002C0C5F001C0C4F000C0C3F053
:10558000020E0801D425D86F000ED521D96F020E66
:10559000D827000ED923020ED827000ED923040ED7
:1055A000D827000ED923D9C8DDF8D8C8DCF8000107
:1055B00078EC08F0579C01B0578C020E0801D425F6
:1055C000D86F000ED521D96F020ED827000ED9232F
:1055D000020ED827000ED923040ED827000ED92397
:1055E000010ED827000ED923D9C8DDF8D8C8DCF8B9
:1055F000000178EC08F001C0C2F01E0E6B6F0101D3
:10560000746B020E736F766B756BAA6BA96BA86BCC
:10561000A76BAE6BAD6B7EC1ACF17DC1ABF1000190
:1056200013D1D5C8DDF8D4C8DCF878EC08F001C097
:1056300043F2010E0801D425D86F000ED521D96F91
:10564000DD6FD8C8DCF8000189EC08F002C045F233
:1056500001C044F2010E0801D425D86F000ED521F7
:10566000D96F020ED827000ED923D9C8DDF8D8C8C3
:10567000DCF8000189EC08F002C047F201C046F2F4
:10568000010E0801D425D86F000ED521D96F020E66
:10569000D827000ED923020ED827000ED923D9C847
:1056A000DDF8D8C8DCF8000178EC08F001C048F259
:1056B000010E0801D425D86F000ED521D96F020E36
:1056C000D827000ED923020ED827000ED923010EA9
:1056D000D827000ED923D9C8DDF8D8C8DCF80001D6
:1056E00078EC08F001C049F2010E0801D425D86F0A
:1056F000000ED521D96F020ED827000ED923020E35
:10570000D827000ED923010ED827000ED923010E69
:10571000D827000ED923D9C8DDF8D8C8DCF8000195
:1057200089EC08F002C04BF201C04AF2010E0801F8
:10573000D425D86F000ED521D96F020ED827000EC0
:10574000D923020ED827000ED923010ED827000E28
:10575000D923010ED827000ED923020ED827000E18
:10576000D923D9C8DDF8D8C8DCF8000178EC08F0F6
:1057700001C04CF2010E0801D425D86F000ED521CE
:10578000D96F020ED827000ED923020ED827000E9B
:10579000D923010ED827000ED923010ED827000ED9
:1057A000D923020ED827000ED923010ED827000EC8
:1057B000D923D9C8DDF8D8C8DCF8000178EC08F0A6
:1057C00001C04DF2010E0801D425D86F000ED5217D
:1057D000D96F020ED827000ED923020ED827000E4B
:1057E000D923010ED827000ED923010ED827000E89
:1057F000D923020ED827000ED923010ED827000E78
:10580000D923010ED827000ED923D9C8DDF8D8C86E
:10581000DCF8000189EC08F002C04FF201C04EF242
:10582000500E6B6F0101746B040E736F766B756BAA
:10583000AA6BA96BA86B080EA76FAE6BAD6B4FC2BE
:10584000ACF14EC2ABF100010801D3C801F0000178
:105850001200E824F76AF736730FF66E580EF72237
:10586000010EF86EFB6E0A00F550FA6E0800F55056
:10587000F96EA248D8481049244938494C49E824CF
:10588000F76AF7369F0FF66E580EF722010EF86E84
:10589000FB6E0A00F550FA6E0800F550F96E764975
:1058A00082498E499A49A649B249E824F76AF736EF
:1058B000CB0FF66E580EF722010EF86EFB6E0A0043
:1058C000F550FA6E0800F550F96EF4494A5130521D
:1058D0009A5422564858F44930526A510308D8A4C1
:1058E000CCD1518C030E7D6F6BC06CF0A8EC07F02F
:1058F0006B518C0806E06B518D0803E06B518E08EC
:105900001BE1CD5318E1822B8251030805E2826B23
:105910004FAE02D0010E826F4FAE05D0825303E12D
:10592000030E826F06D04FBE04D08251030801E1FE
:10593000826B91EC9BF087D16B53D8A480D001018E
:10594000A7530BE1A85309E1A95307E1AA5305E1C5
:105950005A0E00016B6F5ED00101A751020811E1E0
:10596000A8530FE1A9530DE1AA530BE11E0E00014C
:105970006B6F0101AE6BAD6B7EC1ACF17DC1ABF164
:1059800048D0A75103080BE1A85309E1A95307E147
:10599000AA5305E1280E00016B6F3CD00101A7510D
:1059A000040811E1A8530FE1A9530DE1AA530BE13B
:1059B000500E00016B6F0101AE6BAD6B4FC2ACF1CD
:1059C0004EC2ABF126D0A75105080BE1A85309E15F
:1059D000A95307E1AA5305E10A0E00016B6F1AD023
:1059E0000101140E00016B6F000E4FB8010E006E26
:1059F000D89000360050036A0F0FE96E010E0320A5
:105A0000EA6E0101AE6BAD6BECCFACF1ED52EFCFB6
:105A1000ABF10001A8C174F1A7C173F10101AA6B38
:105A2000A96BA86BA76B00016B51500807E101013E
:105A3000AA6BA96BA86B080EA76F000104D16BC0FD
:105A400009F90A0E09010A6F000166EC0FF0005215
:105A5000D8A467D06B515908D8A063D06B513208D5
:105A6000D8B45FD00101A7510A080BE1A85309E19E
:105A7000A95307E1AA5305E100016B5114082DE079
:105A80000101A75107080BE1A85309E1A95307E158
:105A9000AA5305E100016B511E081FE00101A75147
:105AA0000F080BE1A85309E1A95307E1AA5305E147
:105AB00000016B51280811E00101A7510A0826E1F5
:105AC000A85324E1A95322E1AA5320E100016B511C
:105AD0005008D8B402D0010119D05C0E6B6F6B5125
:105AE0008C0813E18251FC0F10E2040F3FEFAEF07F
:105AF00088A701D08897888108D0888306D08885B8
:105B000004D088A101D08891888706D000016B510C
:105B10000A0802E0640E6B27A8C176F1A7C175F1EF
:105B200092D06B515C081BE1010E0101A75D0801D9
:105B3000CE6F000E0101A8590801CF6F000E0101C0
:105B4000A9590801D06F000E0101AA590801D16FAF
:105B5000CEC8D2F80001A5EF9CF0518C74D06B51E7
:105B60005A0868E194EFA3F0015242E0010E0101EE
:105B7000A75D0001C76FCE51060DF350C725036A1C
:105B8000A70FE96E000E0320EA6EEF50070805E14B
:105B9000C7C0D2F83EECA4F028D00101A7510308F9
:105BA00021E1A8531FE1A9531DE1AA531BE14F8E28
:105BB000030E0001826FC86F4F8ED66B080ED56F33
:105BC000E66BE56BE46BFA0EE36FF66BF56BF46B6B
:105BD000F36F280E6B6F0101AA6BA96BA86B010E06
:105BE000A76F04D05B0E00016B6F01011DD0000197
:105BF000010E0101A75D0801CE6F000E0101A85939
:105C00000801CF6F000E0101A9590801D06F000EE5
:105C10000101AA590801D16FCEC8D2F800013EECAB
:105C2000A4F0518C54880101A8C176F1A7C175F187
:105C30000BD000016B515B0806E1A7C1C8F0C7C0DB
:105C4000D2F83EECA4F0010100016B51B50809E166
:105C50004F740101AA6BA96B4FC2A8F14EC2A7F104
:105C600000016A6B1B6AF2BE1B8EF29E09016F6B0C
:105C7000000153EC03F01BBEF28E81EFE6F0E82446
:105C8000F76AF7369F0FF66E5C0EF722010EF86E7C
:105C9000FB6E0A00F550FA6E0800F550F96EF05AE6
:105CA000FA5AFE5A025B6A510408D8A43DD1518CBD
:105CB000040E7D6F6BC06CF0A8EC07F06B515F08B1
:105CC000D8A0D8D06BC009F90A0E09010A6F0001EB
:105CD00066EC0FF0005230E16B5145082DE36B513B
:105CE00032082AE06B51280819E1875317E08253E4
:105CF00010E082074FAE05D0825303E1030E826F9E
:105D000007D04FBE05D08251030802E1020E826F18
:105D100002D0020E826F91EC9BF00DD06B6B0101F3
:105D2000AA6BA96B74C1A8F173C1A7F1746B736BF3
:105D3000766B756B00019DD06B5150080EE16B6B5B
:105D40000101AA6BA96B74C1A8F173C1A7F1746BAF
:105D5000736B766B756B8CD000016B515A080EE13A
:105D60006B6B0101AA6BA96B74C1A8F173C1A7F198
:105D7000746B736B766B756B7BD000016B515A083B
:105D800043E26B515E0840E36B515C0820E1010E79
:105D9000BF5DF80F11E2080F96EFAFF0280E6B6FA2
:105DA0000BD0280E6B6F08D0140E6B6F05D0500E01
:105DB0006B6F02D01E0E6B6F0101AA6BA96B76C1CF
:105DC000A8F175C1A7F1766B756B1CD000016B5102
:105DD0005B080DE15A0E6B6F0101AA6BA96B78C1CC
:105DE000A8F177C1A7F1786B776B0CD000015A0E40
:105DF0006B6F0101AA6BA96B76C1A8F175C1A7F100
:105E0000766B756B35D000016B5128081CE1875308
:105E10001AE0825305E1030E826F036A825102D0B9
:105E2000825182074FAE05D0825303E1030E826F89
:105E300007D04FBE05D08251030802E1020E826FE7
:105E400091EC9BF016D06BC009F90A0E09010A6F9C
:105E5000000166EC0FF001C086F086510A0DF3CF09
:105E60006BF00101AA6BA96B76C1A8F175C1A7F10E
:105E700000014CD06B51640823E26BC009F90A0E93
:105E800009010A6F000166EC0FF0005219E16B5135
:105E90008C080DE18251FC0F0AE2040FAEEFAFF067
:105EA000889105D0889303D0889501D08897640E97
:105EB0006B5F0101AA6BA96BA86BA76B28D00001CF
:105EC0006B518D0803E06B518E0820E187531EE073
:105ED000CD531CE1825308E1030E826F82C000F0B3
:105EE000016A026A036A02D0825182074FAE05D06E
:105EF000825303E1030E826F07D04FBE05D082515B
:105F0000030802E1020E826F91EC9BF00101000197
:105F10006A6B1B6AF2BE1B8EF29E09016F6B000159
:105F200053EC03F01BBEF28E87EFE6F0E824F76A2D
:105F3000F7364D0FF66E5F0EF722010EF86EFB6E10
:105F40000A00F550FA6E0800F550F96E9C5DA85DE8
:105F5000A85DB45DAE5DB85DA25DA85DE824F76A9A
:105F6000F7367D0FF66E5F0EF722010EF86EFB6EB0
:105F70000A00F550FA6E0800F550F96EA05EA45EB6
:105F8000A85EAC5E87A109D087910801E56BE66B3E
:105F9000020EE76F0001A4EC50F087A309D08793AD
:105FA0000801E56BE66B010EE76F0001A4EC50F011
:105FB00087A508D087950801E56BE66BE76B0001C4
:105FC000A4EC50F087A709D087970801E56BE66B32
:105FD000020EE76F0001A4EC50F012000801CE5150
:105FE000FC0F4BE2040F000140EFB0F08781010E7F
:105FF0000801E56FE66B020EE76F0001A4EC50F0BC
:106000002F0E0801CF6F00017EEC73F0080135D030
:106010008783010E0801E56FE66BE76F0001A4ECD2
:1060200050F0310E0801CF6F00017EEC73F00801D3
:1060300024D08785010E0801E56FE66BE76B000150
:10604000A4EC50F0330E0801CF6F00017EEC73F02A
:10605000080113D08787010E0801E56FE66B020E79
:10606000E76F0001A4EC50F0350E0801CF6F00017E
:106070007EEC73F0080101D00801000113EFB3F0CA
:10608000E824F76AF736A10FF66E600EF722010ECC
:10609000F86EFB6E0A00F550FA6E0800F550F96EC6
:1060A000EC5F1060326054606A510508D8A4C8EFF4
:1060B000B6F0518CA8EC07F06B51C8080BE16DC02D
:1060C0006BF00101926B916B906B8F6B00016A6BAF
:1060D000BDEFB6F001019A6B996B986B976B51927B
:1060E00000016B51780A56E0010AD8B4FDD0020ACB
:1060F000D8B4A7D1F90AD8B4B0D1010AD8B40BD218
:10610000060AD8B44CD2AD0AD8B455D2010AD8B4D4
:1061100052D2030AD8B44FD2010AD8B44CD2070ADB
:10612000D8B449D2010AD8B446D2030AD8B443D26B
:10613000010AD8B440D21F0AD8B43DD2010AD8B45B
:106140003AD2030AD8B437D2010AD8B434D2070AF3
:10615000D8B431D2B80AD8B447D2010AD8B4D5D20B
:10616000030AD8B41EEFB5F0010AD8B4BBEFB5F0FE
:106170003B0AD8B45AEFB6F0010AD8B47BEFB6F0B8
:10618000020AD8B495EFB6F07F0AD8B4A0EFB6F003
:10619000A8EFB6F05682790E6B6F0601F7BB5ED0A2
:1061A0000001616BCC2D02D0010E616F000E4FB863
:1061B000010E006ED89000360050036A130FE96E8E
:1061C000010E0320EA6EECCFCFF8ED52EFCFCEF800
:1061D0000801CE5302E1CF5332E0000E4FB8010E5A
:1061E000006ED89000360050036A130FE96E010E5E
:1061F0000320EA6EECCFCFF8ED52EFCFCEF8000ED1
:106200004FB8010E036A740FE96E000E0320EA6EA8
:10621000EF50CE250101476F000E0801CF2101018B
:10622000486F5951A3259B6F5A51A4219C6F000EB2
:10623000A5219D6F000EA6219E6F04D008010101CB
:10624000486B476B0001CC2D08D0765101010D251C
:10625000476F000E0E21486F00010601F7BB29D0E1
:10626000040E0801CE6FAA0ECF6F00011BEC7FF069
:10627000CC5306E1370E0801CF6F00017EEC73F0BE
:10628000CC2D06D0390E0801CF6F00017EEC73F0E3
:10629000CC5102080CE1370E0801CF6F00017EECF3
:1062A00073F0390E0801CF6F00017EEC73F00AD055
:1062B0000601F79B040E0801CE6FBE0ECF6F0001E2
:1062C0001BEC7FF0010E0801E56FE66B030EE76F34
:1062D0000001A4EC50F0615302E1588E01D04F8AC6
:1062E0001EEC53F0A8EFB6F00601F7BB9ED0000EEF
:1062F0004FB8010E006ED89000360050036A130F9D
:10630000016E010E032201C0CEF8080103C0CFF8D0
:10631000000E4FB8010E006ED89000360050036A90
:106320000F0FE96E010E0320EA6EECCFD7F8ED52A5
:10633000EFCFD6F8A6C1D5F8A5C1D4F8A4C1D3F83B
:10634000A3C1D2F8000154EC7FF0CFC8EAFFCEC859
:10635000E9FF02C0ECFFED5201C0EFFF000E4FB8A5
:10636000010E006ED89000360050036A130FE96EDC
:10637000010E0320EA6EECCFCFF8ED52EFCFCEF84E
:106380000801CE5307E1CF5305E10101486B476B8C
:1063900025D00801000E4FB8010E006ED8900036CF
:1063A0000050036A130FE96E010E0320EA6EECCF72
:1063B000CFF8ED52EFCFCEF8000E4FB8010E036AC2
:1063C000740FE96E000E0320EA6EEF50CE25010136
:1063D000476F000E0801CF210101486F0001CC2D4D
:1063E00008D0765101010D25476F000E0E21486F30
:1063F000000101015951A3259B6F5A51A4219C6FA3
:10640000000EA5219D6F000EA6219E6F040E0801AF
:10641000CE6FBB0ECF6F00011BEC7FF0616BCC2DFC
:1064200002D0010E616F09D00601040E0801CE6F83
:10643000AF0ECF6F00011BEC7FF01EEC53F0A8EF06
:10644000B6F0040E0801CE6FBB0ECF6F00011BEC3F
:106450007FF01EEC53F0A8EFB6F05682830E6B6F00
:106460000601F7AB02D0F79B2CD001017F5302E16C
:10647000805324E00001C05101017F250801CE6F47
:106480000001C151010180210801CF6F0001C251FB
:106490000801CE250101476F000E0801CF2101013F
:1064A000486F8151B7259F6F8251B821A06F8351EA
:1064B000B921A16F8451BA21A26F02D0486B476BFA
:1064C0000601F7BB10D0040E0801CE6FAA0ECF6FE5
:1064D00000011BEC7FF03B0E0801CF6F00017EEC4A
:1064E00073F009D00601040E0801CE6FBE0ECF6F07
:1064F00000011BEC7FF0010E0801E56FE66B030E57
:10650000E76F0001A4EC50F00601F7810001A2EC56
:1065100052F0A8EFB6F00601F7BB35D001017F536A
:1065200005E1805303E1486B476B17D00001C05170
:1065300001017F250801CE6F0001C15101018021B9
:106540000801CF6F0001C2510801CE250101476F3C
:10655000000E0801CF210101486F8151B7259F6FBF
:106560008251B821A06F8351B921A16F8451BA2102
:10657000A26F040E0801CE6FBB0ECF6F00011BECA3
:106580007FF009D00601040E0801CE6FAF0ECF6F69
:1065900000011BEC7FF0A2EC52F0A8EFB6F0040E65
:1065A0000801CE6FBB0ECF6F00011BEC7FF0A2EC99
:1065B00052F0A8EFB6F00601F7AB0BD00001E2DC19
:1065C000040E0801CE6FAF0ECF6F00011BEC7FF001
:1065D000060100019AEC37F0C6EC37F0F2EC37F028
:1065E0001EEC38F0A8EFB6F0568251920601F7ABD8
:1065F00011D000018753D8A402D006010BD0C2DC11
:10660000040E0801CE6FAF0ECF6F00011BEC7FF0C0
:106610003DD006018D0E00016B6F0601F79B82C015
:10662000CEF80001DBD4D89082350801CF6BCE6F55
:10663000900ECE25E96E000ECF21EA6EEF6AD8905B
:10664000000182350801CF6BCE6F010ECE25016EA1
:10665000000ECF21036E0150900FE96E000E032053
:10666000EA6EEF6A036A00018251980FE96E000E2C
:106670000320EA6EEF6A040E0801CE6FAA0ECF6FF8
:1066800000011BEC7FF00601F79700018251FC0F1F
:106690000EE2040FCAEFB6F09AEC37F008D0C6EC61
:1066A00037F005D0F2EC37F002D01EEC38F0D8907D
:1066B0008235036A390FE96E010E0320EA6EECCFD2
:1066C000CFF8ED52EFCFCEF80801CF5100081BE212
:1066D000FF0A03E1CE51210816E2D890000182356D
:1066E000036A390FE96E010E0320EA6E010EEC6EAB
:1066F000ED52220EEF6E0101AA6BA96B010EA86F7D
:10670000220EA76F0801000123D30601F7BBB3D007
:10671000D89000018235036A4F0F016E010E0322EB
:10672000080103C0CFF8D89000018235036AFF0F3B
:10673000E96E000E0320EA6EECCF03F0ED52EFCFCE
:10674000D0F80801CFC8EAFF01C0E9FF03C0ECFFA1
:10675000ED52D0C8EFFFD89000018235036A470F91
:10676000016E010E032201C0CEF8080103C0CFF86C
:10677000D89000018235036AF70FE96E000E0320FE
:10678000EA6EECCFD1F8ED52EFCFD0F8020E08014F
:10679000D025016E000ED121CFC8EAFFCEC8E9FF97
:1067A000EC6EED5201C0EFFF0001825103080DE1D4
:1067B000D8908235036A470FE96E010E0320EA6E16
:1067C0000E0EEC6EED52100EEF6E036A82517F0FCB
:1067D000016E000E0322080103C0CFF8036A000116
:1067E0008251650FE96E000E0320EA6EEFCFD0F8FC
:1067F0000801CFC8EAFF01C0E9FFD0C8EFFF82C09F
:10680000CEF80001CDEC81F0D8908235036A390FC3
:10681000E96E010E0320EA6EECCFCFF8ED52EFCF18
:10682000CEF80801CF5100081BE2FF0A03E1CE5168
:10683000210816E2D89000018235036A390FE96E0B
:10684000010E0320EA6E010EEC6EED52220EEF6E89
:106850000101AA6BA96B010EA86F220EA76F080198
:1068600000018251030805E10101406B040E3F6FF6
:1068700000017DD00601000187A11DD0879108018C
:10688000E56BE66B020EE76F0001A4EC50F001012E
:106890003A5100080FE2FF0A03E1395121080AE2E8
:1068A000010E3A6F220E396FAA6BA96B010EA86F09
:1068B000220EA76F000187A31DD087930801E56B07
:1068C000E66B010EE76F0001A4EC50F001013C51B2
:1068D00000080FE2FF0A03E13B5121080AE2010E22
:1068E0003C6F220E3B6FAA6BA96B010EA86F220EA4
:1068F000A76F000187A51CD087950801E56BE66BA3
:10690000E76B0001A4EC50F001013E5100080FE2DA
:10691000FF0A03E13D5121080AE2010E3E6F220EFB
:106920003D6FAA6BA96B010EA86F220EA76F000125
:1069300087A71DD087970801E56BE66B020EE76F0E
:106940000001A4EC50F001013A5100080FE2FF0AE7
:1069500003E1395121080AE2010E3A6F220E396F24
:10696000AA6BA96B010EA86F220EA76F00018251BE
:10697000040DF3500801CF6BCE6FA60ECE25D06F5D
:10698000070ECF21D16FD36BD26BD1C8EAFFD0C82D
:10699000E9FFD2C8EEFF080EEA6ED10EE96EEF6A8B
:1069A00000018251040DF3500801CF6BCE6F020E2F
:1069B000CE25016E000ECF21036E0150CE6F03C0B5
:1069C000CFF8A60ECE25D06F070ECF21D16FD36B97
:1069D000D26BD1C8EAFFD0C8E9FFD2C8EEFF080EDB
:1069E000EA6ED10EE96EEF6A0601F7BB0AD0040E1B
:1069F0000801CE6FBB0ECF6F00011BEC7FF009D0FA
:106A00000601040E0801CE6FAF0ECF6F00011BEC24
:106A10007FF00601F79700018251FC0F0EE2040F90
:106A2000DEEFB6F09AEC37F008D0C6EC37F005D0C0
:106A3000F2EC37F002D01EEC38F08AD1D8908235D3
:106A4000036A4F0F016E010E0322080103C0CFF845
:106A5000D89000018235036AFF0FE96E000E032013
:106A6000EA6EECCF03F0ED52EFCFD0F80801CFC8BB
:106A7000EAFF01C0E9FF03C0ECFFED52D0C8EFFF11
:106A8000D89000018235036A470F016E010E032280
:106A900001C0CEF8080103C0CFF8D89000018235BC
:106AA000036AF70FE96E000E0320EA6EECCFD1F80F
:106AB000ED52EFCFD0F8020E0801D025016E000E86
:106AC000D121CFC8EAFFCEC8E9FFEC6EED5201C07C
:106AD000EFFF036A000182517F0F016E000E032257
:106AE000080103C0CFF8036A00018251650FE96E07
:106AF000000E0320EA6EEFCFD0F80801CFC8EAFFFE
:106B000001C0E9FFD0C8EFFF0601F7BB07D082C084
:106B1000CEF80001CDEC81F004D006010001C2ECFA
:106B2000AFF00601F7BB0AD0040E0801CE6FBB0E12
:106B3000CF6F00011BEC7FF009D00601040E0801A5
:106B4000CE6FAF0ECF6F00011BEC7FF00601F79701
:106B500000018251FC0F0EE2040FF2EFB6F09AEC46
:106B600037F008D0C6EC37F005D0F2EC37F002D0A1
:106B70001EEC38F0EDD0D8908235036A4F0F016ECD
:106B8000010E0322080103C0CFF8D890000182351E
:106B9000036AFF0FE96E000E0320EA6EECCF03F0EC
:106BA000ED52EFCFD0F80801CFC8EAFF01C0E9FFEE
:106BB00003C0ECFFED52D0C8EFFFD8900001823542
:106BC000036A470F016E010E032201C0CEF80801CF
:106BD00003C0CFF8D89000018235036AF70FE96E41
:106BE000000E0320EA6EECCFD1F8ED52EFCFD0F8D3
:106BF000020E0801D025016E000ED121CFC8EAFF98
:106C0000CEC8E9FFEC6EED5201C0EFFF036A000150
:106C100082517F0F016E000E0322080103C0CFF8DE
:106C2000036A00018251650FE96E000E0320EA6ECF
:106C3000EFCFD0F80801CFC8EAFF01C0E9FFD0C804
:106C4000EFFF0601F7BB07D082C0CEF80001CDEC04
:106C500081F004D006010001C2ECAFF00601F7BBE1
:106C60000AD0040E0801CE6FBB0ECF6F00011BECE3
:106C70007FF009D00601040E0801CE6FAF0ECF6F72
:106C800000011BEC7FF00601F797FA6BF96B00012E
:106C90008251FC0F0EE2040F06EFB7F09AEC37F0CA
:106CA00008D0C6EC37F005D0F2EC37F002D01EEC7D
:106CB00038F04ED056820601F7AB01D008D0000163
:106CC00081EC47F051C248F150C247F10601040E71
:106CD0000801CE6FAA0ECF6F00011BEC7FF0010EF2
:106CE0000801E56FE66BE76B0001A4EC50F0588CEF
:106CF000B50E6B6F2DD00601F7BB0ED051C248F117
:106D000050C247F1040E0801CE6FBB0ECF6F0001D9
:106D10001BEC7FF009D00601040E0801CE6FAF0E08
:106D2000CF6F00011BEC7FF013D0040E0801CE6F73
:106D3000BB0ECF6F00011BEC7FF081EC47F008D059
:106D40006DC06BF00101926B916B906B8F6B0001CA
:106D50006A6B86A607D00101B66BB56BB46BB36BDB
:106D60000BD0000181BC09D00101B66BB56BB46BCF
:106D7000B36BF40E986E8F7600011B6AF2BE1B8E09
:106D8000F29E09016F6B000153EC03F01BBEF28E03
:106D90008EEFE6F0E824F76AF736B50FF66E6D0E63
:106DA000F722010EF86EFB6E0A00F550FA6E08002D
:106DB000F550F96E98669E66A466AA66E824F76A9E
:106DC000F736DD0FF66E6D0EF722010EF86EFB6ED4
:106DD0000A00F550FA6E0800F550F96E246A2A6A26
:106DE000306A366AE824F76AF736050FF66E6E0EDB
:106DF000F722010EF86EFB6E0A00F550FA6E0800DD
:106E0000F550F96E5E6B646B6A6B706BE824F76A21
:106E1000F7362D0FF66E6E0EF722010EF86EFB6E32
:106E20000A00F550FA6E0800F550F96E9C6CA26CE1
:106E3000A86CAE6C6C510A0807E00101AE6BAD6B3B
:106E4000AC6B7BC0ABF100010101AE5307E1AD5368
:106E500005E1AC5303E1AB51640805E2AE6BAD6BE9
:106E6000AC6B640EAB6FAE530CE1AD530AE1AC53A7
:106E700008E1AB510A0805E3AE6BAD6BAC6B0A0ED3
:106E8000AB6FABC17BF00801CF6B7BC0CEF8CFC836
:106E90000BF97BC00AF909010D6B0A0E0C6F00019A
:106EA00063EC0BF002C0CFF801C0CEF80801CF337D
:106EB000CE33CF33CE33CF33CEC847FFCF33CF31EE
:106EC000300B006E0F014651CF0B0010466F030EC2
:106ED0000801DB6FED0EDA6F7BC0DCF80001B4EC6B
:106EE00008F0EFEFCCF00101AE5307E1AD5305E13F
:106EF000AC5303E1AB51500805E2AE6BAD6BAC6B2C
:106F0000500EAB6FAE530CE1AD530AE1AC5308E148
:106F1000AB510A0805E3AE6BAD6BAC6B0A0EAB6F01
:106F2000ABC17CF00901596B810E5A6F000174EC02
:106F30000BF01B6AF2BE1B8EF29E0901796B7CC0BE
:106F400078F9000145EC05F01BBEF28E1B6AF2BE1B
:106F50001B8EF29E03C07BF902C07AF901C079F959
:106F600000C078F9AE0E09017F6F470E7E6F210ECB
:106F70007D6F7E0E7C6F000160EC05F01BBEF28E13
:106F80001B6AF2BE1B8EF29E03C07BF902C07AF927
:106F900001C079F900C078F9DBEC05F01BBEF28E78
:106FA00001C0CEF8010E0901596F01C05AF9000164
:106FB00074EC0BF0010E0901596F040E5A6F0001B9
:106FC00074EC0BF0030E0801DB6FEE0EDA6F7CC081
:106FD000DCF80001B4EC08F0F3EFCCF00101AE53A3
:106FE00007E1AD5305E1AC5303E1AB51640805E2A1
:106FF000AE6BAD6BAC6B640EAB6FAB530AE1AC53D5
:1070000008E1AD5306E1AE5304E1AE6BAD6BAC6B82
:10701000AB6BACC10AF1ABC109F1AB530CE1AC53A2
:107020000AE1AD5308E1AE5306E1F00E6E16830E91
:10703000966E8D8A54D0830E966E8D9A0C0E6E6E5F
:107040003F0E0F012C17000E2C131B6AF2BE1B8E75
:10705000F29E0AC179F909C178F9000145EC05F001
:107060001BBEF28E1B6AF2BE1B8EF29E03C07BF922
:1070700002C07AF901C079F900C078F909017F6B83
:107080007E6B100E7D6F810E7C6F000160EC05F051
:107090001BBEF28E1B6AF2BE1B8EF29E03C07BF9F2
:1070A00002C07AF901C079F900C078F9DBEC05F08B
:1070B0001BBEF28E02C0CFF801C0CEF80801CF335C
:1070C000CE33CF33CE33CF33CEC86FFFCF33CF31B4
:1070D000300B006E6E50CF0B00106E6E0101030E70
:1070E0000801DC6FEF0EDB6F0AC1DEF809C1DDF8C5
:1070F0000001DDEC08F0F7EFCCF0010E0101AB1759
:10710000AC6BAD6BAE6BAB51006EAC51036E03500C
:1071100004E10052000109E00101035005E1010E04
:10712000005C00010BE0010113D0920E8C6F050191
:10713000EB6BEA6BE96BE86B01010AD0930E8C6F85
:107140000501EB6BEA6B040EE96F1A0EE86F0101A3
:10715000AB5100018B5D0EE10101AC53D8B402D0FC
:10716000000108D0AD53D8B402D0000103D0AE5313
:1071700004E00001ABC18BF00101030E0801DB6FDD
:10718000F10EDA6F8BC0DCF80001B4EC08F0FBEF15
:10719000CCF06C51140807E00101AE6BAD6BAC6B29
:1071A000CCC0ABF100010101AE5307E1AD5305E1E5
:1071B000AC5303E1AB51010805E2AE6BAD6BAC6BB8
:1071C000020EAB6FAB530AE1AC5308E1AD5306E1DD
:1071D000AE5304E1AE6BAD6BAC6BAB6BABC1CCF043
:1071E0004F980001CC51020801E14F884BEFCDF0E0
:1071F0000801D56BD46BD36BD26B01015A6B596B01
:10720000000E4FB8010E036A740FE96E000E0320E2
:10721000EA6EEF52D8B4A9D01B6AF2BE1B8EF29E62
:10722000D1C879F9D0C878F9000145EC05F01BBE4A
:10723000F28E03C0D9F802C0D8F801C0D7F800C058
:10724000D6F81B6AF2BE1B8EF29E03C07BF902C009
:107250007AF901C079F900C078F909017F6B7E6B7A
:10726000480E7D6F840E7C6F000160EC05F01BBE44
:10727000F28E03C0D9F802C0D8F801C0D7F800C018
:10728000D6F8000E4FB8010E036A740FE96E000EB7
:107290000320EA6EEF501B6AF2BE1B8EF29E0901BC
:1072A000796B786F000145EC05F01BBEF28E1B6A0E
:1072B000F2BE1B8EF29ED9C87BF9D8C87AF9D7C81E
:1072C00079F9D6C878F903C07FF902C07EF901C008
:1072D0007DF900C07CF960EC05F01BBEF28E03C0A6
:1072E000D9F802C0D8F801C0D7F800C0D6F803C05A
:1072F00026F902C025F901C024F900C023F90901CB
:107300002A6B296B286B800E276F00016FEC0AF047
:107310001B6AF2BE1B8EF29E03C07BF902C07AF993
:1073200001C079F900C078F9DBEC05F01BBEF28EE4
:1073300002C05AF101C059F1000E4FB8010E036AA4
:10734000740FE96E000E0320EA6EEFCF12F95AC1F6
:1073500011F959C110F90901136B000185EC17F0FF
:1073600002C062F101C061F101011B6AF2BE1B8E15
:10737000F29ED1C879F9D0C878F9000145EC05F042
:107380001BBEF28E03C0D9F802C0D8F801C0D7F8EE
:1073900000C0D6F81B6AF2BE1B8EF29E03C07BF9BA
:1073A00002C07AF901C079F900C078F909017F6B50
:1073B0007E6B480E7D6F840E7C6F000160EC05F0E3
:1073C0001BBEF28E03C0D9F802C0D8F801C0D7F8AE
:1073D00000C0D6F8000E4FB8010E006ED8900036EF
:1073E0000050036A130FE96E010E0320EA6EECCF22
:1073F00003F0ED52EF501B6AF2BE1B8EF29E0901A4
:10740000786F03C079F9000145EC05F01BBEF28EE0
:107410001B6AF2BE1B8EF29ED9C87BF9D8C87AF9D6
:10742000D7C879F9D6C878F903C07FF902C07EF9C8
:1074300001C07DF900C07CF960EC05F01BBEF28E46
:1074400003C0D5F802C0D4F801C0D3F800C0D2F808
:10745000D5C810F9D4C80FF9D3C80EF9D2C80DF9A0
:10746000A3EC19F012000801D36BD26BD16BD06B77
:107470000101846B836B826B816B0001C05303E15C
:10748000C153D8B4AED0C253D8B4ABD01B6AF2BE8D
:107490001B8EF29ECFC879F9CEC878F945EC05F07D
:1074A0001BBEF28E03C0D7F802C0D6F801C0D5F8D3
:1074B00000C0D4F81B6AF2BE1B8EF29E03C07BF99B
:1074C00002C07AF901C079F900C078F909017F6B2F
:1074D0007E6B480E7D6F840E7C6F000160EC05F0C2
:1074E0001BBEF28E03C0D7F802C0D6F801C0D5F893
:1074F00000C0D4F8C251C025016E000EC121036E38
:1075000001501B6AF2BE1B8EF29E0901786F03C008
:1075100079F9000145EC05F01BBEF28E1B6AF2BE44
:107520001B8EF29ED7C87BF9D6C87AF9D5C879F9EF
:10753000D4C878F903C07FF902C07EF901C07DF993
:1075400000C07CF960EC05F01BBEF28E03C0D7F8DA
:1075500002C0D6F801C0D5F800C0D4F803C026F99F
:1075600002C025F901C024F900C023F909012A6BE2
:10757000296B286B800E276F00016FEC0AF003C0A7
:1075800010F902C00FF901C00EF900C00DF9A3EC0B
:1075900019F003C084F102C083F101C082F100C080
:1075A00081F1C251C025016E000EC121036E01C0E0
:1075B000D4F80801D56FD89284C113F983C112F9A8
:1075C00082C111F981C110F90901176B166B156F92
:1075D00001C014F90001DBEC09F001C086F100C024
:1075E00085F11B6AF2BE1B8EF29ECFC879F9CEC818
:1075F00078F945EC05F01BBEF28E03C0D7F802C047
:10760000D6F801C0D5F800C0D4F81B6AF2BE1B8EB4
:10761000F29E03C07BF902C07AF901C079F900C07B
:1076200078F909017F6B7E6B480E7D6F840E7C6F4D
:10763000000160EC05F01BBEF28E03C0D7F802C05B
:10764000D6F801C0D5F800C0D4F81B6AF2BE1B8E74
:10765000F29E80C179F97FC178F945EC05F01BBE37
:10766000F28E1B6AF2BE1B8EF29ED7C87BF9D6C87B
:107670007AF9D5C879F9D4C878F903C07FF902C07E
:107680007EF901C07DF900C07CF960EC05F01BBEFD
:10769000F28E03C0D3F802C0D2F801C0D1F800C006
:1076A000D0F8D3C810F9D2C80FF9D1C80EF9D0C894
:1076B0000DF9A3EC19F012006B51140A09E00A0A43
:1076C00033E0360AD8B4A5D0780AD8B4AFD0B9D050
:1076D0000101A72D17D0A85315E1A95313E1AA530F
:1076E00011E12C6B020E2B6F0701215306E0010103
:1076F0002E6B640E2D6F05D0070101012E6BC80E95
:107700002D6F10D0A75105080DE1A8530BE1A95327
:1077100009E1AA5307E12C6B020E2B6F010E2E6FAD
:10772000220E2D6F00018DD001012C6B020E2B6FEC
:107730001B6AF2BE1B8EF29EC6C07BF9C5C07AF9E9
:10774000C4C079F9C3C078F90001DBEC05F01BBEB9
:10775000F28E02C0CFF801C0CEF802C00BF901C012
:107760000AF909010D6B3A0E0C6F000163EC0BF086
:1077700002C02EF101C02DF101012E51020824E2B8
:10778000FF0A03E12D51E7081FE22EC111F92DC1B7
:1077900010F90901136B640E126F000185EC17F0EC
:1077A00002C02EF101C02DF12EC10BF92DC10AF935
:1077B00009010D6B640E0C6F000163EC0BF002C04D
:1077C0002EF101C02DF101012EC111F92DC110F9C9
:1077D0000901136B320E126F000185EC17F002C025
:1077E0002EF101C02DF101012E5303E12D5163084B
:1077F00003E22E6B640E2D6F2E517E5D08E303E1D4
:107800002D517D5D04E32EC17EF12DC17DF100017E
:1078100018D0010E01012E6F220E2D6F2C6B020E5F
:107820002B6F306B320E2F6F00010BD001012E6BCE
:10783000910E2D6F2C6B020E2B6F306B640E2F6F21
:1078400000010101AE5309E1AD5307E12E51AC5DDA
:107850000AE303E1AB512D5D06E2AE6BAD6B2EC1C9
:10786000ACF12DC1ABF1AE530FE1AD530DE1AC5115
:107870002C5D0AE303E1AB512B5D06E3AE6BAD6B10
:107880002CC1ACF12BC1ABF100016B51140A07E024
:107890000A0A4CE0360A5CE0780A67E06AD0010127
:1078A000A72D35D0A85333E1A95331E1AA532FE1D5
:1078B000000E4FB8010E006ED89000360050036ADB
:1078C0000F0FE96E010E0320EA6EABC1EFFFACC1F2
:1078D000ECFF000E4FB8010E006ED890003600503D
:1078E000036A0F0FE96E010E0320EA6EECCFD1F8A8
:1078F000ED52EFCFD0F800017BDC03C0A6F102C04F
:10790000A5F101C0A4F100C0A3F10FD00101A7515E
:1079100005080AE1A85308E1A95306E1AA5304E1C6
:10792000ACC10CF1ABC10BF1000123D0ACC17EF1B5
:10793000ABC17DF17EC1CFF87DC1CEF894DD03C02F
:10794000BAF102C0B9F101C0B8F100C0B7F111D06D
:10795000D8908235036A390FE96E010E0320EA6E72
:10796000ABC1EFFFACC1ECFF04D0ACC14FF2ABC177
:107970004EF212006B51140A07E00A0AD8B4E7D09D
:10798000360AD8B433D1CED10101A7510208D8A408
:10799000AFD0A853D8A4ACD0A953D8A4A9D0AA5387
:1079A000D8A4A6D0AE530AE1AD5308E1AC510D08FE
:1079B0000BE2FF0A03E1AB51100806E2AE6BAD6BC0
:1079C0000E0EAC6F100EAB6F4FA80FD0AE530CE184
:1079D000AD530AE1AC5308E1AB51010805E3AE6BCE
:1079E000AD6BAC6B010EAB6F0ED0AE530CE1AD5373
:1079F0000AE1AC5308E1AB51010805E3AE6BAD6B96
:107A0000AC6B010EAB6F000E4FB8010E006ED8903C
:107A100000360050036A130FE96E010E0320EA6E70
:107A2000ABC1EFFFACC1ECFF000E4FB8010E006E12
:107A3000D89000360050036A130FE96E010E032040
:107A4000EA6EECCFCFF8ED52EFCFCEF80801CE536F
:107A500002E1CF5317E0000E4FB8010E036A740F16
:107A6000E96E000E0320EA6EEF5001080BE3000EF2
:107A70004FB8010E036A740FE96E000E0320EA6E20
:107A8000010EEF6E000E4FB8010E036A740FE96E1F
:107A9000000E0320EA6EEF5009080BE2000E4FB80B
:107AA000010E036A740FE96E000E0320EA6E0A0EDF
:107AB000EF6E000E4FB8010E006ED89000360050E9
:107AC000036A0F0FE96E010E0320EA6EECCFD1F8C6
:107AD000ED52EFCFD0F80001F8ECB8F003C0A6F1FA
:107AE00002C0A5F101C0A4F100C0A3F12FD0010193
:107AF000A75106082AE1A85328E1A95326E1AA5371
:107B000024E1AE530AE1AD5308E1AC510D080BE29C
:107B1000FF0A03E1AB51100806E2AE6BAD6B0E0E2F
:107B2000AC6F100EAB6FAE530CE1AD530AE1AC532A
:107B300008E1AB51010805E3AE6BAD6BAC6B010E18
:107B4000AB6FACC10EF1ABC10DF10001EBD0010187
:107B5000A751030849E1A85347E1A95345E1AA53B6
:107B600043E1AE530AE1AD5308E1AC510D080BE21D
:107B7000FF0A03E1AB51100806E2AE6BAD6B0E0ECF
:107B8000AC6F100EAB6FAE530CE1AD530AE1AC53CA
:107B900008E1AB51010805E3AE6BAD6BAC6B010EB8
:107BA000AB6FAEC15BF9ADC15AF9ACC159F9ABC10C
:107BB00058F909015F6B5E6B5D6B050E5C6F000130
:107BC00025EC0AF001C080F100C07FF17EC1CFF842
:107BD0007DC1CEF848DC03C0BAF102C0B9F101C0E2
:107BE000B8F100C0B7F1010100019CD00101A7511B
:107BF000030835E1A85333E1A95331E1AA532FE13A
:107C0000AE530AE1AD5308E1AC510D080BE2FF0A97
:107C100003E1AB510B0806E2AE6BAD6B0E0EAC6F21
:107C20000B0EAB6FAE530CE1AD530AE1AC5308E160
:107C3000AB51010805E3AE6BAD6BAC6B010EAB6FE6
:107C4000D89000018235036AF70FE96E000E032019
:107C5000EA6EABC1EFFFACC1ECFF64D00101A751EC
:107C6000040833E1A85331E1A9532FE1AA532DE1D0
:107C7000AE530AE1AD5308E1AC510D080BE2FF0A27
:107C800003E1AB510B0806E2AE6BAD6B0E0EAC6FB1
:107C90000B0EAB6FAB530AE1AC5308E1AD5306E1F9
:107CA000AE5304E1AE6BAD6BAC6BAB6BD890000127
:107CB0008235036AFF0FE96E000E0320EA6EABC146
:107CC000EFFFACC1ECFF2ED00101A751050829E15F
:107CD000A85327E1A95325E1AA5323E1AE5311E1AB
:107CE000AD530FE1AC530DE1AB510201655DD8B06E
:107CF00002D0010106D00101AE6BAD6BAC6B65C269
:107D0000ABF1AE5307E1AD5305E1AC5303E1AB5129
:107D10003B0805E2AE6BAD6BAC6B3C0EAB6FABC121
:107D200064F2000112006B511E0810E00101AE5315
:107D300007E1AD5305E1AC5303E1AB510A0805E29D
:107D4000AE6BAD6BAC6B0A0EAB6F00010101AE53B5
:107D50000CE1AD530AE1AC5308E1AB51010805E376
:107D6000AE6BAD6BAC6B010EAB6F00016B51140AC7
:107D700004E00A0AD8B468D0B0D00101A7510308C2
:107D800061E1A8535FE1A9535DE1AA535BE1000EF5
:107D90004FB8010E006ED89000360050036A130FE2
:107DA000E96E010E0320EA6EECCFCFF8ED52EFCF73
:107DB000CEF80801CE5302E1CF5310E00101AE53DB
:107DC0000CE1AD530AE1AC5308E1AB51010805E306
:107DD000AE6BAD6BAC6B010EAB6F0801000E4FB814
:107DE000010E036A740FE96E000E0320EA6EABC148
:107DF000EFFF000E4FB8010E036A740FE96E000E1C
:107E00000320EA6EEFCF76F0000E4FB8010E006E41
:107E1000D89000360050036A0F0FE96E010E032060
:107E2000EA6EECCFD1F8ED52EFCFD0F80001F8ECCC
:107E3000B8F003C0A6F102C0A5F101C0A4F100C0D2
:107E4000A3F10101000149D00101A75104081DE17E
:107E5000A8531BE1A95319E1AA5317E1AE530AE154
:107E6000AD5308E1AC5100080BE2FF0A03E1AB514E
:107E70002C0806E2AE6BAD6B010EAC6F2C0EAB6F37
:107E8000ACC1C1F0ABC1C0F019D0A751050816E1D3
:107E9000A85314E1A95312E1AA5310E1AE5307E12C
:107EA000AD5305E1AC5303E1AB513C0805E2AE6BC9
:107EB000AD6BAC6B3C0EAB6FABC1C2F07EC1CFF80B
:107EC0007DC1CEF8000133ECBAF003C0BAF102C0B4
:107ED000B9F101C0B8F100C0B7F10101AE530CE136
:107EE000AD530AE1AC5308E1AB51010805E3AE6BB9
:107EF000AD6BAC6B010EAB6F000112000101AE5314
:107F000007E1AD5305E1AC5303E1AB51010805E2D4
:107F1000AE6BAD6BAC6B010EAB6FAB530AE1AC5308
:107F200008E1AD5306E1AE5304E1AE6BAD6BAC6B53
:107F3000AB6B00016B51140A03E00A0A07E00BD097
:107F4000579A0101ABB1578A000105D0579C010136
:107F5000ABB1578C000112001B6AF2BE1B8EF29E61
:107F6000CFC879F9CEC878F945EC05F01BBEF28E82
:107F70000901266BBA0E256F5B0E246F920E236FDC
:107F800003C02AF902C029F901C028F900C027F965
:107F900000016FEC0AF003C0D4F802C0D3F801C0AE
:107FA000D2F800C0D1F8D4C810F9D3C80FF9D2C89C
:107FB0000EF9D1C80DF9A3EC19F003C0D8F802C02E
:107FC000D7F801C0D6F800C0D5F86B51280809E0F1
:107FD0006B518C0806E06B518D081CE1825103083F
:107FE00019E00801D8530DE1D751020811E2FF0A48
:107FF00008E1D6510C080CE2FF0A03E1D5513F0815
:1080000007E2D86B030ED76F0D0ED66F400ED56FFB
:1080100014D000010801D8530AE1D75308E1D65122
:1080200002080BE2FF0A03E1D551E70806E2D86B2C
:10803000D76B030ED66FE80ED56FD892D8C813F958
:10804000D7C812F9D6C811F9D5C810F90901176BAC
:10805000166B156B190E146F0001DBEC09F003C0F1
:10806000D8F802C0D7F801C0D6F800C0D5F88251C0
:10807000030810E10801D85307E1D75305E1D653AF
:1080800003E1D551270805E2D86BD76BD66B280ED4
:10809000D56F0001D5C800F0D6C801F0D7C802F0EE
:1080A000D8C803F01200CFC80BF9CEC80AF90901ED
:1080B0000D6B190E0C6F000163EC0BF002C003F0A6
:1080C00001500801D35309E1D25307E10350D15DB8
:1080D00016E303E1D051015C12E2CFC80BF9CEC820
:1080E0000AF909010D6B190E0C6F000163EC0BF01E
:1080F0000801D36BD26B02C0D1F801C0D0F8D0C850
:1081000000F0D1C801F0D2C802F0D3C803F00001DA
:108110005FEFC1F08351010A03E0030A28E06FD04A
:108120000801CE530AE0F8C0FAF0F7C0F9F000C138
:1081300002F1FFC001F165C066F0D0C0D2F0CFC03F
:10814000D1F059C05AF05DC05EF0DAC0DEF0D9C09F
:10815000DDF0D8C0DCF0D7C0DBF0EAC0EEF0E9C05B
:10816000EDF0E8C0ECF0E7C0EBF0000148D008010A
:10817000CE5314E0F8C0FAF0F7C0F9F0FAC0FCF002
:10818000F9C0FBF000C102F1FFC001F102C104F12E
:1081900001C103F165C066F066C067F0D0C0D2F0DF
:1081A000CFC0D1F0D2C0D4F0D1C0D3F059C05AF072
:1081B0005AC05BF05DC05EF05EC05FF0DAC0DEF01A
:1081C000D9C0DDF0D8C0DCF0D7C0DBF0DEC0E2F013
:1081D000DDC0E1F0DCC0E0F0DBC0DFF0EAC0EEF0D3
:1081E000E9C0EDF0E8C0ECF0E7C0EBF0EEC0F2F073
:1081F000EDC0F1F0ECC0F0F0EBC0EFF000011200C8
:108200006B51140811E10101AE5307E1AD5305E1D3
:10821000AC5303E1AB51020805E2AE6BAD6BAC6B46
:10822000020EAB6F10D000010101AE5307E1AD5358
:1082300005E1AC5303E1AB51010805E2AE6BAD6B58
:10824000AC6B010EAB6FAB530AE1AC5308E1AD531D
:1082500006E1AE5304E1AE6BAD6BAC6BAB6B0001F2
:108260006B51140A05E03C0A2FE0780A3DE03ED04D
:10827000D8900101AE31AD31AC31AB31E8CF63F014
:1082800000010101AB51010B0701206F36C1CFF88E
:1082900035C1CEF863C0D0F800015EDE01C038F110
:1082A00000C037F138C1CFF837C1CEF80801D36B21
:1082B000D26B34C1D1F833C1D0F80001F4D601C07B
:1082C00034F100C033F112D0036A82515D0FE96EC0
:1082D000000E0320EA6EABC1EFFF835304E00801F8
:1082E000CE6B000117DF02D0ABC143F212006B511D
:1082F000140A05E03C0A09E0780A1EE022D00101D8
:10830000386B280E376F00011CD08251030805E13D
:108310000101386B280E376F0001010138511E082A
:1083200009E2FF0A03E137513F0804E21F0E386FEC
:10833000400E376F000105D00101386B280E376FF2
:1083400000010101AE5309E1AD5307E13851AC5DC5
:108350000AE303E13751AB5D06E3AE6BAD6B38C1A9
:10836000ACF137C1ABF100016B51500811E10101D3
:10837000AE530CE1AD530AE1AC5308E1AB51050833
:1083800005E3AE6BAD6BAC6B050EAB6F43D000017C
:108390006B51280830E10101AE530CE1AD530AE105
:1083A000AC5308E1AB51010805E3AE6BAD6BAC6BB0
:1083B000020EAB6F0001CD51050803E0CD51060858
:1083C00019E10101A7510D0814E1A85312E1A953C5
:1083D00010E1AA530EE1AE530CE1AD530AE1AC53E8
:1083E00008E1AB51020805E3AE6BAD6BAC6B030E5D
:1083F000AB6F000110D00101AE530CE1AD530AE1A7
:10840000AC5308E1AB51040805E3AE6BAD6BAC6B4C
:10841000050EAB6F00016B51140A06E03C0A1AE02E
:10842000780AD8B410D224D2AEC15BF9ADC15AF9E2
:10843000ACC159F9ABC158F909015F6B5E6B5D6B5B
:10844000190E5C6F000125EC0AF001C034F100C088
:1084500033F10ED20101A7510D08D8A40ED1A853B3
:10846000D8A40BD1A953D8A408D1AA53D8A405D114
:108470000001CD51050804E0CD510608D8A49ED0D6
:108480000101AE5307E1AD5305E1AC5303E1AB513C
:1084900002081CE2D8925FC213F95EC212F95DC2F3
:1084A00011F95CC210F90901176B166B156B190EE7
:1084B000146F0001DBEC09F0010E0801002401013A
:1084C0002B6F000E0801012001012C6FAE5307E154
:1084D000AD5305E1AC5303E1AB5128081CE2D8923F
:1084E0005FC213F95EC212F95DC211F95CC210F9E4
:1084F0000901176B166B156B190E146F0001DBEC7D
:1085000009F0280E0801002401012B6F000E08015C
:10851000012001012C6FAE530AE1AD5308E1AC51CB
:10852000000821E2FF0A03E1AB5190081CE2D89257
:108530005FC213F95EC212F95DC211F95CC210F993
:108540000901176B166B156B190E146F0001DBEC2C
:1085500009F0C80E0801002401012B6F000E08016C
:10856000012001012C6FAE530FE1AD530DE1AC5171
:108570002C5D0AE303E1AB512B5D06E3AE6BAD6B03
:108580002CC1ACF12BC1ABF1AEC15BF9ADC15AF955
:10859000ACC159F9ABC158F909015F6B5E6B5D6BFA
:1085A000190E5C6F000125EC0AF003C063F202C0F3
:1085B00062F201C061F200C060F22AD08251040D63
:1085C000F350036AD70FE96E000E0320EA6EEACF7C
:1085D000D1F8E9CFD0F8AEC15BF9ADC15AF9ACC161
:1085E00059F9ABC158F909015F6B5E6B5D6B190EF0
:1085F0005C6F000125EC0AF0D1C8EAFFD0C8E9FFA2
:1086000000C0EFFF01C0ECFF02C0ECFF03C0ECFFB5
:10861000835304E00801CE6B00017CDD8251030826
:108620002AE18251040DF350036AE70F016E000E38
:10863000032201C0CEF803C0CFF800018251040D1F
:10864000F350036AD70FE96E000E0320EA6EEFCFF6
:1086500000F0ECCF01F0ECCF02F0ECCF03F0CFC88C
:10866000EAFFCEC8E9FF00C0EFFF01C0ECFF02C087
:10867000ECFF03C0ECFFE4D00101A7510E08D8A421
:10868000E0D0A853D8A4DDD0A953D8A4DAD0AA53F7
:10869000D8A4D7D00001CD51050804E0CD5106087B
:1086A000D8A49ED00101AE5307E1AD5305E1AC5310
:1086B00003E1AB5102081CE2D89263C213F962C213
:1086C00012F961C211F960C210F90901176B166B3A
:1086D000156B190E146F0001DBEC09F0010E080197
:1086E000005C01012D6F000E0801015801012E6F81
:1086F000AE5307E1AD5305E1AC5303E1AB5128089C
:108700001CE2D89263C213F962C212F961C211F974
:1087100060C210F90901176B166B156B190E146FF7
:108720000001DBEC09F0280E0801005C01012D6F4F
:10873000000E0801015801012E6FAE530AE1AD533E
:1087400008E1AC51000821E2FF0A03E1AB519008B7
:108750001CE2D89263C213F962C212F961C211F924
:1087600060C210F90901176B166B156B190E146FA7
:108770000001DBEC09F0C80E0801005C01012D6F5F
:10878000000E0801015801012E6FAE5309E1AD53EF
:1087900007E12E51AC5D0AE303E12D51AB5D06E329
:1087A000AE6BAD6B2EC1ACF12DC1ABF1AEC15BF9BF
:1087B000ADC15AF9ACC159F9ABC158F909015F6BA8
:1087C0005E6B5D6B190E5C6F000125EC0AF003C057
:1087D0005FF202C05EF201C05DF200C05CF22AD01E
:1087E0008251040DF350036AE70FE96E000E032077
:1087F000EA6EEACFD1F8E9CFD0F8AEC15BF9ADC1EE
:108800005AF9ACC159F9ABC158F909015F6B5E6BFC
:108810005D6B190E5C6F000125EC0AF0D1C8EAFF10
:10882000D0C8E9FF00C0EFFF01C0ECFF02C0ECFFC1
:1088300003C0ECFF835304E00801CE6B00016ADC47
:108840000101000115D0AEC15BF9ADC15AF9ACC14F
:1088500059F9ABC158F909015F6B5E6B5D6B190E7D
:108860005C6F000125EC0AF001C045F200C044F243
:1088700012006B51140A03E03C0A0CE03AD00101EB
:108880002E6B960E2D6F2C6B010E2B6F326B316F92
:1088900000012FD0D8908235036A630FE96E010E74
:1088A0000320EA6EECCF2EF1ED52EFCF2DF1D890F0
:1088B0008235036A6B0FE96E010E0320EA6EECCF7E
:1088C0002CF1ED52EFCF2BF1CD2D01D009D0CD51B0
:1088D000040806E0CD51060803E0CD51020809E185
:1088E000010E01012E6FF40E2D6F2C6B010E2B6FFC
:1088F0000001CD2D01D01FD0CD5104081CE0CD5179
:10890000060819E0CD51020816E0AEC15BF9ADC111
:108910005AF9ACC159F9ABC158F909015F6B5E6BEB
:1089200032C15DF931C15CF9000125EC0AF001C0EA
:10893000BFF800C0BEF86B511408D8B46FD1CD2D6C
:1089400001D06CD1CD510408D8B468D1CD510608FE
:10895000D8B464D1CD510208D8B460D10801BF5356
:1089600003E1BE51C8081FE2BF5127081CE303E121
:10897000BE51100818E30101326B320E316FBFC8CF
:1089800011F9BEC810F932C113F931C112F9000151
:1089900085EC17F00101AE6BAD6B02C0ACF101C00C
:1089A000ABF13BD10801BE51C80834E1BF5332E1FD
:1089B0004EAE18D00101326B320E316FBFC811F9C3
:1089C000BEC810F932C113F931C112F9000185ECAA
:1089D00017F00101AE6BAD6B02C0ACF101C0ABF1A1
:1089E00017D008010101326B0A0E316FBFC811F9AF
:1089F000BEC810F932C113F931C112F9000185EC7A
:108A000017F00101AE6BAD6B02C0ACF101C0ABF170
:108A100004D10801BF5303E1BE51640835E2BF53DE
:108A200033E1BE51C70830E30101AB51030815E142
:108A3000AC5313E1AD5311E1AE530FE131513208A4
:108A40000CE132530AE1AE6BAD6BAC6B130EAB6F46
:108A50000801BF6BBE0EBE6F0101326B0A0E316F93
:108A6000BFC811F9BEC810F932C113F931C112F9EA
:108A7000000185EC17F00101AE6BAD6B02C0ACF1EB
:108A800001C0ABF1CAD00801BE51640834E1BF5344
:108A900032E14EAE18D00101326B0A0E316FBFC801
:108AA00011F9BEC810F932C113F931C112F9000130
:108AB00085EC17F00101AE6BAD6B02C0ACF101C0EB
:108AC000ABF117D008010101326B020E316FBFC844
:108AD00011F9BEC810F932C113F931C112F9000100
:108AE00085EC17F00101AE6BAD6B02C0ACF101C0BB
:108AF000ABF193D00801BF5303E1BE51140835E236
:108B0000BF5333E1BE51630830E30101AB510908A3
:108B100015E1AC5313E1AD5311E1AE530FE1315107
:108B20000A080CE132530AE1AE6BAD6BAC6B310E4F
:108B3000AB6F0801BF6B620EBE6F0101326B020E9C
:108B4000316FBFC811F9BEC810F932C113F931C174
:108B500012F9000185EC17F00101AE6BAD6B02C09C
:108B6000ACF101C0ABF159D00801BE51140834E199
:108B7000BF5332E14EAE18D00101326B020E316F9D
:108B8000BFC811F9BEC810F932C113F931C112F9C9
:108B9000000185EC17F00101AE6BAD6B02C0ACF1CA
:108BA00001C0ABF117D008010101326B010E316F2A
:108BB000BFC811F9BEC810F932C113F931C112F999
:108BC000000185EC17F00101AE6BAD6B02C0ACF19A
:108BD00001C0ABF122D008010101AB51090814E139
:108BE000AC5312E1AD5310E1AE530EE13151020826
:108BF0000BE1325309E1AE6BAD6BAC6B130EAB6F97
:108C00000801BF6BBE6F0101326B010E316FAE6B9D
:108C1000AD6BBFC8ACF1BEC8ABF10001CD2D01D02A
:108C20008AD0CD510408D8B486D0CD510608D8B426
:108C300082D0CD510208D8B47ED0AEC15BF9ADC1AF
:108C40005AF9ACC159F9ABC158F909015F6B5E6BB8
:108C500032C15DF931C15CF9000125EC0AF003C0B5
:108C6000D1F802C0D0F801C0CFF800C0CEF808019A
:108C7000D1530DE1D0530BE101012E510801CF5D1D
:108C800019E305E101012D510801CE5D13E32EC169
:108C900011F92DC110F932C113F931C112F90001D6
:108CA00085EC17F00101AE6BAD6B02C0ACF101C0F9
:108CB000ABF10801AEC15BF9ADC15AF9ACC159F9CC
:108CC000ABC158F909015F6B5E6B32C15DF931C10F
:108CD0005CF9000125EC0AF003C0D1F802C0D0F81D
:108CE00001C0CFF800C0CEF80801D15322E1D05323
:108CF00020E1CF5101012C5DD8B002D0080119D07C
:108D000005E12B510801CE5D14E201012CC111F9DE
:108D10002BC110F932C113F931C112F9000185ECF0
:108D200017F00101AE6BAD6B02C0ACF101C0ABF14D
:108D3000080125D000010101AE5309E1AD5307E15F
:108D40002E51AC5D0AE303E12D51AB5D06E3AE6B42
:108D5000AD6B2EC1ACF12DC1ABF1AE530FE1AD53F4
:108D60000DE1AC512C5D0AE303E12B51AB5D06E252
:108D7000AE6BAD6B2CC1ACF12BC1ABF108010001A6
:108D80006B51140A03E03C0A24E03FD1AEC15BF909
:108D9000ADC15AF9ACC159F9ABC158F909015F6BC2
:108DA0005E6B32C15DF931C15CF9000125EC0AF05E
:108DB00001C036F100C035F136C1CFF835C1CEF86B
:108DC00063C0D0F8ACECBFF001C038F100C037F19F
:108DD0001CD1CD2D01D00AD0CD51040807E0CD51D2
:108DE000060804E0CD510208D8A4E0D00101A75143
:108DF0000B08D8A46BD0A853D8A468D0A953D8A482
:108E000065D0AA53D8A462D0AE5307E1AD5305E1B3
:108E1000AC5303E1AB5101080AE2010E0201595DB6
:108E200001012D6F000E02015A5901012E6FAE5340
:108E300007E1AD5305E1AC5303E1AB5114080AE27D
:108E4000020E0201595D01012D6F000E02015A59F7
:108E500001012E6FAE5307E1AD5305E1AC5303E1C1
:108E6000AB5164080AE20A0E0201595D01012D6F3F
:108E7000000E02015A5901012E6FAE5307E1AD53A6
:108E800005E1AC5303E1AB51C8080AE2320E02011E
:108E9000595D01012D6F000E02015A5901012E6F1B
:108EA000AE5309E1AD5307E12E51AC5D0AE303E196
:108EB0002D51AB5D06E3AE6BAD6B2EC1ACF12DC198
:108EC000ABF1ACC158F2ABC157F26ED0A7510C0850
:108ED000D8A46AD0A853D8A467D0A953D8A464D082
:108EE000AA53D8A461D0AE5307E1AD5305E1AC530A
:108EF00003E1AB5101080AE2010E0201572501010D
:108F00002B6F000E0201582101012C6FAE5307E1B7
:108F1000AD5305E1AC5303E1AB5114080AE2020E74
:108F20000201572501012B6F000E0201582101019A
:108F30002C6FAE5307E1AD5305E1AC5303E1AB51E8
:108F400064080AE20A0E0201572501012B6F000E88
:108F50000201582101012C6FAE5307E1AD5305E129
:108F6000AC5303E1AB51C8080AE2320E02015725A7
:108F700001012B6F000E0201582101012C6FAE532D
:108F80000FE1AD530DE1AC512C5D0AE303E1AB51B0
:108F90002B5D06E3AE6BAD6B2CC1ACF12BC1ABF11D
:108FA000ACC15AF2ABC159F22FD00001D890823532
:108FB000036ACF0FE96E000E0320EA6EEACFD1F804
:108FC000E9CFD0F8AEC15BF9ADC15AF9ACC159F9DE
:108FD000ABC158F909015F6B5E6B32C15DF931C1FC
:108FE0005CF9000125EC0AF0D1C8EAFFD0C8E9FF1E
:108FF00000C0EFFF01C0ECFF835305E00801CE6B1A
:1090000000018AECC0F00101000112007EC10BF9E1
:109010007DC10AF909010D6B320E0C6F000163EC82
:109020000BF002C003F001501B6AF2BE1B8EF29ED1
:109030000901786F02C079F9000145EC05F01BBE0B
:10904000F28E03C0D5F802C0D4F801C0D3F800C036
:10905000D2F803C026F902C025F901C024F900C0E6
:1090600023F909012A6B296B680E286F840E276F7C
:1090700000016FEC0AF003C0D1F802C0D0F801C0C3
:10908000CFF800C0CEF81B6AF2BE1B8EF29ED1C88C
:109090007BF9D0C87AF9CFC879F9CEC878F9DBEC7A
:1090A00005F01BBEF28E02C02CF101C02BF11B6A31
:1090B000F2BE1B8EF29ED1C87BF9D0C87AF9CFC818
:1090C00079F9CEC878F9DBEC05F01BBEF28E02C050
:1090D00003F001501B6AF2BE1B8EF29E0901786FED
:1090E00002C079F9000145EC05F01BBEF28ED88272
:1090F000D1C80FF9D0C80EF9CFC80DF9CEC80CF9F8
:1091000003C013F902C012F901C011F900C010F92F
:10911000C4EC19F003C0D5F802C0D4F801C0D3F8EC
:1091200000C0D2F800C000F001C001F002C002F09F
:1091300003C003F0019E03C0D5F802C0D4F801C0FB
:10914000D3F800C0D2F80801E96BE86BE76B7E0E3C
:10915000E66F03C0EDF802C0ECF801C0EBF800C008
:10916000EAF8000123EC2BF046E31B6AF2BE1B8EEB
:10917000F29ED1C87BF9D0C87AF9CFC879F9CEC8A8
:1091800078F9DBEC05F01BBEF28E02C0D3F801C00B
:10919000D2F81B6AF2BE1B8EF29E02C079F901C0A2
:1091A00078F945EC05F01BBEF28ED89203C00FF99A
:1091B00002C00EF901C00DF900C00CF90901136BD2
:1091C000126B116B7E0E106F0001C4EC19F01B6A5C
:1091D000F2BE1B8EF29E03C07BF902C07AF901C079
:1091E00079F900C078F9DBEC05F01BBEF28E02C005
:1091F0002CF101C02BF101012C5306E12B51030886
:1092000003E32C6B040E2B6FAE5307E1AD5305E166
:10921000AC5303E1AB51C80805E2AE6BAD6BAC6B70
:10922000C80EAB6FAE530FE1AD530DE1AC512C5DE9
:109230000AE303E12B51AB5D06E2AE6BAD6B2CC1D3
:10924000ACF12BC1ABF1AEC1EBF8ADC1EAF8ACC1EA
:10925000E9F8ABC1E8F8000153EC0AF01B6AF2BE72
:109260001B8EF29E03C07BF902C07AF901C079F926
:1092700000C078F909017F6B7E6B7D6B7E0E7C6F81
:10928000000160EC05F01BBEF28E03C0C6F002C008
:10929000C5F001C0C4F000C0C3F01B6AF2BE1B8E53
:1092A000F29EC6C07BF9C5C07AF9C4C079F9C3C0C3
:1092B00078F9DBEC05F01BBEF28E02C0D3F801C0DA
:1092C000D2F802C00BF901C00AF909010D6B3A0E80
:1092D0000C6F000163EC0BF002C02EF101C02DF108
:1092E00001012E51020824E2FF0A03E12D51E70893
:1092F0001FE22EC111F92DC110F90901136B640E83
:10930000126F000185EC17F002C02EF101C02DF1A3
:109310002EC10BF92DC10AF909010D6B640E0C6FFA
:10932000000163EC0BF002C02EF101C02DF1010130
:109330002EC111F92DC110F90901136B320E126FF4
:10934000000185EC17F002C02EF101C02DF10101E2
:109350002E5303E12D51630803E22E6B640E2D6F33
:109360002E517E5D08E303E12D517D5D04E32EC1A6
:109370007EF12DC17DF10001B8EFCDF06C512808D0
:1093800007E00101AE6BAD6BAC6B82C0ABF10001CD
:1093900087A120D00101AB530BE1AC5309E1AD53E0
:1093A00007E1AE5305E1AE6BAD6BAC6B010EAB6F7D
:1093B000000187A30FD00101AB2D0BD0AC5309E105
:1093C000AD5307E1AE5305E1AE6BAD6BAC6B020E76
:1093D000AB6F000187A32BD00101AB2D27D0AC537D
:1093E00025E1AD5323E1AE5321E1AE5309E1AD5385
:1093F00007E1AC5305E1AB510001825D07E20101D9
:10940000AE6BAD6BAC6B020EAB6F00010101AE53E6
:109410000DE1AD530BE1AC5309E1000182510101B3
:10942000AB5D04E2AE6BAD6BAC6BAB6B000187A5C3
:1094300020D00101AB5102080BE1AC5309E1AD535F
:1094400007E1AE5305E1AE6BAD6BAC6B010EAB6FDC
:10945000000187A30ED00101AB2D0AD0AC5308E167
:10946000AD5306E1AE5304E1AE6BAD6BAC6BAB6BD1
:1094700000010101AE5307E1AD5305E1AC5303E137
:10948000AB51030805E2AE6BAD6BAC6B030EAB6F7B
:10949000000187A11CD00101AB510308D8B402D050
:1094A000000115D0AC53D8B402D0000110D0AD5398
:1094B000D8B402D000010BD0AE53D8B402D0000112
:1094C00006D0AE6BAD6BAC6B020EAB6F000187A725
:1094D0001BD00101AB53D8B402D0000115D0AC535E
:1094E000D8B402D0000110D0AD53D8B402D00001DE
:1094F0000BD0AE53D8B402D0000106D0AE6BAD6B2A
:10950000AC6B010EAB6F00010101AB51006EAC51B1
:10951000036E035004E10052000117E00101035003
:1095200005E1010E005C000113E00101035005E1BB
:10953000020E005C00010EE00101035005E1030E84
:10954000005C000109E001010AD04F9E010107D033
:10955000010105D0010103D04F8E836B0101ABC126
:1095600082F0000129EFCEF00101AB530AE1AC53C8
:1095700008E1AD5306E1AE5304E1AE6BAD6BAC6BED
:10958000AB6BAE5307E1AD5305E1AC5303E1AB5117
:10959000050805E2AE6BAD6BAC6B060EAB6F000160
:1095A000875306E00101AE6BAD6BAC6BAB6B00019A
:1095B000ABC1CDF02CEFCEF00101AE5307E1AD53BE
:1095C00005E1AC5303E1AB51640805E2AE6BAD6B52
:1095D000AC6B640EAB6FAB530BE1AC5309E1AD5315
:1095E00007E1AE5305E1AE6BAD6BAC6B010EAB6F3B
:1095F000036A00018251650FE96E000E0320EA6ED6
:10960000ABC1EFFF3BEFCEF00101AE5311E1AD5323
:109610000FE1AC530DE1AB510201665DD8B002D051
:10962000010106D00101AE6BAD6BAC6B66C2ABF154
:10963000AE5309E1AD5307E1AC5305E102016751B7
:109640000101AB5D05E3AE6BAD6BAC6B67C2ABF11B
:10965000D89000018235036A390FE96E010E0320AC
:10966000EA6EECCFCFF8ED52EFCFCEF8D8900801EC
:10967000CF31036ECE31026E016E0101AE5309E1AE
:10968000AD5307E10350AC5D1EE303E10150AB5D58
:109690001AE3D89000018235036A390FE96E010E92
:1096A0000320EA6EECCFCFF8ED52EFCFCEF8D89092
:1096B0000101AE6BAD6B0801CF310101AC6F080148
:1096C000CE310101AB6FABC15BF2000142EFCEF0D6
:1096D0000101AE5307E1AD5305E1AC5303E1AB51DA
:1096E000010805E2AE6BAD6BAC6B010EAB6FAB531B
:1096F0000AE1AC5308E1AD5306E1AE5304E1AE6BB1
:10970000AD6BAC6BAB6BAB5306E1AC5304E1AD534B
:1097100002E1AE530BE0036A000182515D0FE96E76
:10972000000E0320EA6E010EEF6E010100016B5185
:10973000280A01E010D0036A8251590FE96E000E29
:109740000320EA6EABC1EFFF835305E00801CE6B47
:1097500000018AECC0F04CEFCEF00101A751006E81
:10976000A851036E035005E1020E005C000125E0E4
:109770000101035005E1030E005C000127E0010137
:10978000035005E1040E005C000129E001010350D3
:1097900005E1050E005C00012BE00101035005E12D
:1097A000060E005C00012EE00101035005E1070EEA
:1097B000005C000130E0010136D00801CF6B010EE2
:1097C000CE6FD16BC80ED06F01012DD00801CF6BC9
:1097D000010ECE6FD16B140ED06F010124D00801A1
:1097E000CF6B010ECE6FD16B0A0ED06F01011BD073
:1097F0000801CF6B320ECE6F0F0ED16FA00ED06F5F
:10980000010111D00801CF6B010ECE6FD16B320E6A
:10981000D06F010108D00801CF6B010ECE6FD16B64
:10982000280ED06F0101AE5319E1AD5317E1AC51D1
:109830000801CF5DD8B002D0010110D008E10101CC
:10984000AB510801CE5DD8B002D0010107D00101B3
:10985000AE6BAD6BCFC8ACF1CEC8ABF1AE530DE182
:10986000AD530BE10801D1510101AC5D0CE305E101
:109870000801D0510101AB5D06E3AE6BAD6BD1C801
:10988000ACF1D0C8ABF1A751006EA851036E0350E4
:1098900005E1020E005C000125E00101035005E135
:1098A000030E005C000124E00101035005E1040EF9
:1098B000005C000121E00101035005E1050E005CA0
:1098C00000011EE00101035005E1060E005C0001ED
:1098D0001DE00101035005E1070E005C00011AE0E4
:1098E00001011BD0ACC147F2ABC146F2010115D05A
:1098F000ABC148F2010111D0ABC149F201010DD059
:10990000ACC14BF2ABC14AF2010107D0ABC14CF282
:10991000010103D0ABC14DF201010001B0EFCEF067
:109920006C515A0807E00101AE6BAD6BAC6BCEC059
:10993000ABF100010101AE5307E1AD5305E1AC53BA
:1099400003E1AB51030805E2AE6BAD6BAC6B030EEC
:10995000AB6FAB530AE1AC5308E1AD5306E1AE5334
:1099600004E1AE6BAD6BAC6BAB6BABC1CEF0000189
:10997000C4EFCEF06B510A0A0FE01E0A3FE00A0A5C
:10998000D8B4B0D0360AD8B4F6D0780AD8B497D1C3
:109990000A0AD8B4ECD1FAD10101A751006EA8513E
:1099A000036E035004E10052000117E0010103506F
:1099B00005E1010E005C000114E00101035005E126
:1099C000020E005C000111E00101035005E1030EED
:1099D000005C00010EE001010FD01AEFB7F00101A9
:1099E0000BD073EFB7F0010107D0EEEFB7F0010134
:1099F00003D07DEFB8F001010001C8D10101A751EA
:109A0000006EA851036E035004E10052000141E0D2
:109A10000101035005E1010E005C00013EE001017F
:109A2000035005E1020E005C00013BE00101035020
:109A300005E1030E005C000138E00101035005E17F
:109A4000040E005C000135E00101035005E1050E44
:109A5000005C000132E00101035005E1060E005CEC
:109A600000012FE00101035005E1070E005C000139
:109A70002CE00101035005E1080E005C000129E023
:109A80000101035005E1090E005C000126E001011F
:109A900027D0C9EFB8F0010123D05CECBBF0010185
:109AA0001FD0BAECBCF001011BD093ECBEF0010159
:109AB00017D07EECBFF0010113D05CECBBF00101CC
:109AC0000FD0BAECBCF001010BD000ECC1F00101E9
:109AD00007D077ECC1F0010103D039ECC4F00101EB
:109AE000000154D10101A751006EA851036E03502B
:109AF00005E1010E005C000125E00101035005E1D4
:109B0000020E005C000122E00101035005E1030E9A
:109B1000005C00011FE00101035005E1040E005C40
:109B200000011CE00101035005E1050E005C00018D
:109B300019E00101035005E1060E005C000116E08A
:109B4000010117D05CECBBF0010113D07EECBFF03B
:109B500001010FD0BAECBCF001010BD093ECBEF0C8
:109B6000010107D093ECBEF0010103D006EFC8F06D
:109B7000010100010BD10101A751006EA851036E34
:109B8000035006E1010E005C0001D8B460D0010171
:109B9000035006E1020E005C0001D8B45CD0010164
:109BA000035006E1030E005C0001D8B457D0010158
:109BB000035006E1040E005C0001D8B453D001014B
:109BC000035005E1050E005C000150E00101035067
:109BD00005E1060E005C00014DE00101035005E1C6
:109BE000070E005C000149E00101035005E1080E89
:109BF000005C000146E00101035005E1090E005C34
:109C0000000142E00101035005E10A0E005C000181
:109C100042E00101035005E10B0E005C00013EE053
:109C20000101035005E10C0E005C00013BE0010165
:109C3000035005E10D0E005C000138E00101035006
:109C400005E10E0E005C000135E0010136D0BEEFEB
:109C5000C9F0010132D088D401012FD0BAECBCF098
:109C600001012BD0BAECBCF0010127D0BAECBCF05A
:109C7000010123D0A1D4010120D05CECBBF0010193
:109C80001CD0C2D4010119D08251030802E000ECBB
:109C9000C1F0010112D01CD501010FD039ECC4F084
:109CA00001010BD039ECC4F0010107D077ECC1F011
:109CB000010103D077ECC1F00101000167D06C51C4
:109CC000B408D8B453D00101A751006EA851036E57
:109CD000035004E1005200013AE00101035005E1A4
:109CE000010E005C000137E00101035005E1020EA6
:109CF000005C000134E00101035005E1030E005C4B
:109D000000012DE00101035005E1040E005C00019B
:109D100026E00101035005E1050E005C00011FE093
:109D20000101035005E1060E005C000118E001018D
:109D3000035005E1070E005C000111E00101035032
:109D400005E1080E005C00010DE001010ED000EC01
:109D5000C1F001010AD077ECC1F0010106D0FDD4B9
:109D6000010103D05CECBBF0010100010FD0010147
:109D7000A751006EA851036E035004E10052000188
:109D800002E0010102D0CCD501010001AEC1B2F167
:109D9000ADC1B1F1ACC1B0F1ABC1AFF194EFE6F040
:109DA0004FA224D06B518D0821E164531FE04F92E4
:109DB00001019A6B996B986B976B82C09DF787C076
:109DC0009CF7D89000018235036A390FE96E010EC5
:109DD0000320EA6EECCF9FF7ED52EFCF9EF708011C
:109DE000090E0901006F00016CEC38F09BEFE6F002
:109DF0004FA215D06B51B50812E1645310E04F9299
:109E000001019A6B996B986B976B4EC21CF84FC20D
:109E10001DF80B0E0901006F00016CEC38F0A2EF89
:109E2000E6F04FA22DD06B5179082AE1645328E067
:109E30004F9201019A6B996B986B976B000E4FB81C
:109E4000010E006ED89000360050036A0F0FE96EC5
:109E5000010E0320EA6EECCF6DF8ED52EFCF6CF8F7
:109E600008010BC16EF80CC16FF861C070F8CE6BC1
:109E7000CEC871F8070E0901006F00016CEC38F0D4
:109E8000A9EFE6F04FA220D06B5183081DE1645387
:109E90001BE04F9201019A6B996B986B976B7DC198
:109EA0006CF87EC16DF80801CF6BCE6BCEC86EF832
:109EB0006F6BCE6BCEC870F81EC771F8070E090124
:109EC000006F00016CEC38F0B0EFE6F00801CE6BEB
:109ED000CF6BD09186A62FD14FC7D1F80701505133
:109EE0000801D15DD8B019D10001A8EC07F0070135
:109EF0000881036A0801D151270FE96E070E03207C
:109F0000EA6EEF500508D8A0F6D0036AD151270FAA
:109F1000E96E070E0320EA6EEF500408D8A4D4D0EF
:109F20000001A6534EE0036A0801CE51A10FE96E6D
:109F3000000E0320EA6EEF50D15D28E182C08AF066
:109F4000036ACE519C0FE96E000E0320EA6EEFCF3C
:109F500082F0036AD151270FE96E070E0320EA6EE3
:109F6000EFCFD4F8036AD1513B0FE96E070E0320FF
:109F7000EA6EEFCFD5F800015BEC74F082C0CFF849
:109F80008AC082F00801CE2BD09119D0036AD1513A
:109F9000270FE96E070E0320EA6EEFCFD4F8036AAD
:109FA000D1513B0FE96E070E0320EA6EEFCFD5F8D3
:109FB00000015BEC74F082C0CFF80801D0811BD0A7
:109FC0000001036A0801D151270FE96E070E032033
:109FD000EA6EEFCFD4F8036AD1513B0FE96E070E5A
:109FE0000320EA6EEFCFD5F800015BEC74F082C07D
:109FF000CFF80801D081036AD1513B0FE96E070EFB
:10A000000320EA6EEF50BB080AE0036AD1513B0F10
:10A01000E96E070E0320EA6EEF50AF0854E158AC2A
:10A0200007D00001F4EC50F0B40E6B6F4AD0080179
:10A0300058AE07D0000154EC53F0780E6B6F41D04E
:10A0400008014FAA06D00001E0EC53F0780E6B6FC8
:10A0500038D00601F7A107D00001C9EC52F0820EFA
:10A060006B6F2FD00601F7AB0ED0000138EC51F02A
:10A070009BEC51F0FEEC51F00601F79B8C0E0001B9
:10A080006B6F1FD006010801CF51FC0F15E2040FC2
:10A0900000019EEFD0F038EC51F008010DD09BECA0
:10A0A00051F0080109D0FEEC51F0080105D038EC60
:10A0B00051F0080101D00801D0A104D08C0E00019C
:10A0C0006B6F0801579416D0036AD151270FE96EC0
:10A0D000070E0320EA6EEFCFD4F8036AD1513B0F8D
:10A0E000E96E070E0320EA6EEFCFD5F800015BECB6
:10A0F00074F008010DD0036AD151270FE96E070EE5
:10A100000320EA6EEFCFD3F80001B9EC72F008013A
:10A1100007014F2B0801D12BE1D6070108915051BF
:10A120004F5D05E300015BEC08F0A66B070156AA42
:10A1300001D0569A08010001B7EFE6F0E824F76A6B
:10A14000F7365D0FF66EA10EF722010EF86EFB6E6C
:10A150000A00F550FA6E0800F550F96E96A09EA020
:10A16000A6A0AEA0F86AA292F09CF190A59AF192F6
:10A17000D29AD29CD08E078E140E006E100E016EF5
:10A18000020EE96E000EEA6EEE6A002EFDD7012E79
:10A19000FBD7700ED36E400E9B6E646A336A658681
:10A1A000820EAF6E060ED46EA60EAC6E900EAB6E27
:10A1B0000F0120878A0E1E6F000E1F6FA60E216FE3
:10A1C000900E226F120E4B6E830E4A6E4D6A4C6AD1
:10A1D0004E904E924E944E964E984E9A4E9C4E8E67
:10A1E0004F904F924F944F964F984F9A4F9C4F9E3F
:10A1F00051905192519451965198519A519C519E1F
:10A2000054905492549454865498549A549C549E06
:10A2100056905692569456965698569A569C569ED6
:10A2200057905792579457965798579A579C578ECE
:10A23000589058920001616B626B010E636F646B02
:10A24000696B6A6B6B6B6C6B6D6B6E6B6F6B640EBB
:10A25000706F736B050E766F776B786B796B7A6BBB
:10A260000F0E7B6F190E7C6F7D6B7E6B826B836B29
:10A27000866B876B886B896B8A6B8B6B8C6B8D6B3A
:10A280008E6B58943E0E8F6FA66BBF6BC16B0A0E20
:10A29000C06F140EC26FC66BC56B0C0EC46F840EFC
:10A2A000C36FC76BC86BC96BCA6BCB6BCC6BCD6B09
:10A2B000CE6B0101086B076B0A6B020E096F0C6B0A
:10A2C0000A0E0B6F010E0E6FE00E0D6F186B176B01
:10A2D0001A6B196B1C6B1B6B1E6B1D6B206B1F6B42
:10A2E000226B216B2C6B2B6B2E6B2D6B306B320E1C
:10A2F0002F6F326B010E316F030E346F200E336FF0
:10A30000366B960E356F1F0E386F400E376F426BEF
:10A31000416B010E446FF40E436F010E466FF40E55
:10A32000456F566B556B586B576B5A6B596B5C6B23
:10A330005B6B5E6B5D6B606B5F6B626B616B7C6BB1
:10A340007B6B7E6B280E7D6F040E806FB00E7F6F6F
:10A35000846B836B826B816B866B856B886B876B81
:10A360008A6B896B8C6B8B6B8E6B8D6B926B916B2D
:10A37000906B8F6B966B956B946B936B9A6B996BE1
:10A38000986B976B9E6B9D6B9C6B9B6BA26BA16B91
:10A39000A06B9F6BA66BA56B030EA46FE80EA36F5B
:10A3A000AA6BA96BA86BA76BAE6BAD6BAC6BAB6B01
:10A3B000B26BB16BB06BAF6BB66BB56BB46BB36BB1
:10A3C000BA6BB96BB86BB76BBE6BBD6BBC6BBB6B61
:10A3D000C26BC16BC06BBF6BC66BC56BC46BC36B11
:10A3E000CA6BC96BC86BC76BCE6BCD6BCC6B640E85
:10A3F000CB6FD26BD16BD06BCF6BD66BD56BD46B75
:10A40000D36BDA6BD96BD86BD76B02013E6B426BA7
:10A41000416B406B3F6B010E436F456FF40E446F11
:10A42000476B040E466F0A0E486F496F4B6BC80EA0
:10A430004A6F280E4C6F0A0E4D6F4F6B020E4E6F17
:10A44000516B0A0E506F556B546B536B910E526FDC
:10A450005896566B586B0A0E576F5A6B320E596FDF
:10A46000050E5B6F5F6B5E6B5D6B320E5C6F636BDB
:10A47000626B030E616FE80E606F1E0E646F656B9A
:10A48000010E666F910E676F6F6B6E6B716B706B09
:10A49000736B726B756B746B776B766B796B786BB8
:10A4A0007D6B7C6B7B6B7A6B816B806B7F6B7E6B68
:10A4B000856B846B836B826B170E0501E66F1E0E36
:10A4C000E76FEB6BEA6BE96BE86B0601F46BF56B1E
:10A4D000F66B5898589A589C589EF791F793F86BDA
:10A4E000F795F797F799FA6BF96BFE6BFD6BFC6BC1
:10A4F000FB6BFF6BF79BF79DF79F0701076B0891BD
:10A500001E6B08931F6B206B216B226B0801C16BC4
:10A51000C06B000E0F01236F246F256FC196C19889
:10A52000C19A2E6B2F6B546B67D0070034485720AD
:10A53000312E330008003F465720312E30300001C5
:10A54000005000020052000001005500084059016F
:10A5500004006505010101020074010103007F0090
:10A560000000020084FF900A409C001840A70031C0
:10A5700000CF6400960002000A00FA000000C80044
:10A580000000FA000000FA000000FA000000C80015
:10A590000000FA000000FA0000000500C800C00337
:10A5A000C8003707C00008010F070007005000501F
:10A5B00000084123000801390A0014000A000C00B9
:10A5C0000E01470A0014001E00100E280032003C45
:10A5D000000F0163E803E803E803E803010001005A
:10A5E00001000109C000FF428600FFC000FFC0005B
:10A5F00063C0000747000000010EF86EA50EF76E5D
:10A600002A0EF66E0900F550006E000A13E00900EC
:10A61000F550016EE8BE05D00F0BEA6E0900F5CFCC
:10A62000E9FF01BC090001AC0900F5CFEEFF004EC7
:10A63000E9D7F9D7F86AD0B608D00A0E0801D66F64
:10A640000001C0EC07F056800F010400020EEA6E14
:10A65000860EE96E036A000E026E260E016E900EE3
:10A66000EF6E01C0ECFF02C0ECFF03C0ECFF020E76
:10A67000EA6EAE0EE96E036A000E026E2B0E016EDC
:10A68000D60EEF6E01C0ECFF02C0ECFF03C0ECFF82
:10A69000030EEA6E260EE96E036A000E026E370E96
:10A6A000016E4E0EEF6E01C0ECFF02C0ECFF03C066
:10A6B000ECFF030EEA6EC60EE96E036A000E026E30
:10A6C000580E016ED40EEF6E01C0ECFF02C0ECFF1D
:10A6D00003C0ECFF030EEA6EEE0EE96E036A000E95
:10A6E000026E6C0E016E4A0EEF6E01C0ECFF02C0EE
:10A6F000ECFF03C0ECFF030EEA6EF20EE96E036A94
:10A70000000E026E6C0E016EB40EEF6E01C0ECFF17
:10A7100002C0ECFF03C0ECFF030EEA6EF60EE96E1A
:10A72000036A000E026E6D0E016EAE0EEF6E01C07A
:10A73000ECFF02C0ECFF03C0ECFF040EEA6EB60EA5
:10A74000E96E036A000E026E750E016EE20EEF6E88
:10A7500001C0ECFF02C0ECFF03C0ECFF040EEA6E88
:10A76000BA0EE96E036A000E026E750E016EE20EFD
:10A77000EF6E01C0ECFF02C0ECFF03C0ECFF040E63
:10A78000EA6EBE0EE96E036A000E026E750E016E71
:10A79000E20EEF6E01C0ECFF02C0ECFF03C0ECFF65
:10A7A000040EEA6EC20EE96E036A000E026E750EAA
:10A7B000016EE20EEF6E01C0ECFF02C0ECFF03C0C1
:10A7C000ECFF050EEA6E560EE96E036A000E026E8D
:10A7D0008F0E016E9E0EEF6E01C0ECFF02C0ECFF0B
:10A7E00003C0ECFF050EEA6E5A0EE96E036A000E16
:10A7F000026E8F0E016E9E0EEF6E01C0ECFF02C066
:10A80000ECFF03C0ECFF050EEA6E620EE96E036A10
:10A81000000E026E8F0E016E9E0EEF6E01C0ECFFF9
:10A8200002C0ECFF03C0ECFF050EEA6EA60EE96E57
:10A83000036A000E026E960E016E1C0EEF6E01C0D2
:10A84000ECFF02C0ECFF03C0ECFF050EEA6EAA0E9F
:10A85000E96E036A000E026E970E016E980EEF6E9F
:10A8600001C0ECFF02C0ECFF03C0ECFF050EEA6E76
:10A87000B60EE96E036A000E026E9A0E016E0E0E9F
:10A88000EF6E01C0ECFF02C0ECFF03C0ECFF050E51
:10A89000EA6EBA0EE96E036A000E026EA80E016E31
:10A8A000A80EEF6E01C0ECFF02C0ECFF03C0ECFF8E
:10A8B000050EEA6EBE0EE96E036A000E026EA90E68
:10A8C000016E8A0EEF6E01C0ECFF02C0ECFF03C008
:10A8D000ECFF050EEA6EC20EE96E036A000E026E10
:10A8E000AA0E016E1C0EEF6E01C0ECFF02C0ECFF61
:10A8F00003C0ECFF080E256F246B010E236F81CF80
:10A900006EF0F290F292F288F19CF296C00EF21282
:10A91000B59CB59EC050C00B0709C06EC08EC280EA
:10A92000010E236F000E246F080E256FC196C1889B
:10A93000C18A0D0E926E896A7F0E936E8A6A8B6A47
:10A94000200E956E8C6A830E966E8D6A7D0E976EC4
:10A950008E6AF40E986E8F6A0801E56B110EE66F31
:10A96000000141EC08F00801E56B040EE66F000100
:10A9700041EC08F00801E56B050EE66F000141ECC3
:10A9800008F0C69AAB9E0F01229F4E80C290000134
:10A990005BEC08F0F40E986E8F90D3CF00F0D19E50
:10A9A000D39E030000C0D3FF4EA003D04EBA01D007
:10A9B000EFD7F40E986E8F8056961B6AF2BE1B8EF0
:10A9C000F29E09016F6B000153EC03F01BBEF28E87
:10A9D00056880601F46BC69AAB9E0F01229F7C0E2F
:10A9E000D36E400E9B6E0400F296D80E9412980E11
:10A9F00094169882F40E986E8F80AB8E228F266903
:10AA0000010E0801E56F110EE66F000141EC08F040
:10AA10001B6AF2BE1B8EF29E010E0901766FF40EC8
:10AA2000756F000156EC06F01BBEF28EC050C00BD5
:10AA30000709C06EC08EC280010E0F01236F000E89
:10AA4000246F080E256FC196C188C18AC280000E8E
:10AA50000609CA6EF90ECB6E000133EF09F0B06A39
:10AA6000070EB16EB36AB26A0101D66BD56BD46BB7
:10AA7000D36B780E05090F01336FFA0E346FBA9A53
:10AA8000B98A3385830E966E8D9A0C0E6E6E3F0ECC
:10AA90002C17000E2C131B6AF2BE1B8EF29E0AC1ED
:10AAA00079F909C178F9000145EC05F01BBEF28E79
:10AAB0001B6AF2BE1B8EF29E03C07BF902C07AF9BC
:10AAC00001C079F900C078F909017F6B7E6B100E27
:10AAD0007D6F810E7C6F000160EC05F01BBEF28E75
:10AAE0001B6AF2BE1B8EF29E03C07BF902C07AF98C
:10AAF00001C079F900C078F9DBEC05F01BBEF28EDD
:10AB000002C0CFF801C0CEF80801CF33CE33CF3327
:10AB1000CE33CF33CEC86FFFCF33CF31300B006E83
:10AB20006E50CF0B00106E6EC26BC25102081FE355
:10AB30008B8A1B6AF2BE1B8EF29E0901766B7D0E1C
:10AB4000756F000156EC06F01BBEF28E8B9A1B6AE5
:10AB5000F2BE1B8EF29E0901766B7D0E756F0001B1
:10AB600056EC06F01BBEF28E0801C22BDED70001A8
:10AB70008BEF09F01B6AF2BE1B8EF29E0901766B09
:10AB8000640E756F000156EC06F01BBEF28E0901D3
:10AB9000646B010E636FFB0E626FD00E616F00017C
:10ABA000B9EC09F001018E6B01C08DF18DC18EF100
:10ABB0008D6B0901646B010E636FFB0E626FD10E2A
:10ABC000616F0001B9EC09F0015001018D13010E14
:10ABD0000801E56F040EE66F000141EC08F01B6A06
:10ABE000F2BE1B8EF29E010E0901766FF40E756F98
:10ABF000000156EC06F01BBEF28E0C0E016EC25028
:10AC0000830B0110C26E000E016EC150F80B0110D3
:10AC1000C16EC2B2FED7C282C2B2FED7C4CFD0F1DB
:10AC20000101C3CFCFF1D16BD26BC2B2FED7D26BD1
:10AC3000D16BD06BCF6B0801C36BC3510E081EE301
:10AC40000C0E016EC250830B0110C26E000E016E1D
:10AC5000C150F80B0110C16EC2B2FED7C282C2B29F
:10AC6000FED7C3500101CF27C450D023000ED123FB
:10AC7000D223C2B2FED70801C32BDFD7D892D2C1EC
:10AC800013F9D1C112F9D0C111F9CFC110F90901DD
:10AC9000176B166B156B0F0E146F0001DBEC09F0D0
:10ACA00003C0D2F102C0D1F101C0D0F100C0CFF198
:10ACB000D2C15BF9D1C15AF9D0C159F9CFC158F904
:10ACC00009015F6B5E6B8EC15DF98DC15CF900019E
:10ACD00025EC0AF003C0D1F802C0D0F801C0CFF8CB
:10ACE00000C0CEF803C0EBF802C0EAF801C0E9F8F2
:10ACF00000C0E8F853EC0AF003C026F902C025F9B9
:10AD000001C024F900C023F909012A6B296B286BC3
:10AD10008B0E276F00016FEC0AF01B6AF2BE1B8ED0
:10AD2000F29E03C07BF902C07AF901C079F900C034
:10AD300078F9DBEC05F01BBEF28E02C07CF101C09D
:10AD40007BF101017C51090805E2FF0A0AE17B5110
:10AD5000BE0807E37C51080816E303E17B51C908EC
:10AD600012E3010E0801CE6F00011EEC0BF03CEC6B
:10AD70000BF0030E0801D66F0001C0EC07F03EECAB
:10AD800055F006D60101010E0801E56F050EE66FCC
:10AD9000000141EC08F01B6AF2BE1B8EF29E010E10
:10ADA0000901766FF40E756F000156EC06F01BBEBC
:10ADB000F28E1AEC56F0015211E1010E0801CE6F2D
:10ADC00000011EEC0BF03CEC0BF0040E0801D66FFA
:10ADD0000001C0EC07F03EEC55F0DAD5040082A685
:10ADE00002D082B812D0060ECA6F0801D66F0001D9
:10ADF000C0EC07F0010E0801CE6F00011EEC0BF055
:10AE00003CEC0BF03EEC55F0C3D5C68A7F0EC86E05
:10AE1000280EC66EC78EC79C678A0801CE6BCF6BA3
:10AE2000D06B010ED16F000126EF56F054AE13D057
:10AE3000549E060ECA6F0801D66F0001C0EC07F0E1
:10AE4000010E0801CE6F00011EEC0BF03CEC0BF084
:10AE50003EEC55F09DD50801F26BF36BF46B010EDF
:10AE6000F56F0001E5EC4FF0780E06090F01306F29
:10AE7000320E316F830E966E8D980C0E466FFC0E5F
:10AE80002B17000E2B13040E2E6F2F6F546F6F6A4B
:10AE90006E50CF0B6E6E0801CF6B7BC0CEF8CFC863
:10AEA0000BF97BC00AF909010D6B0A0E0C6F00014A
:10AEB00063EC0BF002C0CFF801C0CEF80801CF332D
:10AEC000CE33CF33CE33CF33CEC847FFCF33CF319E
:10AED000300B006E0F014651CF0B0010466FF40E81
:10AEE000986E8F900400000191EF56F01B6AF2BE3D
:10AEF0001B8EF29E09016F6B000153EC03F01BBE29
:10AF0000F28E0801C56B490EC46FC76B580EC66F31
:10AF1000090ED06F190ED16FC5C8D3F8C4C8D2F8C6
:10AF2000C7C8D5F8C6C8D4F8000117EF59F0A3EF89
:10AF30005AF0015202E054AE38D0549E060ECA6F49
:10AF40000801D66F0001C0EC07F0CF0E6B6F09014E
:10AF50000B6B6BC00AF90D6B040E0C6F000163ECF8
:10AF60000BF002C003F00150860F006E020E0220AB
:10AF7000016E026AD8B0002A036A02C0D0F8E8CF96
:10AF8000CFF800C0CEF8EA6E00C0E9FF23EC01F074
:10AF900001C07EF0010E0801CE6F00011EEC0BF027
:10AFA0003CEC0BF03EEC55F0F3D4830E966E8D8C9A
:10AFB0000400FAEC53F00400010E0801E56FE66F9F
:10AFC000000141EC08F01B6AF2BE1B8EF29E010EDE
:10AFD0000901766FF40E756F000156EC06F01BBE8A
:10AFE000F28E18EC5BF0015211E1010E0801CE6FF8
:10AFF00000011EEC0BF03CEC0BF0050E0801D66FC7
:10B000000001C0EC07F03EEC55F0C2D40801E56B3E
:10B01000010EE66F000141EC08F0A38AC00EF212A7
:10B02000040085BA01D0578224EF5BF081BA50D07A
:10B030008B808B8A010E0801CE6F00011EEC0BF095
:10B0400088EC0BF01B6AF2BE1B8EF29E640E0901A7
:10B05000796F000141EC06F01BBEF28E4BEC5BF009
:10B06000015236E13CEC0BF0090ECA6F0801D66FB5
:10B070000001C0EC07F0CF0E6B6F09010B6B6BC0CA
:10B080000AF90D6B040E0C6F000163EC0BF002C0AB
:10B0900003F00150860F006E020E0220016E026A5C
:10B0A000D8B0002A036A02C0D0F8E8CFCFF800C0B9
:10B0B000CEF8EA6E00C0E9FF23EC01F001C07EF09B
:10B0C00081BA02D00400FCD78B908B9A88EC0BF0ED
:10B0D000F298F29CF29EF2BEFDD781BA02D04EEFFA
:10B0E0005CF081BA28D004004E8ACC0E6B6F090147
:10B0F0000B6B6BC00AF90D6B040E0C6F000163EC57
:10B100000BF002C003F00150860F006E020E022009
:10B11000016E026AD8B0002A036A02C0D0F8E8CFF4
:10B12000CFF800C0CEF8EA6E00C0E9FF23EC01F0D2
:10B1300001C07EF0D6D74EAA04D04E9A8B908B9A3F
:10B1400038D41E0E0801CF6F00015FEC5AF081CF9A
:10B150006EF08B90F290F292F288F19CFA0E6C6F86
:10B160004E9A6B6B0601F46B549007010893589844
:10B170000601F795F086F19AF08AF196A38AF28695
:10B18000C00EF21281CF6EF0F2900101926B916BC2
:10B19000906B8F6BF286040056984E920001D3ECB0
:10B1A0005CF0015202E054AE45D0549E010E0801FD
:10B1B000CE6F00011EEC0BF0060ECA6F0801D66FB1
:10B1C0000001C0EC07F0CF0E6B6F09010B6B6BC079
:10B1D0000AF90D6B040E0C6F000163EC0BF002C05A
:10B1E00003F00150860F006E020E0220016E026A0B
:10B1F000D8B0002A036A02C0D0F8E8CFCFF800C068
:10B20000CEF8EA6E00C0E9FF23EC01F001C07EF049
:10B210001B6AF2BE1B8EF29E070E0901766FD00EDE
:10B22000756F000156EC06F01BBEF28E3EEC55F039
:10B23000C8EFD4F056A04CD056900A0ECA6F080141
:10B24000D66F0001C0EC07F010EC54F0CF0E6B6F1E
:10B2500009010B6B6BC00AF90D6B040E0C6F00013A
:10B2600063EC0BF002C003F00150860F006E020E7B
:10B270000220016E026AD8B0002A036A02C0D0F828
:10B28000E8CFCFF800C0CEF8EA6E00C0E9FF23ECAB
:10B2900001F001C07EF0E5EC10F0010E0801CE6F68
:10B2A00000011EEC0BF01B6AF2BE1B8EF29E030E19
:10B2B0000901766FE80E756F000156EC06F01BBEB3
:10B2C000F28E85AC02D00400FCD7519E43EC54F0C2
:10B2D000FA0E6C6F4E9A6B6B04005198F2CFCEF859
:10B2E000F29E030E636EF30E626E7F9C7F9E7F80E4
:10B2F00061500801CEBFF28EFF0832E1000146EF37
:10B300005DF0F250006EF29E030E636EF30E626EFD
:10B31000960E616E7F9C7F9E7F840F01550E7E6E20
:10B32000AA0E7E6E7F820050F2127FB2FED77F940B
:10B33000F2CF00F0F29E030E636EF40E626E61684F
:10B340007F9C7F9E7F84550E7E6EAA0E7E6E7F82CE
:10B350000050F2127FB2FED77F945788B0D0080118
:10B36000F2CFCEF8F29E030E636EF40E626E7F9CF7
:10B370007F9E7F806150CEBFF28EBA081CE1000133
:10B380005AEF5DF0F250006EF29E030E636EF40E03
:10B39000626E61687F9C7F9E7F840F01550E7E6E7A
:10B3A000AA0E7E6E7F820050F2127FB2FED77F948B
:10B3B000578803D0080157980F01518A0801D16BB3
:10B3C000D06BCF6BCE6BCEC8A6F8A76BA86BA96B62
:10B3D000CE6BCEC8AAF8010ED36F0001B9EC72F0A3
:10B3E00051A832D051984D6A4C6A10EC54F0010EBD
:10B3F000CA6FC20E006E050E016E026A036A080172
:10B40000D06BCF6FC20ECE6FCFC8EAFFE96E0001DE
:10B4100023EC01F001C07EF0010E0801CE6F0001A7
:10B420001EEC0BF01B6AF2BE1B8EF29E070E09018A
:10B43000766FD00E756F000156EC06F01BBEF28ED3
:10B440003EEC55F0C8EFD4F056B438D088EC0BF091
:10B45000150E0801D66F0001C0EC07F0150ECA6F7B
:10B4600010EC54F0C20E006E050E016E026A036A03
:10B470000801D06BCF6FC20ECE6FCFC8EAFFE96E66
:10B48000000123EC01F001C07EF0010E0801CE6F37
:10B4900000011EEC0BF01B6AF2BE1B8EF29E070E23
:10B4A0000901766FD00E756F000156EC06F01BBED9
:10B4B000F28E3EEC55F05198C8EFD4F00F01519A3E
:10B4C00051985196518C00015BEC08F02D0E08014B
:10B4D000CF6F00017EEC73F01B6AF2BE1B8EF29EF2
:10B4E0000AC179F909C178F945EC05F01BBEF28E65
:10B4F0001B6AF2BE1B8EF29E03C07BF902C07AF972
:10B5000001C079F900C078F909017F6B7E6B100EDC
:10B510007D6F810E7C6F000160EC05F01BBEF28E2A
:10B520001B6AF2BE1B8EF29E03C07BF902C07AF941
:10B5300001C079F900C078F9DBEC05F01BBEF28E92
:10B5400002C0CFF801C0CEF80801CF33CE33CF33DD
:10B55000CE33CF33CEC86FFFCF33CF31300B006E39
:10B560006E50CF0B00106E6E040057A232D057926F
:10B57000130ED46FAB0ED56F00015BEC74F0010EAF
:10B580000801E56F040EE66F000119EC50F07D0E26
:10B59000976E8E9E1B6AF2BE1B8EF29E0901766B21
:10B5A000640E756F000156EC06F01BBEF28EB3EF11
:10B5B00078F0130E0801D46FCD0ED56F00015BEC4F
:10B5C00074F00801E56B040EE66F000119EC50F011
:10B5D00008010400000188EC0BF0D8EF78F011EFBF
:10B5E00079F081EC47F01EEC53F0A2EC52F0579446
:10B5F0007D0E976E8E920400A8EC07F00F0122A337
:10B600000AD01DCF3EF21DCF3EF21DCF3EF2229951
:10B61000228922B3F6D722A504D01DCF3EF221996C
:10B62000218954A402D0B1EFE6F00001CB5304E12C
:10B6300056BA02D01BEF79F0A8EC07F0CB5304E127
:10B6400056BA02D026EF7AF0ECEF7EF001C021F777
:10B6500021C753F821C772F8006A56BE008C5650B5
:10B660000018400B02E157A032D057900701215338
:10B6700015E0420E0801C86FC96B080E09010A6F78
:10B68000C80E096F3B0E0B6F040E0C6F010E0D6F91
:10B690000E6B000131EC0FF014D00701200E0801F1
:10B6A000CA6FCB6B080E09010A6FCA0E096F3B0EF9
:10B6B0000B6F040E0C6F010E0D6F0E6B000131EC61
:10B6C0000FF06B51790803E1645301E04F82A8EC5D
:10B6D00007F0CB53D8A458D15894D3EC5CF0015266
:10B6E00021E037EC4CF001C06FF06FC009F9140E87
:10B6F00009010A6F000166EC0FF00150010F736F32
:10B7000057A804D05194370E6F6F06D06F510908B7
:10B7100002E3518401D051947351050802E2050EF1
:10B72000736F32D1A8EC07F0FA0E6C6F875317E0F5
:10B730005894F8EC7EF0070E876F896B040E0801B1
:10B74000CE6FAF0ECF6F00011BEC7FF060EC52F0BC
:10B75000876B6B518B0802E28C0E6B6FCED06B51F6
:10B760007808D8B07CD06B51810879E35894F8EC14
:10B770007EF0000E4FB8010E006ED89000360050DB
:10B78000036A130F016E010E032201C0CEF80801F7
:10B7900003C0CFF8000E4FB8010E006ED8900036EF
:10B7A0000050036A0F0FE96E010E0320EA6EECCF22
:10B7B000D7F8ED52EFCFD6F8A6C1D5F8A5C1D4F889
:10B7C000A4C1D3F8A3C1D2F8000154EC7FF0CFC8D4
:10B7D000EAFFCEC8E9FF02C0ECFFED5201C0EFFF67
:10B7E000000E4FB8010E006ED89000360050036A6C
:10B7F000130FE96E010E0320EA6EECCFCFF8ED5285
:10B80000EFCFCEF8000E4FB8010E036A740FE96E49
:10B81000000E0320EA6EEF500801CE250101476FAC
:10B82000000E0801CF210101486F5951A3259B6FDC
:10B830005A51A4219C6F000EA5219D6F000EA621D8
:10B840009E6F040E0801CE6FBB0ECF6F00011BEC84
:10B850007FF0E0EC53F0589E780E6B6F4ED06B513A
:10B86000820838E26B518B0835E35894F8EC7EF08F
:10B87000C05101017F250801CE6F0001C1510101B6
:10B8800080210801CF6F0001C2510801CE250101BE
:10B89000476F000E0801CF210101486F8151B72584
:10B8A0009F6F8251B821A06F8351B921A16F84513C
:10B8B000BA21A26F040E0801CE6FBB0ECF6F00013C
:10B8C0001BEC7FF0C9EC52F00601F791820E0001EB
:10B8D0006B6F13D06B51B40810E25894F8EC7EF003
:10B8E000040E0801CE6FBB0ECF6F00011BEC7FF082
:10B8F000F4EC50F0589CB40E6B6FFAEC53F088ECFB
:10B900000BF0060ECA6F0801D66F0001C0EC07F0FD
:10B91000CF0E6B6F09010B6B6BC00AF90D6B040E38
:10B920000C6F000163EC0BF002C003F00150860FB6
:10B93000006E020E0220016E026AD8B0002A036A6D
:10B9400002C0D0F8E8CFCFF800C0CEF8EA6E00C051
:10B95000E9FF23EC01F001C07EF0010E0801CE6F7B
:10B9600000011EEC0BF0070E0801EC6FD00EEB6F20
:10B97000000169EC4FF00801CE6B00011EEC0BF0EA
:10B980003EEC55F0C8EFD4F0A8EC07F0CB53D8A4A8
:10B9900051D181BA4FD18B808B8A010E0801CE6FB5
:10B9A00000011EEC0BF088EC0BF00901036B260E76
:10B9B000026F0F0E046F230E056F010E066F076BEB
:10B9C000000157EC0EF00901036B270E026F0F0EFA
:10B9D000046F2D0E056F010E066F076B000157EC0B
:10B9E0000EF06B518D0811E06B518E080EE06B511B
:10B9F000B5080BE06B51B70808E06B51790805E01A
:10BA00006B51830802E0875365E00901036B490E1F
:10BA1000026F080E046F410E056F010E066F076B73
:10BA2000000157EC0EF00901036B4A0E026F080E7D
:10BA3000046F500E056F010E066F076B000157EC87
:10BA40000EF0FA0E6C6FFAEC53F087530FE0070E0E
:10BA5000876F896B040E0801CE6FBB0ECF6F00019C
:10BA60001BEC7FF060EC52F0876B34D06B517808A0
:10BA70000FE26B5181080CE3040E0801CE6FBB0E80
:10BA8000CF6F00011BEC7FF0E0EC53F0589E22D00A
:10BA90006B51820811E26B518B080EE3040E080112
:10BAA000CE6FBB0ECF6F00011BEC7FF0C9EC52F0E4
:10BAB0000601F79110D000016B51B4080BE2040E9F
:10BAC0000801CE6FBB0ECF6F00011BEC7FF0F4ECD2
:10BAD00050F0589C0601548CB2EFE6F000014BEC9C
:10BAE0005BF001526FE1A8EC07F03CEC0BF0090EA3
:10BAF000CA6F0801D66F0001C0EC07F0CF0E6B6F64
:10BB000009010B6B6BC00AF90D6B040E0C6F000181
:10BB100063EC0BF002C003F00150860F006E020EC2
:10BB20000220016E026AD8B0002A036A02C0D0F86F
:10BB3000E8CFCFF800C0CEF8EA6E00C0E9FF23ECF2
:10BB400001F001C07EF081BA04D004004BEC5BF040
:10BB5000FAD7030E0801EC6FE80EEB6F000169ECF9
:10BB60004FF0CC0E6B6FA8EC07F009010B6B6BC0AC
:10BB70000AF90D6B040E0C6F000163EC0BF002C0B0
:10BB800003F00150860F006E020E0220016E026A61
:10BB9000D8B0002A036A02C0D0F8E8CFCFF800C0BE
:10BBA000CEF8EA6E00C0E9FF23EC01F001C07EF0A0
:10BBB000A8EC07F00801CE6B00011EEC0BF068EF5B
:10BBC000D8F038D0030E0801EC6FE80EEB6F0001DF
:10BBD00069EC4FF0CC0E6B6FA8EC07F009010B6B12
:10BBE0006BC00AF90D6B040E0C6F000163EC0BF0D7
:10BBF00002C003F00150860F006E020E0220016E9B
:10BC0000026AD8B0002A036A02C0D0F8E8CFCFF8A1
:10BC100000C0CEF8EA6E00C0E9FF23EC01F001C0DD
:10BC20007EF0A8EC07F00801CE6B00011EEC0BF0D3
:10BC300068EFD8F0CB5306E14EA004D03EEC55F0AF
:10BC4000C8EFD4F0A8EC07F0CB53D8A42CD206014F
:10BC5000F7A114D01E0E0801CF6F00015FEC5AF05F
:10BC600081CF6EF0F2900801EC6B010EEB6F0001DA
:10BC700069EC4FF04E9CF2864E9C060100016F511C
:10BC8000020819E24EBC17D051A20DD287530AE127
:10BC90006B51780803E26B518B0804E26B51B408D6
:10BCA000D8B001D21AEC56F0015205E018EC5BF066
:10BCB0000152D8A4F8D1FA0E6C6F6F51020805E258
:10BCC0004EBC03D05894F8EC7EF0875314E0070E76
:10BCD000876F896B040E0801CE6FAF0ECF6F000126
:10BCE0001BEC7FF060EC52F0876B6B518B0802E22B
:10BCF0008C0E6B6FC1D06B517808D8B081D06B516E
:10BD00008108D8A07DD0CC2D01D06AD0000E4FB8CC
:10BD1000010E006ED89000360050036A130F016EBA
:10BD2000010E032201C0CEF8080103C0CFF8000EB7
:10BD30004FB8010E006ED89000360050036A0F0F06
:10BD4000E96E010E0320EA6EECCFD7F8ED52EFCF8B
:10BD5000D6F8A6C1D5F8A5C1D4F8A4C1D3F8A3C11B
:10BD6000D2F8000154EC7FF0CFC8EAFFCEC8E9FF5B
:10BD700002C0ECFFED5201C0EFFF000E4FB8010E04
:10BD8000006ED89000360050036A130FE96E010E62
:10BD90000320EA6EECCFCFF8ED52EFCFCEF8000ED5
:10BDA0004FB8010E036A740FE96E000E0320EA6EAD
:10BDB000EF500801CE250101476F000E0801CF2189
:10BDC0000101486F5951A3259B6F5A51A4219C6FC3
:10BDD000000EA5219D6F000EA6219E6F08D00001C8
:10BDE000765101010D25476F000E0E21486F040E9C
:10BDF0000801CE6FBB0ECF6F00011BEC7FF03CD073
:10BE00006B5182082EE26B518B082BE3C05101016C
:10BE10007F250801CE6F0001C15101018021080179
:10BE2000CF6F0001C2510801CE250101476F000EFE
:10BE30000801CF210101486F8151B7259F6F8251C1
:10BE4000B821A06F8351B921A16F8451BA21A26F8B
:10BE5000040E0801CE6FBB0ECF6F00011BEC7FF00C
:10BE60000BD06B51B40808E2040E0801CE6FBB0E74
:10BE7000CF6F00011BEC7FF0A8EC07F0FAEC53F059
:10BE800088EC0BF0A8EC07F0C5EC7FF0A8EC07F00D
:10BE90004EAC49D010EC54F0010E0801CE6F0001F9
:10BEA0001EEC0BF0080E0801D66F0001C0EC07F085
:10BEB000080ECA6FC20E006E050E016E026A036A9A
:10BEC0000801D06BCF6FC20ECE6FCFC8EAFFE96E0C
:10BED000000123EC01F001C07EF0070E0801EC6FB9
:10BEE000D00EEB6F000169EC4FF00801CE6B000142
:10BEF0001EEC0BF0C5EC7FF01E0E0801CF6F0001A9
:10BF00005FEC5AF081CF6EF0F2900801EC6B010EFD
:10BF1000EB6F000169EC4FF04E9CF2864E9C568A06
:10BF2000010ECB6FBBD06F51020838E388EC0BF0E9
:10BF30000901036BB20E026F040E046F1E0E056F33
:10BF4000020E066F076B000157EC0EF00901036B40
:10BF5000B30E026F050E046F500E056F020E066FD2
:10BF6000076B000157EC0EF03CEC0BF0010E0801E2
:10BF7000CE6F00011EEC0BF0030E0801EC6FE80E13
:10BF8000EB6F000169EC4FF00801CE6B00011EEC75
:10BF90000BF03EEC55F0C8EFD4F080D03CEC0BF049
:10BFA00088EC0BF00901036B5E0E026F140E046F38
:10BFB000320E056F010E066F076B000157EC0EF095
:10BFC000000E58B4010E010A05E0030A11E0010A4F
:10BFD0001DE03DD0010E0801C16FDB0EC06F040EE5
:10BFE0000901076F030E086F00018DEC0FF02FD0D1
:10BFF000010E0801C16FDB0EC06F050E0901076F4E
:10C00000030E086F00018DEC0FF021D0010E080126
:10C01000C16FDB0EC06F040E0901076F030E086FBE
:10C0200000018DEC0FF0480EF66E0F0EF76E000E4D
:10C03000F86E030E0901066F000176EC15F0050E8F
:10C040000901076F030E086F00018DEC0FF0010E60
:10C0500009010A6FDB0E096F210E0B6F460E0C6F84
:10C06000020E0D6F0E6B000131EC0FF05192010EBC
:10C070000801CE6F00011EEC0BF0070E0801EC6FFB
:10C08000D00EEB6F000169EC4FF00801CE6B0001A0
:10C090001EEC0BF03EEC55F0C8EFD4F0518C0601CD
:10C0A000B2EFE6F00001A8EC07F0CB53D8A451EFB3
:10C0B000E6F06B518D0812E06B518E080FE06B516A
:10C0C000B5080CE06B51790809E06B51830806E074
:10C0D000875304E18953D8B41AEFE6F04EA2F2EF89
:10C0E000E5F04E926453D8B4F2EFE5F06B518D0851
:10C0F00003E08753D8B4E6D10801CC6BCC510308D8
:10C10000D8A0DED1010E006ECC51016E04E0D890B3
:10C110000036012EFCD7005000018715D8B4CBD1D2
:10C12000010E006E0801CC51016E04E0D89000367B
:10C13000012EFCD7005000016415D8B4BCD1010E0B
:10C14000006E0801CC51016E04E0D8900036012E3B
:10C15000FCD7005000018915D8A4ADD10801CC51FD
:10C16000FC0F25E2040F0001CCEFE6F03F0E0801C2
:10C17000CE6F000100EC80F0080119D0430E0801D9
:10C18000CE6F000100EC80F0080111D0470E0801CD
:10C19000CE6F000100EC80F0080109D03F0E0801CD
:10C1A000CE6F000100EC80F0080101D00801D890AA
:10C1B000CC35036A470FE96E010E0320EA6EECCF1F
:10C1C000CFF8ED52EFCFCEF8CE53D8A436D1CF531F
:10C1D000D8A433D1CC510001825D04E16BC06CF076
:10C1E0008E0E6B6F036A0801CC517F0FE96E000E53
:10C1F0000320EA6E010EEF5CCE6F036ACC51650F2F
:10C20000E96E000E0320EA6EEF50CE5D20E2D8907A
:10C21000CC35036A470F016E010E032203C0CFF82D
:10C22000D890CC35036AF70FE96E000E0320EA6E52
:10C23000ECCF03F0ED52EFCFD0F8CFC8EAFF01C04A
:10C24000E9FF03C0ECFFED52D0C8EFFF25D0D89036
:10C25000CC35036A470F016E010E032201C0CEF8F0
:10C2600003C0CFF8D890CC35036AF70FE96E000E03
:10C270000320EA6EECCFD1F8ED52EFCFD0F8020EEA
:10C28000D025016E000ED121CFC8EAFFCEC8E9FF4C
:10C29000EC6EED5201C0EFFFCC5103080DE1D890D8
:10C2A000CC35036A470FE96E010E0320EA6E0E0ECD
:10C2B000EC6EED52100EEF6E0601F797036A08015F
:10C2C000CC517F0FE96E000E0320EA6EEF5001089B
:10C2D00051E2036ACC517F0FE96E000E0320EA6E33
:10C2E000EF06CC51000A000105E0010A05E0030A4F
:10C2F00005E005D0898103D0898301D08985BCEC14
:10C3000065F0036AA6519C0FE96E000E0320EA6EE9
:10C31000CCC8EFFFA651A62B036AA10FE96E000E51
:10C320000320EA6E51C7EFFF040E0801CE6FDD0E49
:10C33000CF6F00011BEC7FF058820801CC51040D37
:10C34000F350CF6BCE6FA60ECE25D06F070ECF2148
:10C35000D16FD36BD26BD1C8EAFFD0C8E9FFD2C886
:10C36000EEFF080EEA6ED10EE96EEF6A0601F7875E
:10C3700060D00801036ACC517F0F016E000E0322CA
:10C3800003C0CFF8036ACC51650FE96E000E03209D
:10C39000EA6EEFCFD0F8CFC8EAFF01C0E9FFD0C8FE
:10C3A000EFFFCCC8CEF80001CDEC81F0036AA651B6
:10C3B0009C0FE96E000E0320EA6ECCC8EFFFA65179
:10C3C000A62B036AA10FE96E000E0320EA6E51C787
:10C3D000EFFF040E0801CE6FBB0ECF6F00011BEC08
:10C3E0007FF00801CC51040DF350CF6BCE6FA60E39
:10C3F000CE25D06F070ECF21D16FD36BD26BD1C8B2
:10C40000EAFFD0C8E9FFD2C8EEFF080EEA6ED10EEF
:10C41000E96EEF6ACCC8E9FF070EEA6EEF6A000129
:10C42000BCEC65F0875304E16BC06CF08C0E6B6F55
:10C430000601B2EFE6F041D00801010E006ECC51CA
:10C44000016E04E0D8900036012EFCD700500601A2
:10C45000F915006E036A005003102FE1D89008010F
:10C46000CC35036A470FE96E010E0320EA6EFF0E1A
:10C47000EF2602E2EE52ED06D890CC35036A470F64
:10C48000E96E010E0320EA6EECCFCFF8ED52EFCF4C
:10C49000CEF8CF5311E1CE5104080EE3036ACC511C
:10C4A0007F0FE96E000E0320EA6EEF50010804E3EF
:10C4B0000001E8EC79F0080106010801CC2B1ED63A
:10C4C00085D200016B51B50834E1470E0801CE6FEB
:10C4D000000100EC80F0010147531BE1485319E1D2
:10C4E0006BC06CF0B40E00016B6F51C248F150C2CA
:10C4F00047F14F94040E0801CE6FBB0ECF6F0001C1
:10C500001BEC7FF0BCEC65F00601B2EFE6F00FD05B
:10C5100001014751D8B448074707485307E147513D
:10C52000040804E30001E8EC79F0010106014DD2B2
:10C5300000016B517908D8A4B0D1430E0801CE6F29
:10C54000000100EC80F0000E4FB8010E006ED89094
:10C5500000360050036A130FE96E010E0320EA6EE5
:10C56000ECCFCFF8ED52EFCFCEF80801CE5354E127
:10C57000CF5352E10001CC2D03D008014DD0000172
:10C580000101472BD8B4482B0701045325E00001D3
:10C590006153D8B402D007011FD001015D519B5FE8
:10C5A0005E519C5B000E9D5B9E5B1AC1CFF819C16A
:10C5B000CEF818C1D1F817C1D0F800011BEC82F0F9
:10C5C00000500101D7270150D8230250D92303502E
:10C5D000DA2357961FD00701010161519B5F625119
:10C5E0009C5B000E9D5B9E5B57B614D01AC1CFF8C2
:10C5F00019C1CEF818C1D1F817C1D0F8000187ECE5
:10C6000082F003C0DAF102C0D9F101C0D8F100C054
:10C61000D7F101013FD108010101485317E147510A
:10C62000050814E3485303E1475100080FE24FA8FF
:10C6300009D04FA80BD000016153D8A402D001014A
:10C6400005D001010001E8EC79F001014753D8A4BD
:10C65000D3D04853D8A4D0D04FA809D04FA881D068
:10C6600000016153D8A402D001017BD001016BC04D
:10C670006CF0780E00016B6F616B000E4FB8010E0D
:10C68000006ED89000360050036A130F016E010E41
:10C69000032201C0CEF8080103C0CFF8000E4FB846
:10C6A000010E006ED89000360050036A0F0FE96E3D
:10C6B000010E0320EA6EECCFD7F8ED52EFCFD6F89B
:10C6C000A6C1D5F8A5C1D4F8A4C1D3F8A3C1D2F8A6
:10C6D000000154EC7FF0CFC8EAFFCEC8E9FF02C0EA
:10C6E000ECFFED5201C0EFFF000E4FB8010E006EDF
:10C6F000D89000360050036A130FE96E010E032034
:10C70000EA6EECCFCFF8ED52EFCFCEF8000E4FB877
:10C71000010E036A740FE96E000E0320EA6EEF50FB
:10C720000801CE250101476F000E0801CF2101014C
:10C73000486F5951A3259B6F5A51A4219C6F000E3D
:10C74000A5219D6F000EA6219E6F040E0801CE6FDD
:10C75000BB0ECF6F00011BEC7FF0BCEC65F048D046
:10C760000101010E0001616F01010C51000809E295
:10C77000FF0A03E10B51210804E2010E0C6F220EA7
:10C780000B6FAA6BA96B0CC1A8F10BC1A7F1000E2E
:10C790004FB8010E006ED89000360050036A0F0F9C
:10C7A000E96E010E0320EA6EECCF6DF8ED52EFCF8B
:10C7B0006CF808010BC16EF80CC16FF861C070F81D
:10C7C000070E0901006F00016CEC38F0646B4F8AB2
:10C7D000030E0601FF6F0001765101010D25476F21
:10C7E000000E0E21486F00011EEC53F0BCEC65F00A
:10C7F0000601B8D250D001010701045325E0000121
:10C800006153D8B402D007011FD001015D519B5F75
:10C810005E519C5B000E9D5B9E5B1AC1CFF819C1F7
:10C82000CEF818C1D1F817C1D0F800011BEC82F086
:10C8300000500101D7270150D8230250D9230350BB
:10C84000DA2357961FD00701010161519B5F6251A6
:10C850009C5B000E9D5B9E5B57B614D01AC1CFF84F
:10C8600019C1CEF818C1D1F817C1D0F8000187EC72
:10C8700082F003C0DAF102C0D9F101C0D8F100C0E2
:10C88000D7F10101475302E1485304E04751D8B4BE
:10C8900048074707060199D000016B518308D8A4C7
:10C8A00094D0430E0801CE6F000100EC80F001012E
:10C8B0007F531BE1805319E1472BD8B4482B070164
:10C8C00004530AE001015F519F5F6051A05B000EBD
:10C8D000A15BA25B09D00701010185519F5F8651D1
:10C8E000A05B000EA15BA25B6FD00001C2510101F1
:10C8F000475D0AE1485308E1010E07011E6F4F82B0
:10C900000001E8EC79F0010148530CE147510508BA
:10C9100009E3485303E14751010804E20001E8EC50
:10C9200079F00101475337E1485335E16BC06CF0B2
:10C93000820E00016B6FC05101017F250801CE6F8F
:10C940000001C151010180210801CF6F0001C251D6
:10C950000801CE250101476F000E0801CF2101011A
:10C96000486F8151B7259F6F8251B821A06F8351C5
:10C97000B921A16F8451BA21A26F040E0801CE6FB4
:10C98000BB0ECF6F00011BEC7FF0BCEC65F0060125
:10C99000E9D11BD00101070104530AE001015F51F5
:10C9A0009F5F6051A05B000EA15BA25B09D00701F5
:10C9B000010185519F5F8651A05B000EA15BA25BC8
:10C9C0004751D8B4480747070601080100018953B9
:10C9D000D8B408D10801CD6BCD510208D8A001D13F
:10C9E000010E006ECD51016E04E0D8900036012E8C
:10C9F000FCD7005000018915D8B4F0D0010E006EAC
:10CA00000801CD51016E04E0D8900036012EFCD70C
:10CA1000005000016415D8B4E1D0036A0801CD517B
:10CA20007F0FE96E000E0320EA6EEF524BE1036ABE
:10CA3000CD517F0F016E000E032203C0CFF8036AB1
:10CA4000CD51650FE96E000E0320EA6EEFCFD0F8EE
:10CA5000CFC8EAFF01C0E9FFD0C8EFFFCD51000108
:10CA6000825D04E16BC06CF08C0E6B6FCDC8CEF8AC
:10CA7000CDEC81F0036AA6519C0FE96E000E0320F5
:10CA8000EA6ECDC8EFFFA651A62B036AA10FE96E8F
:10CA9000000E0320EA6E51C7EFFF040E0801CE6FAF
:10CAA000BB0ECF6F00011BEC7FF0BCEC65F0875331
:10CAB00004E16BC06CF08C0E6B6F0601F79752D1DE
:10CAC0008CD00801D890CD35036A4F0FE96E010E66
:10CAD0000320EA6EECCFCFF8ED52EFCFCEF8CE5375
:10CAE0005CE1CF535AE1CD510001825D04E16BC09E
:10CAF0006CF08D0E6B6F0601F797D8900801CD355D
:10CB0000036A4F0F016E010E032203C0CFF8D890C5
:10CB1000CD35036AFF0FE96E000E0320EA6EECCFFD
:10CB200003F0ED52EFCFD0F8CFC8EAFF01C0E9FF24
:10CB300003C0ECFFED52D0C8EFFFCD51000A000159
:10CB400005E0010A05E0030A05E005D0899103D05C
:10CB5000899301D08995E8EC79F0036AA6519C0F7E
:10CB6000E96E000E0320EA6ECDC8EFFFA651A62B9A
:10CB7000036AA10FE96E000E0320EA6E51C7EFFFB2
:10CB8000040E0801CE6FEE0ECF6F00011BEC7FF09C
:10CB900058800601E7D021D00801010E006ECD516A
:10CBA000016E04E0D8900036012EFCD7005006013B
:10CBB000F915006E036A005003100FE1D8900801C8
:10CBC000CD35036A4F0FE96E010E0320EA6EFF0EAA
:10CBD000EF2602E2EE52ED06060100010801CD2B20
:10CBE000FBD60001A8EC07F009010B6B6BC00AF93A
:10CBF0000D6B040E0C6F000163EC0BF002C003F030
:10CC00000150860F006E020E0220016E026AD8B03B
:10CC1000002A036A02C0D0F8E8CFCFF800C0CEF8EF
:10CC2000EA6E00C0E9FF23EC01F001C07EF0A8EC41
:10CC300007F037D0A8EC07F00CEF83F00150010AA1
:10CC400003E0030A04E006D0C80E6B6F03D0C90EE0
:10CC50006B6F4E80A8EC07F009010B6B6BC00AF9F3
:10CC60000D6B040E0C6F000163EC0BF002C003F0BF
:10CC70000150860F006E020E0220016E026AD8B0CB
:10CC8000002A036A02C0D0F8E8CFCFF800C0CEF87F
:10CC9000EA6E00C0E9FF23EC01F001C07EF0A8ECD1
:10CCA00007F00701225314E06BC06CF0B40E0001D2
:10CCB0006B6F040E0801CE6FBB0ECF6F00011BEC33
:10CCC0007FF0BCEC65F00701226B06014BD0070139
:10CCD0000001A8EC07F0CB5302E138EF83F0A8EC99
:10CCE00007F0CB5302E187EF83F0A8EC07F0CB53BA
:10CCF00002E17EEF8FF0A8EC07F0CB5302E16DEF7D
:10CD0000ACF0A8EC07F0CB5302E153EFAEF0A8EC87
:10CD100007F0CB51010802E354EFB0F0A8EC07F0A4
:10CD2000CB5302E1BAEFCCF0A8EC07F0CB510108ED
:10CD300002E3D0EFCEF0A8EC07F0CB51010802E3FC
:10CD4000F8EFCEF0A8EC07F0CB51010802E311EFA9
:10CD5000CFF0A8EC07F0CB51010802E342EFCFF08F
:10CD60000F0106010001A8EC07F066EFCFF0CB51F0
:10CD7000010806E3CB6B54AC03D0549C6FEFDDF09D
:10CD800058A202D0589223D658A003D0589076EFDC
:10CD9000E0F0FBEFDAF00300E824F76AF736B90FAA
:10CDA000F66ECD0EF722010EF86EFB6E0A00F550FE
:10CDB000FA6E0800F550F96E6CC17CC18CC19CC143
:0200000400F00A
:0103F400BA4E
:020000040030CA
:0E00000015C8782901899100FFC0FFE0FF407C
:00000001FF
;PIC18F67K22
;CRC=1B9B  CREATED="27-mar.-26 09:07"
