:10000000B7EFCCF012001200046ED8CF05F0E0CFAD
:1000100006F00001E9CF0CF0EACF07F0E1CF08F0DD
:10002000E2CF09F0D9CF0AF0DACF0BF0F3CF12F01C
:10003000F4CF13F0FACF14F0F5CF15F0F6CF16F099
:10004000F7CF17F0F8CF18F0FBCF19F000C00EF083
:1000500001C00FF002C010F003C011F0F2AA34EF9B
:1000600000F0F2B4F7EF00F09DA03AEF00F09EB080
:100070001BEF0EF0A0A240EF00F0A1B2D3EF13F0FF
:10008000F2A846EF00F0F2B27BEF25F09DAA4CEF0C
:1000900000F09EBA1CEF1CF0B9A052EF00F0BAB00D
:1000A00043EF11F0B9A258EF00F0BAB22AEF02F014
:1000B000B9A45EEF00F0BAB4C8EF12F0B9A664EFCD
:1000C00000F0BAB673EF03F0B9A86AEF00F0BAB85F
:1000D000EFEF16F0B9AA70EF00F0BABAD6EF18F049
:1000E000B9AC76EF00F0BABC93EF22F00EC000F08E
:1000F0000FC001F010C002F011C003F00CC0E9FF06
:1001000007C0EAFF078E08C0E1FF09C0E2FF0AC08E
:10011000D9FF0BC0DAFF12C0F3FF13C0F4FF14C005
:10012000FAFF15C0F5FF16C0F6FF17C0F7FF18C09D
:10013000F8FF19C0FBFF045006C0E0FF05C0D8FF60
:100140001000256620560D0A0000256620560D0A6F
:100150000000256C752075410D0A000025662056AB
:100160000D0A0000256620560D0A0000256C75203A
:1001700075410D0A00000601AF6BAE6BB16BB06B41
:10018000C282C2B2FED7C3CFB0F6C4CFB1F6C2B2FC
:10019000FED7030144510601B05F0301455106013A
:1001A000B15BB1BF05D0B15306E1B051000803E324
:1001B000AF6BAE6B04D0B1C6AFF6B0C6AEF6AEC68E
:1001C00001F0AFC602F000011200010E0601AE5FA1
:1001D0000CE3060EEA6EAE0EE96EEF5006E0040E7A
:1001E000006E002EFED7EF2EFAD700011200040198
:1001F0004B53D8A4A1D0C1C0D7FFC0C0D6FF375041
:1002000007081BE100017A51785DD8B402D00401DF
:1002100014D07B51795DD8B402D004010ED07C514A
:100220007A5DD8B402D0040108D07D517B5DD8B48A
:1002300002D0040102D02586040125A60AD037A2E7
:1002400008D0CD90CF68FA0ECE6E45C041F044C0C4
:1002500040F025A80BD03750050808E1B190B368ED
:10026000FA0EB26E47C043F046C042F02488000E3A
:10027000956E8C90250E006E002EFED7000E966EA9
:100280008D8E4F0E006E002EFED700D0000E956EA4
:100290008C887B800001835307E1825305E1815301
:1002A00003E180517C0802E237B00BD08F5307E1A5
:1002B0008E5305E18D5303E18C517C0803E237A690
:1002C00001D038D02AA61BD0350E006E002EFED7E6
:1002D000180E016EC250830B0110C26E000E016E2B
:1002E000C150F80B0110C16E350E006E002EFED706
:1002F00042DF02C0D7F001C0D6F02A961BD0350EDF
:10030000006E002EFED7040E016EC250830B01104A
:10031000C26E000E016EC150F80B0110C16E350E99
:10032000006E002EFED727DF02C0D3F001C0D2F04E
:100330002A8628808CD004014B2D87D00001682BA1
:100340006951685D05E2C1C0D7FFC0C0D6FF7FD04C
:100350000401725303E01FBE01D072072B96000107
:10036000686BC1C0D7FFC0C0D6FF040172536AE0FA
:10037000000E956E8C9E250E006E002EFED7CD9041
:10038000B190C7C0CFFFC6C0CEFFCDC0B3FFCCC0B9
:10039000B2FF416A406A436A426ACD80B180000E72
:1003A000966E8D844F0E006E002EFED700D0900EFC
:1003B000946E8B840F013685300E0601AE6F0001FE
:1003C00004DF200E016EC250830B0110C26E000EBE
:1003D000016EC150F80B0110C16E250E006E002E8B
:1003E000FED7C9DE02C0E7F001C0E6F0350E006EB0
:1003F000002EFED7240E016EC250830B0110C26E78
:10040000000E016EC150F80B0110C16E250E006E7A
:10041000002EFED7B0DE02C0E3F001C0E2F0288477
:10042000E10EC56F180EC46F0F013D91C5C03FFFAF
:10043000C4C03EFFBA96B986000E966E8D9E3D8171
:1004400005D00401D59E010E6E6F0F010001F294DC
:1004500076EF00F0722B6C51725D05E2C3C07DFF38
:10046000C2C07CFF3BD1835307E1825305E1815336
:1004700003E180517C0802E237B00BD08F5307E1D3
:100480008E5305E18D5303E18C517C0831E237A690
:100490002FD0180E016EC250830B0110C26E000ED9
:1004A000016EC150F80B0110C16E250E006E002EBA
:1004B000FED761DE02C0D7F001C0D6F0350E006E67
:1004C000002EFED7040E016EC250830B0110C26EC7
:1004D000000E016EC150F80B0110C16E250E006EAA
:1004E000002EFED748DE02C0D3F001C0D2F0288033
:1004F000726B7B90C3C07DFFC2C07CFF000E956E07
:100500008C98250E006E002EFED7302C6BD037A0B5
:1005100069D0000E966E8D9EC5C03FFFC4C03EFFE1
:10052000935307E1925305E1915303E190517C0805
:100530000FE2000E956E8C804F0E006E002EFED7DF
:1005400000D0000E956E8C860F013D8149D00001D0
:10055000000E956E8C80350E006E002EFED7000EBC
:10056000956E8C860F013D812AA81DD0350E006E38
:10057000002EFED7140E016EC250830B0110C26E06
:10058000000E016EC150F80B0110C16E350E006EE9
:10059000002EFED70001EFDD02C0D9F001C0D8F077
:1005A0002A981DD00F01350E006E002EFED7040EC6
:1005B000016EC250830B0110C26E000E016EC1505D
:1005C000F80B0110C16E350E006E002EFED7000133
:1005D000D2DD02C0D5F001C0D4F02A8828800F01F6
:1005E0007ED0000137A669D0000E966E8D9EC5C0E4
:1005F0003FFFC4C03EFF9F5307E19E5305E19D535B
:1006000003E19C517C080FE2000E956E8C804F0E2A
:10061000006E002EFED700D0000E956E8C860F0166
:100620003D8149D00001000E956E8C80350E006E24
:10063000002EFED7000E956E8C860F013D812AA8F4
:100640001DD0350E006E002EFED7140E016EC25066
:10065000830B0110C26E000E016EC150F80B011029
:10066000C16E350E006E002EFED7000184DD02C083
:10067000D9F001C0D8F02A981DD00F01350E006EB8
:10068000002EFED7040E016EC250830B0110C26E05
:10069000000E016EC150F80B0110C16E350E006ED8
:1006A000002EFED7000167DD02C0D5F001C0D4F0F6
:1006B0002A8828800F0113D00001000E956E8C90BF
:1006C000249825A602D0CD80259625A805D03750A0
:1006D000050802E1B18025981F8428800F01BA9295
:1006E000000176EF00F00F013D91BA96C5C03FFFC3
:1006F000C4C03EFF000E966E8D8EBA96000176EF56
:1007000000F08E0E006EB9C601F0B8C602F0036AA2
:10071000015209E102C001F0026A080E005E0152B6
:1007200002E1006A08D0D89001BE04D0023601363A
:100730000006F9D7019E12000601B851D8B4A5D021
:10074000C46FBC51D8B4A1D0C45F05E37F0EC427E9
:10075000D8B09BD006D0810EC45FD8A096D0D8B4B4
:1007600094D0C4C600F0016A026A036AC36BB9C6BA
:10077000C2F6C28FBAC6C1F6BBC6C0F6190EC46FA8
:10078000BF51C05F0DE2010EC15F0AE2C25F08E225
:10079000C35F06E2C32BC22BC12BBF51C02728D099
:1007A000BE51C15F12E2010EC25F0FE2C35F0DE2F4
:1007B000C32BC22BBE51C127BF51C02719E3C12B88
:1007C00017E1C22B15E1C32B13D0BD518009C25FC5
:1007D0000EE2010EC35F0BE2C32BBD518009C2279D
:1007E000BE51C127E9E3C22BE7E1C32BE5D7038064
:1007F000C42F01D00BD0D890C037C137C237C33710
:10080000D890033602360136C537BAD7C5A106D00F
:10081000D890013202320332C53302D0000635E0EF
:10082000C5BF1ED0D890C037C137C237C337BF51FC
:10083000C05F07E2010EC15F04E2C25F02E2C35F74
:100840001AE3BE51C15F05E2010EC25F02E2C35F5F
:1008500012E3BD518009C25F03E2010EC35F0BE3E7
:10086000032A09E1022A07E1012A05E1002A0DE035
:10087000013202320332B9C6C4F6BD51C41BC4AF43
:1008800002D0018E06D0019E04D0006A016A026A7D
:10089000036A000112008E0E006E0601B451005E64
:1008A000B5C602F0B6C601F0028E005209E0D8903B
:1008B000025202E1015204E002320132002EF7D767
:1008C000B5AF05D0011E021E012AD8B4022A0001CC
:1008D0001200800ED8A202D00601BD1B0601C26B19
:1008E000C36BB9C6C1F6BD51C11BB851D8B4DFD076
:1008F000C06F006EBC51D8B4E3D0C05FD8B483D011
:100900003EE3BDC6C6F6C68FBEC6C5F6BFC6C4F6B4
:10091000C36BD890C633C533C433C333C02FF8D7A5
:10092000C1AF03D0C281E0D0C291C091C289060E8E
:10093000EA6EBB0EE96EEBD0C299C1BF0AD0C0A16E
:1009400013D0C633C533C433C333002AD8B4C7D099
:100950000BD0C6BF0CD0D890C337C437C537C63705
:100960000006D8B4BCD0F5D7C28D6DD0C29DB9C633
:10097000C1F6B9AF02D0C68FABD0C69FA9D0BCC656
:10098000C0F6BCC600F0B851C05FB9C6C6F6C68F87
:10099000BAC6C5F6BBC6C4F6C36BD890C633C5335A
:1009A000C433C333C02FF8D7C1AF03D0C2839CD0A8
:1009B000C293C091C28B060EEA6EBF0EE96EA7D03D
:1009C000C29BC1BF0AD0C0A113D0C633C533C43344
:1009D000C333002AD8B483D00BD0C6BF0CD0D89074
:1009E000C337C437C537C6370006D8B478D0F5D773
:1009F000C28F29D0C29FBDC6C1F6BDAF02D0C68F7F
:100A000067D0C69F65D0BDC6C6F6C68FBEC6C5F642
:100A1000BFC6C4F6C1AF04D0C69FC28565D0C2951B
:100A2000C36BC091060EEA6EBB0EE96E70D0C1BFFB
:100A30001CD0B9C6C1F6C0A106D0C633C533C43375
:100A4000C333002A4CE0C3AF0BD0C42B09E1C52B44
:100A500007E1C62B05E1C633C533C433002A3FE0A6
:100A6000C2BD84D7C2BFC6D71CD0800EC61BC6AFBE
:100A700004D03AD0BDC6C1F60AD0B9C6C1F6C65335
:100A800006E1C55304E1C45302E1006A21D0C6BFA8
:100A900008D0D890C337C437C537C637002EF7D72C
:100AA0001ED0C1AF02D0C68F13D0C69F11D0BCC616
:100AB00000F0BDC6C6F6BEC6C5F6BFC6C4F608D0B1
:100AC000B8C600F0B9C6C6F6BAC6C5F6BBC6C4F607
:100AD000C6C601F0C5C602F0C4C603F034D0006A31
:100AE000016A026A036A2FD0C36BC41FC51FC61FE9
:100AF000C31FC32B05E1C42B03E1C52B01E1C62BAA
:100B0000C2B112D7C2B354D7C2B589D7B3D7EF5049
:100B1000C42705E3C52B03E1C62BD8B4C081ED5231
:100B2000EF50C52703E3C62BD8B4C081ED52EF5078
:100B3000EFBE01D0800AC627D8B0C081C2B9FCD6AA
:100B4000C2BB3ED774D700011200B9C6C0F6060179
:100B5000BD51C01BC0AF05D0D894D890B9BFD880C4
:100B60002FD0B9C6C0F6BCC6C1F6B851C15F06E009
:100B7000C0AF26D0D850010AD86E22D0BDC6C1F66B
:100B8000B951C15F06E0C0AF1BD0D850010AD86E82
:100B900017D0BEC6C1F6BA51C15F06E0C0AF10D0D3
:100BA000D850010AD86E0CD0BFC6C1F6BB51C15F88
:100BB00006E0C0AF05D0D850010AD86E01D0D89059
:100BC000000112000601B851B608B86F036AB9C631
:100BD000BCF6B98FD890B933BA33BB330332023283
:100BE00001320032B82FF6D7BCAF0BD0001E011E69
:100BF000021E031E002AD8B4012AD8B4022AD8B48F
:100C0000032A000112000601B851D8B471D0006E59
:100C1000BC51D8B46DD0002604E3810E002668E2F2
:100C200004D07F0E005E64E363E0B9C6C0F6BD5138
:100C3000C01BB98FBD8FBB51BF03F4CFC2F6BA51F1
:100C4000BE03F4CF03F0F3CFC1F6BF03F350C227C6
:100C5000F450C123000E0322BB51BE03F350C22740
:100C6000F450C123000E026A03220222B951BF03CD
:100C7000F350C127F4500322000E0222B951BE03E3
:100C8000F3500326F4500222000E016A0122BB51E8
:100C9000BD03F350C127F4500322000E02220122AB
:100CA000BA51BD03F3500326F4500222000E012274
:100CB000B951BD03F3500226F4500122002A01BEAF
:100CC00005D0C1370336023601360006000EC1AF2B
:100CD0000AD0032A02220122015005E1025003E159
:100CE000035001E1002AC0BF018EC0AF019E04D0B5
:100CF000006A016A026A036A000112000601BB6B06
:100D0000BA6B780EB96F830EB86FB7C6BFF6B6C6AA
:100D1000BEF6B5C6BDF6B4C6BCF6000116DF31E3BB
:100D2000456A446A0601BB6B240EBA6F740EB96F34
:100D3000930EB86FB7C6BFF6B6C6BEF6B5C6BDF65B
:100D4000B4C6BCF60001F8DC03C0BBF602C0BAF6BC
:100D500001C0B9F600C0B8F635DF03C0DFF102C04C
:100D6000DEF101C0DDF100C0DCF1000ED880010130
:100D7000DC550001C66F000E0101DD550001C76F93
:100D8000C9D1B7C6BBF6B6C6BAF6B5C6B9F6B4C6CB
:100D9000B8F60601BF6BBE6BBD6B800EBC6F000169
:100DA000D4DE01E248E1456A280E446E45C0B9F63A
:100DB00044C0B8F6A6DCB7C6BBF6B6C6BAF6B5C62A
:100DC000B9F6B4C6B8F603C0BFF602C0BEF601C09D
:100DD000BDF600C0BCF617DF0601BB6B240EBA6F70
:100DE000740EB96F930EB86F03C0BFF602C0BEF6A3
:100DF00001C0BDF600C0BCF600019EDC03C0BBF61E
:100E000002C0BAF601C0B9F600C0B8F6DBDE03C016
:100E1000DFF102C0DEF101C0DDF100C0DCF1000E47
:100E2000D8800101DC550001C66F000E0101DD55BF
:100E30000001C76F6FD1B7C6BBF6B6C6BAF6B5C666
:100E4000B9F6B4C6B8F60601BF6BBE6BBD6B810EBA
:100E5000BC6F00017ADE01E248E1456A140E446E7F
:100E600045C0B9F644C0B8F64CDCB7C6BBF6B6C64A
:100E7000BAF6B5C6B9F6B4C6B8F603C0BFF602C036
:100E8000BEF601C0BDF600C0BCF6BDDE0601BB6B00
:100E9000240EBA6F740EB96F930EB86F03C0BFF60D
:100EA00002C0BEF601C0BDF600C0BCF6000144DCC5
:100EB00003C0BBF602C0BAF601C0B9F600C0B8F66E
:100EC00081DE03C0DFF102C0DEF101C0DDF100C050
:100ED000DCF1000ED8800101DC550001C66F000E68
:100EE0000101DD550001C76F15D1B7C6BBF6B6C607
:100EF000BAF6B5C6B9F6B4C6B8F60601BF6BBE6B96
:100F0000BD6B820EBC6F000120DE01E24AE1456A42
:100F10000A0E446E45C0B9F644C0B8F681EC03F041
:100F2000B7C6BBF6B6C6BAF6B5C6B9F6B4C6B8F615
:100F300003C0BFF602C0BEF601C0BDF600C0BCF6DD
:100F400062DE0601BB6B240EBA6F740EB96F930E8E
:100F5000B86F03C0BFF602C0BEF601C0BDF600C048
:100F6000BCF600019CEC03F003C0BBF602C0BAF66D
:100F700001C0B9F600C0B8F625DE03C0DFF102C03B
:100F8000DEF101C0DDF100C0DCF1000ED88001010E
:100F9000DC550001C66F000E0101DD550001C76F71
:100FA000B9D0B7C6BBF6B6C6BAF6B5C6B9F6B4C6BA
:100FB000B8F60601BF6BBE6B200EBD6F830EBC6F13
:100FC0000001C3DD01E24AE1456A050E446E45C0F9
:100FD000B9F644C0B8F681EC03F0B7C6BBF6B6C6A6
:100FE000BAF6B5C6B9F6B4C6B8F603C0BFF602C0C5
:100FF000BEF601C0BDF600C0BCF605DE0601BB6B47
:10100000240EBA6F740EB96F930EB86F03C0BFF69B
:1010100002C0BEF601C0BDF600C0BCF600019CECEB
:1010200003F003C0BBF602C0BAF601C0B9F600C0B7
:10103000B8F6C8DD03C0DFF102C0DEF101C0DDF1AA
:1010400000C0DCF1000ED8800101DC550001C66F44
:10105000000E0101DD550001C76F5CD0B7C6BBF6BD
:10106000B6C6BAF6B5C6B9F6B4C6B8F60601BF6BD1
:10107000BE6B780EBD6F830EBC6F000166DD01E2B2
:1010800049E1456A020E446E45C0B9F644C0B8F65F
:1010900081EC03F0B7C6BBF6B6C6BAF6B5C6B9F66C
:1010A000B4C6B8F603C0BFF602C0BEF601C0BDF6B6
:1010B00000C0BCF6A8DD0601BB6B240EBA6F740E2F
:1010C000B96F930EB86F03C0BFF602C0BEF601C081
:1010D000BDF600C0BCF600019CEC03F003C0BBF6FB
:1010E00002C0BAF601C0B9F600C0B8F66BDD03C0A5
:1010F000DFF102C0DEF101C0DDF100C0DCF1000E65
:10110000D8800101DC550001C66F000E0101DD55DC
:101110000001C76FC7C0CFFFC6C0CEFF12000201DB
:10112000E6A35FD0CDC2B9F6CCC2B8F6000181EC1F
:1011300003F003C0F2F202C0F1F201C0F0F200C00D
:10114000EFF203012EAB4BD025C3FEF224C3FDF218
:1011500023C3FCF222C3FBF2FEC2B7F6FDC2B6F611
:10116000FCC2B5F6FBC2B4F600014BEC04F002C0C1
:10117000B5F601C0B4F60601B533B433B533B433B4
:10118000B533B4C644FFB533B531300B006E0F0133
:101190004351CF0B0010436F315220E0FEC2B7F62F
:1011A000FDC2B6F6FCC2B5F6FBC2B4F600014BECCC
:1011B00004F002C0B5F601C0B4F60601B533B4338D
:1011C000B533B433B533B4C647FFB533B531300B9F
:1011D000006E0F014651CF0B0010466F030115D171
:1011E0000201E6A511D0CFC2B9F6CEC2B8F6000111
:1011F00081EC03F003C0F2F202C0F1F201C0F0F2A0
:1012000000C0EFF203D1020103012EBB40D02BAE90
:101210001ED0D892F2C2BBF6F1C2BAF6F0C2B9F64D
:10122000EFC2B8F6EEC2BFF6EDC2BEF6ECC2BDF636
:10123000EBC2BCF6000169EC04F003C0F2F202C09C
:10124000F1F201C0F0F200C0EFF21FD003012BBE9B
:101250001DD0D882F2C2BBF6F1C2BAF6F0C2B9F61E
:10126000EFC2B8F6EEC2BFF6EDC2BEF6ECC2BDF6F6
:10127000EBC2BCF6000169EC04F003C0F2F202C05C
:10128000F1F201C0F0F200C0EFF20301BED02BAECC
:1012900061D00201E6A704D0E6B502D003015AD01E
:1012A000CDC2B9F6CCC2B8F6000181EC03F003C0A0
:1012B000F2F202C0F1F201C0F0F200C0EFF225C379
:1012C000FEF224C3FDF223C3FCF222C3FBF2FEC2F2
:1012D000B7F6FDC2B6F6FCC2B5F6FBC2B4F64BECEF
:1012E00004F002C0B5F601C0B4F60601B533B4335C
:1012F000B533B433B533B4C644FFB533B531300B71
:10130000006E0F014351CF0B0010436F315220E0AC
:10131000FEC2B7F6FDC2B6F6FCC2B5F6FBC2B4F625
:1013200000014BEC04F002C0B5F601C0B4F60601B2
:10133000B533B433B533B433B533B4C647FFB5337F
:10134000B531300B006E0F014651CF0B0010466FC8
:101350005BD003012BBE59D0CFC2B9F6CEC2B8F6CE
:10136000000181EC03F003C0F2F202C0F1F201C00F
:10137000F0F200C0EFF2FAC2FEF2F9C2FDF2F8C2DA
:10138000FCF2F7C2FBF2FEC2B7F6FDC2B6F6FCC233
:10139000B5F6FBC2B4F64BEC04F002C0B5F601C0E2
:1013A000B4F60601B533B433B533B433B533B4C68C
:1013B00044FFB533B531300B006E0F014351CF0BF5
:1013C0000010436F315220E0FEC2B7F6FDC2B6F600
:1013D000FCC2B5F6FBC2B4F600014BEC04F002C04F
:1013E000B5F601C0B4F60601B533B433B533B43342
:1013F000B533B4C647FFB533B531300B006E0F01BE
:101400004651CF0B0010466F030100010601BB6B74
:10141000BA6BB96B7F0EB86FF2C2BFF6F1C2BEF6FF
:10142000F0C2BDF6EFC2BCF600019CEC03F003C0B5
:10143000B7F602C0B6F601C0B5F600C0B4F6D88261
:1014400003C0BBF602C0BAF601C0B9F600C0B8F6D8
:10145000EAC2BFF6E9C2BEF6E8C2BDF6E7C2BCF614
:1014600069EC04F003C0B3F602C0B2F601C0B1F6F5
:1014700000C0B0F60601BB6BBA6BB96B7F0EB86FDC
:10148000B3C6BFF6B2C6BEF6B1C6BDF6B0C6BCF6B0
:1014900000019CEC03F003C0E5F202C0E4F201C0DD
:1014A000E3F200C0E2F2E5C2BBF6E4C2BAF6E3C280
:1014B000B9F6E2C2B8F60601BF6BBE6BBD6BBC6B82
:1014C0000001A5EC05F001E20AE10601B76BB66B7D
:1014D0007A0EB56F880EB46F000110DC09D0E5C23A
:1014E000B7F6E4C2B6F6E3C2B5F6E2C2B4F606DC7D
:1014F0001200D2C2B9F6D1C2B8F681EC03F003C033
:10150000B3F602C0B2F601C0B1F600C0B0F6D882A0
:1015100003C0BBF602C0BAF601C0B9F600C0B8F607
:1015200002C3BFF601C3BEF600C3BDF6FFC2BCF6E0
:1015300069EC04F003C0B3F602C0B2F601C0B1F624
:1015400000C0B0F603C0BBF602C0BAF601C0B9F6DF
:1015500000C0B8F638C3BFF637C3BEF636C3BDF613
:1015600035C3BCF603EC06F003C0BBF602C0BAF606
:1015700001C0B9F600C0B8F6E2EC05F003C0B3F65E
:1015800002C0B2F601C0B1F600C0B0F60201D351FC
:1015900006010024006E0201D45106010120016EF3
:1015A0000201D55106010220026E0201D651060148
:1015B0000320E8CF3CF302C03BF301C03AF300C084
:1015C00039F33CC387F03BC386F03AC385F039C397
:1015D00084F03CC397F03BC396F03AC395F039C30F
:1015E00094F000011200D8B204D0060EEA6EBC0ED0
:1015F000E96E006A016A026A036A0601BC6BBD6B90
:10160000BE6BBF6BBB51BA11B911B8112CE0200EE3
:10161000C06FD890B437B537B637B737BC37BD379A
:10162000BE37BF37BB51BF5D08E1BA51BE5D05E1B2
:10163000B951BD5D02E1B851BC5D0FE3B851BC5F6B
:10164000B951D8A0B93DBD5FBA51D8A0BA3DBE5F6F
:10165000BB51D8A0BB3DBF5FD880003601360236F3
:101660000336C02FD6D7BCC6EFFFBDC6ECFFBEC643
:10167000ECFFBFC6ECFF00011200B60E006E036A5D
:10168000026A016A0601B851B911BA11BB1102E12F
:10169000006A0DD0D89001BE09D0B837B937BA3733
:1016A000BB37033602360136002EF4D7019E000107
:1016B000120003013C5346E13B5344E13A51040814
:1016C00041E303E13951FA083DE339350601B06FD2
:1016D00003013A350601B16F03013B350601B26FD4
:1016E00003013C350601B36FB037B137B237B337BA
:1016F000B037B137B237B337B037B137B237B337A6
:10170000B037B137B237B337B037B137B237B33795
:10171000C00EB017D892B3C6B7F6B2C6B6F6B1C609
:10172000B5F6B0C6B4F6BB6BBA6B010EB96F040E5A
:10173000B86F000158DF01C0C9F000C0C8F06E6B7F
:101740000FD103013CC3BBF63BC3BAF63AC3B9F6AB
:1017500039C3B8F6000191DF03C0B3F602C0B2F698
:1017600001C0B1F600C0B0F603C0BBF602C0BAF6C5
:1017700001C0B9F600C0B8F60601BF6B600EBE6FBF
:101780001F0EBD6F890EBC6F00019CEC03F003C0FF
:10179000A3F202C0A2F201C0A1F200C0A0F2A3C253
:1017A000B7F6A2C2B6F6A1C2B5F6A0C2B4F64BEC2B
:1017B00004F00601B96B01C0B8F6000181EC03F03A
:1017C000D882A3C2BBF6A2C2BAF6A1C2B9F6A0C221
:1017D000B8F603C0BFF602C0BEF601C0BDF600C039
:1017E000BCF669EC04F003C0B3F602C0B2F601C067
:1017F000B1F600C0B0F603C0BBF602C0BAF601C035
:10180000B9F600C0B8F60601BF6BBE6BBD6BBC6B12
:101810000001A5EC05F00DE1A3C2B7F6A2C2B6F631
:10182000A1C2B5F6A0C2B4F64BEC04F001C06EF054
:101830000DD0A3C2B7F6A2C2B6F6A1C2B5F6A0C239
:10184000B4F64BEC04F0010E01246E6F0601B96B87
:101850006EC0B8F6000181EC03F0A3C2BBF6A2C2D1
:10186000BAF6A1C2B9F6A0C2B8F603C0BFF602C06C
:10187000BEF601C0BDF600C0BCF69CEC03F003C090
:101880008BF202C08AF201C089F200C088F2060120
:10189000BB6BBA6B7F0EB96F860EB86F8BC2BFF68B
:1018A0008AC2BEF689C2BDF688C2BCF6000103EC4E
:1018B00006F003C0B7F602C0B6F601C0B5F600C028
:1018C000B4F64BEC04F002C0C9F001C0C8F0060148
:1018D000B96B6EC0B8F6000181EC03F003C0BBF633
:1018E00002C0BAF601C0B9F600C0B8F69A0E0601F9
:1018F000BF6F990EBE6F190EBD6F7D0EBC6F0001DC
:1019000003EC06F003C0B3F602C0B2F601C0B1F6B4
:1019100000C0B0F60601B96B6EC0B8F6000181ECEC
:1019200003F0D89203C0BBF602C0BAF601C0B9F604
:1019300000C0B8F6B3C6BFF6B2C6BEF6B1C6BDF6B5
:10194000B0C6BCF669EC04F003C0B7F602C0B6F648
:1019500001C0B5F600C0B4F64BEC04F001C06EF067
:10196000200E06096B6EC8C06CFF6B94746B312C33
:1019700061D103013C5346E13B5344E13A51040831
:1019800041E303E13951FA083DE339350601B06F0F
:1019900003013A350601B16F03013B350601B26F11
:1019A00003013C350601B36FB037B137B237B337F7
:1019B000B037B137B237B337B037B137B237B337E3
:1019C000B037B137B237B337B037B137B237B337D3
:1019D000C00EB017D892B3C6B7F6B2C6B6F6B1C647
:1019E000B5F6B0C6B4F6BB6BBA6B010EB96F040E98
:1019F000B86F0001F8DD01C0CBF000C0CAF06F6B1A
:101A00000FD103013CC3BBF63BC3BAF63AC3B9F6E8
:101A100039C3B8F6000131DE03C0B3F602C0B2F636
:101A200001C0B1F600C0B0F603C0BBF602C0BAF602
:101A300001C0B9F600C0B8F60601BF6B600EBE6FFC
:101A40001F0EBD6F890EBC6F00019CEC03F003C03C
:101A5000A7F202C0A6F201C0A5F200C0A4F2A7C27C
:101A6000B7F6A6C2B6F6A5C2B5F6A4C2B4F64BEC5C
:101A700004F00601B96B01C0B8F6000181EC03F077
:101A8000D882A7C2BBF6A6C2BAF6A5C2B9F6A4C24E
:101A9000B8F603C0BFF602C0BEF601C0BDF600C076
:101AA000BCF669EC04F003C0B3F602C0B2F601C0A4
:101AB000B1F600C0B0F603C0BBF602C0BAF601C072
:101AC000B9F600C0B8F60601BF6BBE6BBD6BBC6B50
:101AD0000001A5EC05F00DE1A7C2B7F6A6C2B6F667
:101AE000A5C2B5F6A4C2B4F64BEC04F001C06FF089
:101AF0000DD0A7C2B7F6A6C2B6F6A5C2B5F6A4C267
:101B0000B4F64BEC04F0010E01246F6F0601B96BC3
:101B10006FC0B8F6000181EC03F0A7C2BBF6A6C205
:101B2000BAF6A5C2B9F6A4C2B8F603C0BFF602C0A1
:101B3000BEF601C0BDF600C0BCF69CEC03F003C0CD
:101B40008FF202C08EF201C08DF200C08CF206014D
:101B5000BB6BBA6B7F0EB96F860EB86F8FC2BFF6C4
:101B60008EC2BEF68DC2BDF68CC2BCF6000103EC7F
:101B700006F003C0B7F602C0B6F601C0B5F600C065
:101B8000B4F64BEC04F002C0CBF001C0CAF0060181
:101B9000B96B6FC0B8F6000181EC03F003C0BBF66F
:101BA00002C0BAF601C0B9F600C0B8F69A0E060136
:101BB000BF6F990EBE6F190EBD6F7D0EBC6F000119
:101BC00003EC06F003C0B3F602C0B2F601C0B1F6F2
:101BD00000C0B0F60601B96B6FC0B8F6000181EC29
:101BE00003F0D89203C0BBF602C0BAF601C0B9F642
:101BF00000C0B8F6B3C6BFF6B2C6BEF6B1C6BDF6F3
:101C0000B0C6BCF669EC04F003C0B7F602C0B6F685
:101C100001C0B5F600C0B4F64BEC04F001C06FF0A3
:101C2000200E06090F01396FCAC03AFF0F0139951E
:101C30000001756B1200402AD8B4412A4150455C1E
:101C400009E303E14450405C05E2C7C0CFFFC6C0D2
:101C5000CEFF16D3CD90416A406A04014B53D8A4FD
:101C60002ED137500208D8A42AD12AB028D143BB9C
:101C700026D12BAC1ED10201E6A364D00301302B88
:101C80003051030838E10F013095060E326F030121
:101C9000116B106BBA9C306B0201E693CDC2B9F6A2
:101CA000CCC2B8F6000181EC03F00601BB6BBA6B45
:101CB000B96B7F0EB86F03C0BFF602C0BEF601C09D
:101CC000BDF600C0BCF600019CEC03F003C002F3BB
:101CD00002C001F301C000F300C0FFF20201EA6B91
:101CE000E96BE86BE76B2B8E00018FEC08F0B98C89
:101CF0000F01308503013051020802E0302D0DD074
:101D0000026B016B006B0201FF6BEA6BE96BE86B26
:101D1000E76B00018FEC08F003012BAA0DD0026BDA
:101D2000016B006B0201FF6B03012EB705D00001B0
:101D300079EC0AF0BEDC03010201EA6BE96BE86BA7
:101D4000E76BB5D0E6A59BD003012F2B2F510308DD
:101D50005AE10F013095060E326F0301116B106BC3
:101D6000BA9C00018FEC08F0CFC2B9F6CEC2B8F62B
:101D700081EC03F00601BB6BBA6BB96B7F0EB86FD9
:101D800003C0BFF602C0BEF601C0BDF600C0BCF67F
:101D900000019CEC03F003C0B1F602C0B0F601C034
:101DA000AFF600C0AEF6D2C2B9F6D1C2B8F681EC39
:101DB00003F0D88203C0BBF602C0BAF601C0B9F680
:101DC00000C0B8F6B1C6BFF6B0C6BEF6AFC6BDF627
:101DD000AEC6BCF669EC04F003C002F302C001F326
:101DE00001C000F300C0FFF20201EA6BE96BE86B8F
:101DF000E76B2B9EE69503012F6B060E0F01326FEA
:101E0000B98C308503012F51020802E02F2D18D024
:101E1000D2C2B9F6D1C2B8F6000181EC03F003C01A
:101E200002F302C001F301C000F300C0FFF202019F
:101E3000EA6BE96BE86BE76B00018FEC08F00301DC
:101E40002BAA17D0D2C2B9F6D1C2B8F6000181ECE4
:101E500003F003C002F302C001F301C000F300C0AD
:101E6000FFF203012EB705D0000179EC0AF021DC66
:101E700003010201EA6BE96BE86BE76B18D0EA6BD0
:101E8000E96BE86BE76BE6AB0ED0E69BF2C2B7F608
:101E9000F1C2B6F6F0C2B5F6EFC2B4F600017EECC0
:101EA00006F006D00201C7C0CFFFC6C0CEFF0001BA
:101EB00004012BAA03D003012E85040104D0C7C05E
:101EC000CFFFC6C0CEFFCD80C7C0CFFFC6C0CEFFFC
:101ED0004B53D8A43CD1B9860F013D91BA96C5C0E9
:101EE0003FFFC4C03EFF000E966E8D9E3D810301F4
:101EF0003D6B375007081BE100017A51785DD8B47B
:101F000002D0030114D07B51795DD8B402D0030113
:101F10000ED07C517A5DD8B402D0030108D07D5137
:101F20007B5DD8B402D0030102D02588030125A827
:101F30000AD037A408D0B190B368FA0EB26E47C089
:101F400043F046C042F037B002D037A6A5D0D650F5
:101F50000101866FD7CF87F124B89AD024BE3CD038
:101F6000865303E18753D8B493D08635026E873504
:101F7000036E023603360236033602360336F00E9F
:101F800002160250FF0A0601AE6FFF0E0318AF6F74
:101F9000280E01015A25006E000E5B21016E000E15
:101FA0005C21026E000E5D21036E0352D8A470D036
:101FB00002526EE101500601AF5DD8B002D00101BE
:101FC00067D0D8B402D0010107D0AE51005CD8A0D0
:101FD00002D001015DD00101248A249E000E956E7D
:101FE0008C94250E006E002EFED7000E956E8C820E
:101FF0004F0E006E002EFED700D0000E956E8C8C1A
:102000006B840001875307E1865305E1855303E1A3
:1020100084517C0801E23AD02AAA1CD0350E006E09
:10202000002EFED71C0E016EC250830B0110C26E33
:10203000000E016EC150F80B0110C16E350E006E1E
:10204000002EFED7BBEC00F002C0DFF001C0DEF0D6
:102050002A9A1CD0350E006E002EFED7080E016E97
:10206000C250830B0110C26E000E016EC150F80BFE
:102070000110C16E350E006E002EFED7BBEC00F0D5
:1020800002C0DBF001C0DAF02A8A288203D0010105
:10209000258600015AD00301248A000E956E8C9487
:1020A000250E006E002EFED7000E956E8C824F0E10
:1020B000006E002EFED700D0000E956E8C8C6B84C7
:1020C0000001875307E1865305E1855303E18451FD
:1020D0007C0801E23AD02AAA1CD0350E006E002EF0
:1020E000FED71C0E016EC250830B0110C26E000E93
:1020F000016EC150F80B0110C16E350E006E002E3E
:10210000FED7BBEC00F002C0DFF001C0DEF02A9A7F
:102110001CD0350E006E002EFED7080E016EC25088
:10212000830B0110C26E000E016EC150F80B01103E
:10213000C16E350E006E002EFED7BBEC00F002C063
:10214000DBF001C0DAF02A8A28829AD004014B51D0
:10215000030827E16C5314E1000E956E8C94250E54
:10216000006E002EFED7000E956E8C824F0E006E14
:10217000002EFED700D0000E956E8C8C6B8410D094
:10218000000E956E8C92956E8C844F0E006E002E14
:10219000FED700D0000E956E8C8A0F0139850401A0
:1021A0006ED04B2D6CD0715301E07107715364E018
:1021B000E10E0001C56F180EC46F0F013D91C5C03F
:1021C0003FFFC4C03EFFBA96B986000E966E8D9E44
:1021D0003D81956E8C9E250E006E002EFED7B1902F
:1021E000CDC0B3FFCCC0B2FF436A426AB180000EDB
:1021F000966E8D844F0E006E002EFED700D0900E8E
:10220000946E8B843685300E0601AE6F0001E5ECCE
:1022100000F0200E016EC250830B0110C26E000E42
:10222000016EC150F80B0110C16E250E006E002E1C
:10223000FED7BBEC00F002C0E7F001C0E6F0350EBF
:10224000006E002EFED7240E016EC250830B0110CB
:10225000C26E000E016EC150F80B0110C16E250E4A
:10226000006E002EFED7BBEC00F002C0E3F001C010
:10227000E2F0288405D00401CD90BEC271F40001C3
:102280009E9076EF00F0742B6E51745D03E2C8C02F
:102290006DFF78D1746B6B94C8C06DFF04014B5314
:1022A000D8A4CED00001875307E1865305E18553BA
:1022B00003E184517C0831E21C0E016EC250830B95
:1022C0000110C26E000E016EC150F80B0110C16EFC
:1022D000250E006E002EFED7BBEC00F002C0DFF032
:1022E00001C0DEF0350E006E002EFED7080E016E26
:1022F000C250830B0110C26E000E016EC150F80B6C
:102300000110C16E250E006E002EFED7BBEC00F052
:1023100002C0DBF001C0DAF02882000E956E8C9CC2
:10232000250E006E002EFED7000E956E8C92312C7D
:1023300064D0975307E1965305E1955303E1945117
:102340007C080FE2000E956E8C844F0E006E002EFE
:10235000FED700D0000E956E8C8A0F0139854BD0C8
:102360000001000E956E8C84350E006E002EFED797
:10237000000E956E8C8A0F0139852AAC1ED0350E61
:10238000006E002EFED72C0E016EC250830B011082
:10239000C26E000E016EC150F80B0110C16E350EF9
:1023A000006E002EFED70001BBEC00F002C0E1F091
:1023B00001C0E0F02A9C1ED00F01350E006E002EE9
:1023C000FED7080E016EC250830B0110C26E000EC4
:1023D000016EC150F80B0110C16E350E006E002E5B
:1023E000FED70001BBEC00F002C0DDF001C0DCF064
:1023F0002A8C28820F0122D00001000E956E8C924B
:10240000956E8C94249A25A802D02598B180040159
:102410004B5303E128821F8602D028821F862BAAF5
:102420000CD003012E950201E6B506D0E6B304D028
:10243000000159EC0BF0020104010F01A4D00401CA
:102440004B510308D8A4A0D06C5334E11C0E016E8C
:10245000C250830B0110C26E000E016EC150F80B0A
:102460000110C16E250E006E002EFED70001BBECE0
:1024700000F002C0DFF001C0DEF0350E006E002E6D
:10248000FED7080E016EC250830B0110C26E000E03
:10249000016EC150F80B0110C16E250E006E002EAA
:1024A000FED7BBEC00F002C0DBF001C0DAF02882FE
:1024B0003FD004012C0E016EC250830B0110C26E7E
:1024C000000E016EC150F80B0110C16E250E006E9A
:1024D000002EFED7AE0E926E898A0001BBEC00F092
:1024E00002C0E1F001C0E0F0AE0E926E899A350EA6
:1024F000006E002EFED7080E016EC250830B011035
:10250000C26E000E016EC150F80B0110C16E250E97
:10251000006E002EFED7AE0E926E898ABBEC00F0E4
:1025200002C0DDF001C0DCF0AE0E926E899A288206
:10253000000E956E8C9C250E006E002EFED7345238
:1025400011E0000E956E8C92956E8C844F0E006E8D
:10255000002EFED700D0000E956E8C8A0F013985B3
:1025600012D00001000E956E8C9C956E8C9A250EF3
:10257000006E002EFED7000E956E8C92956E8C9498
:102580001F8628820F010401BA90000176EF00F047
:10259000752B6F51755D03E2CAC03BFFEED0756BC2
:1025A00004014B533FE1346A312C3CD00001975376
:1025B00007E1965305E1955303E194517C0831E21C
:1025C0002C0E016EC250830B0110C26E000E016E04
:1025D000C150F80B0110C16E250E006E002EFED703
:1025E000BBEC00F002C0E1F001C0E0F0350E006E7F
:1025F000002EFED7080E016EC250830B0110C26E72
:10260000000E016EC150F80B0110C16E250E006E58
:10261000002EFED7BBEC00F002C0DDF001C0DCF004
:1026200028820401345233E02C0E016EC250830B19
:102630000110C26E000E016EC150F80B0110C16E88
:10264000250E006E002EFED70001BBEC00F002C08C
:10265000E1F001C0E0F0350E006E002EFED7080E4E
:10266000016EC250830B0110C26E000E016EC1508C
:10267000F80B0110C16E250E006E002EFED7BBECCC
:1026800000F002C0DDF001C0DCF0288204016C2DF6
:102690003FD02C0E016EC250830B0110C26E000E93
:1026A000016EC150F80B0110C16E250E006E002E98
:1026B000FED7AE0E926E898A0001BBEC00F002C01C
:1026C000E1F001C0E0F0AE0E926E899A350E006E18
:1026D000002EFED7080E016EC250830B0110C26E91
:1026E000000E016EC150F80B0110C16E250E006E78
:1026F000002EFED7AE0E926E898ABBEC00F002C0AF
:10270000DDF001C0DCF0AE0E926E899A28820401E1
:102710000F013995CAC03BFF000E956E8C9C956EDB
:102720008C9A956E8C92956E8C94249A25A802D0E2
:102730002598B18004014B5312E10001875307E152
:10274000865305E1855303E184517C0802E21F862C
:1027500004D02AAC01D001D01F8603D004011F860B
:1027600000012BAA0AD003012E950201E6B506D07E
:10277000E6B304D0000159EC0BF00201BA94000159
:1027800076EF00F00601B051B203F3CF01F0F4CFC1
:1027900000F0B303F3500026B151B203F350002010
:1027A000026E00011200422AD8B4432A4350475C0B
:1027B00009E303E14650425C05E2CDC0B3FFCCC063
:1027C000B2FF0AD3436A426ACDC0B3FFCCC0B2FFA6
:1027D00004014B53D8A498D224B895D224BA93D2EA
:1027E00037B002D037A67CD1375007081BE1000173
:1027F0007A51785DD8B402D0040114D07B51795D50
:10280000D8B402D004010ED07C517A5DD8B402D085
:10281000040108D07D517B5DD8B402D0040102D000
:1028200025800401D6500101866FD7CF87F12B9206
:1028300025B03AD0865302E1875337E08635026EE1
:102840008735036E02360336023603360236033608
:10285000F00E02160250FF0A0601AE6FFF0E0318BB
:10286000AF6F500E01015E25006E000E5F21016EFC
:10287000000E6021026E000E6121036E035215E10D
:10288000025213E101500601AF5DD8B002D0010140
:102890000CD0D8B402D0010107D0AE51005CD8A052
:1028A00002D0010102D001012B822BA215D137A247
:1028B000B6D0CE50886FCFCF89F12B9225B04BD0B8
:1028C000885302E1895348E04050445C0601AE6FF2
:1028D00041504558AF6FB16FAEC6B0F663C1B3F6A5
:1028E00062C1B2F600014EDF02C0AFF601C0AEF623
:1028F00088C1B0F60601B01F89C1B1F60601B11F4B
:10290000D890B131036EB031026EAE270350AF23C1
:10291000280E01015E25006E000E5F21016E000E83
:102920006021026E000E6121036E035215E1025216
:1029300013E101500601AF5DD8B002D001010CD007
:10294000D8B402D0010107D0AE51005CD8A002D0AB
:10295000010102D001012B822BA25DD02590248C95
:10296000000E956E8C9E250E006E002EFED7000E7A
:10297000966E8D844F0E006E002EFED700D0900E06
:10298000946E8B840F01368500018B5307E18A53C7
:1029900005E1895303E188517C0801E23AD02AAE6F
:1029A0001CD0350E006E002EFED7200E016EC250D8
:1029B000830B0110C26E000E016EC150F80B0110A6
:1029C000C16E350E006E002EFED7BBEC00F002C0CB
:1029D000E7F001C0E6F02A9E1CD0350E006E002EF6
:1029E000FED7240E016EC250830B0110C26E000E82
:1029F000016EC150F80B0110C16E350E006E002E35
:102A0000FED7BBEC00F002C0E3F001C0E2F02A8E7A
:102A1000288403D00101258800015CD001012590A4
:102A2000248C000E956E8C9E250E006E002EFED717
:102A3000000E966E8D844F0E006E002EFED700D0D5
:102A4000900E946E8B840F01368500018B5307E145
:102A50008A5305E1895303E188517C0801E23AD0A9
:102A60002AAE1CD0350E006E002EFED7200E016E51
:102A7000C250830B0110C26E000E016EC150F80BE4
:102A80000110C16E350E006E002EFED7BBEC00F0BB
:102A900002C0E7F001C0E6F02A9E1CD0350E006EA1
:102AA000002EFED7240E016EC250830B0110C26EA1
:102AB000000E016EC150F80B0110C16E350E006E94
:102AC000002EFED7BBEC00F002C0E3F001C0E2F044
:102AD0002A8E288403D001012588000113D1040126
:102AE00037A2B6D0CE500101886FCFCF89F125B083
:102AF0004ED0885303E18953D8B4A6D04050445CEB
:102B00000601AE6F41504558AF6FB16FAEC6B0F61B
:102B100063C1B3F662C1B2F6000134DE02C0AFF6A3
:102B200001C0AEF688C1B0F60601B01F89C1B1F68A
:102B30000601B11FD890B131036EB031026EAE27DD
:102B40000350AF23280E01015E25006E000E5F21A9
:102B5000016E000E6021026E000E6121036E0352B1
:102B6000D8A472D00252D8A46FD001500601AF5D34
:102B7000D8B002D0010168D0D8B402D0010107D08A
:102B8000AE51005CD8A002D001015ED001012590B9
:102B9000248C000E956E8C9E250E006E002EFED7A6
:102BA000000E966E8D844F0E006E002EFED700D064
:102BB000900E946E8B840F01368500018B5307E1D4
:102BC0008A5305E1895303E188517C0801E23AD038
:102BD0002AAE1CD0350E006E002EFED7200E016EE0
:102BE000C250830B0110C26E000E016EC150F80B73
:102BF0000110C16E350E006E002EFED7BBEC00F04A
:102C000002C0E7F001C0E6F02A9E1CD0350E006E2F
:102C1000002EFED7240E016EC250830B0110C26E2F
:102C2000000E016EC150F80B0110C16E350E006E22
:102C3000002EFED7BBEC00F002C0E3F001C0E2F0D2
:102C40002A8E288403D00101258800015BD004016D
:102C5000248C000E956E8C9E250E006E002EFED7E5
:102C6000000E966E8D844F0E006E002EFED700D0A3
:102C7000900E946E8B840F01368500018B5307E113
:102C80008A5305E1895303E188517C0801E23AD077
:102C90002AAE1CD0350E006E002EFED7200E016E1F
:102CA000C250830B0110C26E000E016EC150F80BB2
:102CB0000110C16E350E006E002EFED7BBEC00F089
:102CC00002C0E7F001C0E6F02A9E1CD0350E006E6F
:102CD000002EFED7240E016EC250830B0110C26E6F
:102CE000000E016EC150F80B0110C16E350E006E62
:102CF000002EFED7BBEC00F002C0E3F001C0E2F012
:102D00002A8E2884040166D04B2D64D000016B53B9
:102D100016E06B076B5313E1476ABBC246F0010E26
:102D20000201B92504016F6F000E0201BA210401EE
:102D3000706FBEC271F4D58ECD80B18000010401E8
:102D40006F5302E1705304E06F51D8B470076F07FE
:102D50006F5306E1705304E100016B5317E0040167
:102D6000000E956E8C9E250E006E002EFED7000E76
:102D7000966E8D844F0E006E002EFED700D0900E02
:102D8000946E8B840F01368526D00001B190E10E40
:102D9000C56F180EC46F0F013D91C5C03FFFC4C081
:102DA0003EFFBA96B986000E966E8D9E3D81040157
:102DB000725101080BE37151010808E3D59ECD90D3
:102DC000B1900F013695339506D00401BAC270F464
:102DD000B9C26FF40F010001A19276EF00F0762BDB
:102DE0007051765D03E2CEC038FFDDD1766B0F0106
:102DF0003695CEC038FF04014B53D8A46DD124A220
:102E0000ACD024925050FF0A3714070806E0505007
:102E1000FF0A37140E08D8A49FD0200E06090F0110
:102E2000336F54C134FF0F01000E956E8C94250E44
:102E3000006E002EFED7248AC7C0CFFFC6C0CEFFCB
:102E4000000E956E8C824F0E006E002EFED700D0C5
:102E5000000E956E8C8CCD806B843385000187537A
:102E600007E1865305E1855303E184517C0838E28C
:102E7000300E0601AE6F0001E5EC00F01C0E016E95
:102E8000C250830B0110C26E000E016EC150F80BD0
:102E90000110C16E250E006E002EFED7BBEC00F0B7
:102EA00002C0DFF001C0DEF0350E006E002EFED74E
:102EB000080E016EC250830B0110C26E000E016E2F
:102EC000C150F80B0110C16E250E006E002EFED70A
:102ED000BBEC00F002C0DBF001C0DAF028843AD08D
:102EE0002AAA1CD0350E006E002EFED71C0E016ED5
:102EF000C250830B0110C26E000E016EC150F80B60
:102F00000110C16E350E006E002EFED7BBEC00F036
:102F100002C0DFF001C0DEF02A9A1CD0350E006E30
:102F2000002EFED7080E016EC250830B0110C26E38
:102F3000000E016EC150F80B0110C16E350E006E0F
:102F4000002EFED7BBEC00F002C0DBF001C0DAF0CF
:102F50002A8A288424820401BED000018B5307E111
:102F60008A5305E1895303E188517C0831E2200E40
:102F7000016EC250830B0110C26E000E016EC15073
:102F8000F80B0110C16E250E006E002EFED7BBECB3
:102F900000F002C0E7F001C0E6F0350E006E002E32
:102FA000FED7240E016EC250830B0110C26E000EBC
:102FB000016EC150F80B0110C16E250E006E002E7F
:102FC000FED7BBEC00F002C0E3F001C0E2F02884C1
:102FD000900E946E8B94250E006E002EFED7322C30
:102FE00070D0000E966E8D94200E06090F01336F7F
:102FF000D0C034FF0F0100019B5307E19A5305E154
:10300000995303E198517C0810E2000E956E8C8E66
:103010004F0E006E002EFED700D0900E946E8B8265
:103020000F01338528844BD00001000E956E8C8EE5
:10303000350E006E002EFED7900E946E8B820F011F
:1030400033852BA01ED0350E006E002EFED7280E25
:10305000016EC250830B0110C26E000E016EC15092
:10306000F80B0110C16E350E006E002EFED7000168
:10307000BBEC00F002C0E9F001C0E8F02B901ED0DC
:103080000F01350E006E002EFED7240E016EC250C9
:10309000830B0110C26E000E016EC150F80B0110BF
:1030A000C16E350E006E002EFED70001BBEC00F0A5
:1030B00002C0E5F001C0E4F02B8028840F010AD0A3
:1030C0000001000E966E8D94956E8C9E249C1F8838
:1030D00028840F01040166D04B2D64D0200E016EB0
:1030E000C250830B0110C26E000E016EC150F80B6E
:1030F0000110C16E250E006E002EFED70001BBEC44
:1031000000F002C0E7F001C0E6F0350E006E002EC0
:10311000FED7240E016EC250830B0110C26E000E4A
:10312000016EC150F80B0110C16E250E006E002E0D
:10313000FED7BBEC00F002C0E3F001C0E2F028844F
:10314000900E946E8B94250E006E002EFED7020119
:10315000C15316E0000E966E8D94250E006E002E63
:10316000FED7000E956E8C8E4F0E006E002EFED791
:1031700000D0900E946E8B820F01338512D0020125
:10318000900E946E8B94946E8B92250E006E002E92
:10319000FED7000E966E8D94956E8C9E28841F88A7
:1031A0000F0104010001BA9876EF00F0772B7151FE
:1031B000775D03E2D0C035FFE3D2776B0F01339523
:1031C000D0C035FF04014B53D8A44AD224A2EFD17A
:1031D00024925050FF0A3714070806E05050FF0AA7
:1031E00037140E08D8A49ED0000E956E8C9E250E26
:1031F000006E002EFED7248C200E06090F01366FBC
:10320000CEC037FF0F01CDC0B3FFCCC0B2FF000E60
:10321000966E8D844F0E006E002EFED700D0900E5D
:10322000946E8B84B180368500018B5307E18A53FD
:1032300005E1895303E188517C0838E2300E06012C
:10324000AE6F0001E5EC00F0200E016EC250830B62
:103250000110C26E000E016EC150F80B0110C16E5C
:10326000250E006E002EFED7BBEC00F002C0E7F08A
:1032700001C0E6F0350E006E002EFED7240E016E62
:10328000C250830B0110C26E000E016EC150F80BCC
:103290000110C16E250E006E002EFED7BBEC00F0B3
:1032A00002C0E3F001C0E2F028843AD02AAE1CD07C
:1032B000350E006E002EFED7200E016EC250830B1D
:1032C0000110C26E000E016EC150F80B0110C16EEC
:1032D000350E006E002EFED7BBEC00F002C0E7F00A
:1032E00001C0E6F02A9E1CD0350E006E002EFED7DF
:1032F000240E016EC250830B0110C26E000E016ECF
:10330000C150F80B0110C16E350E006E002EFED7B5
:10331000BBEC00F002C0E3F001C0E2F02A8E28848A
:1033200044D104015050FF0A371406080BE05050F6
:10333000FF0A3714050806E05050FF0A37140C083E
:10334000D8A49ED0000E956E8C9E250E006E002E89
:10335000FED7248C200E06090F01366FCEC037FF32
:103360000F01CDC0B3FFCCC0B2FF000E966E8D84AE
:103370004F0E006E002EFED700D0900E946E8B8400
:10338000B180368500018B5307E18A5305E18953EB
:1033900003E188517C0838E2300E0601AE6F00016F
:1033A000E5EC00F0200E016EC250830B0110C26EDE
:1033B000000E016EC150F80B0110C16E250E006E9B
:1033C000002EFED7BBEC00F002C0E7F001C0E6F033
:1033D000350E006E002EFED7240E016EC250830BF8
:1033E0000110C26E000E016EC150F80B0110C16ECB
:1033F000250E006E002EFED7BBEC00F002C0E3F0FD
:1034000001C0E2F028843AD02AAE1CD0350E006EFE
:10341000002EFED7200E016EC250830B0110C26E2B
:10342000000E016EC150F80B0110C16E350E006E1A
:10343000002EFED7BBEC00F002C0E7F001C0E6F0C2
:103440002A9E1CD0350E006E002EFED7240E016E73
:10345000C250830B0110C26E000E016EC150F80BFA
:103460000110C16E350E006E002EFED7BBEC00F0D1
:1034700002C0E3F001C0E2F02A8E288496D0040155
:10348000000E956E8C94250E006E002EFED7248AB9
:10349000C7C0CFFFC6C0CEFF000E956E8C824F0E08
:1034A000006E002EFED700D0000E956E8C8CCD8065
:1034B0006B840001875307E1865305E1855303E1DF
:1034C00084517C0838E2300E0601AE6F0001E5EC55
:1034D00000F01C0E016EC250830B0110C26E000E74
:1034E000016EC150F80B0110C16E250E006E002E4A
:1034F000FED7BBEC00F002C0DFF001C0DEF0350EFD
:10350000006E002EFED7080E016EC250830B011014
:10351000C26E000E016EC150F80B0110C16E250E77
:10352000006E002EFED7BBEC00F002C0DBF001C045
:10353000DAF028843AD02AAA1CD0350E006E002E6C
:10354000FED71C0E016EC250830B0110C26E000E1E
:10355000016EC150F80B0110C16E350E006E002EC9
:10356000FED7BBEC00F002C0DFF001C0DEF02A9A0B
:103570001CD0350E006E002EFED7080E016EC25014
:10358000830B0110C26E000E016EC150F80B0110CA
:10359000C16E350E006E002EFED7BBEC00F002C0EF
:1035A000DBF001C0DAF02A8A288458D00401000137
:1035B0009B5307E19A5305E1995303E198517C0825
:1035C00031E2280E016EC250830B0110C26E000E54
:1035D000016EC150F80B0110C16E250E006E002E59
:1035E000FED7BBEC00F002C0E9F001C0E8F0350EF8
:1035F000006E002EFED7240E016EC250830B011008
:10360000C26E000E016EC150F80B0110C16E250E86
:10361000006E002EFED7BBEC00F002C0E5F001C04A
:10362000E4F02884900E946E8B94946E8B92000E2E
:10363000966E8D94956E8C9E249C9B530DE19A53AF
:103640000BE1995309E198517C0806E32AAE01D0B9
:1036500002D028841F8802D028841F8891D00401BA
:103660004B2D8DD00201C15333E0280E016EC250A4
:10367000830B0110C26E000E016EC150F80B0110D9
:10368000C16E250E006E002EFED70001BBEC00F0CF
:1036900002C0E9F001C0E8F0350E006E002EFED742
:1036A000240E016EC250830B0110C26E000E016E1B
:1036B000C150F80B0110C16E250E006E002EFED712
:1036C000BBEC00F002C0E5F001C0E4F02884020188
:1036D000900E946E8B94946E8B92250E006E002E3D
:1036E000FED7000E966E8D94956E8C9E04017053DD
:1036F00045E16F51010842E3715101083FE32B8618
:10370000C3C2C5F2C2C2C4F2C3C2C7F2C2C2C6F2C9
:10371000300E0601AE6F0001E5EC00F0200E016EE8
:10372000C250830B0110C26E000E016EC150F80B27
:103730000110C16E250E006E002EFED7E76BE66B02
:10374000E96BE86B350E006E002EFED7240E016E7D
:10375000C250830B0110C26E000E016EC150F80BF7
:103760000110C16E250E006E002EFED7E36BE26BDA
:10377000E56BE46B2884258A288404011F880001F6
:10378000BA9A76EF00F09EAAFED7ABCF1CF0AECF70
:1037900001F01CA202D0AB98AB881DEF1CF0060113
:1037A000AF91036AAE51550FE96E040E0320EA6E25
:1037B000EF500401405D24E023E303014651050876
:1037C00019E1472D17D0036A0601AE51550FE96E76
:1037D000040E0320EA6E020EEF240401405D04E1B2
:1037E0000601AF8103D004010601AF910401539794
:1037F00006D00301040153970601AF91040114D0D0
:10380000036A0601AE51550FE96E040E0320EA6EFD
:10381000EF500401405D05E253870601AF9103D0EC
:1038200004010601AF810401000E0601AFB1010ED3
:10383000016E00014AEF1CF0A6D701C044F4040158
:1038400040530EE1445114080AE34051402B036AEF
:10385000460FE96E030E0320EA6E44C4EFFF2AD040
:103860004051402B036A460FE96E030E0320EA6EB7
:1038700044C4EFFF405101081DE244510D0802E02D
:1038800043A918D0438944510A0810E146C3AEF653
:10389000000185D7015204E003012E8D03D0000101
:1038A00003012E9D04014399406B04D044510D083F
:1038B00001E043999E9A000176EF00F00601B36B98
:1038C000B26BB16BB06B03012EA3AFD0D2C2B9F60D
:1038D000D1C2B8F6000181EC03F003C0B7F602C014
:1038E000B6F601C0B5F600C0B4F6D88203C0BBF688
:1038F00002C0BAF601C0B9F600C0B8F634C3BFF6CC
:1039000033C3BEF632C3BDF631C3BCF669EC04F076
:1039100003C0B7F602C0B6F601C0B5F600C0B4F6F3
:10392000CFC2B9F6CEC2B8F681EC03F00601BB6B8C
:10393000BA6BB96B7F0EB86F03C0BFF602C0BEF69C
:1039400001C0BDF600C0BCF600019CEC03F0D882BB
:10395000B7C6BBF6B6C6BAF6B5C6B9F6B4C6B8F6BB
:1039600003C0BFF602C0BEF601C0BDF600C0BCF683
:1039700069EC04F003C0B7F602C0B6F601C0B5F6B4
:1039800000C0B4F6CDC2B9F6CCC2B8F681EC03F0F3
:103990000601BB6BBA6BB96B7F0EB86F03C0BFF685
:1039A00002C0BEF601C0BDF600C0BCF600019CEC32
:1039B00003F0D882B7C6BBF6B6C6BAF6B5C6B9F636
:1039C000B4C6B8F603C0BFF602C0BEF601C0BDF66D
:1039D00000C0BCF669EC04F003C0B7F602C0B6F64E
:1039E00001C0B5F600C0B4F603C0BBF602C0BAF61B
:1039F00001C0B9F600C0B8F60601BF6BBE6B200E61
:103A0000BD6F820EBC6F000103EC06F003C0B3F67D
:103A100002C0B2F601C0B1F600C0B0F60301346BCB
:103A2000336B326B316B2E938ED0D2C2B9F6D1C2CA
:103A3000B8F6000181EC03F003C0B7F602C0B6F699
:103A400001C0B5F600C0B4F6CFC2B9F6CEC2B8F622
:103A500081EC03F00601BB6BBA6BB96B7F0EB86FDC
:103A600003C0BFF602C0BEF601C0BDF600C0BCF682
:103A700000019CEC03F0D882B7C6BBF6B6C6BAF616
:103A8000B5C6B9F6B4C6B8F603C0BFF602C0BEF6F6
:103A900001C0BDF600C0BCF669EC04F003C0B7F687
:103AA00002C0B6F601C0B5F600C0B4F6CDC2B9F694
:103AB000CCC2B8F681EC03F00601BB6BBA6BB96BF4
:103AC0007F0EB86F03C0BFF602C0BEF601C0BDF6E0
:103AD00000C0BCF600019CEC03F0D882B7C6BBF670
:103AE000B6C6BAF6B5C6B9F6B4C6B8F603C0BFF6E0
:103AF00002C0BEF601C0BDF600C0BCF669EC04F021
:103B000003C0B7F602C0B6F601C0B5F600C0B4F601
:103B100003C0BBF602C0BAF601C0B9F600C0B8F6E1
:103B20000601BF6BBE6B200EBD6F820EBC6F000125
:103B300003EC06F003C0B3F602C0B2F601C0B1F662
:103B400000C0B0F603010201CC51CE5D006ECD5134
:103B5000CF59036E00C0B8F60601B96F000181ECC1
:103B600003F003C0B7F602C0B6F601C0B5F600C058
:103B7000B4F603C0BBF602C0BAF601C0B9F600C085
:103B8000B8F6B3C6BFF6B2C6BEF6B1C6BDF6B0C68D
:103B9000BCF69CEC03F003C0EEF202C0EDF201C0F3
:103BA000ECF200C0EBF2B3C6B7F6B2C6B6F6B1C6D9
:103BB000B5F6B0C6B4F64BEC04F002C013F301C086
:103BC00012F3B3C6B7F6B2C6B6F6B1C6B5F6B0C60E
:103BD000B4F64BEC04F002C0E0F201C0DFF2E0C248
:103BE000B9F6DFC2B8F681EC03F0D882B3C6BBF6F3
:103BF000B2C6BAF6B1C6B9F6B0C6B8F603C0BFF6DB
:103C000002C0BEF601C0BDF600C0BCF669EC04F00F
:103C100003C0DEF202C0DDF201C0DCF200C0DBF264
:103C200012002BAC3DD02BAE1ED0D89202C3BBF6F7
:103C300001C3BAF600C3B9F6FFC2B8F6CD0E06014D
:103C4000BF6FCC0EBE6F4C0EBD6F7B0EBC6F000104
:103C500069EC04F003C002F302C001F301C000F3F9
:103C600000C0FFF21DD0D88202C3BBF601C3BAF672
:103C700000C3B9F6FFC2B8F6CD0E0601BF6FCC0E79
:103C8000BE6F4C0EBD6F7B0EBC6F000169EC04F083
:103C900003C002F302C001F301C000F300C0FFF251
:103CA0002BB802D02BAAABD12BBCA9D10201E69331
:103CB000E695D2C2B9F6D1C2B8F6000181EC03F0A4
:103CC00002C3BBF601C3BAF600C3B9F6FFC2B8F629
:103CD00003C0BFF602C0BEF601C0BDF600C0BCF610
:103CE000A5EC05F0D8A0A2D00201E6B102D00001F7
:103CF0009DD0D89202C3BBF601C3BAF600C3B9F691
:103D0000FFC2B8F6CD0E0601BF6FCC0EBE6F4C0ED3
:103D1000BD6F7B0EBC6F000169EC04F003C002F3C1
:103D200002C001F301C000F300C0FFF22BAA7BD058
:103D30007BC0B9F67AC0B8F681EC03F00601BB6B24
:103D4000BA6BB96B7F0EB86F03C0BFF602C0BEF688
:103D500001C0BDF600C0BCF600019CEC03F0330EC0
:103D60000601BB6FBA6F730EB96F7F0EB86F03C0D9
:103D7000BFF602C0BEF601C0BDF600C0BCF6000131
:103D800003EC06F003C0B3F602C0B2F601C0B1F610
:103D900000C0B0F6D2C2B9F6D1C2B8F681EC03F0D9
:103DA000D88203C0BBF602C0BAF601C0B9F600C0A3
:103DB000B8F6B3C6BFF6B2C6BEF6B1C6BDF6B0C65B
:103DC000BCF669EC04F003C0BBF602C0BAF601C051
:103DD000B9F600C0B8F602C3BFF601C3BEF600C311
:103DE000BDF6FFC2BCF6A5EC05F001E21CE1030143
:103DF0002E87D6C23CF3D5C23BF3D4C23AF3D3C22A
:103E000039F33CC387F03BC386F03AC385F039C32E
:103E100084F03CC397F03BC396F03AC395F039C3A6
:103E200094F003D0000103012E97E8D00201E6A12F
:103E300031D0D2C2B9F6D1C2B8F6000181EC03F09C
:103E400003C0BBF602C0BAF601C0B9F600C0B8F6AE
:103E500002C3BFF601C3BEF600C3BDF6FFC2BCF687
:103E6000A5EC05F004E2D8B402D0020113D002019F
:103E7000E691D2C2B9F6D1C2B8F6000181EC03F0E6
:103E800003C002F302C001F301C000F300C0FFF25F
:103E9000B4D00201E6B192D00601BB6BBA6BB96B2C
:103EA000B86B02C3BFF601C3BEF600C3BDF6FFC2C6
:103EB000BCF60001A5EC05F0D8B002D002017ED01E
:103EC000D88202C3BBF601C3BAF600C3B9F6FFC27B
:103ED000B8F6CD0E0601BF6FCC0EBE6F4C0EBD6F97
:103EE0007B0EBC6F000169EC04F003C002F302C05A
:103EF00001F301C000F300C0FFF22BAA5DD07BC02C
:103F0000B9F67AC0B8F681EC03F00601BB6BBA6B68
:103F1000B96B7F0EB86F03C0BFF602C0BEF601C01A
:103F2000BDF600C0BCF600019CEC03F0330E0601A8
:103F3000BB6FBA6F730EB96F7F0EB86F03C0BFF659
:103F400002C0BEF601C0BDF600C0BCF6000103EC25
:103F500006F002C3BBF601C3BAF600C3B9F6FFC24E
:103F6000B8F603C0BFF602C0BEF601C0BDF600C081
:103F7000BCF6A5EC05F001E21CE103012E87DAC2D4
:103F80003CF3D9C23BF3D8C23AF3D7C239F33CC3AE
:103F900087F03BC386F03AC385F039C384F03CC355
:103FA00097F03BC396F03AC395F039C394F003D031
:103FB000000103012E97000120D00201E6B11DD0BF
:103FC00002C3BBF601C3BAF600C3B9F6FFC2B8F626
:103FD0000601BF6BBE6BBD6BBC6B0001A5EC05F0B1
:103FE00004E2D8B402D0020108D00201E681030144
:103FF000026B016B006B0201FF6B030100011200F9
:10400000A3C0B1F6A2C0B0F60601B36B320EB26F18
:104010000001C2EC13F002C01DF301C01CF3030148
:1040200020511C5D1E6F21511D591F6F1F5303E14D
:104030001E51640807E21D511F5D07E303E11E5195
:104040001C5D03E21F6B640E1E6F1DC3B9F61CC31B
:10405000B8F6000181EC03F0D89203C0BBF602C0B1
:10406000BAF601C0B9F600C0B8F6660E0601BF6F19
:10407000C60EBE6F7F0EBD6F880EBC6F000169EC6F
:1040800004F003C0B3F602C0B2F601C0B1F600C03E
:10409000B0F603C0BBF602C0BAF601C0B9F600C064
:1040A000B8F6CD0E0601BF6FCC0EBE6F130EBD6FFE
:1040B000830EBC6F00019CEC03F003C025F302C02B
:1040C00024F301C023F300C022F31FC3B9F61EC3BB
:1040D000B8F681EC03F0D89203C0BBF602C0BAF682
:1040E00001C0B9F600C0B8F6660E0601BF6FC60E75
:1040F000BE6F7F0EBD6F880EBC6F000169EC04F0CF
:1041000003C0B3F602C0B2F601C0B1F600C0B0F60B
:1041100003C0BBF602C0BAF601C0B9F600C0B8F6DB
:10412000CD0E0601BF6FCC0EBE6F130EBD6F830E9A
:10413000BC6F00019CEC03F003C0FAF202C0F9F27C
:1041400001C0F8F200C0F7F22BBC75D0D88225C3AD
:10415000BBF624C3BAF623C3B9F622C3B8F6FAC233
:10416000BFF6F9C2BEF6F8C2BDF6F7C2BCF669ECFE
:1041700004F003C0B3F602C0B2F601C0B1F600C04D
:10418000B0F6D2C2B9F6D1C2B8F681EC03F0B3C62C
:10419000BBF6B2C6BAF6B1C6B9F6B0C6B8F603C039
:1041A000BFF602C0BEF601C0BDF600C0BCF69CEC76
:1041B00003F003C029F302C028F301C027F300C0B5
:1041C00026F303011E511C5D0601B06F03011F5150
:1041D0001D590601B16FD2C2B9F6D1C2B8F60001BD
:1041E00081EC03F003C0B5F602C0B4F601C0B3F62B
:1041F00000C0B2F6B1C6B9F6B0C6B8F681EC03F0AD
:1042000003C0BBF602C0BAF601C0B9F600C0B8F6EA
:10421000B5C6BFF6B4C6BEF6B3C6BDF6B2C6BCF6EA
:104220009CEC03F003C02DF302C02CF301C02BF370
:1042300000C02AF374D0D88225C3BBF624C3BAF6D3
:1042400023C3B9F622C3B8F6FAC2BFF6F9C2BEF666
:10425000F8C2BDF6F7C2BCF669EC04F003C0B3F6D1
:1042600002C0B2F601C0B1F600C0B0F6D2C2B9F6D3
:10427000D1C2B8F681EC03F0B3C6BBF6B2C6BAF64B
:10428000B1C6B9F6B0C6B8F603C0BFF602C0BEF6F6
:1042900001C0BDF600C0BCF69CEC03F003C029F3DE
:1042A00002C028F301C027F300C026F303011E510A
:1042B0001C5D0601B06F03011F511D590601B16F4E
:1042C000D2C2B9F6D1C2B8F6000181EC03F003C046
:1042D000B5F602C0B4F601C0B3F600C0B2F6B1C67E
:1042E000B9F6B0C6B8F681EC03F003C0BBF602C065
:1042F000BAF601C0B9F600C0B8F6B5C6BFF6B4C686
:10430000BEF6B3C6BDF6B2C6BCF69CEC03F003C065
:104310002DF302C02CF301C02BF300C02AF3A3C07D
:104320001BF3A2C01AF3120003012EAB46D02BAE32
:1043300043D0FEC2B7F6FDC2B6F6FCC2B5F6FBC26C
:10434000B4F600014BEC04F002C0B1F601C0B0F6C7
:104350000601B133B033B133B033B133B0C644FF2B
:10436000B133B131300B006E0F014351CF0B001050
:10437000436F315220E0FEC2B7F6FDC2B6F6FCC272
:10438000B5F6FBC2B4F600014BEC04F002C0B1F686
:1043900001C0B0F60601B133B033B133B033B1333D
:1043A000B0C647FFB133B131300B006E0F0146513B
:1043B000CF0B0010466F0301B4D0D2C2B9F6D1C200
:1043C000B8F6000181EC03F0D88203C0BBF602C04E
:1043D000BAF601C0B9F600C0B8F602C3BFF601C311
:1043E000BEF600C3BDF6FFC2BCF669EC04F003C024
:1043F000B3F602C0B2F601C0B1F600C0B0F603C019
:10440000BBF602C0BAF601C0B9F600C0B8F629C3BF
:10441000BFF628C3BEF627C3BDF626C3BCF603EC21
:1044200006F003C0B3F602C0B2F601C0B1F600C098
:10443000B0F6D89203C0BBF602C0BAF601C0B9F616
:1044400000C0B8F6FAC2BFF6F9C2BEF6F8C2BDF6B1
:10445000F7C2BCF669EC04F003C0FEF202C0FDF244
:1044600001C0FCF200C0FBF2D2C2B9F6D1C2B8F66C
:1044700081EC03F0D88203C0BBF602C0BAF601C0DB
:10448000B9F600C0B8F602C3BFF601C3BEF600C35A
:10449000BDF6FFC2BCF669EC04F003C0B3F602C07F
:1044A000B2F601C0B1F600C0B0F603C0BBF602C060
:1044B000BAF601C0B9F600C0B8F62DC3BFF62CC3DA
:1044C000BEF62BC3BDF62AC3BCF603EC06F003C050
:1044D000B3F602C0B2F601C0B1F600C0B0F61FC319
:1044E000B9F61EC3B8F681EC03F0D892B3C6BBF69A
:1044F000B2C6BAF6B1C6B9F6B0C6B8F603C0BFF6D2
:1045000002C0BEF601C0BDF600C0BCF669EC04F006
:1045100003C018F302C017F301C016F300C015F36F
:1045200003010001120001012A2BD8B42B2B442BCC
:10453000D8B4452B0301102BD8B4112B01012B53F8
:1045400003E12A517C0813E237520EE1040143A132
:1045500002D0010109D043A302D0010105D024B645
:1045600002D0010104D0010124802B6B2A6B0401CD
:104570004B53D8A49FD237500208D8A49BD21FBC5B
:1045800099D243BB97D22AB095D20201E6A302D0BA
:10459000040190D2E6A502D004018CD22BBC06D037
:1045A0002BB804D02BBA02D0040184D203011153DA
:1045B00004E11451105DD8A07CD2116B106B190E60
:1045C000146F2BACE2D11251D8B4130712070201B9
:1045D000E6A708D02BAE06D0E697E68503012E832A
:1045E00009D00201E6A707D02BBE05D0E697E683E7
:1045F00003012E83020103011253D8A49DD013534B
:10460000D8A49AD0DEC2BBF6DDC2BAF6DCC2B9F6D7
:10461000DBC2B8F60601BF6BBE6B480EBD6F850EE0
:10462000BC6F000103EC06F003C0B7F602C0B6F69B
:1046300001C0B5F600C0B4F64BEC04F00601B96B4E
:1046400001C0B8F6000181EC03F003C0BBF602C064
:10465000BAF601C0B9F600C0B8F60601BF6BBE6B72
:10466000BD6B810EBC6F00019CEC03F003C0B7F67C
:1046700002C0B6F601C0B5F600C0B4F64BEC04F0CB
:1046800001C014F3010E0201DF250301126F000EB9
:104690000201E0210301136F0201E68703012EAB43
:1046A0004BD0FAC2FEF2F9C2FDF2F8C2FCF2F7C238
:1046B000FBF2FEC2B7F6FDC2B6F6FCC2B5F6FBC20F
:1046C000B4F600014BEC04F002C0B1F601C0B0F644
:1046D0000601B133B033B133B033B133B0C644FFA8
:1046E000B133B131300B006E0F014351CF0B0010CD
:1046F000436F315220E0FEC2B7F6FDC2B6F6FCC2EF
:10470000B5F6FBC2B4F600014BEC04F002C0B1F602
:1047100001C0B0F60601B133B033B133B033B133B9
:10472000B0C647FFB133B131300B006E0F014651B7
:10473000CF0B0010466F03019E90CE500601AE6F66
:10474000CFCFAFF60001C6510601AE5D006E00018D
:10475000C7510601AF59036E00C0B8F6B96F00012A
:1047600081EC03F003C0B3F602C0B2F601C0B1F6AB
:1047700000C0B0F641C0B9F640C0B8F681EC03F015
:1047800003C0B7F602C0B6F601C0B5F600C0B4F675
:10479000000ED880C655006E000EC755016E010E82
:1047A000D8A0E806026E000ED8A0E806036EE8CF97
:1047B000BBF602C0BAF601C0B9F600C0B8F63DECCF
:1047C0000BF0B7C6BBF6B6C6BAF6B5C6B9F6B4C6F0
:1047D000B8F603C0BFF602C0BEF601C0BDF600C009
:1047E000BCF603EC06F0D892B3C6BBF6B2C6BAF676
:1047F000B1C6B9F6B0C6B8F603C0BFF602C0BEF681
:1048000001C0BDF600C0BCF669EC04F003C0B3F60D
:1048100002C0B2F601C0B1F600C0B0F603C0BBF6EC
:1048200002C0BAF601C0B9F600C0B8F6BD0E060166
:10483000BF6F370EBE6F060EBD6F6A0EBC6F0001F4
:1048400003EC06F0D892EAC2BBF6E9C2BAF6E8C2B7
:10485000B9F6E7C2B8F603C0BFF602C0BEF601C0A3
:10486000BDF600C0BCF669EC04F003C0EAF202C079
:10487000E9F201C0E8F200C0E7F2416A406A0301D0
:104880002EA37DD02BAE3DD0CFC2B9F6CEC2B8F6A6
:10489000000181EC03F00601BB6BBA6BB96B7F0EB4
:1048A000B86F03C0BFF602C0BEF601C0BDF600C0BF
:1048B000BCF600019CEC03F003C0B3F602C0B2F6F4
:1048C00001C0B1F600C0B0F6D88203C0BBF602C08A
:1048D000BAF601C0B9F600C0B8F6EAC2BFF6E9C23E
:1048E000BEF6E8C2BDF6E7C2BCF669EC04F003C050
:1048F00034F302C033F301C032F300C031F33CD0D3
:104900000301CDC2B9F6CCC2B8F6000181EC03F0C8
:104910000601BB6BBA6BB96B7F0EB86F03C0BFF6F5
:1049200002C0BEF601C0BDF600C0BCF600019CECA2
:1049300003F003C0B3F602C0B2F601C0B1F600C086
:10494000B0F6D88203C0BBF602C0BAF601C0B9F611
:1049500000C0B8F6EAC2BFF6E9C2BEF6E8C2BDF6CC
:10496000E7C2BCF669EC04F003C034F302C033F3D1
:1049700001C032F300C031F35EEC1CF00301000112
:104980008FEC08F00201E68B0301000111EC1EF030
:104990002BA877D0010E03011A5D0601B06F000E3F
:1049A00003011B590601B16F0001A3510601B15D5E
:1049B00008E31FE1B0510001A25DD8B002D00601AA
:1049C00018D0010E03011A250601B06F000E030175
:1049D0001B210601B16F0001A35D0EE3D8B402D024
:1049E000060107D0A2510601B05DD8A002D0000197
:1049F00003D0000100EC20F097DC2AB042D0FEC2C8
:104A0000B7F6FDC2B6F6FCC2B5F6FBC2B4F64BEC87
:104A100004F002C0B1F601C0B0F60601B133B03304
:104A2000B133B033B133B0C644FFB133B131300B21
:104A3000006E0F014351CF0B0010436F315220E045
:104A4000FEC2B7F6FDC2B6F6FCC2B5F6FBC2B4F6BE
:104A500000014BEC04F002C0B1F601C0B0F6060153
:104A6000B133B033B133B033B133B0C647FFB13334
:104A7000B131300B006E0F014651CF0B0010466F65
:104A800000012BAA15D003012EB704D0000179EC48
:104A90000AF003012EB50DD00201E6A502D00301F4
:104AA00008D0E6A302D0030104D0000159EC0BF0BA
:104AB000030104010101455303E14451170813E2C6
:104AC00037520EE1040143A102D0010109D043A3F2
:104AD00002D0010105D024B602D0010104D00101A9
:104AE0002484456B446B5150180801E2516ABA9C0A
:104AF000000176EF00F0F29276EF00F0060194915B
:104B00009A6B996B986B976B000E0F01236F246F54
:104B1000080E256FC196C198C19AC050C00B0A09F2
:104B2000C06EC08EC2800201236B226B216B206B92
:104B30000C0E016EC250830B0110C26E000E016E8E
:104B4000C150F80B0110C16EC282C2B2FED7C4CFF1
:104B500096F60601C3CF95F6C2B2FED7966B956B5B
:104B60009B6B9B51040820E30C0E016EC250830B1B
:104B70000110C26E000E016EC150F80B0110C16E23
:104B8000C2B2FED7C282C2B2FED7C3CF95F6C4CF9F
:104B900096F6C2B2FED79551972796519823000EEC
:104BA00099239A239B2BDDD7D8921B6AF2BE1B8ECA
:104BB000F29E9AC6B7F699C6B6F698C6B5F697C6E7
:104BC000B4F6BB6BBA6BB96B050EB86F0001F3ECB2
:104BD0000AF01BBEF28E03C09AF602C099F601C01D
:104BE00098F600C097F61B6AF2BE1B8EF29E9AC61C
:104BF000BBF699C6BAF698C6B9F697C6B8F63DECB4
:104C00000BF01BBEF28E1B6AF2BE1B8EF29E03C01F
:104C1000BBF602C0BAF601C0B9F600C0B8F606018C
:104C2000BF6B400EBE6F1C0EBD6F8B0EBC6F0001C4
:104C300003EC06F01BBEF28E03C09FF602C09EF688
:104C400001C09DF600C09CF61B6AF2BE1B8EF29E50
:104C500003C0BBF602C0BAF601C0B9F600C0B8F690
:104C60000601BF6BF00EBE6F7F0EBD6F8A0EBC6F6C
:104C700000019CEC03F01BBEF28E03C023F202C0C5
:104C800022F201C021F200C020F21B6AF2BE1B8E8C
:104C9000F29E0601BB6BF00EBA6F200EB96F8B0E41
:104CA000B86F23C2BFF622C2BEF621C2BDF620C233
:104CB000BCF60001A5EC05F01BBEF28E1AE21B6AE1
:104CC000F2BE1B8EF29E23C2BBF622C2BAF621C2EE
:104CD000B9F620C2B8F60601BF6B900EBE6F170E74
:104CE000BD6F8B0EBC6F0001A5EC05F01BBEF28EF4
:104CF00004E30601949103D0000106019481000EA3
:104D00000F01236F0F0E246FF60E256FC196C18819
:104D1000C19AC050C00B1609C06EC08EC280000E72
:104D2000060194B1010E016E00011200060EEA6E3A
:104D3000820EE96EEF500EE0140E016E006A002E36
:104D4000FED7012EFBD7BF0E006E002EFED700D07F
:104D5000EF2EF2D71200060140514219800B446F2A
:104D600040AF05D03F1F401F3F2BD8B4402B42AF70
:104D700005D0411F421F412BD8B4422B016A026A61
:104D8000006A036A425102E1415118E0100E436F7C
:104D9000D8903F374037003603364251035C02E17A
:104DA0004151005C07E34151005ED8A00306425127
:104DB000035ED88001360236432FEAD744AF05D0D0
:104DC000011E021E012AD8B4022A000139EF27F081
:104DD00006013B6B3A6B3D6B3C6B100E016EC25093
:104DE000830B0110C26E000E016EC150F80B011052
:104DF000C16E250E006E002EFED7C282C2B2FED753
:104E0000C3CF3AF6C4CF3BF6C2B2FED73B6B3A6B88
:104E10003E6B3E51090824E3100E016EC250830B15
:104E20000110C26E000E016EC150F80B0110C16E70
:104E3000250E006E002EFED7C282C2B2FED7C3CFAF
:104E40003CF6C4CF3DF6C2B2FED73C513A273D51A5
:104E50003B230A0E826F000169DF06013E2BD9D782
:104E60003BC640F63AC63FF6426B0A0E416F000160
:104E700072D702C03BF601C03AF63BC645F33AC6CC
:104E800044F3BAEFCFF00601816B8151130812E3AE
:104E9000036A8151730FE96E040E0320EA6EEF6A14
:104EA000036A8151870FE96E040E0320EA6EEF6AF0
:104EB000812BEBD704019B6B9C6B9D6B0001120057
:104EC000040E0401566F576F586F080E596F050E88
:104ED0005A6F1A0E5B6F0B0E5C6F280E5D6F080E1B
:104EE0005E6F110E5F6F060E606F300E616F110EF8
:104EF000626F0E0E636F050E646F0D0E656F090E07
:104F0000666F676F040E686F0001BEEFCFF0060199
:104F10003B6B3A6B3AC6F2F40401F36B06013B6B50
:104F20003A6B3AC6F4F40401F56B06013B6B3A6B3D
:104F30003AC602F50501036B06013B6B3A6B3AC6B4
:104F400004F50501056B06013A6B3AC612F53A6B9A
:104F50003AC613F53A6B3AC61AF55A6A5B6A00010B
:104F6000626B36EF28F00601826B816B81C6F6F426
:104F70000401F76B0601826B816B81C6F8F40401B2
:104F8000F96B0601826B816B81C606F50501076B23
:104F90000601826B816B81C608F50501096B06016C
:104FA000816B81C614F5816B81C615F5816B81C655
:104FB0001BF55C6A5D6A0001636B12000601826B7F
:104FC000816B81C6FAF40401FB6B0601826B816B75
:104FD00081C6FCF40401FD6B0601826B816B81C606
:104FE0000AF505010B6B0601826B816B81C60CF51E
:104FF00005010D6B0601816B81C616F5816B81C6BB
:1050000017F5816B81C61CF55E6A5F6A0001646BEF
:10501000120006013B6B3A6B3AC6FEF40401FF6BCB
:1050200006013B6B3A6B3AC600F50501016B0601C0
:105030003B6B3A6B3AC60EF505010F6B06013B6BF5
:105040003A6B3AC610F50501116B06013A6B3AC688
:1050500018F53A6B3AC619F53A6B3AC61DF50001D8
:10506000606B616B656B39EF28F051D77CDFA6DF91
:10507000D0D7C3EFCFF09EA8FED7AD6E12000601C9
:1050800093699151050800E091510001F4DF060198
:105090009151040A000109E0060A1CE0110A25E00A
:1050A000100A2EE0060A37E05BD00601925100019B
:1050B000E2DF3750E0DF5050DEDF4F50DCDF04012D
:1050C0006D510001D8DF91C642F4DD0E0601936FE9
:1050D000000146D0060192510001CDDF91C642F495
:1050E000DD0E0601936F00013BD0060192510001D5
:1050F000C2DF91C642F4DD0E0601936F000130D08D
:10510000060192510001B7DF91C642F4DD0E06019F
:10511000936F000125D0060192510001ACDF06011A
:10512000922D17D00001EADC259C01B0258C000EE1
:1051300025BC010EA0DF1EC094F6060194510001AB
:105140009ADF1DC094F606019451000194DF04D04B
:105150000601CC0E00018FDFDD0E0601936F00010A
:1051600006019351DD0806E10D0E000184DF0A0EF1
:1051700082DF060193C601F0000112000601946B64
:10518000010E936F925304E1946B010E936F1BD049
:10519000956B9251955D17E21B6AF2BE1B8EF29ED3
:1051A00094C6B1F693C6B0F6B36B91C6B2F60001E1
:1051B000C2EC13F01BBEF28E02C094F601C093F64F
:1051C0000601952BE6D793C601F094C602F00001C4
:1051D000C0EF29F006019551FF0A010F016E000191
:1051E00012000601956B946B9551935D19E303E1F1
:1051F0009251945D15E2976B966B975103080CE3FF
:1052000003E19651830808E3050E006E002EFED7D9
:10521000962BD8B4972BF1D7942BD8B4952BE4D7F1
:10522000000112000601912D04D0010E936E8A84B4
:1052300005D0915303E1010E936E8A86936B960E0F
:10524000926F0001CEDF010E936E8A94936E8A9660
:10525000120006018269836B846B46C341F404012A
:105260004151050802E041C442F4010E415DED0FD9
:10527000D8B088EF2EF0130F0001CCEF2EF0030111
:105280004751CA0808E1050E0601916F010E926FA1
:105290000001F5DE0301DD0E0601826F040188EFD7
:1052A0002EF048C337F049C350F04AC34FF04BC308
:1052B0006DF46DC49FF56DC4BEF503014751AA0A94
:1052C00000010BE0110A32E0660A4BE0330A4FE0BE
:1052D000410A5EE0110A62E08CD004014B51FB0FE1
:1052E00021E2050F00018DEF2EF003012E8F040146
:1052F00019D004014381439F15D0040143832496B0
:1053000043AF02D05383439F0DD0040143932486BF
:10531000439F08D00401438543AF02D05383439F8A
:1053200001D00401DD0E0601826F65D004014B51EE
:10533000FB0F13E2050F0001A2EF2EF003012E9FD9
:1053400004010BD00401439108D004014393249637
:1053500004D00401439501D00401DD0E0601826FE3
:105360004AD00401438BDD0E0601826F44D0040154
:10537000439B020E0601916F4FC092F60001FED6CC
:1053800001C066F003012E8FDD0E0601826F33D05F
:105390000401438FDD0E0601826F2DD004014B51B5
:1053A000FB0F22E2050F0001B7EF2EF004011CD025
:1053B0000401438119D06A2D02D0010E356E355299
:1053C00004E10401438303D000012486040143AFB8
:1053D00002D0439F538308D00401438543AF02D0DA
:1053E000439F538301D00401DD0E0601826F03D079
:1053F0000001060182698251DD0807E1050E916F07
:10540000040E926F00013BDE0601040188EF2EF0CE
:105410000601856B8551240830E3036A8551C30F6B
:10542000016E040E032203C092F6010E8525036A65
:10543000460FE96E030E0320EA6EEFCF93F692C695
:10544000EAFF01C0E9FF93C6EFFF855124080AE097
:10545000036A8551C30FE96E040E0320EA6EEF5014
:10546000832709D0036A8551C30FE96E040E032018
:10547000EA6EEFCF84F6852BCDD783C695F6000173
:10548000A9DE01500601845D17E1040EEA6E9E0E4E
:10549000E96E040EE26EC30EE16E250E016EE6CFDC
:1054A000EEFF012EFCD7050E916F080E926F0001E2
:1054B000E6DDDD0E0601826F040188EF2EF00601A5
:1054C000866B8651040830E3036A8651ED0F016E46
:1054D000040E032203C092F6010E8625036A460FCE
:1054E000E96E030E0320EA6EEFCF93F692C6EAFF51
:1054F00001C0E9FF93C6EFFF865104080AE0036A82
:105500008651ED0FE96E040E0320EA6EEF508327FB
:1055100009D0036A8651ED0FE96E040E0320EA6E8E
:10552000EFCF84F6862BCDD783C695F6000152DEE9
:1055300001500601845D17E1040EEA6EE80EE96E83
:10554000040EE26EED0EE16E050E016EE6CFEEFF8B
:10555000012EFCD7050E916F090E926F00018FDDB1
:10556000DD0E0601826F040188EF2EF00601876BC5
:1055700087510D0830E3036A87515A0F016E050EFB
:10558000032203C092F6010E8725036A460FE96ED7
:10559000030E0320EA6EEFCF93F692C6EAFF01C036
:1055A000E9FF93C6EFFF87510D080AE0036A8751B0
:1055B0005A0FE96E050E0320EA6EEF50832709D0DB
:1055C000036A87515A0FE96E050E0320EA6EEFCF8A
:1055D00084F6872BCDD783C695F60001FBDD0150FD
:1055E0000601845D17E1050EEA6E4C0EE96E050EAC
:1055F000E26E5A0EE16E0E0E016EE6CFEEFF012E48
:10560000FCD7050E916F0A0E926F000138DDDD0E9A
:105610000601826F04017CD30601886B8851020861
:1056200030E3036A88516B0F016E050E032203C03D
:1056300092F6010E8825036A460FE96E030E0320D9
:10564000EA6EEFCF93F692C6EAFF01C0E9FF93C678
:10565000EFFF885102080AE0036A88516B0FE96E78
:10566000050E0320EA6EEF50832709D0036A8851A4
:105670006B0FE96E050E0320EA6EEFCF84F6882BE0
:10568000CDD783C695F60001A5DD01500601845DE6
:105690000FE16BC568F56CC569F56DC56AF5050E5A
:1056A000916F0B0E926F0001EADCDD0E0601826F36
:1056B00004012ED30601896B8951160830E3036A71
:1056C0008951A10F016E050E032203C092F6010E4F
:1056D0008925036A460FE96E030E0320EA6EEFCFB9
:1056E00093F692C6EAFF01C0E9FF93C6EFFF895126
:1056F00016080AE0036A8951A10FE96E050E03201E
:10570000EA6EEF50832709D0036A8951A10FE96E31
:10571000050E0320EA6EEFCF84F6892BCDD783C622
:1057200095F6000157DD01500601845D17E1050E75
:10573000EA6E8A0EE96E050EE26EA10EE16E170E9C
:10574000016EE6CFEEFF012EFCD7050E916F060E1F
:10575000926F000194DCDD0E0601826F0401D8D245
:1057600006018A6B8A51070830E3036A8A51C00F29
:10577000016E050E032203C092F6010E8A25036A0C
:10578000460FE96E030E0320EA6EEFCF93F692C642
:10579000EAFF01C0E9FF93C6EFFF8A5107080AE05C
:1057A000036A8A51C00FE96E050E0320EA6EEF50BE
:1057B000832709D0036A8A51C00FE96E050E0320C2
:1057C000EA6EEFCF84F68A2BCDD783C695F600011B
:1057D00001DD01500601845D17E1050EEA6EB80E89
:1057E000E96E050EE26EC00EE16E080E016EE6CFA8
:1057F000EEFF012EFCD7050E916F070E926F000190
:105800003EDCDD0E0601826F040182D206018B6B45
:105810008B512C0830E3036A8B511F0F016E050E6C
:10582000032203C092F6010E8B25036A460FE96E30
:10583000030E0320EA6EEFCF93F692C6EAFF01C093
:10584000E9FF93C6EFFF8B512C080AE0036A8B51E6
:105850001F0FE96E050E0320EA6EEF50832709D073
:10586000036A8B511F0FE96E050E0320EA6EEFCF1E
:1058700084F68B2BCDD783C695F60001ABDC0150A7
:105880000601845D18E1040EEA6EF20EE96E050E63
:10589000E26E1F0EE16E2D0E016EE6CFEEFF012EC1
:1058A000FCD7050E916F0C0E926F00013FEC28F0B3
:1058B000DD0E0601826F04012BD206018C6B8C5128
:1058C0000D0830E3036A8C517C0F016E050E032234
:1058D00003C092F6010E8C25036A460FE96E030E93
:1058E0000320EA6EEFCF93F692C6EAFF01C0E9FF0C
:1058F00093C6EFFF8C510D080AE0036A8C517C0FB0
:10590000E96E050E0320EA6EEF50832709D0036A83
:105910008C517C0FE96E050E0320EA6EEFCF84F602
:105920008C2BCDD783C695F6000154DC01500601BF
:10593000845D18E1050EEA6E6E0EE96E050EE26EEC
:105940007C0EE16E0E0E016EE6CFEEFF012EFCD74F
:10595000050E916F0D0E926F00013FEC28F0DD0EE9
:105960000601826F0401D4D106018D6B8D510A08A6
:1059700030E3036A8D51D30F016E050E032203C07D
:1059800092F6010E8D25036A460FE96E030E032081
:10599000EA6EEFCF93F692C6EAFF01C0E9FF93C625
:1059A000EFFF8D510A080AE0036A8D51D30FE96EAB
:1059B000050E0320EA6EEF50832709D0036A8D514C
:1059C000D30FE96E050E0320EA6EEFCF84F68D2B20
:1059D000CDD783C695F60001EAEC28F00150060108
:1059E000845D18E1050EEA6EC80EE96E050EE26EE2
:1059F000D30EE16E0B0E016EE6CFEEFF012EFCD74B
:105A0000050E916F0E0E926F00013FEC28F0DD0E37
:105A10000601826F04017CD147C346F448C345F4B4
:105A2000050E0601916F0F0E926F00013FEC28F0FA
:105A3000DD0E0601826F04016BD1040142510301A6
:105A4000475D08E14851CC0805E1DD0E0601826F93
:105A500003D003010601826904015AD10401539164
:105A6000030147A103D0040153810301050E060180
:105A7000916F030E926F00013FEC28F0DD0E0601DE
:105A8000826F040145D1030147510E0A000103E072
:105A9000010A08E00CD0010E0601916F000112EC22
:105AA00029F005D00601916B000112EC29F0050EDA
:105AB0000601916F020E926F00013FEC28F0DD0E9F
:105AC0000601826F040124D106018E6B8E510908F4
:105AD00030E3036A8E51E80F016E050E032203C006
:105AE00092F6010E8E25036A460FE96E030E03201F
:105AF000EA6EEFCF93F692C6EAFF01C0E9FF93C6C4
:105B0000EFFF8E5109080AE0036A8E51E80FE96E33
:105B1000050E0320EA6EEF50832709D0036A8E51E9
:105B2000E80FE96E050E0320EA6EEFCF84F68E2BA8
:105B3000CDD783C695F60001EAEC28F001500601A6
:105B4000845D18E1050EEA6EDE0EE96E050EE26E6A
:105B5000E80EE16E0A0E016EE6CFEEFF012EFCD7D5
:105B6000050E916F100E926F00013FEC28F0DD0ED4
:105B70000601826F0401CCD006018F6B8F5105089E
:105B800030E3036A8F51F80F016E050E032203C044
:105B900092F6010E8F25036A460FE96E030E03206D
:105BA000EA6EEFCF93F692C6EAFF01C0E9FF93C613
:105BB000EFFF8F5105080AE0036A8F51F80FE96E75
:105BC000050E0320EA6EEF50832709D0036A8F5138
:105BD000F80FE96E050E0320EA6EEFCF84F68F2BE7
:105BE000CDD783C695F60001EAEC28F001500601F6
:105BF000845D18E1050EEA6EF20EE96E050EE26EA6
:105C0000F80EE16E060E016EE6CFEEFF012EFCD718
:105C1000050E916F110E926F00013FEC28F0DD0E22
:105C20000601826F040174D00601906B9051050843
:105C300030E3036A9051040F016E060E032203C085
:105C400092F6010E9025036A460FE96E030E0320BB
:105C5000EA6EEFCF93F692C6EAFF01C0E9FF93C662
:105C6000EFFF905105080AE0036A9051040FE96EB6
:105C7000060E0320EA6EEF50832709D0036A905185
:105C8000040FE96E060E0320EA6EEFCF84F6902B28
:105C9000CDD783C695F60001EAEC28F00150060145
:105CA000845D18E1050EEA6EFE0EE96E060EE26EE8
:105CB000040EE16E060E016EE6CFEEFF012EFCD75C
:105CC000050E916F120E926F00013FEC28F0DD0E71
:105CD0000601826F04011CD003014751AB0804E1A7
:105CE000000E956E8C8206D04751CD0803E1000E60
:105CF000956E8C92050E0601916F130E926F000146
:105D00003FEC28F0DD0E0601826F040101D0040192
:105D1000060182C601F000011200E824F76AF73696
:105D20003B0FF66E5D0EF722000EF86EFB6E0A005A
:105D3000F550FA6E0800F550F96EEA52F252FA5236
:105D40000A531453E824F76AF736650FF66E5D0EB2
:105D5000F722000EF86EFB6E0A00F550FA6E08008E
:105D6000F550F96E3C5344534A534A535253E82476
:105D7000F76AF7368F0FF66E5D0EF722000EF86E9B
:105D8000FB6E0A00F550FA6E0800F550F96EAC5340
:105D9000B053B653B653D853E824F76AF736B90F61
:105DA000F66E5D0EF722000EF86EFB6E0A00F550DF
:105DB000FA6E0800F550F96E7E52865A5C5AA2526D
:105DC0003A5AB45660571054BE546C5518560C5875
:105DD000BA586859185AC85A785B285CD85C0601CA
:105DE000846B836B8451825D0CE303E18151835D9D
:105DF00008E2050E006E002EFED7832BD8B4842B4C
:105E0000F1D70001120006018351070B006E8331A8
:105E1000016E013201321F0E011601508525E96E17
:105E2000000E8621EA6E016A012A002A01D001369D
:105E3000002EFDD7845303E00150EF1203D0011E62
:105E40000150EF16000112000601815302E1000E1D
:105E500001D0010E82C683F6846F0F0E866F890E05
:105E6000856F0001D0DF82C683F60601846B0F0EBA
:105E7000866F920E856F0001C6DF12009D90B9906B
:105E8000B994375205E1B99CBA9C249043EC27F0B1
:105E90003750040811E0375005080EE03750060867
:105EA0000BE03750070808E0B998B99ABA98BA9A3F
:105EB0000F013695339500019E90BA90BA94CD901B
:105EC0006B940F013995375200E1040143BB13D0A5
:105ED00043BF11D00F01446B4351CF0B436F476B4E
:105EE0004651CF0B466F436B466B000E966E8D96F8
:105EF000966E8D9804012BA852D043AF50D01B6AE8
:105F0000F2BE1B8EF29EFEC2B7F6FDC2B6F6FCC212
:105F1000B5F6FBC2B4F600014BEC04F01BBEF28EEA
:105F200002C082F601C081F60601823381338233DA
:105F30008133823381C644FF82338231300B006E5D
:105F40000F014351CF0B0010436F315226E01B6A03
:105F5000F2BE1B8EF29EFEC2B7F6FDC2B6F6FCC2C2
:105F6000B5F6FBC2B4F600014BEC04F01BBEF28E9A
:105F700002C082F601C081F606018233813382338A
:105F80008133823381C647FF82338231300B006E0A
:105F90000F014651CF0B0010466F55D004012BA8BE
:105FA00053D043BF02D043AB4FD01B6AF2BE1B8E0F
:105FB000F29E25C3B7F624C3B6F623C3B5F622C3B3
:105FC000B4F600014BEC04F01BBEF28E02C082F668
:105FD00001C081F6060182338133823381338233FB
:105FE00081C644FF82338231300B006E0F01435172
:105FF000CF0B0010436F315226E01B6AF2BE1B8E9E
:10600000F29E25C3B7F624C3B6F623C3B5F622C362
:10601000B4F600014BEC04F01BBEF28E02C082F617
:1060200001C081F6060182338133823381338233AA
:1060300081C647FF82338231300B006E0F0146511B
:10604000CF0B0010466F04012B982B9C2B9A030159
:106050002E9537520DE1000E956E8C82956E8C84D4
:10606000030E0601826FE80E816F0001B8DE0301A6
:10607000000E956E8C9C030E0601826FE80E816FF8
:106080000001ADDE000E956E8C9A956E8C92030E1B
:106090000601826FE80E816F0001A1DE000E956E91
:1060A0008C9450B206D00601816B040E826F000101
:1060B000CBDE1F921F961F9C209222922392375272
:1060C00001E1366A37B21DD0A351000809E2FF0A88
:1060D00003E1A251220804E2010EA36F220EA26F77
:1060E000EF6BEE6BF16BF06B0101256B246B020122
:1060F000136B126B116B106B176B166B156B146BAC
:106100000001249A0401466B456B4D6B0601816BBF
:1061100081C6DFF5249A0001B3EC27F01200A092AB
:10612000B998375205E1B99CBA9C249043EC27F00A
:10613000A192BA98B1900F0136953750030806E046
:106140003750070803E0B99ABA9A3395375200E1FD
:10615000756A7450CF0B746E786A7750CF0B776E78
:10616000040143BB11D043BF0FD0756A7450CF0BED
:10617000746E786A7750CF0B776E746A776AE40E24
:10618000986E8F98986E8F9637520DE1000E966E2E
:106190008D84956E8C8E030E0601826FE80E816FE2
:1061A00000011DDE0401900E946E8B94030E060117
:1061B000826FE80E816F000112DE900E946E8B925A
:1061C000000E966E8D94030E0601826FE80E816FAD
:1061D000000105DE000E956E8C9E50B405D00601C0
:1061E000816B826B000130DE1F921F981F9E2094EE
:1061F00022942394375201E1366A37B41DD0A55159
:10620000000809E2FF0A03E1A451220804E2010E9A
:10621000A56F220EA46FF36BF26BF56BF46B0101AB
:10622000276B266B02011B6B1A6B196B186B1F6BAC
:106230001E6B1D6B1C6B00010401466B456B4E6BA6
:106240000601816B81C6E0F5249C0001DEEC27F09D
:1062500012000401546B44C691F645C692F6000143
:106260003FEC28F004014A6B496B486B476B030114
:106270002EBD24D004014A53D8B402D003011ED04D
:1062800049510808D8B002D0030118D00DE1485197
:106290006408D8B002D0030111D006E1475170085C
:1062A000D8B002D003010AD0010E4727D8B0482B3E
:1062B000D8B4492BD8B44A2BDAD703012E9D040158
:1062C0004A530DE14951070813E2FF0A08E148511A
:1062D00063080EE2FF0A03E147516F0809E2542BFD
:1062E0005451050803E2FF00439701D043970CD0B7
:1062F000000129EC29F00150DD0804E10401438785
:10630000010E02D00401439743A7A5D70001120054
:106310000601536B526B556B546B576B566B536B3B
:10632000526B5351515DD8A09ED004E15051525D43
:10633000D8B099D0556B546B010E505D006E000EB5
:106340005159036E00C001F05551035CD8A087D0AD
:1063500004E10150545DD8B082D0D8905435026E1B
:106360005535036E02504E25E96E4F510320EA6EFB
:10637000ECCF59F6ED52EFCF58F6010E54255A6F77
:10638000000E55215B6FD8905A35026E5B35036E57
:1063900002504E25E96E4F510320EA6EECCF03F018
:1063A000ED52EFCF01F00350595D55E303E1585131
:1063B000015C51E2D8905435026E5535036E02509F
:1063C0004E25E96E4F510320EA6EECCF57F6ED52A1
:1063D000EFCF56F6D8905435026E5535036E025005
:1063E0004E25016E4F51032203C059F6010E54256C
:1063F0005A6F000E55215B6FD8905A35026E5B358F
:10640000036E02504E25E96E4F510320EA6EECCF29
:1064100003F0ED52EFCF5AF659C6EAFF01C0E9FF8B
:1064200003C0ECFFED525AC6EFFF010E5425586F22
:10643000000E5521596FD8905835026E5935036EAC
:1064400002504E25E96E4F510320EA6E57C6ECFF0D
:10645000ED5256C6EFFF542BD8B4552B6DD7522BA7
:10646000D8B4532B5ED7000112001B6AF2BE1B8EFC
:10647000F29E82C6B9F681C6B8F681EC03F01BBE67
:10648000F28E1B6AF2BE1B8EF29E03C0BBF602C0E8
:10649000BAF601C0B9F600C0B8F60601BF6B400EEF
:1064A000BE6F1C0EBD6F8B0EBC6F000103EC06F0BF
:1064B0001BBEF28E03C08AF602C089F601C088F6C0
:1064C00000C087F61B6AF2BE1B8EF29E03C0BBF6AD
:1064D00002C0BAF601C0B9F600C0B8F60601BF6B3B
:1064E000BE6BBD6B8B0EBC6F00019CEC03F01BBE42
:1064F000F28E03C086F602C085F601C084F600C0A5
:1065000083F61B6AF2BE1B8EF29E86C6BBF685C65C
:10651000BAF684C6B9F683C6B8F60601BF6BBE6B81
:10652000480EBD6F850EBC6F000103EC06F01BBE6C
:10653000F28E03C08AF602C089F601C088F600C058
:1065400087F61B6AF2BE1B8EF29E03C0BBF602C02A
:10655000BAF601C0B9F600C0B8F6E70E0601BF6F83
:10656000BB0EBE6F040EBD6F840EBC6F00019CECB1
:1065700003F01BBEF28E1B6AF2BE1B8EF29E03C09E
:10658000B7F602C0B6F601C0B5F600C0B4F64BECE3
:1065900004F01BBEF28E0250120046EF34F01B6A6C
:1065A000F2BE1B8EF29E83C6B9F682C6B8F681ECA7
:1065B00003F01BBEF28E1B6AF2BE1B8EF29E03C05E
:1065C000BBF602C0BAF601C0B9F600C0B8F60601C3
:1065D000BF6BBE6B200EBD6F810EBC6F000103EC64
:1065E00006F01BBEF28E03C08CF602C08BF601C013
:1065F0008AF600C089F61B6AF2BE1B8EF29E03C0AB
:10660000BBF602C0BAF601C0B9F600C0B8F6060182
:10661000BF6BBE6BBD6B8B0EBC6F00019CEC03F0BF
:106620001BBEF28E03C088F602C087F601C086F654
:1066300000C085F60601842D20D01B6AF2BE1B8E99
:10664000F29E88C6BBF687C6BAF686C6B9F685C678
:10665000B8F6BF6BBE6B300EBD6F820EBC6F000113
:1066600003EC06F01BBEF28E03C088F602C087F66C
:1066700001C086F600C085F6060185C600F086C614
:1066800001F087C602F088C603F00001120006017F
:106690004651000A000107E0010AD8B409D1030AF3
:1066A000D8B402D2FED2040E016EC250830B011088
:1066B000C26E000E016EC150F80B0110C16E250EA6
:1066C000006E002EFED71B6AF2BE1B8EF29EBBEC44
:1066D00000F01BBEF28E02C08DF101C08CF1C2B27F
:1066E000FED701018D6B8C6B0601486B48510E087B
:1066F0002EE3040E016EC250830B0110C26E000E19
:10670000016EC150F80B0110C16ED8904835036A74
:10671000980F016E010E032201C04EF603C04FF622
:106720001B6AF2BE1B8EF29E0001BBEC00F01BBE8A
:10673000F28E4FC6EAFF4EC6E9FF02C0ECFFED52F3
:1067400001C0EFFFC2B2FED70601482BCFD7010E22
:106750004F6F980E4E6F516B0F0E506F0001D8DDCA
:10676000A7C182F6A6C181F680DE02C08FF101C00A
:106770008EF18D82000E966E060147530DE1180EC4
:10678000016EC250830B0110C26E000E016EC1502B
:10679000F80B0110C16E0ED0472D0CD0140E016EF7
:1067A000C250830B0110C26E000E016EC150F80B77
:1067B0000110C16E250E006E002EFED71B6AF2BEC0
:1067C0001B8EF29E0001BBEC00F01BBEF28E02C0DD
:1067D00091F101C090F1C2B2FED70101916B906BB3
:1067E0000601496B49510E083FE347530DE1180E6E
:1067F000016EC250830B0110C26E000E016EC150BB
:10680000F80B0110C16E0ED0472D0CD0140E016E86
:10681000C250830B0110C26E000E016EC150F80B06
:106820000110C16ED8904935036AB60F016E010E92
:10683000032201C04EF603C04FF61B6AF2BE1B8E48
:10684000F29E0001BBEC00F01BBEF28E4FC6EAFFC9
:106850004EC6E9FF02C0ECFFED5201C0EFFFC2B22D
:10686000FED70601492BBED7010E4F6FB60E4E6FF5
:10687000516B0F0E506F00014BDD010E06014F6F83
:10688000B60E4E6F0F0E506F000187D6C5C183F64E
:10689000C4C182F6010E0601846F000180DE03C0D0
:1068A0007FF202C07EF201C07DF200C07CF2F9D11D
:1068B000080E016EC250830B0110C26E000E016EF5
:1068C000C150F80B0110C16E250E006E002EFED7D0
:1068D0001B6AF2BE1B8EF29EBBEC00F01BBEF28E5A
:1068E00002C08DF101C08CF1C2B2FED701018D6BE7
:1068F0008C6B06014A6B4A510E082EE3080E016E9E
:10690000C250830B0110C26E000E016EC150F80B15
:106910000110C16ED8904A35036A980F016E010EBE
:10692000032201C04EF603C04FF61B6AF2BE1B8E57
:10693000F29E0001BBEC00F01BBEF28E4FC6EAFFD8
:106940004EC6E9FF02C0ECFFED5201C0EFFFC2B23C
:10695000FED706014A2BCFD7010E4F6F980E4E6F10
:10696000516B0F0E506F0001D3DCA7C182F6A6C198
:1069700081F67BDD02C08FF101C08EF18D80000EAB
:10698000966E060147530DE11C0E016EC250830B3B
:106990000110C26E000E016EC150F80B0110C16EE5
:1069A0000ED0472D0CD02C0E016EC250830B01105F
:1069B000C26E000E016EC150F80B0110C16E250EA3
:1069C000006E002EFED71B6AF2BE1B8EF29E0001E7
:1069D000BBEC00F01BBEF28E02C091F101C090F141
:1069E000C2B2FED70101916B906B06014B6B4B510C
:1069F0000E083FE347530DE11C0E016EC250830B9E
:106A00000110C26E000E016EC150F80B0110C16E74
:106A10000ED0472D0CD02C0E016EC250830B0110EE
:106A2000C26E000E016EC150F80B0110C16ED890FD
:106A30004B35036AB60F016E010E032201C04EF6FC
:106A400003C04FF61B6AF2BE1B8EF29E0001BBEC28
:106A500000F01BBEF28E4FC6EAFF4EC6E9FF02C031
:106A6000ECFFED5201C0EFFFC2B2FED706014B2B87
:106A7000BED7010E4F6FB60E4E6F516B0F0E506F9B
:106A8000000146DCC5C183F6C4C182F6010E0601D1
:106A9000846F000184DD03C07FF202C07EF201C07A
:106AA0007DF200C07CF2FDD0240E016EC250830B3B
:106AB0000110C26E000E016EC150F80B0110C16EC4
:106AC000250E006E002EFED71B6AF2BE1B8EF29EB4
:106AD000BBEC00F01BBEF28E02C08DF101C08CF148
:106AE000C2B2FED701018D6B8C6B06014C6B4C5111
:106AF0000E082EE3240E016EC250830B0110C26EED
:106B0000000E016EC150F80B0110C16ED8904C35CB
:106B1000036A980F016E010E032201C04EF603C0F6
:106B20004FF61B6AF2BE1B8EF29E0001BBEC00F01A
:106B30001BBEF28E4FC6EAFF4EC6E9FF02C0ECFF55
:106B4000ED5201C0EFFFC2B2FED706014C2BCFD7EA
:106B5000010E4F6F980E4E6F516B0F0E506F00016C
:106B600088EC31F0A7C182F6A6C181F67EDC02C0B6
:106B70008FF101C08EF18F80E40E986E06014753AD
:106B80000DE1200E016EC250830B0110C26E000E8B
:106B9000016EC150F80B0110C16E0ED0472D0CD004
:106BA000280E016EC250830B0110C26E000E016EE2
:106BB000C150F80B0110C16E250E006E002EFED7DD
:106BC0001B6AF2BE1B8EF29E0001BBEC00F01BBEE6
:106BD000F28E02C091F101C090F1C2B2FED7010164
:106BE000916B906B06014D6B4D510E083FE347537F
:106BF0000DE1200E016EC250830B0110C26E000E1B
:106C0000016EC150F80B0110C16E0ED0472D0CD093
:106C1000280E016EC250830B0110C26E000E016E71
:106C2000C150F80B0110C16ED8904D35036AB60FF4
:106C3000016E010E032201C04EF603C04FF61B6A1F
:106C4000F2BE1B8EF29E0001BBEC00F01BBEF28E6A
:106C50004FC6EAFF4EC6E9FF02C0ECFFED5201C08D
:106C6000EFFFC2B2FED706014D2BBED7010E4F6F0C
:106C7000B60E4E6F516B0F0E506F000188EC31F065
:106C8000C5C183F6C4C182F6010E0601846F0001FE
:106C900086DC03C07FF202C07EF201C07DF200C03C
:106CA0007CF21200060145914451000A000108E0FF
:106CB000010AD8B4B0D1030AD8B465D37AEF3BF057
:106CC000000E956E8C98966E8D9E956E8C96956E38
:106CD0008C900101936BA10E926F93C102F092C14F
:106CE00001F00232013202320132023201C06FFF82
:106CF00002320230300B006E6E50CF0B00106E6E01
:106D0000010E0601936FF40E926F0001F1EC28F072
:106D10000601466B476B0001BADC01018F531CE191
:106D20008E51960819E31B6AF2BE1B8EF29E060175
:106D3000BB6BBA6BB96B7E0EB86F7FC2BFF67EC2FB
:106D4000BEF67DC2BDF67CC2BCF60001A5EC05F026
:106D50001BBEF28E05E30101060145814DD1000104
:106D6000000E956E8C880601466B476B00018FDC28
:106D700001018F51000805E2FF0A1DE18E51F40860
:106D80001AE31B6AF2BE1B8EF29E7FC2BBF67EC266
:106D9000BAF67DC2B9F67CC2B8F60601BF6BBE6B0F
:106DA000700EBD6F830EBC6F0001A5EC05F01BBE1D
:106DB000F28E05E30101060145811ED10001000E9E
:106DC000956E8C800601466B476B000160DC1B6A88
:106DD000F2BE1B8EF29E8FC1B9F68EC1B8F681EC61
:106DE00003F01BBEF28E1B6AF2BE1B8EF29E0601E2
:106DF000BB6B800EBA6F090EB96F8A0EB86F03C0F5
:106E0000BFF602C0BEF601C0BDF600C0BCF6000170
:106E1000A5EC05F01BBEF28E18E21B6AF2BE1B8EBB
:106E2000F29E0601BB6BBA6BB96B7F0EB86F7FC267
:106E3000BFF67EC2BEF67DC2BDF67CC2BCF60001C6
:106E4000A5EC05F01BBEF28E04E306014581D4D00B
:106E50000001000E956E8C98956E8C906F6A010102
:106E6000936BA10E926F93C102F092C101F00232B6
:106E7000013202320132023201C072FF02320230AC
:106E8000300B006E7150CF0B0010716E010E0601B9
:106E9000936FF40E926F0001F1EC28F00601466B3F
:106EA000010E476F000147EC33F001018F531CE1E5
:106EB0008E51960819E31B6AF2BE1B8EF29E0601E4
:106EC000BB6BBA6BB96B7E0EB86F7FC2BFF67EC26A
:106ED000BEF67DC2BDF67CC2BCF60001A5EC05F095
:106EE0001BBEF28E05E301010601458185D000013C
:106EF000000E956E8C860601466B010E476F0001F1
:106F000047EC33F001018F51000805E2FF0A1DE153
:106F10008E51F4081AE31B6AF2BE1B8EF29E7FC2EA
:106F2000BBF67EC2BAF67DC2B9F67CC2B8F60601DF
:106F3000BF6BBE6B700EBD6F830EBC6F0001A5EC06
:106F400005F01BBEF28E05E301010601458154D018
:106F50000001000E966E8D8E0601466B010E476F86
:106F6000000147EC33F01B6AF2BE1B8EF29E8FC10C
:106F7000B9F68EC1B8F681EC03F01BBEF28E1B6A27
:106F8000F2BE1B8EF29E0601BB6B800EBA6F090E1D
:106F9000B96F8A0EB86F03C0BFF602C0BEF601C05B
:106FA000BDF600C0BCF60001A5EC05F01BBEF28EDC
:106FB00018E21B6AF2BE1B8EF29E0601BB6BBA6B17
:106FC000B96B7F0EB86F7FC2BFF67EC2BEF67DC2C0
:106FD000BDF67CC2BCF60001A5EC05F01BBEF28E2E
:106FE00004E30601458108D00001000E966E8D9ED7
:106FF000956E8C96726A060145A10BD0000E966EB6
:107000008D9E956E8C90956E8C98956E8C966F6A11
:10701000726A00016FD3000E956E8C92956E8C94FF
:10702000956E8C9C956E8C9A0101936BA30E926F5A
:1070300093C102F092C101F00232013202320132F8
:10704000023201C044FF02320230300B006E0F01E9
:107050004351CF0B0010436F010E0601936FF40EE6
:10706000926F0001F1EC28F0010E0601466F476BAC
:10707000000147EC33F001018F51010805E2FF0ADE
:107080001CE18E51580819E31B6AF2BE1B8EF29E5A
:107090000601BB6BBA6BB96B7E0EB86F7FC2BFF6D1
:1070A0007EC2BEF67DC2BDF67CC2BCF60001A5EC78
:1070B00005F01BBEF28E05E301010601458152D1A8
:1070C0000001000E956E8C8C010E0601466F476B19
:1070D000000147EC33F001018F51020805E2FF0A7D
:1070E0001DE18E51E8081AE31B6AF2BE1B8EF29E68
:1070F0007FC2BBF67EC2BAF67DC2B9F67CC2B8F6D4
:107100000601BF6BBE6B700EBD6F830EBC6F0001BE
:10711000A5EC05F01BBEF28E05E3010106014581D9
:1071200021D10001000E956E8C84010E0601466F80
:10713000476B000147EC33F01B6AF2BE1B8EF29ED8
:107140008FC1B9F68EC1B8F681EC03F01BBEF28E8A
:107150001B6AF2BE1B8EF29E0601BB6B400EBA6F1D
:107160001C0EB96F8A0EB86F03C0BFF602C0BEF620
:1071700001C0BDF600C0BCF60001A5EC05F01BBEC9
:10718000F28E18E21B6AF2BE1B8EF29E0601BB6BEA
:10719000BA6BB96B7F0EB86F7FC2BFF67EC2BEF608
:1071A0007DC2BDF67CC2BCF60001A5EC05F01BBE9D
:1071B000F28E04E306014581D5D00001000E956EE4
:1071C0008C9C956E8C940F01446B93C102F092C11C
:1071D00001F00232013202320132023201C047FFB5
:1071E00002320230300B006E4651CF0B0010466F5A
:1071F000010E0601936FF40E926F0001F1EC28F07E
:10720000010E0601466F476F000147EC33F00101A4
:107210008F51010805E2FF0A1CE18E51580819E35D
:107220001B6AF2BE1B8EF29E0601BB6BBA6BB96B7A
:107230007E0EB86F7FC2BFF67EC2BEF67DC2BDF6BF
:107240007CC2BCF60001A5EC05F01BBEF28E05E386
:1072500001010601458186D00001000E956E8C8AE1
:10726000010E0601466F476F000147EC33F0010144
:107270008F51020805E2FF0A1DE18E51E8081AE36A
:107280001B6AF2BE1B8EF29E7FC2BBF67EC2BAF6AE
:107290007DC2B9F67CC2B8F60601BF6BBE6B700E3C
:1072A000BD6F830EBC6F0001A5EC05F01BBEF28E16
:1072B00005E301010601458155D00001000E956EE0
:1072C0008C82010E0601466F476F000147EC33F0D8
:1072D0001B6AF2BE1B8EF29E8FC1B9F68EC1B8F644
:1072E00081EC03F01BBEF28E1B6AF2BE1B8EF29E77
:1072F0000601BB6B400EBA6F1C0EB96F8A0EB86FD9
:1073000003C0BFF602C0BEF601C0BDF600C0BCF6A9
:107310000001A5EC05F01BBEF28E18E21B6AF2BE5E
:107320001B8EF29E0601BB6BBA6BB96B7F0EB86FFA
:107330007FC2BFF67EC2BEF67DC2BDF67CC2BCF681
:107340000001A5EC05F01BBEF28E04E306014581A9
:1073500009D00001000E956E8C92956E8C9A0F01EB
:10736000476B060145A10DD0000E956E8C92956E6F
:107370008C94956E8C9C956E8C9A0F01446B476B28
:1073800006010001B7D1000E966E8D94956E8C9E0D
:10739000900E946E8B94946E8B920101936BA10E60
:1073A000926F93C102F092C101F0023201320232B7
:1073B0000132023201C075FF02320230300B006E22
:1073C0007450CF0B0010746E010E0601936FF40E13
:1073D000926F0001F1EC28F0020E0601466F476B38
:1073E000000147EC33F001018F531CE18E519608E8
:1073F00019E31B6AF2BE1B8EF29E0601BB6BBA6BD1
:10740000B96B7E0EB86F7FC2BFF67EC2BEF67DC27C
:10741000BDF67CC2BCF60001A5EC05F01BBEF28EE9
:1074200005E301010601458156D10001900E946EDD
:107430008B84020E0601466F476B000147EC33F068
:1074400001018F51000805E2FF0A1DE18E51F40889
:107450001AE31B6AF2BE1B8EF29E7FC2BBF67EC28F
:10746000BAF67DC2B9F67CC2B8F60601BF6BBE6B38
:10747000700EBD6F830EBC6F0001A5EC05F01BBE46
:10748000F28E05E301010601458125D10001000EC0
:10749000956E8C8E020E0601466F476B000147EC1D
:1074A00033F01B6AF2BE1B8EF29E8FC1B9F68EC1FD
:1074B000B8F681EC03F01BBEF28E1B6AF2BE1B8E87
:1074C000F29E0601BB6B800EBA6F090EB96F8A0E71
:1074D000B86F03C0BFF602C0BEF601C0BDF600C063
:1074E000BCF60001A5EC05F01BBEF28E18E21B6A8B
:1074F000F2BE1B8EF29E0601BB6BBA6BB96B7F0EA0
:10750000B86F7FC2BFF67EC2BEF67DC2BDF67CC23A
:10751000BCF60001A5EC05F01BBEF28E04E30601EB
:107520004581D9D00001900E946E8B94000E956E1B
:107530008C9E756A0101936BA10E926F93C102F04C
:1075400092C101F00232013202320132023201C034
:1075500078FF02320230300B006E7750CF0B0010F4
:10756000776E010E0601936FF40E926F0001F1EC3D
:1075700028F0020E0601466F010E476F000147EC2E
:1075800033F001018F531CE18E51960819E31B6AF9
:10759000F2BE1B8EF29E0601BB6BBA6BB96B7E0E00
:1075A000B86F7FC2BFF67EC2BEF67DC2BDF67CC29A
:1075B000BCF60001A5EC05F01BBEF28E05E301014F
:1075C0000601458188D00001900E946E8B82020ED8
:1075D0000601466F010E476F000147EC33F00101D1
:1075E0008F51000805E2FF0A1DE18E51F4081AE3ED
:1075F0001B6AF2BE1B8EF29E7FC2BBF67EC2BAF63B
:107600007DC2B9F67CC2B8F60601BF6BBE6B700EC8
:10761000BD6F830EBC6F0001A5EC05F01BBEF28EA2
:1076200005E301010601458156D00001000E966E6A
:107630008D84020E0601466F010E476F000147EC74
:1076400033F01B6AF2BE1B8EF29E8FC1B9F68EC15B
:10765000B8F681EC03F01BBEF28E1B6AF2BE1B8EE5
:10766000F29E0601BB6B800EBA6F090EB96F8A0ECF
:10767000B86F03C0BFF602C0BEF601C0BDF600C0C1
:10768000BCF60001A5EC05F01BBEF28E18E21B6AE9
:10769000F2BE1B8EF29E0601BB6BBA6BB96B7F0EFE
:1076A000B86F7FC2BFF67EC2BEF67DC2BDF67CC299
:1076B000BCF60001A5EC05F01BBEF28E04E306014A
:1076C000458109D00001000E966E8D94900E946E47
:1076D0008B92786A060145A10CD0000E966E8D94AF
:1076E000956E8C9E900E946E8B94946E8B92756AB0
:1076F000786A0001060145B10BD044C683F6010E3D
:10770000846F866B290E856F000103EC2FF0060154
:10771000000E45B1010E016E0001120006019391A9
:10772000946B010E925DED0FD8B019EF41F0130F7D
:10773000000120EF41F00601938119EF41F00601AD
:10774000938119EF41F09EC495F606019551942757
:107750009FC495F695519427A0C495F6955194270A
:10776000A1C495F695519427A2C495F6A3C496F6A4
:1077700095519427A2C495F6A3C496F696519427E2
:10778000A4C495F6A5C496F695519427A4C495F67D
:10779000A5C496F696519427A6C495F695519427BC
:1077A000A7C495F6A8C496F695519427A7C495F654
:1077B000A8C496F696519427A9C495F6AAC496F63D
:1077C00095519427A9C495F6AAC496F69651942784
:1077D000ABC495F6ACC496F6ADC497F6AEC498F6B5
:1077E00095519427ABC495F6ACC496F6ADC497F604
:1077F000AEC498F696519427ABC495F6ACC496F6F1
:10780000ADC497F6AEC498F697519427ABC495F6DD
:10781000ACC496F6ADC497F6AEC498F698519427CA
:10782000AFC495F6B0C496F6B1C497F6B2C498F654
:1078300095519427AFC495F6B0C496F6B1C497F6A7
:10784000B2C498F696519427AFC495F6B0C496F694
:10785000B1C497F6B2C498F697519427AFC495F681
:10786000B0C496F6B1C497F6B2C498F6985194276E
:10787000B3C495F6B4C496F695519427B3C495F65F
:10788000B4C496F696519427B5C495F6B6C496F648
:1078900095519427B5C495F6B6C496F6965194279B
:1078A000B7C495F695519427B8C495F6B9C496F621
:1078B000BAC497F6BBC498F695519427B8C495F608
:1078C000B9C496F6BAC497F6BBC498F696519427F5
:1078D000B8C495F6B9C496F6BAC497F6BBC498F680
:1078E00097519427B8C495F6B9C496F6BAC497F6DA
:1078F000BBC498F698519427BCC495F6BDC496F6BF
:10790000BEC497F6BFC498F695519427BCC495F6AB
:10791000BDC496F6BEC497F6BFC498F69651942798
:10792000BCC495F6BDC496F6BEC497F6BFC498F61F
:1079300097519427BCC495F6BDC496F6BEC497F67D
:10794000BFC498F698519427C0C495F695519427D2
:10795000C1C495F695519427915311E094C695F6BC
:107960000001EAEC28F001C095F6C2C496F60601C3
:107970009651955D02E0939101D093810BD094C60E
:1079800095F60001EAEC28F001C095F695C6C2F420
:107990000601938119EF41F0E8C495F6060195516F
:1079A0009427E9C495F695519427EAC495F6EBC45B
:1079B00096F695519427EAC495F6EBC496F696513F
:1079C0009427915311E094C695F60001EAEC28F053
:1079D00001C095F6ECC496F606019651955D02E05D
:1079E000939101D093810BD094C695F60001EAECF7
:1079F00028F001C095F695C6ECF40601938119EFC5
:107A000041F04CC595F64DC596F606019551942763
:107A10004CC595F64DC596F6965194274EC595F6EC
:107A20004FC596F6955194274EC595F64FC596F6D7
:107A30009651942750C595F69551942751C595F6C2
:107A400052C596F69551942751C595F652C596F6AE
:107A50009651942753C595F69551942754C595F69C
:107A60009551942755C595F69551942756C595F689
:107A70009551942757C595F658C596F69551942774
:107A800057C595F658C596F696519427915311E02F
:107A900094C695F60001EAEC28F001C095F659C5A8
:107AA00096F606019651955D02E0939101D093817F
:107AB0000BD094C695F60001EAEC28F001C095F6CB
:107AC00095C659F506019381B4D368C595F669C585
:107AD00096F606019551942768C595F669C596F600
:107AE00096519427915311E094C695F60001EAEC63
:107AF00028F001C095F66AC596F606019651955D87
:107B000002E0939101D093810BD094C695F60001C9
:107B1000EAEC28F001C095F695C66AF50601938156
:107B200088D38AC595F60601955194278BC595F69D
:107B30008CC596F68DC597F68EC598F69551942707
:107B40008BC595F68CC596F68DC597F68EC598F6BD
:107B5000965194278BC595F68CC596F68DC597F6EC
:107B60008EC598F6975194278BC595F68CC596F6D9
:107B70008DC597F68EC598F6985194278FC595F6C2
:107B800090C596F6955194278FC595F690C596F6B3
:107B90009651942791C595F692C596F695519427DE
:107BA00091C595F692C596F69651942793C595F68C
:107BB0009551942794C595F695C596F695519427B9
:107BC00094C595F695C596F69651942796C595F663
:107BD00097C596F69551942796C595F697C596F64E
:107BE0009651942798C595F69551942799C595F681
:107BF0009AC596F69551942799C595F69AC596F625
:107C0000965194279BC595F6955194279CC595F65A
:107C1000955194279DC595F6955194279FC595F646
:107C2000955194279EC595F695519427915311E04F
:107C300094C695F60001EAEC28F001C095F6A0C5BF
:107C400096F606019651955D02E0939101D09381DD
:107C50000BD094C695F60001EAEC28F001C095F629
:107C600095C6A0F506019381E4D2B8C595F6B9C5CD
:107C700096F6060195519427B8C595F6B9C596F6BE
:107C800096519427BAC595F6BBC596F6955194279B
:107C9000BAC595F6BBC596F696519427BCC595F620
:107CA00095519427BDC595F695519427BEC595F677
:107CB00095519427915311E094C695F60001EAEC92
:107CC00028F001C095F6BFC596F606019651955D60
:107CD00002E0939101D093810BD094C695F60001F8
:107CE000EAEC28F001C095F695C6BFF50601938130
:107CF000A0D2F2C495F6F3C496F6060195519427E6
:107D0000F2C495F6F3C496F696519427F4C495F60A
:107D1000F5C496F695519427F4C495F6F5C496F6F5
:107D200096519427F6C495F6F7C496F69551942784
:107D3000F6C495F6F7C496F696519427F8C495F6CE
:107D4000F9C496F695519427F8C495F6F9C496F6B9
:107D500096519427FAC495F6FBC496F6955194274C
:107D6000FAC495F6FBC496F696519427FCC495F692
:107D7000FDC496F695519427FCC495F6FDC496F67D
:107D800096519427FEC495F6FFC496F69551942714
:107D9000FEC495F6FFC496F69651942700C595F655
:107DA00001C596F69551942700C595F601C596F63E
:107DB0009651942702C595F603C596F695519427DA
:107DC00002C595F603C596F69651942704C595F617
:107DD00005C596F69551942704C595F605C596F602
:107DE0009651942706C595F607C596F695519427A2
:107DF00006C595F607C596F69651942708C595F6DB
:107E000009C596F69551942708C595F609C596F6C5
:107E1000965194270AC595F60BC596F69551942769
:107E20000AC595F60BC596F6965194270CC595F69E
:107E30000DC596F6955194270CC595F60DC596F689
:107E4000965194270EC595F60FC596F69551942731
:107E50000EC595F60FC596F69651942710C595F662
:107E600011C596F69551942710C595F611C596F64D
:107E70009651942712C595F69551942713C595F6FA
:107E80009551942714C595F69551942715C595F6E7
:107E90009551942716C595F69551942717C595F6D3
:107EA0009551942718C595F69551942719C595F6BF
:107EB000955194271AC595F6955194271BC595F6AB
:107EC000955194271CC595F6955194271DC595F697
:107ED00095519427915311E094C695F60001EAEC70
:107EE00028F001C095F61EC596F606019651955DDF
:107EF00002E0939101D093810BD094C695F60001D6
:107F0000EAEC28F001C095F695C61EF506019381AE
:107F100090D16EC595F66FC596F6060195519427DA
:107F20006EC595F66FC596F69651942770C595F671
:107F300071C596F69551942770C595F671C596F65C
:107F40009651942772C595F673C596F69551942768
:107F500072C595F673C596F69651942774C595F635
:107F600075C596F69551942774C595F675C596F620
:107F70009651942776C595F69551942777C595F631
:107F80009551942778C595F69551942779C595F61E
:107F9000955194277AC595F695519427915311E000
:107FA00094C695F60001EAEC28F001C095F67BC571
:107FB00096F606019651955D02E0939101D093816A
:107FC0000BD094C695F60001EAEC28F001C095F6B6
:107FD00095C67BF5060193812CD1C8C595F6C9C518
:107FE00096F6060195519427C8C595F6C9C596F62B
:107FF00096519427CAC595F6CBC596F69551942708
:10800000CAC595F6CBC596F696519427CCC595F67C
:10801000CDC596F695519427CCC595F6CDC596F667
:1080200096519427CEC595F695519427CFC595F6D0
:1080300095519427D0C595F695519427D1C595F6BD
:1080400095519427915311E094C695F60001EAECFE
:1080500028F001C095F6D2C596F606019651955DB9
:1080600002E0939101D093810BD094C695F6000164
:10807000EAEC28F001C095F695C6D2F50601938189
:10808000D8D006019381D5D006019381D2D00601C4
:108090009381CFD006019381CCD006019381C9D0C2
:1080A000DEC595F6060195519427DFC595F69551E5
:1080B0009427E0C595F695519427E1C595F695511D
:1080C0009427E2C595F695519427E3C595F6955109
:1080D0009427E4C595F695519427E5C595F69551F5
:1080E0009427E6C595F695519427915311E094C6CF
:1080F00095F60001EAEC28F001C095F6E7C596F682
:1081000006019651955D02E0939101D093810BD0C9
:1081100094C695F60001EAEC28F001C095F695C6E4
:10812000E7F50601938185D0F2C595F6F3C596F67D
:10813000F4C597F6F5C598F6060195519427F2C552
:1081400095F6F3C596F6F4C597F6F5C598F69651EB
:108150009427F2C595F6F3C596F6F4C597F6F5C5DE
:1081600098F697519427F2C595F6F3C596F6F4C59F
:1081700097F6F5C598F698519427F6C595F695515A
:108180009427915311E094C695F60001EAEC28F08B
:1081900001C095F6F7C596F606019651955D02E089
:1081A000939101D093810BD094C695F60001EAEC2F
:1081B00028F001C095F695C6F7F50601938139D0F0
:1081C000FEC595F6060195519427FFC595F6955184
:1081D000942700C695F69551942701C695F602C6D8
:1081E00096F69551942701C695F602C696F69651D5
:1081F0009427915311E094C695F60001EAEC28F01B
:1082000001C095F603C696F606019651955D02E00B
:10821000939101D093810BD094C695F60001EAECBE
:1082200028F001C095F695C603F60601938101D0AA
:108230000601000E93B1010E016E000152EF41F0F4
:10824000E824F76AF736610FF66E820EF722000E09
:10825000F86EFB6E0A00F550FA6E0800F550F96EE4
:10826000367794808E803E778880227B6A7C467742
:108270009879027ACA7AF27C127FDA7F8280A080B3
:108280002881C0819A8006018369825100013BECFC
:1082900028F082C642F40601916B82C692F6000174
:1082A0008EEF3BF00601846B010E825DEE0FD8B0BD
:1082B000EAD1120F000153EF43F0CA0E3BEC28F055
:1082C000DD0E0601836FDFD1040EEA6EC30EE96E88
:1082D000040EE26E9E0EE16E250E016EE6CFEEFFFD
:1082E000012EFCD70601856B8551240810E3036A33
:1082F0008551C30FE96E040E0320EA6EEFCF91F6AD
:10830000915100013BEC28F00601852BEDD7DD0EE5
:10831000836FB9D1040EEA6EED0EE96E040EE26EC3
:10832000E80EE16E050E016EE6CFEEFF012EFCD7E2
:108330000601866B8651040810E3036A8651ED0F2F
:10834000E96E040E0320EA6EEFCF91F69151000121
:108350003BEC28F00601862BEDD7DD0E836F93D121
:10836000050EEA6E5A0EE96E050EE26E4C0EE16ED7
:108370000E0E016EE6CFEEFF012EFCD70601876BD5
:1083800087510D0810E3036A87515A0FE96E050EF5
:108390000320EA6EEFCF91F6915100013BEC28F0FB
:1083A0000601872BEDD7DD0E836F6DD168C56BF5A8
:1083B00069C56CF56AC56DF50601886B88510208C0
:1083C00010E3036A88516B0FE96E050E0320EA6E15
:1083D000EFCF91F6915100013BEC28F00601882B7C
:1083E000EDD7DD0E836F4FD1050EEA6EA10EE96E5B
:1083F000050EE26E8A0EE16E170E016EE6CFEEFFFD
:10840000012EFCD70601896B8951160810E3036A17
:108410008951A10FE96E050E0320EA6EEFCF91F6A8
:10842000915100013BEC28F00601892BEDD7DD0EC0
:10843000836F29D1050EEA6EC00EE96E050EE26E5D
:10844000B80EE16E080E016EE6CFEEFF012EFCD7EE
:1084500006018A6B8A51070810E3036A8A51C00F2C
:10846000E96E050E0320EA6EEFCF91F691510001FF
:108470003BEC28F006018A2BEDD7DD0E836F03D18C
:10848000050EEA6E1F0EE96E040EE26EF20EE16E4C
:108490002D0E016EE6CFEEFF012EFCD706018B6B91
:1084A0008B512C081CE3036A8B511F0FE96E050EDC
:1084B0000320EA6EEFCF91F6915100013BEC28F0DA
:1084C00006018B512B0809E3036A8B511F0FE96EDC
:1084D000050E0320EA6EEF5084278B2BE1D7DD0ECB
:1084E000836FD1D0050EEA6E7C0EE96E050EE26E4A
:1084F0006E0EE16E0E0E016EE6CFEEFF012EFCD782
:1085000006018C6B8C510D0810E3036A8C517C0FB3
:10851000E96E050E0320EA6EEFCF91F6915100014E
:108520003BEC28F006018C2BEDD7DD0E836FABD032
:10853000050EEA6ED30EE96E050EE26EC80EE16E10
:108540000B0E016EE6CFEEFF012EFCD706018D6B00
:108550008D510A0810E3036A8D51D30FE96E050EA1
:108560000320EA6EEFCF91F6915100013BEC28F029
:1085700006018D2BEDD7DD0E836F85D046C491F6B5
:108580000601915100013BEC28F045C491F606012B
:10859000915100013BEC28F0DD0E0601836F73D092
:1085A000050EEA6EE80EE96E050EE26EDE0EE16E75
:1085B0000A0E016EE6CFEEFF012EFCD706018E6B90
:1085C0008E51090810E3036A8E51E80FE96E050E1B
:1085D0000320EA6EEFCF91F6915100013BEC28F0B9
:1085E00006018E2BEDD7DD0E836F4DD0050EEA6EA2
:1085F000F80EE96E050EE26EF20EE16E060E016EE9
:10860000E6CFEEFF012EFCD706018F6B8F510508D8
:1086100010E3036A8F51F80FE96E050E0320EA6E2E
:10862000EFCF91F6915100013BEC28F006018F2B22
:10863000EDD7DD0E836F27D0060EEA6E040EE96ECD
:10864000050EE26EFE0EE16E060E016EE6CFEEFF47
:10865000012EFCD70601906B9051050810E3036AC8
:108660009051040FE96E060E0320EA6EEFCF91F6EB
:10867000915100013BEC28F00601902BEDD7DD0E67
:10868000836F01D006018351DD0808E10D0E000162
:108690003BEC28F00A0E3BEC28F0060183C601F003
:1086A00000017BEF43F0E824F76AF736C70FF66E58
:1086B000860EF722000EF86EFB6E0A00F550FA6E79
:1086C0000800F550F96EBA82848684868486848692
:1086D000E8833484C88214836083AC838084E48418
:1086E00030857C85A085EC8538860401546B81C675
:1086F00082F60001C8D504014A6B496B486B476B91
:1087000003012EBD24D004014A53D8B402D0030182
:108710001ED049510808D8B002D0030118D00DE18D
:1087200048516408D8B002D0030111D006E1475186
:108730007008D8B002D003010AD0010E4727D8B084
:10874000482BD8B4492BD8B44A2BDAD703012E9D35
:1087500004014A530DE14951070813E2FF0A08E1F9
:10876000485163080EE2FF0A03E147516F0809E22E
:10877000542B5451050803E24397FF0001D043975F
:108780000CD0000129EC29F00150DD0804E10401BE
:108790004387010E02D00401439743A7A8D743970C
:1087A0000001120006014C6B4D6B010E4E6FDA6A30
:1087B000D96A060E516F440E506F060EEA6E480ECF
:1087C000E96E51C6E2FF50C6E1FF4EC64FF6D890A3
:1087D000E550EE02F3504C23F4504D234F2FF7D7C2
:1087E0004CC6DEFF4DC64CF64D6BD8B04D2B502B12
:1087F000D8B4512B4E2B4E510508DFE10001120079
:10880000010E06013B6F2092546A556A0101656BA7
:10881000646B87C03FF686C03EF685C03DF684C0D7
:108820003CF697C043F696C042F695C041F694C018
:1088300040F6020E03013D6FE10E0001C56F180EF8
:10884000C46F0F013D91C5C03FFFC4C03EFFBA9643
:10885000B9860001875307E1865305E1855303E19B
:1088600084517C0814E2400E845D06013C6F000ECA
:108870000001855906013D6F000E00018659060171
:108880003E6F000E0001875906013F6F0001312C39
:108890001DD0975307E1965305E1955303E1945199
:1088A0007C0814E2400E945D0601406F000E00014A
:1088B00095590601416F000E000196590601426F5D
:1088C000000E000197590601436F0001665317E13E
:1088D00003012EB913D00F01446B000E966E8D96D6
:1088E0000C0E436F2B95476B000E966E8D980C0EF9
:1088F000466FFC0E2B17000E2B1303010001000E18
:10890000956E8C9C956E8C92956E8C9A956E8C94CF
:10891000665102081AE0010E0601816F040E826F93
:10892000000124EC2FF0010E936E8A8881B0FED7EF
:10893000010E936E8A82020E0601446F456B0001A0
:1089400029EC31F0010E936E8A920601936B0A0EA8
:10895000926F0001F1EC28F029B2E2EF4BF0010E2A
:108960000601446F000152EC36F0015213E004019D
:10897000468B81B0FED7010E936E8A820F0E0601E0
:10898000816F0001B2DE010E936E8A923EEC2FF0F1
:10899000E0EF4BF0665102080FE081B0FED7010E08
:1089A000936E8A82020E0601446F456F000129EC26
:1089B00031F0010E936E8A92010E0601916F000153
:1089C00012EC29F0370ECD6EAA6A7B5303E17A517F
:1089D0001F082EE2456A446AD8921B6AF2BE1B8EBB
:1089E000F29E0601B76B1E0EB66F840EB56F800E39
:1089F000B46FBB6BBA6B7BC0B9F67AC0B8F6000136
:108A0000F3EC0AF01BBEF28E03C0DFF102C0DEF110
:108A100001C0DDF100C0DCF1000ED8800101DC55A1
:108A20000001C66F000E0101DD550001C76F67D15F
:108A30007B5346E17A51010843E3456A280E446EB0
:108A40001B6AF2BE1B8EF29E7BC0B1F67AC0B0F6F6
:108A500045C0B3F644C0B2F6C2EC13F01BBEF28EB2
:108A600002C045F6060101C044F6D8921B6AF2BE68
:108A70001B8EF29EB76B1E0EB66F840EB56F800E06
:108A8000B46FBB6BBA6B02C0B9F601C0B8F6000197
:108A9000F3EC0AF01BBEF28E03C0DFF102C0DEF180
:108AA00001C0DDF100C0DCF1000ED8800101DC5511
:108AB0000001C66F000E0101DD550001C76F1FD117
:108AC0007B5346E17A51030843E3456A140E446E32
:108AD0001B6AF2BE1B8EF29E7BC0B1F67AC0B0F666
:108AE00045C0B3F644C0B2F6C2EC13F01BBEF28E22
:108AF00002C045F6060101C044F6D8921B6AF2BED8
:108B00001B8EF29EB76B1E0EB66F840EB56F800E75
:108B1000B46FBB6BBA6B02C0B9F601C0B8F6000106
:108B2000F3EC0AF01BBEF28E03C0DFF102C0DEF1EF
:108B300001C0DDF100C0DCF1000ED8800101DC5580
:108B40000001C66F000E0101DD550001C76FD7D0CF
:108B50007B5346E17A51070843E3456A0A0E446EA7
:108B60001B6AF2BE1B8EF29E7BC0B1F67AC0B0F6D5
:108B700045C0B3F644C0B2F6C2EC13F01BBEF28E91
:108B800002C045F6060101C044F6D8921B6AF2BE47
:108B90001B8EF29EB76B1E0EB66F840EB56F800EE5
:108BA000B46FBB6BBA6B02C0B9F601C0B8F6000176
:108BB000F3EC0AF01BBEF28E03C0DFF102C0DEF15F
:108BC00001C0DDF100C0DCF1000ED8800101DC55F0
:108BD0000001C66F000E0101DD550001C76F8FD087
:108BE0007B5346E17A51140843E3456A050E446E0F
:108BF0001B6AF2BE1B8EF29E7BC0B1F67AC0B0F645
:108C000045C0B3F644C0B2F6C2EC13F01BBEF28E00
:108C100002C045F6060101C044F6D8921B6AF2BEB6
:108C20001B8EF29EB76B1E0EB66F840EB56F800E54
:108C3000B46FBB6BBA6B02C0B9F601C0B8F60001E5
:108C4000F3EC0AF01BBEF28E03C0DFF102C0DEF1CE
:108C500001C0DDF100C0DCF1000ED8800101DC555F
:108C60000001C66F000E0101DD550001C76F47D03E
:108C70007B5345E17A511E0842E3456A020E446E79
:108C80001B6AF2BE1B8EF29E7BC0B1F67AC0B0F6B4
:108C900045C0B3F644C0B2F6C2EC13F01BBEF28E70
:108CA00002C045F6060101C044F6D8921B6AF2BE26
:108CB0001B8EF29EB76B1E0EB66F840EB56F800EC4
:108CC000B46FBB6BBA6B02C0B9F601C0B8F6000155
:108CD000F3EC0AF01BBEF28E03C0DFF102C0DEF13E
:108CE00001C0DDF100C0DCF1000ED8800101DC55CF
:108CF0000001C66F000E0101DD550001C76FDDC127
:108D000063F1DCC162F1CD90416A406AC7C0CFFF18
:108D1000C6C0CEFF06013F53D8A4AFD03E53D8A45F
:108D2000ACD03D510408D8A0A8D004E13C51FA08C9
:108D3000D8A0A3D01B6AF2BE1B8EF29E3FC6BBF624
:108D40003EC6BAF63DC6B9F63CC6B8F600013DECE3
:108D50000BF01BBEF28E1B6AF2BE1B8EF29E03C08E
:108D6000BBF602C0BAF601C0B9F600C0B8F6CD0E27
:108D70000601BF6FCC0EBE6F4C0EBD6F7C0EBC6F7C
:108D8000000103EC06F01BBEF28E1B6AF2BE1B8EC6
:108D9000F29E03C0B7F602C0B6F601C0B5F600C039
:108DA000B4F64BEC04F01BBEF28E02C0C9F001C059
:108DB000C8F06E6B06013C5132080EE13D530CE1E8
:108DC0003E530AE13F5308E1200E06096B6E000195
:108DD000C8C06CFF50D006010A0E3C5D446F000E07
:108DE0003D59456F000E3E59466F000E3F59476F83
:108DF0001B6AF2BE1B8EF29EBB6F46C6BAF645C614
:108E0000B9F644C6B8F600013DEC0BF01BBEF28E7D
:108E10001B6AF2BE1B8EF29E03C0BBF602C0BAF6FE
:108E200001C0B9F600C0B8F6CD0E0601BF6FCC0E7A
:108E3000BE6F4C0EBD6F7C0EBC6F000103EC06F0E4
:108E40001BBEF28E1B6AF2BE1B8EF29E03C0B7F6EB
:108E500002C0B6F601C0B5F600C0B4F64BEC04F0A3
:108E60001BBEF28E02C0C9F001C0C8F0280E060970
:108E70006B6EC8C06CFFBDD106011B6AF2BE1B8EB3
:108E8000F29E3FC6BBF63EC6BAF63DC6B9F63CC634
:108E9000B8F600013DEC0BF01BBEF28E1B6AF2BE71
:108EA0001B8EF29E03C0BBF602C0BAF601C0B9F633
:108EB00000C0B8F68F0E0601BF6FC20EBE6F750EF2
:108EC000BD6F7E0EBC6F000103EC06F01BBEF28E80
:108ED0001B6AF2BE1B8EF29E03C0BBF602C0BAF63E
:108EE00001C0B9F600C0B8F6E2EC05F01BBEF28E88
:108EF00003C03FF602C03EF601C03DF600C03CF69E
:108F00001B6AF2BE1B8EF29E3FC6BBF63EC6BAF689
:108F10003DC6B9F63CC6B8F63DEC0BF01BBEF28E72
:108F200003C047F602C046F601C045F600C044F64D
:108F30001B6AF2BE1B8EF29E03C0BBF602C0BAF6DD
:108F400001C0B9F600C0B8F60601BF6B600EBE6F77
:108F50001F0EBD6F890EBC6F00019CEC03F01BBEA1
:108F6000F28E03C0A3F202C0A2F201C0A1F200C0BF
:108F7000A0F21B6AF2BE1B8EF29EA3C2B7F6A2C27B
:108F8000B6F6A1C2B5F6A0C2B4F64BEC04F01BBE17
:108F9000F28E1B6AF2BE1B8EF29E0601B96B01C0F7
:108FA000B8F6000181EC03F01BBEF28ED8821B6A7A
:108FB000F2BE1B8EF29EA3C2BBF6A2C2BAF6A1C23B
:108FC000B9F6A0C2B8F603C0BFF602C0BEF601C033
:108FD000BDF600C0BCF669EC04F01BBEF28E03C007
:108FE00047F602C046F601C045F600C044F61B6ACB
:108FF000F2BE1B8EF29E03C0BBF602C0BAF601C0E1
:10900000B9F600C0B8F60601BF6BBE6BBD6BBC6B9A
:109010000001A5EC05F01BBEF28E13E11B6AF2BE47
:109020001B8EF29EA3C2B7F6A2C2B6F6A1C2B5F6D7
:10903000A0C2B4F64BEC04F01BBEF28E01C06EF081
:1090400013D01B6AF2BE1B8EF29EA3C2B7F6A2C259
:10905000B6F6A1C2B5F6A0C2B4F64BEC04F01BBE46
:10906000F28E010E01246E6F1B6AF2BE1B8EF29E01
:109070000601B96B6EC0B8F6000181EC03F01BBEAF
:10908000F28E1B6AF2BE1B8EF29EA3C2BBF6A2C278
:10909000BAF6A1C2B9F6A0C2B8F603C0BFF602C0C4
:1090A000BEF601C0BDF600C0BCF69CEC03F01BBED2
:1090B000F28E03C08BF202C08AF201C089F200C0B6
:1090C00088F21B6AF2BE1B8EF29E0601BB6BBA6B66
:1090D0007F0EB96F860EB86F8BC2BFF68AC2BEF61E
:1090E00089C2BDF688C2BCF6000103EC06F01BBEC7
:1090F000F28E1B6AF2BE1B8EF29E03C0B7F602C050
:10910000B6F601C0B5F600C0B4F64BEC04F01BBED9
:10911000F28E02C0C9F001C0C8F01B6AF2BE1B8EFD
:10912000F29E0601B96B6EC0B8F6000181EC03F047
:109130001BBEF28E1B6AF2BE1B8EF29E03C0BBF6F4
:1091400002C0BAF601C0B9F600C0B8F69A0E060120
:10915000BF6F990EBE6F190EBD6F7D0EBC6F000103
:1091600003EC06F01BBEF28E03C047F602C046F6C3
:1091700001C045F600C044F61B6AF2BE1B8EF29E8B
:109180000601B96B6EC0B8F6000181EC03F01BBE9E
:10919000F28ED8921B6AF2BE1B8EF29E03C0BBF603
:1091A00002C0BAF601C0B9F600C0B8F647C6BFF6AD
:1091B00046C6BEF645C6BDF644C6BCF669EC04F02C
:1091C0001BBEF28E1B6AF2BE1B8EF29E03C0B7F668
:1091D00002C0B6F601C0B5F600C0B4F64BEC04F020
:1091E0001BBEF28E01C06EF0200E06096B6EC8C069
:1091F0006CFF6B94746B312C77D206014353D8A467
:10920000B2D04253D8A4AFD041510408D8A0ABD0BB
:1092100004E14051FA08D8A0A6D000016F6B1B6A88
:10922000F2BE1B8EF29E43C6BBF642C6BAF641C6DC
:10923000B9F640C6B8F63DEC0BF01BBEF28E1B6AC9
:10924000F2BE1B8EF29E03C0BBF602C0BAF601C08E
:10925000B9F600C0B8F6CD0E0601BF6FCC0EBE6FDA
:109260004C0EBD6F7C0EBC6F000103EC06F01BBE04
:10927000F28E1B6AF2BE1B8EF29E03C0B7F602C0CE
:10928000B6F601C0B5F600C0B4F64BEC04F01BBE58
:10929000F28E02C0CBF001C0CAF006014051320884
:1092A0000FE141530DE142530BE1435309E1200E1D
:1092B00006090F01396FCAC03AFF0F0152D00601EB
:1092C0000A0E405D446F000E4159456F000E425931
:1092D000466F000E4359476F1B6AF2BE1B8EF29E0B
:1092E000BB6F46C6BAF645C6B9F644C6B8F6000125
:1092F0003DEC0BF01BBEF28E1B6AF2BE1B8EF29E83
:1093000003C0BBF602C0BAF601C0B9F600C0B8F699
:10931000CD0E0601BF6FCC0EBE6F4C0EBD6F7C0E26
:10932000BC6F000103EC06F01BBEF28E1B6AF2BE9E
:109330001B8EF29E03C0B7F602C0B6F601C0B5F6AA
:1093400000C0B4F64BEC04F01BBEF28E02C0CBF0B2
:1093500001C0CAF0280E06090F01396FCAC03AFFD2
:109360000F01BFD106011B6AF2BE1B8EF29E3FC6E3
:10937000BBF63EC6BAF63DC6B9F63CC6B8F6000125
:109380003DEC0BF01BBEF28E1B6AF2BE1B8EF29EF2
:1093900003C0BBF602C0BAF601C0B9F600C0B8F609
:1093A0008F0E0601BF6FC20EBE6F750EBD6F7E0EB3
:1093B000BC6F000103EC06F01BBEF28E1B6AF2BE0E
:1093C0001B8EF29E03C0BBF602C0BAF601C0B9F60E
:1093D00000C0B8F6E2EC05F01BBEF28E03C03FF60B
:1093E00002C03EF601C03DF600C03CF61B6AF2BE6C
:1093F0001B8EF29E43C6BBF642C6BAF641C6B9F60C
:1094000040C6B8F63DEC0BF01BBEF28E03C047F62B
:1094100002C046F601C045F600C044F61B6AF2BE23
:109420001B8EF29E03C0BBF602C0BAF601C0B9F6AD
:1094300000C0B8F60601BF6B600EBE6F1F0EBD6F99
:10944000890EBC6F00019CEC03F01BBEF28E03C0C2
:10945000A7F202C0A6F201C0A5F200C0A4F21B6AE6
:10946000F2BE1B8EF29EA7C2B7F6A6C2B6F6A5C282
:10947000B5F6A4C2B4F64BEC04F01BBEF28E1B6A28
:10948000F2BE1B8EF29E0601B96B01C0B8F6000158
:1094900081EC03F01BBEF28ED8821B6AF2BE1B8EDB
:1094A000F29EA7C2BBF6A6C2BAF6A5C2B9F6A4C27E
:1094B000B8F603C0BFF602C0BEF601C0BDF600C0DC
:1094C000BCF669EC04F01BBEF28E03C047F602C086
:1094D00046F601C045F600C044F61B6AF2BE1B8E7C
:1094E000F29E03C0BBF602C0BAF601C0B9F600C0D6
:1094F000B8F60601BF6BBE6BBD6BBC6B0001A5EC83
:1095000005F01BBEF28E13E11B6AF2BE1B8EF29EAB
:10951000A7C2B7F6A6C2B6F6A5C2B5F6A4C2B4F6FF
:109520004BEC04F01BBEF28E01C06FF013D01B6A2F
:10953000F2BE1B8EF29EA7C2B7F6A6C2B6F6A5C2B1
:10954000B5F6A4C2B4F64BEC04F01BBEF28E010ECD
:1095500001246F6F1B6AF2BE1B8EF29E0601B96B6F
:109560006FC0B8F6000181EC03F01BBEF28E1B6ADF
:10957000F2BE1B8EF29EA7C2BBF6A6C2BAF6A5C269
:10958000B9F6A4C2B8F603C0BFF602C0BEF601C069
:10959000BDF600C0BCF69CEC03F01BBEF28E03C00F
:1095A0008FF202C08EF201C08DF200C08CF21B6AF5
:1095B000F2BE1B8EF29E0601BB6BBA6B7F0EB96FBB
:1095C000860EB86F8FC2BFF68EC2BEF68DC2BDF6D4
:1095D0008CC2BCF6000103EC06F01BBEF28E1B6AC7
:1095E000F2BE1B8EF29E03C0B7F602C0B6F601C0F3
:1095F000B5F600C0B4F64BEC04F01BBEF28E02C010
:10960000CBF001C0CAF01B6AF2BE1B8EF29E0601AF
:10961000B96B6FC0B8F6000181EC03F01BBEF28E8F
:109620001B6AF2BE1B8EF29E03C0BBF602C0BAF6E6
:1096300001C0B9F600C0B8F69A0E0601BF6F990EC8
:10964000BE6F190EBD6F7D0EBC6F000103EC06F0FE
:109650001BBEF28E03C047F602C046F601C045F6B7
:1096600000C044F61B6AF2BE1B8EF29E0601B96B67
:109670006FC0B8F6000181EC03F01BBEF28ED892E9
:109680001B6AF2BE1B8EF29E03C0BBF602C0BAF686
:1096900001C0B9F600C0B8F647C6BFF646C6BEF66A
:1096A00045C6BDF644C6BCF669EC04F01BBEF28E9E
:1096B0001B6AF2BE1B8EF29E03C0B7F602C0B6F65E
:1096C00001C0B5F600C0B4F64BEC04F01BBEF28E40
:1096D00001C06FF0200E06090F01396FCAC03AFFB2
:1096E0000F0139950001756B9E90BA90312C01D015
:1096F000BA949D80B980312C01D0B98406013B6BAE
:1097000043C647F642C646F641C645F640C644F64D
:109710004B6B4A6B496B31C048F60001D2EC43F009
:10972000005006013C25446F01503D21456F025019
:109730003E21466F03503F21476F0F0E4427000E16
:1097400045234623472331500F0DF3504425010193
:109750005A6F000E0601452101015B6F000E0601E4
:10976000462101015C6F000E0601472101015D6F7A
:10977000080E016EC250830B0110C26E000E016E06
:10978000C150F80B0110C16E0601826B070E816F8C
:109790000001EFEC2EF01B6AF2BE1B8EF29EBBECBA
:1097A00000F01BBEF28E02C065F101C064F106013B
:1097B000446B44C6DFF504014D6B0001B3EC27F0A8
:1097C000F8EF52F0665102080FE081B0FED7010EAB
:1097D000936E8A82020E0601446F456F000129ECE8
:1097E00031F0010E936E8A92010E0601916F000115
:1097F00012EC29F0370ECD6EAA6A7B5303E17A5141
:109800001F082EE2456A446AD8921B6AF2BE1B8E7C
:10981000F29E0601B76B1E0EB66F840EB56F800EFA
:10982000B46FBB6BBA6B7BC0B9F67AC0B8F60001F7
:10983000F3EC0AF01BBEF28E03C0DFF102C0DEF1D2
:1098400001C0DDF100C0DCF1000ED8800101DC5563
:109850000001C66F000E0101DD550001C76F67D121
:109860007B5346E17A51010843E3456A280E446E72
:109870001B6AF2BE1B8EF29E7BC0B1F67AC0B0F6B8
:1098800045C0B3F644C0B2F6C2EC13F01BBEF28E74
:1098900002C045F6060101C044F6D8921B6AF2BE2A
:1098A0001B8EF29EB76B1E0EB66F840EB56F800EC8
:1098B000B46FBB6BBA6B02C0B9F601C0B8F6000159
:1098C000F3EC0AF01BBEF28E03C0DFF102C0DEF142
:1098D00001C0DDF100C0DCF1000ED8800101DC55D3
:1098E0000001C66F000E0101DD550001C76F1FD1D9
:1098F0007B5346E17A51030843E3456A140E446EF4
:109900001B6AF2BE1B8EF29E7BC0B1F67AC0B0F627
:1099100045C0B3F644C0B2F6C2EC13F01BBEF28EE3
:1099200002C045F6060101C044F6D8921B6AF2BE99
:109930001B8EF29EB76B1E0EB66F840EB56F800E37
:10994000B46FBB6BBA6B02C0B9F601C0B8F60001C8
:10995000F3EC0AF01BBEF28E03C0DFF102C0DEF1B1
:1099600001C0DDF100C0DCF1000ED8800101DC5542
:109970000001C66F000E0101DD550001C76FD7D091
:109980007B5346E17A51070843E3456A0A0E446E69
:109990001B6AF2BE1B8EF29E7BC0B1F67AC0B0F697
:1099A00045C0B3F644C0B2F6C2EC13F01BBEF28E53
:1099B00002C045F6060101C044F6D8921B6AF2BE09
:1099C0001B8EF29EB76B1E0EB66F840EB56F800EA7
:1099D000B46FBB6BBA6B02C0B9F601C0B8F6000138
:1099E000F3EC0AF01BBEF28E03C0DFF102C0DEF121
:1099F00001C0DDF100C0DCF1000ED8800101DC55B2
:109A00000001C66F000E0101DD550001C76F8FD048
:109A10007B5346E17A51140843E3456A050E446ED0
:109A20001B6AF2BE1B8EF29E7BC0B1F67AC0B0F606
:109A300045C0B3F644C0B2F6C2EC13F01BBEF28EC2
:109A400002C045F6060101C044F6D8921B6AF2BE78
:109A50001B8EF29EB76B1E0EB66F840EB56F800E16
:109A6000B46FBB6BBA6B02C0B9F601C0B8F60001A7
:109A7000F3EC0AF01BBEF28E03C0DFF102C0DEF190
:109A800001C0DDF100C0DCF1000ED8800101DC5521
:109A90000001C66F000E0101DD550001C76F47D000
:109AA0007B5345E17A511E0842E3456A020E446E3B
:109AB0001B6AF2BE1B8EF29E7BC0B1F67AC0B0F676
:109AC00045C0B3F644C0B2F6C2EC13F01BBEF28E32
:109AD00002C045F6060101C044F6D8921B6AF2BEE8
:109AE0001B8EF29EB76B1E0EB66F840EB56F800E86
:109AF000B46FBB6BBA6B02C0B9F601C0B8F6000117
:109B0000F3EC0AF01BBEF28E03C0DFF102C0DEF1FF
:109B100001C0DDF100C0DCF1000ED8800101DC5590
:109B20000001C66F000E0101DD550001C76FDDC1E8
:109B300063F1DCC162F1CD90416A406AC7C0CFFFDA
:109B4000C6C0CEFF06013F53D8A4AFD03E53D8A421
:109B5000ACD03D510408D8A0A8D004E13C51FA088B
:109B6000D8A0A3D01B6AF2BE1B8EF29E3FC6BBF6E6
:109B70003EC6BAF63DC6B9F63CC6B8F600013DECA5
:109B80000BF01BBEF28E1B6AF2BE1B8EF29E03C050
:109B9000BBF602C0BAF601C0B9F600C0B8F6CD0EE9
:109BA0000601BF6FCC0EBE6F4C0EBD6F7C0EBC6F3E
:109BB000000103EC06F01BBEF28E1B6AF2BE1B8E88
:109BC000F29E03C0B7F602C0B6F601C0B5F600C0FB
:109BD000B4F64BEC04F01BBEF28E02C0C9F001C01B
:109BE000C8F06E6B06013C5132080EE13D530CE1AA
:109BF0003E530AE13F5308E1200E06096B6E000157
:109C0000C8C06CFF50D006010A0E3C5D446F000EC8
:109C10003D59456F000E3E59466F000E3F59476F44
:109C20001B6AF2BE1B8EF29EBB6F46C6BAF645C6D5
:109C3000B9F644C6B8F600013DEC0BF01BBEF28E3F
:109C40001B6AF2BE1B8EF29E03C0BBF602C0BAF6C0
:109C500001C0B9F600C0B8F6CD0E0601BF6FCC0E3C
:109C6000BE6F4C0EBD6F7C0EBC6F000103EC06F0A6
:109C70001BBEF28E1B6AF2BE1B8EF29E03C0B7F6AD
:109C800002C0B6F601C0B5F600C0B4F64BEC04F065
:109C90001BBEF28E02C0C9F001C0C8F0280E060932
:109CA0006B6EC8C06CFFBDD106011B6AF2BE1B8E75
:109CB000F29E3FC6BBF63EC6BAF63DC6B9F63CC6F6
:109CC000B8F600013DEC0BF01BBEF28E1B6AF2BE33
:109CD0001B8EF29E03C0BBF602C0BAF601C0B9F6F5
:109CE00000C0B8F68F0E0601BF6FC20EBE6F750EB4
:109CF000BD6F7E0EBC6F000103EC06F01BBEF28E42
:109D00001B6AF2BE1B8EF29E03C0BBF602C0BAF6FF
:109D100001C0B9F600C0B8F6E2EC05F01BBEF28E49
:109D200003C03FF602C03EF601C03DF600C03CF65F
:109D30001B6AF2BE1B8EF29E3FC6BBF63EC6BAF64B
:109D40003DC6B9F63CC6B8F63DEC0BF01BBEF28E34
:109D500003C047F602C046F601C045F600C044F60F
:109D60001B6AF2BE1B8EF29E03C0BBF602C0BAF69F
:109D700001C0B9F600C0B8F60601BF6B600EBE6F39
:109D80001F0EBD6F890EBC6F00019CEC03F01BBE63
:109D9000F28E03C0A3F202C0A2F201C0A1F200C081
:109DA000A0F21B6AF2BE1B8EF29EA3C2B7F6A2C23D
:109DB000B6F6A1C2B5F6A0C2B4F64BEC04F01BBED9
:109DC000F28E1B6AF2BE1B8EF29E0601B96B01C0B9
:109DD000B8F6000181EC03F01BBEF28ED8821B6A3C
:109DE000F2BE1B8EF29EA3C2BBF6A2C2BAF6A1C2FD
:109DF000B9F6A0C2B8F603C0BFF602C0BEF601C0F5
:109E0000BDF600C0BCF669EC04F01BBEF28E03C0C8
:109E100047F602C046F601C045F600C044F61B6A8C
:109E2000F2BE1B8EF29E03C0BBF602C0BAF601C0A2
:109E3000B9F600C0B8F60601BF6BBE6BBD6BBC6B5C
:109E40000001A5EC05F01BBEF28E13E11B6AF2BE09
:109E50001B8EF29EA3C2B7F6A2C2B6F6A1C2B5F699
:109E6000A0C2B4F64BEC04F01BBEF28E01C06EF043
:109E700013D01B6AF2BE1B8EF29EA3C2B7F6A2C21B
:109E8000B6F6A1C2B5F6A0C2B4F64BEC04F01BBE08
:109E9000F28E010E01246E6F1B6AF2BE1B8EF29EC3
:109EA0000601B96B6EC0B8F6000181EC03F01BBE71
:109EB000F28E1B6AF2BE1B8EF29EA3C2BBF6A2C23A
:109EC000BAF6A1C2B9F6A0C2B8F603C0BFF602C086
:109ED000BEF601C0BDF600C0BCF69CEC03F01BBE94
:109EE000F28E03C08BF202C08AF201C089F200C078
:109EF00088F21B6AF2BE1B8EF29E0601BB6BBA6B28
:109F00007F0EB96F860EB86F8BC2BFF68AC2BEF6DF
:109F100089C2BDF688C2BCF6000103EC06F01BBE88
:109F2000F28E1B6AF2BE1B8EF29E03C0B7F602C011
:109F3000B6F601C0B5F600C0B4F64BEC04F01BBE9B
:109F4000F28E02C0C9F001C0C8F01B6AF2BE1B8EBF
:109F5000F29E0601B96B6EC0B8F6000181EC03F009
:109F60001BBEF28E1B6AF2BE1B8EF29E03C0BBF6B6
:109F700002C0BAF601C0B9F600C0B8F69A0E0601E2
:109F8000BF6F990EBE6F190EBD6F7D0EBC6F0001C5
:109F900003EC06F01BBEF28E03C047F602C046F685
:109FA00001C045F600C044F61B6AF2BE1B8EF29E4D
:109FB0000601B96B6EC0B8F6000181EC03F01BBE60
:109FC000F28ED8921B6AF2BE1B8EF29E03C0BBF6C5
:109FD00002C0BAF601C0B9F600C0B8F647C6BFF66F
:109FE00046C6BEF645C6BDF644C6BCF669EC04F0EE
:109FF0001BBEF28E1B6AF2BE1B8EF29E03C0B7F62A
:10A0000002C0B6F601C0B5F600C0B4F64BEC04F0E1
:10A010001BBEF28E01C06EF0200E06096B6EC8C02A
:10A020006CFF6B94746B312C77D206014353D8A428
:10A03000B2D04253D8A4AFD041510408D8A0ABD07D
:10A0400004E14051FA08D8A0A6D000016F6B1B6A4A
:10A05000F2BE1B8EF29E43C6BBF642C6BAF641C69E
:10A06000B9F640C6B8F63DEC0BF01BBEF28E1B6A8B
:10A07000F2BE1B8EF29E03C0BBF602C0BAF601C050
:10A08000B9F600C0B8F6CD0E0601BF6FCC0EBE6F9C
:10A090004C0EBD6F7C0EBC6F000103EC06F01BBEC6
:10A0A000F28E1B6AF2BE1B8EF29E03C0B7F602C090
:10A0B000B6F601C0B5F600C0B4F64BEC04F01BBE1A
:10A0C000F28E02C0CBF001C0CAF006014051320846
:10A0D0000FE141530DE142530BE1435309E1200EDF
:10A0E00006090F01396FCAC03AFF0F0152D00601AD
:10A0F0000A0E405D446F000E4159456F000E4259F3
:10A10000466F000E4359476F1B6AF2BE1B8EF29ECC
:10A11000BB6F46C6BAF645C6B9F644C6B8F60001E6
:10A120003DEC0BF01BBEF28E1B6AF2BE1B8EF29E44
:10A1300003C0BBF602C0BAF601C0B9F600C0B8F65B
:10A14000CD0E0601BF6FCC0EBE6F4C0EBD6F7C0EE8
:10A15000BC6F000103EC06F01BBEF28E1B6AF2BE60
:10A160001B8EF29E03C0B7F602C0B6F601C0B5F66C
:10A1700000C0B4F64BEC04F01BBEF28E02C0CBF074
:10A1800001C0CAF0280E06090F01396FCAC03AFF94
:10A190000F01BFD106011B6AF2BE1B8EF29E3FC6A5
:10A1A000BBF63EC6BAF63DC6B9F63CC6B8F60001E7
:10A1B0003DEC0BF01BBEF28E1B6AF2BE1B8EF29EB4
:10A1C00003C0BBF602C0BAF601C0B9F600C0B8F6CB
:10A1D0008F0E0601BF6FC20EBE6F750EBD6F7E0E75
:10A1E000BC6F000103EC06F01BBEF28E1B6AF2BED0
:10A1F0001B8EF29E03C0BBF602C0BAF601C0B9F6D0
:10A2000000C0B8F6E2EC05F01BBEF28E03C03FF6CC
:10A2100002C03EF601C03DF600C03CF61B6AF2BE2D
:10A220001B8EF29E43C6BBF642C6BAF641C6B9F6CD
:10A2300040C6B8F63DEC0BF01BBEF28E03C047F6ED
:10A2400002C046F601C045F600C044F61B6AF2BEE5
:10A250001B8EF29E03C0BBF602C0BAF601C0B9F66F
:10A2600000C0B8F60601BF6B600EBE6F1F0EBD6F5B
:10A27000890EBC6F00019CEC03F01BBEF28E03C084
:10A28000A7F202C0A6F201C0A5F200C0A4F21B6AA8
:10A29000F2BE1B8EF29EA7C2B7F6A6C2B6F6A5C244
:10A2A000B5F6A4C2B4F64BEC04F01BBEF28E1B6AEA
:10A2B000F2BE1B8EF29E0601B96B01C0B8F600011A
:10A2C00081EC03F01BBEF28ED8821B6AF2BE1B8E9D
:10A2D000F29EA7C2BBF6A6C2BAF6A5C2B9F6A4C240
:10A2E000B8F603C0BFF602C0BEF601C0BDF600C09E
:10A2F000BCF669EC04F01BBEF28E03C047F602C048
:10A3000046F601C045F600C044F61B6AF2BE1B8E3D
:10A31000F29E03C0BBF602C0BAF601C0B9F600C097
:10A32000B8F60601BF6BBE6BBD6BBC6B0001A5EC44
:10A3300005F01BBEF28E13E11B6AF2BE1B8EF29E6D
:10A34000A7C2B7F6A6C2B6F6A5C2B5F6A4C2B4F6C1
:10A350004BEC04F01BBEF28E01C06FF013D01B6AF1
:10A36000F2BE1B8EF29EA7C2B7F6A6C2B6F6A5C273
:10A37000B5F6A4C2B4F64BEC04F01BBEF28E010E8F
:10A3800001246F6F1B6AF2BE1B8EF29E0601B96B31
:10A390006FC0B8F6000181EC03F01BBEF28E1B6AA1
:10A3A000F2BE1B8EF29EA7C2BBF6A6C2BAF6A5C22B
:10A3B000B9F6A4C2B8F603C0BFF602C0BEF601C02B
:10A3C000BDF600C0BCF69CEC03F01BBEF28E03C0D1
:10A3D0008FF202C08EF201C08DF200C08CF21B6AB7
:10A3E000F2BE1B8EF29E0601BB6BBA6B7F0EB96F7D
:10A3F000860EB86F8FC2BFF68EC2BEF68DC2BDF696
:10A400008CC2BCF6000103EC06F01BBEF28E1B6A88
:10A41000F2BE1B8EF29E03C0B7F602C0B6F601C0B4
:10A42000B5F600C0B4F64BEC04F01BBEF28E02C0D1
:10A43000CBF001C0CAF01B6AF2BE1B8EF29E060171
:10A44000B96B6FC0B8F6000181EC03F01BBEF28E51
:10A450001B6AF2BE1B8EF29E03C0BBF602C0BAF6A8
:10A4600001C0B9F600C0B8F69A0E0601BF6F990E8A
:10A47000BE6F190EBD6F7D0EBC6F000103EC06F0C0
:10A480001BBEF28E03C047F602C046F601C045F679
:10A4900000C044F61B6AF2BE1B8EF29E0601B96B29
:10A4A0006FC0B8F6000181EC03F01BBEF28ED892AB
:10A4B0001B6AF2BE1B8EF29E03C0BBF602C0BAF648
:10A4C00001C0B9F600C0B8F647C6BFF646C6BEF62C
:10A4D00045C6BDF644C6BCF669EC04F01BBEF28E60
:10A4E0001B6AF2BE1B8EF29E03C0B7F602C0B6F620
:10A4F00001C0B5F600C0B4F64BEC04F01BBEF28E02
:10A5000001C06FF0200E06090F01396FCAC03AFF73
:10A510000F0139950001756B9E90BA90312C01D0D6
:10A52000BA949D80B980312C01D0B98406013B6B6F
:10A5300043C647F642C646F641C645F640C644F60F
:10A540004B6B4A6B496B31C048F60001D2EC43F0CB
:10A55000005006013C25446F01503D21456F0250DB
:10A560003E21466F03503F21476F0F0E4427000ED8
:10A5700045234623472331500F0DF3504425010155
:10A580005A6F000E0601452101015B6F000E0601A6
:10A59000462101015C6F000E0601472101015D6F3C
:10A5A000080E016EC250830B0110C26E000E016EC8
:10A5B000C150F80B0110C16E0601826B070E816F4E
:10A5C0000001EFEC2EF01B6AF2BE1B8EF29EBBEC7C
:10A5D00000F01BBEF28E02C065F101C064F10601FD
:10A5E000446B44C6DFF504014D6B0001B3EC27F06A
:10A5F00006013BC601F000011200010E06013B6F8F
:10A600002094566A576A25908BC03FF68AC03EF662
:10A6100089C03DF688C03CF69BC043F69AC042F61E
:10A6200099C041F698C040F600018B5307E18A5368
:10A6300005E1895303E188517C0814E2400E885DEE
:10A6400006013C6F000E0001895906013D6F000EA6
:10A6500000018A5906013E6F000E00018B59060168
:10A660003F6F0001322C1DD09B5307E19A5305E147
:10A67000995303E198517C0814E2400E985D06015D
:10A68000406F000E000199590601416F000E000154
:10A690009A590601426F000E00019B590601436F53
:10A6A0000001665317E103012EB913D0756AE40E59
:10A6B000986E8F980C0E746E0F012C95786AE40ECC
:10A6C000986E8F960C0E776EFC0E2C17000E2C13C6
:10A6D00003010001900E946E8B94000E966E8D9483
:10A6E000900E946E8B92000E956E8C9E010E06015C
:10A6F000816F826B000124EC2FF06651040816E094
:10A70000010E0601816F826B000124EC2FF081B0F5
:10A71000FED7010E936E8A82020E0601446F456BCE
:10A72000000129EC31F0010E936E8A920601936BC1
:10A730000A0E926F0001F1EC28F029B410EF5CF0E2
:10A74000020E0601446F000152EC36F0015214E093
:10A750000401468D81B0FED7010E936E8A820F0EE2
:10A760000601816F000175EC43F0010E936E8A9231
:10A770008FEC30F00EEF5CF06651040810E081B011
:10A78000FED7010E936E8A82020E0601446F030EFD
:10A79000456F000129EC31F0010E936E8A92B06A88
:10A7A000370EB16E7D5303E17C511F082EE2476ADC
:10A7B000466AD8921B6AF2BE1B8EF29E0601B76BE8
:10A7C0001E0EB66F840EB56F800EB46FBB6BBA6B86
:10A7D0007DC0B9F67CC0B8F60001F3EC0AF01BBEF0
:10A7E000F28E03C0DFF102C0DEF101C0DDF100C076
:10A7F000DCF1000ED8800101DC550001CC6F000EA9
:10A800000101DD550001CD6F67D17D5346E17C51DB
:10A81000010843E3476A280E466E1B6AF2BE1B8E90
:10A82000F29E7DC0B1F67CC0B0F647C0B3F646C01C
:10A83000B2F6C2EC13F01BBEF28E02C045F6060162
:10A8400001C044F6D8921B6AF2BE1B8EF29EB76B13
:10A850001E0EB66F840EB56F800EB46FBB6BBA6BF5
:10A8600002C0B9F601C0B8F60001F3EC0AF01BBE55
:10A87000F28E03C0DFF102C0DEF101C0DDF100C0E5
:10A88000DCF1000ED8800101DC550001CC6F000E18
:10A890000101DD550001CD6F1FD17D5346E17C5193
:10A8A000030843E3476A140E466E1B6AF2BE1B8E12
:10A8B000F29E7DC0B1F67CC0B0F647C0B3F646C08C
:10A8C000B2F6C2EC13F01BBEF28E02C045F60601D2
:10A8D00001C044F6D8921B6AF2BE1B8EF29EB76B83
:10A8E0001E0EB66F840EB56F800EB46FBB6BBA6B65
:10A8F00002C0B9F601C0B8F60001F3EC0AF01BBEC5
:10A90000F28E03C0DFF102C0DEF101C0DDF100C054
:10A91000DCF1000ED8800101DC550001CC6F000E87
:10A920000101DD550001CD6FD7D07D5346E17C514B
:10A93000070843E3476A0A0E466E1B6AF2BE1B8E87
:10A94000F29E7DC0B1F67CC0B0F647C0B3F646C0FB
:10A95000B2F6C2EC13F01BBEF28E02C045F6060141
:10A9600001C044F6D8921B6AF2BE1B8EF29EB76BF2
:10A970001E0EB66F840EB56F800EB46FBB6BBA6BD4
:10A9800002C0B9F601C0B8F60001F3EC0AF01BBE34
:10A99000F28E03C0DFF102C0DEF101C0DDF100C0C4
:10A9A000DCF1000ED8800101DC550001CC6F000EF7
:10A9B0000101DD550001CD6F8FD07D5346E17C5103
:10A9C000140843E3476A050E466E1B6AF2BE1B8EEF
:10A9D000F29E7DC0B1F67CC0B0F647C0B3F646C06B
:10A9E000B2F6C2EC13F01BBEF28E02C045F60601B1
:10A9F00001C044F6D8921B6AF2BE1B8EF29EB76B62
:10AA00001E0EB66F840EB56F800EB46FBB6BBA6B43
:10AA100002C0B9F601C0B8F60001F3EC0AF01BBEA3
:10AA2000F28E03C0DFF102C0DEF101C0DDF100C033
:10AA3000DCF1000ED8800101DC550001CC6F000E66
:10AA40000101DD550001CD6F47D07D5345E17C51BB
:10AA50001E0842E3476A020E466E1B6AF2BE1B8E58
:10AA6000F29E7DC0B1F67CC0B0F647C0B3F646C0DA
:10AA7000B2F6C2EC13F01BBEF28E02C045F6060120
:10AA800001C044F6D8921B6AF2BE1B8EF29EB76BD1
:10AA90001E0EB66F840EB56F800EB46FBB6BBA6BB3
:10AAA00002C0B9F601C0B8F60001F3EC0AF01BBE13
:10AAB000F28E03C0DFF102C0DEF101C0DDF100C0A3
:10AAC000DCF1000ED8800101DC550001CC6F000ED6
:10AAD0000101DD550001CD6FB190436A426ACDC0DE
:10AAE000B3FFCCC0B2FF06013F53D8A4BFD03E5342
:10AAF000D8A4BCD03D510408D8A0B8D004E13C5142
:10AB0000FA08D8A0B3D03F530EE13E530CE13D53B9
:10AB10000AE13C51950807E3090E3C5F000E3D5BDE
:10AB20003E5B3F5B66D01B6AF2BE1B8EF29E3FC649
:10AB3000BBF63EC6BAF63DC6B9F63CC6B8F600014D
:10AB40003DEC0BF01BBEF28E1B6AF2BE1B8EF29E1A
:10AB5000CD0E0601BB6F3B0EBA6F7E0EB96FB86F9C
:10AB600003C0BFF602C0BEF601C0BDF600C0BCF611
:10AB7000000103EC06F01BBEF28E03C047F602C0D4
:10AB800046F601C045F600C044F6D8921B6AF2BEF4
:10AB90001B8EF29E03C0BBF602C0BAF601C0B9F626
:10ABA00000C0B8F62F0E0601BF6FDD0EBE6F380E67
:10ABB000BD6F820EBC6F000169EC04F01BBEF28E0B
:10ABC0001B6AF2BE1B8EF29E03C0BBF602C0BAF631
:10ABD00001C0B9F600C0B8F6E2EC05F01BBEF28E7B
:10ABE00003C03FF602C03EF601C03DF600C03CF691
:10ABF00006013C35446F3D35456F3E35466F3F3568
:10AC0000476F443745374637473744374537463728
:10AC10004737443745374637473744374537463750
:10AC200047374437453746374737C00E4417D89221
:10AC30001B6AF2BE1B8EF29E47C6B7F646C6B6F634
:10AC400045C6B5F644C6B4F6BB6BBA6B010EB96F18
:10AC5000040EB86F0001F3EC0AF01BBEF28E01C0C7
:10AC6000CFF000C0CEF0706B55D206013C51D00839
:10AC70004BE13D51070848E13E5346E13F5344E173
:10AC80001B6AF2BE1B8EF29E3FC6BBF63EC6BAF6EC
:10AC90003DC6B9F63CC6B8F600013DEC0BF01BBE54
:10ACA000F28E1B6AF2BE1B8EF29E03C0BBF602C080
:10ACB000BAF601C0B9F600C0B8F6190E0601BF6FAA
:10ACC000040EBE6F1E0EBD6F7F0EBC6F000103EC45
:10ACD00006F01BBEF28E1B6AF2BE1B8EF29E03C0F4
:10ACE000BBF602C0BAF601C0B9F600C0B8F6E2EC95
:10ACF00005F01BBEF28E03C03FF602C03EF601C057
:10AD00003DF600C03CF606013C51B8084CE13D510F
:10AD10000B0849E13E5347E13F5345E11B6AF2BE50
:10AD20001B8EF29E3FC6BBF63EC6BAF63DC6B9F6CE
:10AD30003CC6B8F600013DEC0BF01BBEF28E1B6A60
:10AD4000F2BE1B8EF29E03C0BBF602C0BAF601C073
:10AD5000B9F600C0B8F62E0E0601BF6FAD0EBE6F7D
:10AD60001E0EBD6F7F0EBC6F000103EC06F01BBE14
:10AD7000F28E1B6AF2BE1B8EF29E03C0BBF602C0AF
:10AD8000BAF601C0B9F600C0B8F6E2EC05F01BBE99
:10AD9000F28E03C03FF602C03EF601C03DF600C091
:10ADA0003CF644D006011B6AF2BE1B8EF29E3FC6E3
:10ADB000BBF63EC6BAF63DC6B9F63CC6B8F60001CB
:10ADC0003DEC0BF01BBEF28E1B6AF2BE1B8EF29E98
:10ADD00003C0BBF602C0BAF601C0B9F600C0B8F6AF
:10ADE0005B0E0601BF6F270EBE6F760EBD6F7E0E27
:10ADF000BC6F000103EC06F01BBEF28E1B6AF2BEB4
:10AE00001B8EF29E03C0BBF602C0BAF601C0B9F6B3
:10AE100000C0B8F6E2EC05F01BBEF28E03C03FF6B0
:10AE200002C03EF601C03DF600C03CF61B6AF2BE11
:10AE30001B8EF29E3FC6BBF63EC6BAF63DC6B9F6BD
:10AE40003CC6B8F63DEC0BF01BBEF28E03C047F6D5
:10AE500002C046F601C045F600C044F61B6AF2BEC9
:10AE60001B8EF29E03C0BBF602C0BAF601C0B9F653
:10AE700000C0B8F60601BF6B600EBE6F1F0EBD6F3F
:10AE8000890EBC6F00019CEC03F01BBEF28E03C068
:10AE9000ABF202C0AAF201C0A9F200C0A8F21B6A7C
:10AEA000F2BE1B8EF29EABC2B7F6AAC2B6F6A9C21C
:10AEB000B5F6A8C2B4F64BEC04F01BBEF28E1B6ACA
:10AEC000F2BE1B8EF29E0601B96B01C0B8F60001FE
:10AED00081EC03F01BBEF28ED8821B6AF2BE1B8E81
:10AEE000F29EABC2BBF6AAC2BAF6A9C2B9F6A8C214
:10AEF000B8F603C0BFF602C0BEF601C0BDF600C082
:10AF0000BCF669EC04F01BBEF28E03C047F602C02B
:10AF100046F601C045F600C044F61B6AF2BE1B8E21
:10AF2000F29E03C0BBF602C0BAF601C0B9F600C07B
:10AF3000B8F60601BF6BBE6BBD6BBC6B0001A5EC28
:10AF400005F01BBEF28E13E11B6AF2BE1B8EF29E51
:10AF5000ABC2B7F6AAC2B6F6A9C2B5F6A8C2B4F695
:10AF60004BEC04F01BBEF28E01C070F013D01B6AD4
:10AF7000F2BE1B8EF29EABC2B7F6AAC2B6F6A9C24B
:10AF8000B5F6A8C2B4F64BEC04F01BBEF28E010E6F
:10AF90000124706F1B6AF2BE1B8EF29E0601B96B14
:10AFA00070C0B8F6000181EC03F01BBEF28E1B6A84
:10AFB000F2BE1B8EF29EABC2BBF6AAC2BAF6A9C203
:10AFC000B9F6A8C2B8F603C0BFF602C0BEF601C00B
:10AFD000BDF600C0BCF69CEC03F01BBEF28E03C0B5
:10AFE00093F202C092F201C091F200C090F21B6A8B
:10AFF000F2BE1B8EF29E0601BB6BBA6B7F0EB96F61
:10B00000860EB86F93C2BFF692C2BEF691C2BDF66D
:10B0100090C2BCF6000103EC06F01BBEF28E1B6A68
:10B02000F2BE1B8EF29E03C0B7F602C0B6F601C098
:10B03000B5F600C0B4F64BEC04F01BBEF28E02C0B5
:10B04000CFF001C0CEF01B6AF2BE1B8EF29E06014D
:10B05000B96B70C0B8F6000181EC03F01BBEF28E34
:10B060001B6AF2BE1B8EF29E03C0BBF602C0BAF68C
:10B0700001C0B9F600C0B8F69A0E0601BF6F990E6E
:10B08000BE6F190EBD6F7D0EBC6F000103EC06F0A4
:10B090001BBEF28E03C047F602C046F601C045F65D
:10B0A00000C044F61B6AF2BE1B8EF29E0601B96B0D
:10B0B00070C0B8F6000181EC03F01BBEF28ED8928E
:10B0C0001B6AF2BE1B8EF29E03C0BBF602C0BAF62C
:10B0D00001C0B9F600C0B8F647C6BFF646C6BEF610
:10B0E00045C6BDF644C6BCF669EC04F01BBEF28E44
:10B0F0001B6AF2BE1B8EF29E03C0B7F602C0B6F604
:10B1000001C0B5F600C0B4F64BEC04F01BBEF28EE5
:10B1100001C070F0200E06090F01366FCEC037FF58
:10B120000F0136950001766B322C2BD30601435369
:10B13000D8A4C6D04253D8A4C3D041510408D8A043
:10B14000BFD004E14051FA08D8A0BAD043530EE171
:10B1500042530CE141530AE14051950807E3090EBF
:10B16000405F000E415B425B435B67D01B6AF2BEEF
:10B170001B8EF29E43C6BBF642C6BAF641C6B9F66E
:10B1800040C6B8F600013DEC0BF01BBEF28E1B6A08
:10B19000F2BE1B8EF29ECD0E0601BB6FCC0EBA6FB7
:10B1A0004C0EB96F7E0EB86F03C0BFF602C0BEF67C
:10B1B00001C0BDF600C0BCF6000103EC06F01BBEEA
:10B1C000F28E03C047F602C046F601C045F600C045
:10B1D00044F6D8921B6AF2BE1B8EF29E03C0BBF6E9
:10B1E00002C0BAF601C0B9F600C0B8F62F0E0601CB
:10B1F000BF6FDD0EBE6F380EBD6F820EBC6F0001DB
:10B2000069EC04F01BBEF28E1B6AF2BE1B8EF29E2E
:10B2100003C0BBF602C0BAF601C0B9F600C0B8F66A
:10B22000E2EC05F01BBEF28E03C043F602C042F60C
:10B2300001C041F600C040F606014035446F41357B
:10B24000456F4235466F4335476F4437453746377C
:10B25000473744374537463747374437453746370A
:10B2600047374437453746374737443745374637FA
:10B270004737C00E4417D8921B6AF2BE1B8EF29E4F
:10B2800047C6B7F646C6B6F645C6B5F644C6B4F6E2
:10B29000BB6BBA6B010EB96F040EB86F0001F3EC13
:10B2A0000AF01BBEF28E010E0601005C0001D06F99
:10B2B000000E060101580001D16F716B58D20601D2
:10B2C00043534EE142534CE14151070849E303E146
:10B2D0004051D00845E31B6AF2BE1B8EF29E43C666
:10B2E000BBF642C6BAF641C6B9F640C6B8F600018A
:10B2F0003DEC0BF01BBEF28E1B6AF2BE1B8EF29E63
:10B3000003C0BBF602C0BAF601C0B9F600C0B8F679
:10B31000120E0601BF6F140EBE6F0F0EBD6F7F0EB3
:10B32000BC6F000103EC06F01BBEF28E1B6AF2BE7E
:10B330001B8EF29E03C0BBF602C0BAF601C0B9F67E
:10B3400000C0B8F6E2EC05F01BBEF28E03C043F677
:10B3500002C042F601C041F600C040F694D006019A
:10B3600043534EE142534CE141510B0849E303E1A1
:10B370004051B80845E31B6AF2BE1B8EF29E43C6DD
:10B38000BBF642C6BAF641C6B9F640C6B8F60001E9
:10B390003DEC0BF01BBEF28E1B6AF2BE1B8EF29EC2
:10B3A00003C0BBF602C0BAF601C0B9F600C0B8F6D9
:10B3B000280E0601BF6F490EBE6F130EBD6F7F0EC4
:10B3C000BC6F000103EC06F01BBEF28E1B6AF2BEDE
:10B3D0001B8EF29E03C0BBF602C0BAF601C0B9F6DE
:10B3E00000C0B8F6E2EC05F01BBEF28E03C043F6D7
:10B3F00002C042F601C041F600C040F644D006014A
:10B400001B6AF2BE1B8EF29E43C6BBF642C6BAF65C
:10B4100041C6B9F640C6B8F600013DEC0BF01BBEC4
:10B42000F28E1B6AF2BE1B8EF29E03C0BBF602C0F8
:10B43000BAF601C0B9F600C0B8F6550E0601BF6FE6
:10B44000BE0EBE6F730EBD6F7E0EBC6F000103ECAF
:10B4500006F01BBEF28E1B6AF2BE1B8EF29E03C06C
:10B46000BBF602C0BAF601C0B9F600C0B8F6E2EC0D
:10B4700005F01BBEF28E03C043F602C042F601C0C7
:10B4800041F600C040F61B6AF2BE1B8EF29E43C618
:10B49000BBF642C6BAF641C6B9F640C6B8F63DECB0
:10B4A0000BF01BBEF28E03C047F602C046F601C089
:10B4B00045F600C044F61B6AF2BE1B8EF29E03C026
:10B4C000BBF602C0BAF601C0B9F600C0B8F6060174
:10B4D000BF6B600EBE6F1F0EBD6F890EBC6F00018B
:10B4E0009CEC03F01BBEF28E03C0AFF202C0AEF2C2
:10B4F00001C0ADF200C0ACF21B6AF2BE1B8EF29E20
:10B50000AFC2B7F6AEC2B6F6ADC2B5F6ACC2B4F6CF
:10B510004BEC04F01BBEF28E1B6AF2BE1B8EF29E39
:10B520000601B96B01C0B8F6000181EC03F01BBE47
:10B53000F28ED8821B6AF2BE1B8EF29EAFC2BBF6A1
:10B54000AEC2BAF6ADC2B9F6ACC2B8F603C0BFF629
:10B5500002C0BEF601C0BDF600C0BCF669EC04F046
:10B560001BBEF28E03C047F602C046F601C045F688
:10B5700000C044F61B6AF2BE1B8EF29E03C0BBF6EF
:10B5800002C0BAF601C0B9F600C0B8F60601BF6B3A
:10B59000BE6BBD6BBC6B0001A5EC05F01BBEF28E53
:10B5A00013E11B6AF2BE1B8EF29EAFC2B7F6AEC2AB
:10B5B000B6F6ADC2B5F6ACC2B4F64BEC04F01BBEA9
:10B5C000F28E01C071F013D01B6AF2BE1B8EF29E88
:10B5D000AFC2B7F6AEC2B6F6ADC2B5F6ACC2B4F6FF
:10B5E0004BEC04F01BBEF28E010E0124716F1B6A3E
:10B5F000F2BE1B8EF29E0601B96B71C0B8F6000157
:10B6000081EC03F01BBEF28E1B6AF2BE1B8EF29E13
:10B61000AFC2BBF6AEC2BAF6ADC2B9F6ACC2B8F6AE
:10B6200003C0BFF602C0BEF601C0BDF600C0BCF646
:10B630009CEC03F01BBEF28E03C097F202C096F2A0
:10B6400001C095F200C094F21B6AF2BE1B8EF29EFE
:10B650000601BB6BBA6B7F0EB96F860EB86F97C2CF
:10B66000BFF696C2BEF695C2BDF694C2BCF6000106
:10B6700003EC06F01BBEF28E1B6AF2BE1B8EF29E1E
:10B6800003C0B7F602C0B6F601C0B5F600C0B4F606
:10B690004BEC04F01BBEF28E02C0D1F001C0D0F022
:10B6A0001B6AF2BE1B8EF29E0601B96B71C0B8F622
:10B6B000000181EC03F01BBEF28E1B6AF2BE1B8EF2
:10B6C000F29E03C0BBF602C0BAF601C0B9F600C0D4
:10B6D000B8F69A0E0601BF6F990EBE6F190EBD6FB8
:10B6E0007D0EBC6F000103EC06F01BBEF28E03C0A2
:10B6F00047F602C046F601C045F600C044F61B6A94
:10B70000F2BE1B8EF29E0601B96B71C0B8F6000145
:10B7100081EC03F01BBEF28ED8921B6AF2BE1B8E28
:10B72000F29E03C0BBF602C0BAF601C0B9F600C073
:10B73000B8F647C6BFF646C6BEF645C6BDF644C611
:10B74000BCF669EC04F01BBEF28E1B6AF2BE1B8EC7
:10B75000F29E03C0B7F602C0B6F601C0B5F600C04F
:10B76000B4F64BEC04F01BBEF28E01C071F0200E5B
:10B7700006090F01336FD0C034FF0F01339500016C
:10B78000776BA192BA98322C01D0BA9AA082B9886C
:10B79000322C01D0B98A06013B6B43C647F642C63C
:10B7A00046F641C645F640C644F64B6B4A6B496BBC
:10B7B00032C048F60001D2EC43F0005006013C25AF
:10B7C000446F01503D21456F02503E21466F0350AA
:10B7D0003F21476F0F0E4427000E45234623472382
:10B7E00032500F0DF350442501015E6F000E06012B
:10B7F000452101015F6F000E060146210101606FC6
:10B80000000E060147210101616F0601446B44C629
:10B81000E0F504014E6B0001DEEC27F054EF64F01C
:10B820006651040810E081B0FED7010E936E8A8243
:10B83000020E0601446F030E456F000129EC31F042
:10B84000010E936E8A92B06A370EB16E7D5303E19A
:10B850007C511F082EE2476A466AD8921B6AF2BEE4
:10B860001B8EF29E0601B76B1E0EB66F840EB56F6F
:10B87000800EB46FBB6BBA6B7DC0B9F67CC0B8F6F6
:10B880000001F3EC0AF01BBEF28E03C0DFF102C030
:10B89000DEF101C0DDF100C0DCF1000ED880010155
:10B8A000DC550001CC6F000E0101DD550001CD6FAC
:10B8B00067D17D5346E17C51010843E3476A280E76
:10B8C000466E1B6AF2BE1B8EF29E7DC0B1F67CC036
:10B8D000B0F647C0B3F646C0B2F6C2EC13F01BBEDA
:10B8E000F28E02C045F6060101C044F6D8921B6AEA
:10B8F000F2BE1B8EF29EB76B1E0EB66F840EB56F36
:10B90000800EB46FBB6BBA6B02C0B9F601C0B8F65B
:10B910000001F3EC0AF01BBEF28E03C0DFF102C09F
:10B92000DEF101C0DDF100C0DCF1000ED8800101C4
:10B93000DC550001CC6F000E0101DD550001CD6F1B
:10B940001FD17D5346E17C51030843E3476A140E3F
:10B95000466E1B6AF2BE1B8EF29E7DC0B1F67CC0A5
:10B96000B0F647C0B3F646C0B2F6C2EC13F01BBE49
:10B97000F28E02C045F6060101C044F6D8921B6A59
:10B98000F2BE1B8EF29EB76B1E0EB66F840EB56FA5
:10B99000800EB46FBB6BBA6B02C0B9F601C0B8F6CB
:10B9A0000001F3EC0AF01BBEF28E03C0DFF102C00F
:10B9B000DEF101C0DDF100C0DCF1000ED880010134
:10B9C000DC550001CC6F000E0101DD550001CD6F8B
:10B9D000D7D07D5346E17C51070843E3476A0A0EFE
:10B9E000466E1B6AF2BE1B8EF29E7DC0B1F67CC015
:10B9F000B0F647C0B3F646C0B2F6C2EC13F01BBEB9
:10BA0000F28E02C045F6060101C044F6D8921B6AC8
:10BA1000F2BE1B8EF29EB76B1E0EB66F840EB56F14
:10BA2000800EB46FBB6BBA6B02C0B9F601C0B8F63A
:10BA30000001F3EC0AF01BBEF28E03C0DFF102C07E
:10BA4000DEF101C0DDF100C0DCF1000ED8800101A3
:10BA5000DC550001CC6F000E0101DD550001CD6FFA
:10BA60008FD07D5346E17C51140843E3476A050EAD
:10BA7000466E1B6AF2BE1B8EF29E7DC0B1F67CC084
:10BA8000B0F647C0B3F646C0B2F6C2EC13F01BBE28
:10BA9000F28E02C045F6060101C044F6D8921B6A38
:10BAA000F2BE1B8EF29EB76B1E0EB66F840EB56F84
:10BAB000800EB46FBB6BBA6B02C0B9F601C0B8F6AA
:10BAC0000001F3EC0AF01BBEF28E03C0DFF102C0EE
:10BAD000DEF101C0DDF100C0DCF1000ED880010113
:10BAE000DC550001CC6F000E0101DD550001CD6F6A
:10BAF00047D07D5345E17C511E0842E3476A020E60
:10BB0000466E1B6AF2BE1B8EF29E7DC0B1F67CC0F3
:10BB1000B0F647C0B3F646C0B2F6C2EC13F01BBE97
:10BB2000F28E02C045F6060101C044F6D8921B6AA7
:10BB3000F2BE1B8EF29EB76B1E0EB66F840EB56FF3
:10BB4000800EB46FBB6BBA6B02C0B9F601C0B8F619
:10BB50000001F3EC0AF01BBEF28E03C0DFF102C05D
:10BB6000DEF101C0DDF100C0DCF1000ED880010182
:10BB7000DC550001CC6F000E0101DD550001CD6FD9
:10BB8000B190436A426ACDC0B3FFCCC0B2FF060198
:10BB90003F53D8A4BFD03E53D8A4BCD03D510408D5
:10BBA000D8A0B8D004E13C51FA08D8A0B3D03F5394
:10BBB0000EE13E530CE13D530AE13C51950807E389
:10BBC000090E3C5F000E3D5B3E5B3F5B66D01B6A2F
:10BBD000F2BE1B8EF29E3FC6BBF63EC6BAF63DC60F
:10BBE000B9F63CC6B8F600013DEC0BF01BBEF28E78
:10BBF0001B6AF2BE1B8EF29ECD0E0601BB6F3B0E82
:10BC0000BA6F7E0EB96FB86F03C0BFF602C0BEF642
:10BC100001C0BDF600C0BCF6000103EC06F01BBE7F
:10BC2000F28E03C047F602C046F601C045F600C0DA
:10BC300044F6D8921B6AF2BE1B8EF29E03C0BBF67E
:10BC400002C0BAF601C0B9F600C0B8F62F0E060160
:10BC5000BF6FDD0EBE6F380EBD6F820EBC6F000170
:10BC600069EC04F01BBEF28E1B6AF2BE1B8EF29EC4
:10BC700003C0BBF602C0BAF601C0B9F600C0B8F600
:10BC8000E2EC05F01BBEF28E03C03FF602C03EF6AA
:10BC900001C03DF600C03CF606013C35446F3D3521
:10BCA000456F3E35466F3F35476F4437453746371A
:10BCB00047374437453746374737443745374637A0
:10BCC0004737443745374637473744374537463790
:10BCD0004737C00E4417D8921B6AF2BE1B8EF29EE5
:10BCE00047C6B7F646C6B6F645C6B5F644C6B4F678
:10BCF000BB6BBA6B010EB96F040EB86F0001F3ECA9
:10BD00000AF01BBEF28E01C0CFF000C0CEF0706B07
:10BD100055D206013C51D0084BE13D51070848E19E
:10BD20003E5346E13F5344E11B6AF2BE1B8EF29E36
:10BD30003FC6BBF63EC6BAF63DC6B9F63CC6B8F637
:10BD400000013DEC0BF01BBEF28E1B6AF2BE1B8E97
:10BD5000F29E03C0BBF602C0BAF601C0B9F600C03D
:10BD6000B8F6190E0601BF6F040EBE6F1E0EBD6F32
:10BD70007F0EBC6F000103EC06F01BBEF28E1B6A47
:10BD8000F2BE1B8EF29E03C0BBF602C0BAF601C023
:10BD9000B9F600C0B8F6E2EC05F01BBEF28E03C0A7
:10BDA0003FF602C03EF601C03DF600C03CF606017B
:10BDB0003C51B8084CE13D510B0849E13E5347E185
:10BDC0003F5345E11B6AF2BE1B8EF29E3FC6BBF697
:10BDD0003EC6BAF63DC6B9F63CC6B8F600013DEC23
:10BDE0000BF01BBEF28E1B6AF2BE1B8EF29E03C0CE
:10BDF000BBF602C0BAF601C0B9F600C0B8F62E0E06
:10BE00000601BF6FAD0EBE6F1E0EBD6F7F0EBC6F05
:10BE1000000103EC06F01BBEF28E1B6AF2BE1B8E05
:10BE2000F29E03C0BBF602C0BAF601C0B9F600C06C
:10BE3000B8F6E2EC05F01BBEF28E03C03FF602C07E
:10BE40003EF601C03DF600C03CF644D006011B6A38
:10BE5000F2BE1B8EF29E3FC6BBF63EC6BAF63DC68C
:10BE6000B9F63CC6B8F600013DEC0BF01BBEF28EF5
:10BE70001B6AF2BE1B8EF29E03C0BBF602C0BAF66E
:10BE800001C0B9F600C0B8F65B0E0601BF6F270E01
:10BE9000BE6F760EBD6F7E0EBC6F000103EC06F028
:10BEA0001BBEF28E1B6AF2BE1B8EF29E03C0BBF657
:10BEB00002C0BAF601C0B9F600C0B8F6E2EC05F06F
:10BEC0001BBEF28E03C03FF602C03EF601C03DF637
:10BED00000C03CF61B6AF2BE1B8EF29E3FC6BBF64C
:10BEE0003EC6BAF63DC6B9F63CC6B8F63DEC0BF018
:10BEF0001BBEF28E03C047F602C046F601C045F6EF
:10BF000000C044F61B6AF2BE1B8EF29E03C0BBF655
:10BF100002C0BAF601C0B9F600C0B8F60601BF6BA0
:10BF2000600EBE6F1F0EBD6F890EBC6F00019CECD2
:10BF300003F01BBEF28E03C0ABF202C0AAF201C036
:10BF4000A9F200C0A8F21B6AF2BE1B8EF29EABC221
:10BF5000B7F6AAC2B6F6A9C2B5F6A8C2B4F64BECBB
:10BF600004F01BBEF28E1B6AF2BE1B8EF29E06010F
:10BF7000B96B01C0B8F6000181EC03F01BBEF28E74
:10BF8000D8821B6AF2BE1B8EF29EABC2BBF6AAC25F
:10BF9000BAF6A9C2B9F6A8C2B8F603C0BFF602C085
:10BFA000BEF601C0BDF600C0BCF669EC04F01BBED5
:10BFB000F28E03C047F602C046F601C045F600C047
:10BFC00044F61B6AF2BE1B8EF29E03C0BBF602C093
:10BFD000BAF601C0B9F600C0B8F60601BF6BBE6B79
:10BFE000BD6BBC6B0001A5EC05F01BBEF28E13E12E
:10BFF0001B6AF2BE1B8EF29EABC2B7F6AAC2B6F6A1
:10C00000A9C2B5F6A8C2B4F64BEC04F01BBEF28E82
:10C0100001C070F013D01B6AF2BE1B8EF29EABC241
:10C02000B7F6AAC2B6F6A9C2B5F6A8C2B4F64BECEA
:10C0300004F01BBEF28E010E0124706F1B6AF2BE6B
:10C040001B8EF29E0601B96B70C0B8F6000181EC40
:10C0500003F01BBEF28E1B6AF2BE1B8EF29EABC2B9
:10C06000BBF6AAC2BAF6A9C2B9F6A8C2B8F603C00E
:10C07000BFF602C0BEF601C0BDF600C0BCF69CEC27
:10C0800003F01BBEF28E03C093F202C092F201C015
:10C0900091F200C090F21B6AF2BE1B8EF29E060166
:10C0A000BB6BBA6B7F0EB96F860EB86F93C2BFF6CB
:10C0B00092C2BEF691C2BDF690C2BCF6000103EC7E
:10C0C00006F01BBEF28E1B6AF2BE1B8EF29E03C0F0
:10C0D000B7F602C0B6F601C0B5F600C0B4F64BEC38
:10C0E00004F01BBEF28E02C0CFF001C0CEF01B6A7E
:10C0F000F2BE1B8EF29E0601B96B70C0B8F600014D
:10C1000081EC03F01BBEF28E1B6AF2BE1B8EF29E08
:10C1100003C0BBF602C0BAF601C0B9F600C0B8F65B
:10C120009A0E0601BF6F990EBE6F190EBD6F7D0E80
:10C13000BC6F000103EC06F01BBEF28E03C047F695
:10C1400002C046F601C045F600C044F61B6AF2BEC6
:10C150001B8EF29E0601B96B70C0B8F6000181EC2F
:10C1600003F01BBEF28ED8921B6AF2BE1B8EF29EAB
:10C1700003C0BBF602C0BAF601C0B9F600C0B8F6FB
:10C1800047C6BFF646C6BEF645C6BDF644C6BCF6B3
:10C1900069EC04F01BBEF28E1B6AF2BE1B8EF29E8F
:10C1A00003C0B7F602C0B6F601C0B5F600C0B4F6DB
:10C1B0004BEC04F01BBEF28E01C070F0200E06099D
:10C1C0000F01366FCEC037FF0F0136950001766B39
:10C1D000322C1DD3060143530EE142530CE141536F
:10C1E0000AE14051950807E3090E405F000E415BEC
:10C1F000425B435B66D01B6AF2BE1B8EF29E43C657
:10C20000BBF642C6BAF641C6B9F640C6B8F600015A
:10C210003DEC0BF01BBEF28E1B6AF2BE1B8EF29E33
:10C22000CD0E0601BB6F3B0EBA6F7E0EB96FB86FB5
:10C2300003C0BFF602C0BEF601C0BDF600C0BCF62A
:10C24000000103EC06F01BBEF28E03C047F602C0ED
:10C2500046F601C045F600C044F6D8921B6AF2BE0D
:10C260001B8EF29E03C0BBF602C0BAF601C0B9F63F
:10C2700000C0B8F62F0E0601BF6FDD0EBE6F380E80
:10C28000BD6F820EBC6F000169EC04F01BBEF28E24
:10C290001B6AF2BE1B8EF29E03C0BBF602C0BAF64A
:10C2A00001C0B9F600C0B8F6E2EC05F01BBEF28E94
:10C2B00003C043F602C042F601C041F600C040F69A
:10C2C0000601435346E1425344E14151040841E32E
:10C2D00003E14051FA083DE34035446F4135456F75
:10C2E0004235466F4335476F443745374637473702
:10C2F000443745374637473744374537463747375A
:10C300004437453746374737443745374637473749
:10C31000C00E4417D8921B6AF2BE1B8EF29E47C60F
:10C32000B7F646C6B6F645C6B5F644C6B4F6BB6B18
:10C33000BA6B010EB96F040EB86F0001F3EC0AF08E
:10C340001BBEF28E01C0D1F000C0D0F0716B55D28F
:10C3500006014051D0084BE14151070848E14253E2
:10C3600046E1435344E11B6AF2BE1B8EF29E43C674
:10C37000BBF642C6BAF641C6B9F640C6B8F60001E9
:10C380003DEC0BF01BBEF28E1B6AF2BE1B8EF29EC2
:10C3900003C0BBF602C0BAF601C0B9F600C0B8F6D9
:10C3A000190E0601BF6F040EBE6F1E0EBD6F7F0E0D
:10C3B000BC6F000103EC06F01BBEF28E1B6AF2BEDE
:10C3C0001B8EF29E03C0BBF602C0BAF601C0B9F6DE
:10C3D00000C0B8F6E2EC05F01BBEF28E03C043F6D7
:10C3E00002C042F601C041F600C040F606014051CD
:10C3F000B8084CE141510B0849E1425347E143532E
:10C4000045E11B6AF2BE1B8EF29E43C6BBF642C6D6
:10C41000BAF641C6B9F640C6B8F600013DEC0BF0DD
:10C420001BBEF28E1B6AF2BE1B8EF29E03C0BBF6D1
:10C4300002C0BAF601C0B9F600C0B8F62E0E060169
:10C44000BF6FAD0EBE6F1E0EBD6F7F0EBC6F0001C5
:10C4500003EC06F01BBEF28E1B6AF2BE1B8EF29E30
:10C4600003C0BBF602C0BAF601C0B9F600C0B8F608
:10C47000E2EC05F01BBEF28E03C043F602C042F6AA
:10C4800001C041F600C040F644D006011B6AF2BE6E
:10C490001B8EF29E43C6BBF642C6BAF641C6B9F63B
:10C4A00040C6B8F600013DEC0BF01BBEF28E1B6AD5
:10C4B000F2BE1B8EF29E03C0BBF602C0BAF601C0EC
:10C4C000B9F600C0B8F65B0E0601BF6F270EBE6F4F
:10C4D000760EBD6F7E0EBC6F000103EC06F01BBE36
:10C4E000F28E1B6AF2BE1B8EF29E03C0BBF602C028
:10C4F000BAF601C0B9F600C0B8F6E2EC05F01BBE12
:10C50000F28E03C043F602C042F601C041F600C0FD
:10C5100040F61B6AF2BE1B8EF29E43C6BBF642C6B5
:10C52000BAF641C6B9F640C6B8F63DEC0BF01BBEF4
:10C53000F28E03C047F602C046F601C045F600C0C1
:10C5400044F61B6AF2BE1B8EF29E03C0BBF602C00D
:10C55000BAF601C0B9F600C0B8F60601BF6B600EAE
:10C56000BE6F1F0EBD6F890EBC6F00019CEC03F007
:10C570001BBEF28E03C0AFF202C0AEF201C0ADF23C
:10C5800000C0ACF21B6AF2BE1B8EF29EAFC2B7F6C1
:10C59000AEC2B6F6ADC2B5F6ACC2B4F64BEC04F022
:10C5A0001BBEF28E1B6AF2BE1B8EF29E0601B96B99
:10C5B00001C0B8F6000181EC03F01BBEF28ED882F8
:10C5C0001B6AF2BE1B8EF29EAFC2BBF6AEC2BAF6BB
:10C5D000ADC2B9F6ACC2B8F603C0BFF602C0BEF633
:10C5E00001C0BDF600C0BCF669EC04F01BBEF28EC3
:10C5F00003C047F602C046F601C045F600C044F647
:10C600001B6AF2BE1B8EF29E03C0BBF602C0BAF6D6
:10C6100001C0B9F600C0B8F60601BF6BBE6BBD6BBA
:10C62000BC6B0001A5EC05F01BBEF28E13E11B6A8A
:10C63000F2BE1B8EF29EAFC2B7F6AEC2B6F6ADC268
:10C64000B5F6ACC2B4F64BEC04F01BBEF28E01C0E2
:10C6500071F013D01B6AF2BE1B8EF29EAFC2B7F60A
:10C66000AEC2B6F6ADC2B5F6ACC2B4F64BEC04F051
:10C670001BBEF28E010E0124716F1B6AF2BE1B8E6F
:10C68000F29E0601B96B71C0B8F6000181EC03F0AF
:10C690001BBEF28E1B6AF2BE1B8EF29EAFC2BBF6B1
:10C6A000AEC2BAF6ADC2B9F6ACC2B8F603C0BFF6B8
:10C6B00002C0BEF601C0BDF600C0BCF69CEC03F0A3
:10C6C0001BBEF28E03C097F202C096F201C095F233
:10C6D00000C094F21B6AF2BE1B8EF29E0601BB6B79
:10C6E000BA6B7F0EB96F860EB86F97C2BFF696C24F
:10C6F000BEF695C2BDF694C2BCF6000103EC06F08E
:10C700001BBEF28E1B6AF2BE1B8EF29E03C0B7F6F2
:10C7100002C0B6F601C0B5F600C0B4F64BEC04F0AA
:10C720001BBEF28E02C0D1F001C0D0F01B6AF2BE77
:10C730001B8EF29E0601B96B71C0B8F6000181EC48
:10C7400003F01BBEF28E1B6AF2BE1B8EF29E03C06C
:10C75000BBF602C0BAF601C0B9F600C0B8F69A0E30
:10C760000601BF6F990EBE6F190EBD6F7D0EBC6FB7
:10C77000000103EC06F01BBEF28E03C047F602C0B8
:10C7800046F601C045F600C044F61B6AF2BE1B8E99
:10C79000F29E0601B96B71C0B8F6000181EC03F09E
:10C7A0001BBEF28ED8921B6AF2BE1B8EF29E03C095
:10C7B000BBF602C0BAF601C0B9F600C0B8F647C66B
:10C7C000BFF646C6BEF645C6BDF644C6BCF669EC25
:10C7D00004F01BBEF28E1B6AF2BE1B8EF29E03C0DB
:10C7E000B7F602C0B6F601C0B5F600C0B4F64BEC21
:10C7F00004F01BBEF28E01C071F0200E06090F017D
:10C80000336FD0C034FF0F0133950001776BA192D5
:10C81000BA98322C01D0BA9AA082B988322C01D0B1
:10C82000B98A06013B6B43C647F642C646F641C687
:10C8300045F640C644F64B6B4A6B496B32C048F62E
:10C840000001D2EC43F0005006013C25446F01503A
:10C850003D21456F02503E21466F03503F21476FF7
:10C860000F0E4427000E45234623472332500F0D59
:10C87000F350442501015E6F000E060145210101C0
:10C880005F6F000E060146210101606F000E060178
:10C8900047210101616F0601446B44C6E0F50401C4
:10C8A0004E6B0001DEEC27F006013BC601F00001F3
:10C8B00012001200010E06013A6F20B008D021903C
:10C8C0001F9A5A6A5B6A0001626B2290060120B2CD
:10C8D00008D021921F9C5C6A5D6A0001636B229202
:10C8E000060120B408D021941F9E5E6A5F6A000191
:10C8F000646B2294060120B608D021961F9A00018D
:10C90000606B616B656B2296060120B00DD020B282
:10C910000BD020B409D001012B6B2A6B456B446B03
:10C92000B98C0F0130850601010E375CF20FD8B0CB
:10C930001ED10E0F0001BFEF65F003EC00F001C047
:10C940003AF6000E966E8D82060111D100EC44F08D
:10C9500001C03AF6000E966E8D80060108D1FDECFE
:10C9600052F001C03AF6E40E986E8F800601FFD0B7
:10C9700020B008D003EC00F001C03AF6000E966E2D
:10C980008D8203D006013A6B000120B20ED0060161
:10C990003A53D8B402D0000108D0000100EC44F0B2
:10C9A00001C03AF6000E966E8D800601E0D020B2EE
:10C9B00008D000EC44F001C03AF6000E966E8D806F
:10C9C00003D006013A6B000120B40ED006013A53A1
:10C9D000D8B402D0000108D00001FDEC52F001C033
:10C9E0003AF6E40E986E8F800601C1D020B008D0D0
:10C9F00003EC00F001C03AF6000E966E8D8203D073
:10CA000006013A6B000120B40ED006013A53D8B4A7
:10CA100002D0000108D00001FDEC52F001C03AF64E
:10CA2000E40E986E8F800601A2D020B008D003ECEF
:10CA300000F001C03AF6000E966E8D8203D006011A
:10CA40003A6B000120B20ED006013A53D8B402D09E
:10CA5000000108D0000100EC44F001C03AF6000EDD
:10CA6000966E8D8020B40ED006013A53D8B402D011
:10CA7000000108D00001FDEC52F001C03AF6E40ECE
:10CA8000986E8F80060173D014DF01C03AF6000E55
:10CA9000966E8D8206016BD020B408D0FDEC52F06A
:10CAA00001C03AF6E40E986E8F8003D006013A6B0F
:10CAB000000120B00DD006013A53D8B402D00001D5
:10CAC00007D00001F6DE01C03AF6000E966E8D82A8
:10CAD00006014DD020B208D000EC44F001C03AF677
:10CAE000000E966E8D8003D006013A6B000120B0D7
:10CAF0000DD006013A53D8B402D0000107D000018E
:10CB0000D8DE01C03AF6000E966E8D8206012FD057
:10CB100020B408D0FDEC52F001C03AF6E40E986E55
:10CB20008F8003D006013A6B000120B20ED00601BF
:10CB30003A53D8B402D0000108D0000100EC44F010
:10CB400001C03AF6000E966E8D8020B00DD0060121
:10CB50003A53D8B402D0000107D00001AADE01C0C8
:10CB60003AF6000E966E8D82060101D006013A2D2E
:10CB700001D0376A3AC601F0000124EFD2F0E82470
:10CB8000F76AF7369F0FF66ECB0EF722000EF86E9F
:10CB9000FB6E0A00F550FA6E0800F550F96E3AC9BE
:10CBA0004CC970C95EC9ECC9AEC92ACA88CA6CCB67
:10CBB000D4CA6CCB98CA6CCB10CB06018691040109
:10CBC0009D51010815E20601876B04019D51060184
:10CBD000875D0DE2036A8751730FE96E040E03202F
:10CBE000EA6E8551EF5C01E18681872BEED7040167
:10CBF000000E060186B1010E016E0001120081C611
:10CC000085F6DBDF015215E1036A04019D51730FC4
:10CC1000E96E040E0320EA6E81C6EFFF9D519D2B45
:10CC2000036A870FE96E040E0320EA6EEF6A9C2BFD
:10CC300000011200040143BF08D0BAC270F4B9C2A7
:10CC40006FF4BEC271F4C0C272F46FC474F570C4E4
:10CC500075F571C476F572C477F50601826B816B48
:10CC600081C66EF505016F6B0601826B816B81C613
:10CC700070F50501716B0601826B816B81C672F5DF
:10CC80000501736B0601816B81C678F5816B81C6E6
:10CC900079F5816B81C67AF55E6A5F6A0001646B23
:10CCA00004016E6B0001BFEF66F0A092B998B99ACB
:10CCB000B99CF29A9D90A192BA98BA9ABA9CF294B1
:10CCC0009E90B1900F0136953395D59ECD90756AA3
:10CCD0007450CF0B746E786A7750CF0B776E746A8E
:10CCE000776AE40E986E8F98986E8F96000E966E07
:10CCF0008D84956E8C8E030E0601826FE80E816F17
:10CD00000001EFEC2EF0900E946E8B940601936B65
:10CD1000050E926F0001F1EC28F0900E946E8B924C
:10CD2000000E966E8D940601936B050E926F0001B6
:10CD3000F1EC28F0000E956E8C9E0601816B826BE3
:10CD4000000124EC2FF01F921F981F9E0401466BD8
:10CD5000456B516B0601816B81C6E3F520940001A0
:10CD6000E56BE46BE36BE26B040143BF05D02490F9
:10CD7000000143EC27F00401259E00015BD712005F
:10CD8000016A026A006A036A0601425102E14151E6
:10CD900018E0100E436FD8903F3740370036033607
:10CDA0004251035C02E14151005C07E34151005EE6
:10CDB000D8A003064251035ED88001360236432FC5
:10CDC000EAD700011200010E06013A6F03013D6F20
:10CDD00001012B6B2A6B456B446BB98C0F013085BD
:10CDE000566A576A2B96400E0201B75D06013B6FEB
:10CDF000000E0201B85906013C6F756A786AE40EAC
:10CE0000986E8F980C0E746E0F012C95E40E986E30
:10CE10008F960C0E776EFC0E2C17000E2C13900EB6
:10CE2000946E8B94000E966E8D94900E946E8B92F1
:10CE3000000E956E8C9E010E0601816F826B0001C3
:10CE400024EC2FF081B0FED7010E936E8A82020E81
:10CE50000601446F456B000129EC31F0010E936E21
:10CE60008A920601936B0A0E926F0001F1EC28F092
:10CE7000020E0601446F000152EC36F0015214E03C
:10CE80000401468D81B0FED7010E936E8A820F0E8B
:10CE90000601816F000175EC43F0010E936E8A92DA
:10CEA0008FEC30F076EF6DF081B0FED7010E936E0F
:10CEB0008A82020E0601446F030E456F000129ECC1
:10CEC00031F0010E936E8A92B06A070EB16EC10EF8
:10CED000CD6F800ECC6FB190030E6B6F010E476E5D
:10CEE000F40E466E436A426ACDC0B3FFCCC0B2FFB7
:10CEF000070ECD6EAA6AC10EC76F800EC66FCD90A9
:10CF0000BDC245F0BCC244F0416A406AC7C0CFFF11
:10CF1000C6C0CEFF870ED56E0B0EC16FDC0EC06F84
:10CF2000D59EBFC269F0686BC1C0D7FFC0C0D6FF35
:10CF300006013C510408D8A08ED004E13B51FA0808
:10CF4000D8A089D03C5308E13B51950805E3090E70
:10CF50003B5F000E3C5B5ED01B6AF2BE1B8EF29EF6
:10CF60003CC6B9F63BC6B8F6000181EC03F01BBE27
:10CF7000F28E1B6AF2BE1B8EF29ECD0E0601BB6FB7
:10CF80003B0EBA6F7E0EB96FB86F03C0BFF602C01A
:10CF9000BEF601C0BDF600C0BCF6000103EC06F011
:10CFA0001BBEF28E03C040F602C03FF601C03EF643
:10CFB00000C03DF6D8921B6AF2BE1B8EF29E03C0E3
:10CFC000BBF602C0BAF601C0B9F600C0B8F62F0E23
:10CFD0000601BF6FDD0EBE6F380EBD6F820EBC6FD7
:10CFE000000169EC04F01BBEF28E1B6AF2BE1B8EC0
:10CFF000F29E03C0B7F602C0B6F601C0B5F600C097
:10D00000B4F64BEC04F01BBEF28E02C03CF601C03D
:10D010003BF606013B353D6F3C353E6F3D373E37B5
:10D020003D373E373D373E373D373E373D373E375C
:10D03000C00E3D173EC640F63DC63FF6010E426F9C
:10D04000040E416F00019CDE02C0CFF001C0CEF0A3
:10D05000706B31D206013B51D0083FE13C510708CB
:10D060003CE11B6AF2BE1B8EF29E3CC6B9F63BC683
:10D07000B8F6000181EC03F01BBEF28E1B6AF2BE13
:10D080001B8EF29E03C0BBF602C0BAF601C0B9F611
:10D0900000C0B8F6190E0601BF6F040EBE6F1E0E5B
:10D0A000BD6F7F0EBC6F000103EC06F01BBEF28E5D
:10D0B0001B6AF2BE1B8EF29E03C0B7F602C0B6F624
:10D0C00001C0B5F600C0B4F64BEC04F01BBEF28E06
:10D0D00002C03CF601C03BF606013B51B80840E1F6
:10D0E0003C510B083DE11B6AF2BE1B8EF29E3CC612
:10D0F000B9F63BC6B8F6000181EC03F01BBEF28E18
:10D100001B6AF2BE1B8EF29E03C0BBF602C0BAF6CB
:10D1100001C0B9F600C0B8F62E0E0601BF6FAD0E05
:10D12000BE6F1E0EBD6F7F0EBC6F000103EC06F0DC
:10D130001BBEF28E1B6AF2BE1B8EF29E03C0B7F6B8
:10D1400002C0B6F601C0B5F600C0B4F64BEC04F070
:10D150001BBEF28E02C03CF601C03BF63CD006017D
:10D160001B6AF2BE1B8EF29E3CC6B9F63BC6B8F6F1
:10D17000000181EC03F01BBEF28E1B6AF2BE1B8E17
:10D18000F29E03C0BBF602C0BAF601C0B9F600C0F9
:10D19000B8F65B0E0601BF6F270EBE6F760EBD6F31
:10D1A0007E0EBC6F000103EC06F01BBEF28E1B6A04
:10D1B000F2BE1B8EF29E03C0B7F602C0B6F601C0E7
:10D1C000B5F600C0B4F64BEC04F01BBEF28E02C004
:10D1D0003CF601C03BF61B6AF2BE1B8EF29E3CC6BB
:10D1E000B9F63BC6B8F681EC03F01BBEF28E03C065
:10D1F00040F602C03FF601C03EF600C03DF61B6A95
:10D20000F2BE1B8EF29E03C0BBF602C0BAF601C08E
:10D21000B9F600C0B8F60601BF6B600EBE6F1F0EF8
:10D22000BD6F890EBC6F00019CEC03F01BBEF28E3B
:10D2300003C0ABF202C0AAF201C0A9F200C0A8F27A
:10D240001B6AF2BE1B8EF29EABC2B7F6AAC2B6F63E
:10D25000A9C2B5F6A8C2B4F64BEC04F01BBEF28E20
:10D260001B6AF2BE1B8EF29E0601B96B01C0B8F6B6
:10D27000000181EC03F01BBEF28ED8821B6AF2BE65
:10D280001B8EF29EABC2BBF6AAC2BAF6A9C2B9F611
:10D29000A8C2B8F603C0BFF602C0BEF601C0BDF614
:10D2A00000C0BCF669EC04F01BBEF28E03C040F671
:10D2B00002C03FF601C03EF600C03DF61B6AF2BE5A
:10D2C0001B8EF29E03C0BBF602C0BAF601C0B9F6CF
:10D2D00000C0B8F60601BF6BBE6BBD6BBC6B000136
:10D2E000A5EC05F01BBEF28E13E11B6AF2BE1B8E8D
:10D2F000F29EABC2B7F6AAC2B6F6A9C2B5F6A8C2EC
:10D30000B4F64BEC04F01BBEF28E01C070F013D0EB
:10D310001B6AF2BE1B8EF29EABC2B7F6AAC2B6F66D
:10D32000A9C2B5F6A8C2B4F64BEC04F01BBEF28E4F
:10D33000010E0124706F1B6AF2BE1B8EF29E060165
:10D34000B96B70C0B8F6000181EC03F01BBEF28E21
:10D350001B6AF2BE1B8EF29EABC2BBF6AAC2BAF625
:10D36000A9C2B9F6A8C2B8F603C0BFF602C0BEF69D
:10D3700001C0BDF600C0BCF69CEC03F01BBEF28EF3
:10D3800003C093F202C092F201C091F200C090F289
:10D390001B6AF2BE1B8EF29E0601BB6BBA6B7F0E40
:10D3A000B96F860EB86F93C2BFF692C2BEF691C235
:10D3B000BDF690C2BCF6000103EC06F01BBEF28E77
:10D3C0001B6AF2BE1B8EF29E03C0B7F602C0B6F611
:10D3D00001C0B5F600C0B4F64BEC04F01BBEF28EF3
:10D3E00002C0CFF001C0CEF01B6AF2BE1B8EF29ECF
:10D3F0000601B96B70C0B8F6000181EC03F01BBEEA
:10D40000F28E1B6AF2BE1B8EF29E03C0BBF602C0F8
:10D41000BAF601C0B9F600C0B8F69A0E0601BF6FA1
:10D42000990EBE6F190EBD6F7D0EBC6F000103EC2F
:10D4300006F01BBEF28E03C040F602C03FF601C0EC
:10D440003EF600C03DF61B6AF2BE1B8EF29E060140
:10D45000B96B70C0B8F6000181EC03F01BBEF28E10
:10D46000D8921B6AF2BE1B8EF29E03C0BBF602C0AE
:10D47000BAF601C0B9F600C0B8F640C6BFF63FC65E
:10D48000BEF63EC6BDF63DC6BCF669EC04F01BBE5A
:10D49000F28E1B6AF2BE1B8EF29E03C0B7F602C06C
:10D4A000B6F601C0B5F600C0B4F64BEC04F01BBEF6
:10D4B000F28E01C070F0200E06090F01366FCEC04B
:10D4C00037FF0F0136950001766B0201C153D8B4C6
:10D4D000CDD206013C5308E13B51950805E3090E06
:10D4E0003B5F000E3C5B5ED01B6AF2BE1B8EF29E61
:10D4F0003CC6B9F63BC6B8F6000181EC03F01BBE92
:10D50000F28E1B6AF2BE1B8EF29ECD0E0601BB6F21
:10D510003B0EBA6F7E0EB96FB86F03C0BFF602C084
:10D52000BEF601C0BDF600C0BCF6000103EC06F07B
:10D530001BBEF28E03C040F602C03FF601C03EF6AD
:10D5400000C03DF6D8921B6AF2BE1B8EF29E03C04D
:10D55000BBF602C0BAF601C0B9F600C0B8F62F0E8D
:10D560000601BF6FDD0EBE6F380EBD6F820EBC6F41
:10D57000000169EC04F01BBEF28E1B6AF2BE1B8E2A
:10D58000F29E03C0B7F602C0B6F601C0B5F600C001
:10D59000B4F64BEC04F01BBEF28E02C03CF601C0A8
:10D5A0003BF606013C51040826E303E13B51FA082F
:10D5B00022E33B353D6F3C353E6F3D373E373D37CF
:10D5C0003E373D373E373D373E373D373E37C00E5D
:10D5D0003D173EC640F63DC63FF6010E426F040EB3
:10D5E000416F0001C0EC66F002C0D1F001C0D0F084
:10D5F000716B31D206013B51D0083FE13C51070825
:10D600003CE11B6AF2BE1B8EF29E3CC6B9F63BC6DD
:10D61000B8F6000181EC03F01BBEF28E1B6AF2BE6D
:10D620001B8EF29E03C0BBF602C0BAF601C0B9F66B
:10D6300000C0B8F6190E0601BF6F040EBE6F1E0EB5
:10D64000BD6F7F0EBC6F000103EC06F01BBEF28EB7
:10D650001B6AF2BE1B8EF29E03C0B7F602C0B6F67E
:10D6600001C0B5F600C0B4F64BEC04F01BBEF28E60
:10D6700002C03CF601C03BF606013B51B80840E150
:10D680003C510B083DE11B6AF2BE1B8EF29E3CC66C
:10D69000B9F63BC6B8F6000181EC03F01BBEF28E72
:10D6A0001B6AF2BE1B8EF29E03C0BBF602C0BAF626
:10D6B00001C0B9F600C0B8F62E0E0601BF6FAD0E60
:10D6C000BE6F1E0EBD6F7F0EBC6F000103EC06F037
:10D6D0001BBEF28E1B6AF2BE1B8EF29E03C0B7F613
:10D6E00002C0B6F601C0B5F600C0B4F64BEC04F0CB
:10D6F0001BBEF28E02C03CF601C03BF63CD00601D8
:10D700001B6AF2BE1B8EF29E3CC6B9F63BC6B8F64B
:10D71000000181EC03F01BBEF28E1B6AF2BE1B8E71
:10D72000F29E03C0BBF602C0BAF601C0B9F600C053
:10D73000B8F65B0E0601BF6F270EBE6F760EBD6F8B
:10D740007E0EBC6F000103EC06F01BBEF28E1B6A5E
:10D75000F2BE1B8EF29E03C0B7F602C0B6F601C041
:10D76000B5F600C0B4F64BEC04F01BBEF28E02C05E
:10D770003CF601C03BF61B6AF2BE1B8EF29E3CC615
:10D78000B9F63BC6B8F681EC03F01BBEF28E03C0BF
:10D7900040F602C03FF601C03EF600C03DF61B6AEF
:10D7A000F2BE1B8EF29E03C0BBF602C0BAF601C0E9
:10D7B000B9F600C0B8F60601BF6B600EBE6F1F0E53
:10D7C000BD6F890EBC6F00019CEC03F01BBEF28E96
:10D7D00003C0AFF202C0AEF201C0ADF200C0ACF2C5
:10D7E0001B6AF2BE1B8EF29EAFC2B7F6AEC2B6F691
:10D7F000ADC2B5F6ACC2B4F64BEC04F01BBEF28E73
:10D800001B6AF2BE1B8EF29E0601B96B01C0B8F610
:10D81000000181EC03F01BBEF28ED8821B6AF2BEBF
:10D820001B8EF29EAFC2BBF6AEC2BAF6ADC2B9F65F
:10D83000ACC2B8F603C0BFF602C0BEF601C0BDF66A
:10D8400000C0BCF669EC04F01BBEF28E03C040F6CB
:10D8500002C03FF601C03EF600C03DF61B6AF2BEB4
:10D860001B8EF29E03C0BBF602C0BAF601C0B9F629
:10D8700000C0B8F60601BF6BBE6BBD6BBC6B000190
:10D88000A5EC05F01BBEF28E13E11B6AF2BE1B8EE7
:10D89000F29EAFC2B7F6AEC2B6F6ADC2B5F6ACC236
:10D8A000B4F64BEC04F01BBEF28E01C071F013D045
:10D8B0001B6AF2BE1B8EF29EAFC2B7F6AEC2B6F6C0
:10D8C000ADC2B5F6ACC2B4F64BEC04F01BBEF28EA2
:10D8D000010E0124716F1B6AF2BE1B8EF29E0601BF
:10D8E000B96B71C0B8F6000181EC03F01BBEF28E7B
:10D8F0001B6AF2BE1B8EF29EAFC2BBF6AEC2BAF678
:10D90000ADC2B9F6ACC2B8F603C0BFF602C0BEF6EF
:10D9100001C0BDF600C0BCF69CEC03F01BBEF28E4D
:10D9200003C097F202C096F201C095F200C094F2D3
:10D930001B6AF2BE1B8EF29E0601BB6BBA6B7F0E9A
:10D94000B96F860EB86F97C2BFF696C2BEF695C283
:10D95000BDF694C2BCF6000103EC06F01BBEF28ECD
:10D960001B6AF2BE1B8EF29E03C0B7F602C0B6F66B
:10D9700001C0B5F600C0B4F64BEC04F01BBEF28E4D
:10D9800002C0D1F001C0D0F01B6AF2BE1B8EF29E25
:10D990000601B96B71C0B8F6000181EC03F01BBE43
:10D9A000F28E1B6AF2BE1B8EF29E03C0BBF602C053
:10D9B000BAF601C0B9F600C0B8F69A0E0601BF6FFC
:10D9C000990EBE6F190EBD6F7D0EBC6F000103EC8A
:10D9D00006F01BBEF28E03C040F602C03FF601C047
:10D9E0003EF600C03DF61B6AF2BE1B8EF29E06019B
:10D9F000B96B71C0B8F6000181EC03F01BBEF28E6A
:10DA0000D8921B6AF2BE1B8EF29E03C0BBF602C008
:10DA1000BAF601C0B9F600C0B8F640C6BFF63FC6B8
:10DA2000BEF63EC6BDF63DC6BCF669EC04F01BBEB4
:10DA3000F28E1B6AF2BE1B8EF29E03C0B7F602C0C6
:10DA4000B6F601C0B5F600C0B4F64BEC04F01BBE50
:10DA5000F28E01C071F0200E06090F01336FD0C0A5
:10DA600034FF0F0133950001776B0201A192BA9840
:10DA7000BA9AF2949E90A082B988C15301E0B98A03
:10DA8000F28A9D80040143811F9E21942294060105
:10DA90003A6B6FC474F570C475F571C476F572C4D1
:10DAA00077F53E6B3D6B3DC66EF505016F6B06016C
:10DAB0003E6B3D6B3DC670F50501716B06013E6B1B
:10DAC0003D6B3DC672F50501736B06013D6B3DC6AE
:10DAD00078F53D6B3DC679F53D6B3DC67AF55E6ADE
:10DAE0005F6A0001646B04016E6B000106013AC6B7
:10DAF00001F00001FAEFD8F00601826B816B81C65C
:10DB0000C8F50501C96B0601826B816B81C6CAF538
:10DB10000501CB6B0601826B816B81C6CCF50501DB
:10DB2000CD6B0601816B81C6CEF5816B81C6CFF5C9
:10DB3000816B81C6D0F5816B81C6D1F55C6A5D6A67
:10DB40000001636B1200355204E0040143AF15D0AD
:10DB50000001B99CBA9C24900F01446B4351CF0B38
:10DB6000436F476B4651CF0B466F436B466B000EBE
:10DB7000966E8D96966E8D9804016B530EE0000E96
:10DB8000956E8C82956E8C84030E0601826FE80E72
:10DB9000816F0001EFEC2EF00401000E956E8C9C5D
:10DBA0000601936B050E926F0001F1EC28F0000E58
:10DBB000956E8C92956E8C9A956E8C94355204E08D
:10DBC000040143AF1AD000010601816B040E826F7D
:10DBD000000124EC2FF043EC27F01FBC00D0010E15
:10DBE000936E8A981F922496040143931F96209265
:10DBF0002490000143EC27F00401239222921F9C01
:10DC0000466B456B506B0601816B81C6E2F5259E24
:10DC100004016A6B0601816B81C6BDF52A9400017F
:10DC20006BDF1200010E06013A6F546A556A01015A
:10DC30002B6B2A6B356A0401506B0101456B446BF9
:10DC40002A94B98C0F013085476B446B000E966E99
:10DC50008D980C0E466FFC0E2B17000E2B13966E34
:10DC60008D960C0E436F2B95000E956E8C9C956EC9
:10DC70008C92956E8C9A956E8C94010E0601816F34
:10DC8000040E826F000124EC2FF0010E936E8A982F
:10DC900081B0FED7010E936E8A82020E0601446F98
:10DCA000456B000129EC31F0010E936E8A9206015A
:10DCB000936B0A0E926F0001F1EC28F0010E060141
:10DCC000446F000152EC36F0015212E00401468B21
:10DCD00081B0FED7010E936E8A820F0E0601816F0E
:10DCE000000175EC43F0010E936E8A922CDF1CD07C
:10DCF00081B0FED7010E936E8A82020E0601446F38
:10DD00000D0E456F000129EC31F0010E936E8A92E1
:10DD10000601916B000112EC29F006013A6B040137
:10DD2000438322920001E8DE06013AC601F00001B9
:10DD300041EFD9F09D90B990B994B99CB998B99A2E
:10DD40009E90BA90BA94BA98BA9ACD906B940F01FB
:10DD5000399536953395446B4351CF0B436F476BE1
:10DD60004651CF0B466F436B466B000E966E8D96F9
:10DD7000966E8D98956E8C82956E8C84030E06013E
:10DD8000826FE80E816F0001EFEC2EF0000E956EB1
:10DD90008C9C0601936B050E926F0001F1EC28F04C
:10DDA000000E956E8C9A956E8C920601936B050E03
:10DDB000926F0001F1EC28F0000E956E8C94060134
:10DDC000816B040E826F000124EC2FF0010E936E24
:10DDD0008A98249043EC27F01F921F961F9C209254
:10DDE0000401466B456B2496506B0601816B81C61E
:10DDF000E2F5239222921F9C0401466B456B259EFF
:10DE000000017ADE1200010E06013A6F0101656B16
:10DE1000646B2B6B2A6B0401506B0101456B446BE7
:10DE2000B98C0F013085546A556A000E956E8C9C32
:10DE3000956E8C92956E8C9A956E8C94446B966EC2
:10DE40008D960C0E436F2B95476B000E966E8D983A
:10DE50000C0E466FFC0E2B17000E2B13010E060145
:10DE6000816F040E826F000124EC2FF0010E936E7F
:10DE70008A8881B0FED7010E936E8A82020E060157
:10DE8000446F456B000129EC31F0010E936E8A92CC
:10DE90000601936B0A0E926F0001F1EC28F029B293
:10DEA00000D3010E0601446F000152EC36F001521E
:10DEB00012E00401468B81B0FED7010E936E8A8278
:10DEC0000F0E0601816F000175EC43F0010E936E99
:10DED0008A9230DFE5D281B0FED7010E936E8A823E
:10DEE0000601916B000112EC29F0020E0601446F4D
:10DEF0000D0E456F000129EC31F0010E936E8A92F0
:10DF0000370ECD6EAA6A01014D5303E14C511F0833
:10DF10002FE2456A446AD8921B6AF2BE1B8EF29EBB
:10DF20000601B76B1E0EB66F840EB56F800EB46F10
:10DF3000BB6BBA6B4DC1B9F64CC1B8F60001F3EC3E
:10DF40000AF01BBEF28E03C0DFF102C0DEF101C099
:10DF5000DDF100C0DCF1000ED8800101DC550001CC
:10DF6000C66F000E0101DD550001C76F71D10101BF
:10DF70004D5348E14C51010845E3456A280E446E73
:10DF80001B6AF2BE1B8EF29E4DC1B1F64CC1B0F6BB
:10DF900045C0B3F644C0B2F60001C2EC13F01BBE9C
:10DFA000F28E02C03CF6060101C03BF6D8921B6A15
:10DFB000F2BE1B8EF29EB76B1E0EB66F840EB56F4F
:10DFC000800EB46FBB6BBA6B02C0B9F601C0B8F675
:10DFD0000001F3EC0AF01BBEF28E03C0DFF102C0B9
:10DFE000DEF101C0DDF100C0DCF1000ED8800101DE
:10DFF000DC550001C66F000E0101DD550001C76F41
:10E0000027D101014D5348E14C51030845E3456ACE
:10E01000140E446E1B6AF2BE1B8EF29E4DC1B1F609
:10E020004CC1B0F645C0B3F644C0B2F60001C2EC34
:10E0300013F01BBEF28E02C03CF6060101C03BF697
:10E04000D8921B6AF2BE1B8EF29EB76B1E0EB66F85
:10E05000840EB56F800EB46FBB6BBA6B02C0B9F69D
:10E0600001C0B8F60001F3EC0AF01BBEF28E03C04B
:10E07000DFF102C0DEF101C0DDF100C0DCF1000E15
:10E08000D8800101DC550001C66F000E0101DD558D
:10E090000001C76FDDD001014D5348E14C51070825
:10E0A00045E3456A0A0E446E1B6AF2BE1B8EF29E61
:10E0B0004DC1B1F64CC1B0F645C0B3F644C0B2F69E
:10E0C0000001C2EC13F01BBEF28E02C03CF606014A
:10E0D00001C03BF6D8921B6AF2BE1B8EF29EB76B54
:10E0E0001E0EB66F840EB56F800EB46FBB6BBA6B2D
:10E0F00002C0B9F601C0B8F60001F3EC0AF01BBE8D
:10E10000F28E03C0DFF102C0DEF101C0DDF100C01C
:10E11000DCF1000ED8800101DC550001C66F000E55
:10E120000101DD550001C76F93D001014D5348E156
:10E130004C51140845E3456A050E446E1B6AF2BE55
:10E140001B8EF29E4DC1B1F64CC1B0F645C0B3F680
:10E1500044C0B2F60001C2EC13F01BBEF28E02C046
:10E160003CF6060101C03BF6D8921B6AF2BE1B8E3C
:10E17000F29EB76B1E0EB66F840EB56F800EB46F35
:10E18000BB6BBA6B02C0B9F601C0B8F60001F3EC84
:10E190000AF01BBEF28E03C0DFF102C0DEF101C047
:10E1A000DDF100C0DCF1000ED8800101DC5500017A
:10E1B000C66F000E0101DD550001C76F49D0010196
:10E1C0004D5347E14C511E0844E3456A020E446E2C
:10E1D0001B6AF2BE1B8EF29E4DC1B1F64CC1B0F669
:10E1E00045C0B3F644C0B2F60001C2EC13F01BBE4A
:10E1F000F28E02C03CF6060101C03BF6D8921B6AC3
:10E20000F2BE1B8EF29EB76B1E0EB66F840EB56FFC
:10E21000800EB46FBB6BBA6B02C0B9F601C0B8F622
:10E220000001F3EC0AF01BBEF28E03C0DFF102C066
:10E23000DEF101C0DDF100C0DCF1000ED88001018B
:10E24000DC550001C66F000E0101DD550001C76FEE
:10E250000101CD90416A406AC7C0CFFFC6C0CEFF62
:10E2600034526EE0400E4A5D06013B6F000E010124
:10E270004B5906013C6F3B373C373B373C373B370C
:10E280003C373B373C373B373C373B373C37C00E9E
:10E290003B173CC640F63BC63FF6010E426F040EEC
:10E2A000416F0001C0EC66F0010E0601015C000147
:10E2B000C86F000E060102580001C96F200E060942
:10E2C0006B6EC8C06CFF6B946E6B746B400E01017B
:10E2D0004A5D06013B6F000E01014B5906013C6F80
:10E2E0003B373C373B373C373B373C373B373C379A
:10E2F0003B373C373B373C37C00E3B173CC640F6FC
:10E300003BC63FF6010E426F040E416F0001C0ECA8
:10E3100066F0010E0601015C0001CA6F000E0601E5
:10E3200002580001CB6F200E06090F01396FCAC0D9
:10E330003AFF0F01399500016F6B756B73D00101C6
:10E3400004016C5337E1400E01014A5D06013B6F49
:10E35000000E01014B5906013C6F3B373C373B3700
:10E360003C373B373C373B373C373B373C373B3719
:10E370003C37C00E3B173CC640F63BC63FF6010E8D
:10E38000426F040E416F0001C0EC66F0010E060101
:10E39000015C0001C86F000E060102580001C96F40
:10E3A000200E06096B6EC8C06CFF6B946E6B746BAD
:10E3B00039D00401400E01014A5D06013B6F000E99
:10E3C00001014B5906013C6F3B373C373B373C372B
:10E3D0003B373C373B373C373B373C373B373C37A9
:10E3E000C00E3B173CC640F63BC63FF6010E426FDF
:10E3F000040E416F0001C0EC66F0010E0601015CE5
:10E400000001CA6F000E060102580001CB6F200EFA
:10E4100006090F01396FCAC03AFF0F013995000193
:10E420006F6B756B9E90345203E0BA90BA9407D02C
:10E4300004016C5302E1BA9001D0BA9400019D80AE
:10E44000345203E0B980B98407D004016C5302E16F
:10E45000B98001D0B984000106013A6B080E016E43
:10E46000C250830B0110C26E000E016EC150F80B3A
:10E470000110C16E826B070E816F0001EFEC2EF070
:10E480001B6AF2BE1B8EF29EBBEC00F01BBEF28E2E
:10E4900002C065F101C064F1208224867CEC6DF03D
:10E4A000E5D281B0FED7010E936E8A820601916B90
:10E4B000000112EC29F0020E0601446F0D0E456FAB
:10E4C000000129EC31F0010E936E8A92370ECD6E69
:10E4D000AA6A01014D5303E14C511F082FE2456A1E
:10E4E000446AD8921B6AF2BE1B8EF29E0601B76B7D
:10E4F0001E0EB66F840EB56F800EB46FBB6BBA6B19
:10E500004DC1B9F64CC1B8F60001F3EC0AF01BBEE0
:10E51000F28E03C0DFF102C0DEF101C0DDF100C008
:10E52000DCF1000ED8800101DC550001C66F000E41
:10E530000101DD550001C76F71D101014D5348E163
:10E540004C51010845E3456A280E446E1B6AF2BE31
:10E550001B8EF29E4DC1B1F64CC1B0F645C0B3F66C
:10E5600044C0B2F60001C2EC13F01BBEF28E02C032
:10E570003CF6060101C03BF6D8921B6AF2BE1B8E28
:10E58000F29EB76B1E0EB66F840EB56F800EB46F21
:10E59000BB6BBA6B02C0B9F601C0B8F60001F3EC70
:10E5A0000AF01BBEF28E03C0DFF102C0DEF101C033
:10E5B000DDF100C0DCF1000ED8800101DC55000166
:10E5C000C66F000E0101DD550001C76F27D10101A3
:10E5D0004D5348E14C51030845E3456A140E446E1F
:10E5E0001B6AF2BE1B8EF29E4DC1B1F64CC1B0F655
:10E5F00045C0B3F644C0B2F60001C2EC13F01BBE36
:10E60000F28E02C03CF6060101C03BF6D8921B6AAE
:10E61000F2BE1B8EF29EB76B1E0EB66F840EB56FE8
:10E62000800EB46FBB6BBA6B02C0B9F601C0B8F60E
:10E630000001F3EC0AF01BBEF28E03C0DFF102C052
:10E64000DEF101C0DDF100C0DCF1000ED880010177
:10E65000DC550001C66F000E0101DD550001C76FDA
:10E66000DDD001014D5348E14C51070845E3456AAF
:10E670000A0E446E1B6AF2BE1B8EF29E4DC1B1F6AD
:10E680004CC1B0F645C0B3F644C0B2F60001C2ECCE
:10E6900013F01BBEF28E02C03CF6060101C03BF631
:10E6A000D8921B6AF2BE1B8EF29EB76B1E0EB66F1F
:10E6B000840EB56F800EB46FBB6BBA6B02C0B9F637
:10E6C00001C0B8F60001F3EC0AF01BBEF28E03C0E5
:10E6D000DFF102C0DEF101C0DDF100C0DCF1000EAF
:10E6E000D8800101DC550001C66F000E0101DD5527
:10E6F0000001C76F93D001014D5348E14C511408FC
:10E7000045E3456A050E446E1B6AF2BE1B8EF29EFF
:10E710004DC1B1F64CC1B0F645C0B3F644C0B2F637
:10E720000001C2EC13F01BBEF28E02C03CF60601E3
:10E7300001C03BF6D8921B6AF2BE1B8EF29EB76BED
:10E740001E0EB66F840EB56F800EB46FBB6BBA6BC6
:10E7500002C0B9F601C0B8F60001F3EC0AF01BBE26
:10E76000F28E03C0DFF102C0DEF101C0DDF100C0B6
:10E77000DCF1000ED8800101DC550001C66F000EEF
:10E780000101DD550001C76F49D001014D5347E13B
:10E790004C511E0844E3456A020E446E1B6AF2BEE9
:10E7A0001B8EF29E4DC1B1F64CC1B0F645C0B3F61A
:10E7B00044C0B2F60001C2EC13F01BBEF28E02C0E0
:10E7C0003CF6060101C03BF6D8921B6AF2BE1B8ED6
:10E7D000F29EB76B1E0EB66F840EB56F800EB46FCF
:10E7E000BB6BBA6B02C0B9F601C0B8F60001F3EC1E
:10E7F0000AF01BBEF28E03C0DFF102C0DEF101C0E1
:10E80000DDF100C0DCF1000ED8800101DC55000113
:10E81000C66F000E0101DD550001C76F0101CD90EB
:10E82000416A406AC7C0CFFFC6C0CEFF34526EE017
:10E83000400E4A5D06013B6F000E01014B59060177
:10E840003C6F3B373C373B373C373B373C373B37FC
:10E850003C373B373C373B373C37C00E3B173CC659
:10E8600040F63BC63FF6010E426F040E416F0001B9
:10E87000C0EC66F0010E0601015C0001C86F000EDD
:10E88000060102580001C96F200E06096B6EC8C050
:10E890006CFF6B946E6B746B400E01014A5D060158
:10E8A0003B6F000E01014B5906013C6F3B373C3773
:10E8B0003B373C373B373C373B373C373B373C37C4
:10E8C0003B373C37C00E3B173CC640F63BC63FF6D5
:10E8D000010E426F040E416F0001C0EC66F0010EA4
:10E8E0000601015C0001CA6F000E0601025800011A
:10E8F000CB6F200E06090F01396FCAC03AFF0F0116
:10E90000399500016F6B756B73D0010104016C5375
:10E9100037E1400E01014A5D06013B6F000E010127
:10E920004B5906013C6F3B373C373B373C373B3755
:10E930003C373B373C373B373C373B373C37C00EE7
:10E940003B173CC640F63BC63FF6010E426F040E35
:10E95000416F0001C0EC66F0010E0601015C000190
:10E96000C86F000E060102580001C96F200E06098B
:10E970006B6EC8C06CFF6B946E6B746B39D0040106
:10E98000400E01014A5D06013B6F000E01014B592B
:10E9900006013C6F3B373C373B373C373B373C3716
:10E9A0003B373C373B373C373B373C37C00E3B1798
:10E9B0003CC640F63BC63FF6010E426F040E416F67
:10E9C0000001C0EC66F0010E0601015C0001CA6F97
:10E9D000000E060102580001CB6F200E06090F0140
:10E9E000396FCAC03AFF0F01399500016F6B756B23
:10E9F0009E90345203E0BA90BA9407D004016C534D
:10EA000002E1BA9001D0BA9400019D80345203E033
:10EA1000B980B98407D004016C5302E1B98001D0F8
:10EA2000B984000106013A6B080E016EC250830BD7
:10EA30000110C26E000E016EC150F80B0110C16EC4
:10EA4000826B070E816F0001EFEC2EF01B6AF2BEA5
:10EA50001B8EF29EBBEC00F01BBEF28E02C065F175
:10EA600001C064F1208224867CEC6DF006013AC678
:10EA700001F0000112001B6AF2BE1B8EF29E43C120
:10EA8000B9F642C1B8F681EC03F01BBEF28E03C0AA
:10EA9000FFF102C0FEF101C0FDF100C0FCF1060172
:10EAA0003B6B4CC03AF61B6AF2BE1B8EF29E3BC615
:10EAB000B1F64CC0B0F6B36B0A0EB26F0001C2ECF7
:10EAC00013F01BBEF28E02C0F9F001C0F8F01B6A11
:10EAD000F2BE1B8EF29E3BC1B1F63AC1B0F6060102
:10EAE000B36B320EB26F0001C2EC13F01BBEF28E9C
:10EAF00002C03BF601C03AF61B6AF2BE1B8EF29EC4
:10EB000002C0B9F601C0B8F681EC03F01BBEF28E6C
:10EB1000D8921B6AF2BE1B8EF29E03C0BBF602C0E7
:10EB2000BAF601C0B9F600C0B8F6850E0601BF6F8F
:10EB3000EB0EBE6F190EBD6F880EBC6F000169EC45
:10EB400004F01BBEF28E03C03DF602C03CF601C0CD
:10EB50003BF600C03AF61B6AF2BE1B8EF29E03C063
:10EB6000BBF602C0BAF601C0B9F600C0B8F6660E30
:10EB70000601BF6FBE6F420EBD6F820EBC6F0001FB
:10EB80009CEC03F01BBEF28E03C03DF602C03CF6C7
:10EB900001C03BF600C03AF6190E01011E5D006E81
:10EBA000000E1F59036E00501B6AF2BE1B8EF29EB0
:10EBB0000601B86F03C0B9F6000181EC03F01BBE7B
:10EBC000F28ED8821B6AF2BE1B8EF29E3DC6BBF649
:10EBD0003CC6BAF63BC6B9F63AC6B8F603C0BFF6AD
:10EBE00002C0BEF601C0BDF600C0BCF669EC04F080
:10EBF0001BBEF28E03C03DF602C03CF601C03BF6E0
:10EC000000C03AF61B6AF2BE1B8EF29EF9C0B9F63E
:10EC1000F8C0B8F681EC03F01BBEF28E1B6AF2BEA0
:10EC20001B8EF29E3DC6BBF63CC6BAF63BC6B9F695
:10EC30003AC6B8F603C0BFF602C0BEF601C0BDF6C4
:10EC400000C0BCF69CEC03F01BBEF28E03C0EFF1DB
:10EC500002C0EEF101C0EDF100C0ECF1D8821B6AF8
:10EC6000F2BE1B8EF29EFFC1BBF6FEC1BAF6FDC11D
:10EC7000B9F6FCC1B8F6EFC1BFF6EEC1BEF6EDC104
:10EC8000BDF6ECC1BCF669EC04F01BBEF28E03C00D
:10EC9000FFF102C0FEF101C0FDF100C0FCF11B6AF2
:10ECA000F2BE1B8EF29EFFC1B7F6FEC1B6F6FDC1E5
:10ECB000B5F6FCC1B4F64BEC04F01BBEF28E02C0FC
:10ECC00043F101C042F143C102F042C101F00232FE
:10ECD000013202320132023201C044FF02320230FC
:10ECE000300B006E0F014351CF0B0010436F00013A
:10ECF000A0EFDBF00601856B846B8151F90FD8B072
:10ED000021D1070F0001A8EF77F01B6AF2BE1B8E1E
:10ED1000F29E83C6B9F682C6B8F681EC03F01BBE3C
:10ED2000F28E1B6AF2BE1B8EF29E03C0BBF602C0BF
:10ED3000BAF601C0B9F600C0B8F6A80E0601BF6F5A
:10ED4000C60EBE6F140EBD6F830EBC6F000103ECC8
:10ED500006F01BBEF28E03C089F602C088F601C021
:10ED600087F600C086F6D8821B6AF2BE1B8EF29E22
:10ED700003C0BBF602C0BAF601C0B9F600C0B8F6CF
:10ED8000CD0E0601BF6F2C0EBE6F7A0EBD6F880EC2
:10ED9000BC6F000169EC04F01BBEF28E1B6AF2BE70
:10EDA0001B8EF29E03C0B7F602C0B6F601C0B5F6E0
:10EDB00000C0B4F64BEC04F01BBEF28E02C085F628
:10EDC00001C084F60601BED01B6AF2BE1B8EF29E05
:10EDD00083C6B9F682C6B8F681EC03F01BBEF28E8C
:10EDE0001B6AF2BE1B8EF29E03C0BBF602C0BAF6CF
:10EDF00001C0B9F600C0B8F6CD0E0601BF6FCC0E4B
:10EE0000BE6F130EBD6F830EBC6F000103EC06F0E6
:10EE10001BBEF28E03C089F602C088F601C087F6D9
:10EE200000C086F6D8821B6AF2BE1B8EF29E03C01B
:10EE3000BBF602C0BAF601C0B9F600C0B8F6660E5D
:10EE40000601BF6FC60EBE6F7F0EBD6F880EBC6F12
:10EE5000000169EC04F01BBEF28E1B6AF2BE1B8E31
:10EE6000F29E03C0B7F602C0B6F601C0B5F600C008
:10EE7000B4F64BEC04F01BBEF28E02C085F601C066
:10EE800084F606015FD01B6AF2BE1B8EF29E83C61B
:10EE9000B9F682C6B8F681EC03F01BBEF28E1B6A8F
:10EEA000F2BE1B8EF29E03C0BBF602C0BAF601C0D2
:10EEB000B9F600C0B8F6660E0601BF6FBE6F420E0F
:10EEC000BD6F820EBC6F000103EC06F01BBEF28E1C
:10EED00003C089F602C088F601C087F600C086F636
:10EEE000D8821B6AF2BE1B8EF29E03C0BBF602C024
:10EEF000BAF601C0B9F600C0B8F6850E0601BF6FBC
:10EF0000EB0EBE6F190EBD6F880EBC6F000169EC71
:10EF100004F01BBEF28E1B6AF2BE1B8EF29E03C073
:10EF2000B7F602C0B6F601C0B5F600C0B4F64BECB9
:10EF300004F01BBEF28E02C085F601C084F6060105
:10EF400001D0060184C601F085C602F0000112005E
:10EF5000E824F76AF736710FF66EEF0EF722000E0F
:10EF6000F86EFB6E0A00F550FA6E0800F550F96E67
:10EF70000AEDC8ED0AED0AED86EE0AEDC8ED0601D0
:10EF80008351040817E1036A04019D51730FE96E70
:10EF9000040E0320EA6E83C6EFFF9D519D2B036A8A
:10EFA000870FE96E040E0320EA6E84C6EFFF9C2BE8
:10EFB0001DD0060183C685F60001DDEC65F0015227
:10EFC00016E1036A04019D51730FE96E040E0320DC
:10EFD000EA6E83C6EFFF9D519D2B036A870FE96E92
:10EFE000040E0320EA6E84C6EFFF9C2B0001120082
:10EFF0001B6AF2BE1B8EF29E84C6B9F683C6B8F6B3
:10F0000081EC03F01BBEF28E1B6AF2BE1B8EF29ED9
:10F0100003C0BBF602C0BAF601C0B9F600C0B8F62C
:10F020000601BF6BBE6B480EBD6F840EBC6F000146
:10F030009CEC03F01BBEF28E03C088F602C087F67C
:10F0400001C086F600C085F6D8921B6AF2BE1B8E00
:10F05000F29E03C0BBF602C0BAF601C0B9F600C00A
:10F06000B8F60601BF6BBE6BBD6B7E0EBC6F0001B8
:10F0700069EC04F01BBEF28E1B6AF2BE1B8EF29E80
:10F0800003C0B7F602C0B6F601C0B5F600C0B4F6CC
:10F090004BEC04F01BBEF28E02C086F601C085F672
:10F0A0001B6AF2BE1B8EF29E02C0B1F601C0B0F622
:10F0B0000601B36B320EB26F0001C2EC13F01BBE3F
:10F0C000F28E02C003F002C002F012008E0E006E3B
:10F0D00088C601F087C602F0036A01AE05D0011EA2
:10F0E000021E022A01E1012A015209E102C001F0D7
:10F0F000026A080E005E015202E1006A0ED0D8904A
:10F1000001BE04D0023601360006F9D7060188AFE9
:10F1100002D0000102D0019E0001120006018151BF
:10F12000070B006E8131016E013201321F0E011694
:10F1300001508225E96E000E8321EA6EEFCF01F0C7
:10F14000002A01D00132002EFDD7010E0116000168
:04F150007FEFC4F099
:020000040001F9
:1000000004014B53D8A49CEFA1F0036A4F503C0F5E
:10001000E96E000E0320EA6EEF52D8A40CEF8AF0CE
:10002000010E375CF20FD8B0D8EF89F00E0F000147
:1000300059EFA6F020B095EF80F01B6AF2BE1B8E40
:10004000F29EA1C0B1F6A0C0B0F60601B36B320EAD
:10005000B26F0001C2EC13F01BBEF28E02C082F63A
:1000600001C081F61B6AF2BE1B8EF29E82C6B9F6F3
:1000700081C6B8F681EC03F01BBEF28ED8921B6AE3
:10008000F2BE1B8EF29E03C0BBF602C0BAF601C0E0
:10009000B9F600C0B8F6CD0E0601BF6F2C0EBE6FCC
:1000A0007A0EBD6F880EBC6F000169EC04F01BBEB8
:1000B000F28E03C084F602C083F601C082F600C04F
:1000C00081F61B6AF2BE1B8EF29E84C6BBF683C607
:1000D000BAF682C6B9F681C6B8F6A80E0601BF6F99
:1000E000C60EBE6F140EBD6F830EBC6F00019CEC7C
:1000F00003F01BBEF28E1B6AF2BE1B8EF29E03C083
:10010000B7F602C0B6F601C0B5F600C0B4F64BECC7
:1001100004F01BBEF28E02C007F101C006F107C158
:10012000FFF006C1FEF0010E366E0401D8EF89F033
:1001300020B213EF81F01B6AF2BE1B8EF29EA3C0A9
:10014000B1F6A2C0B0F60601B36B320EB26F000179
:10015000C2EC13F01BBEF28E02C082F601C081F623
:100160001B6AF2BE1B8EF29E82C6B9F681C6B8F635
:1001700081EC03F01BBEF28ED8921B6AF2BE1B8E7E
:10018000F29E03C0BBF602C0BAF601C0B9F600C0C9
:10019000B8F6660E0601BF6FC60EBE6F7F0EBD6F4E
:1001A000880EBC6F000169EC04F01BBEF28E03C028
:1001B00084F602C083F601C082F600C081F61B6A95
:1001C000F2BE1B8EF29E84C6BBF683C6BAF682C60A
:1001D000B9F681C6B8F6CD0E0601BF6FCC0EBE6F64
:1001E000130EBD6F830EBC6F00019CEC03F01BBEB1
:1001F000F28E1B6AF2BE1B8EF29E03C0B7F602C0DF
:10020000B6F601C0B5F600C0B4F64BEC04F01BBE68
:10021000F28E02C009F101C008F109C101F108C163
:1002200000F1020E366E0401D8EF89F020B490EF91
:1002300081F01B6AF2BE1B8EF29EA5C0B1F6A4C06F
:10024000B0F60601B36B320EB26F0001C2EC13F0D0
:100250001BBEF28E02C082F601C081F61B6AF2BE9E
:100260001B8EF29E82C6B9F681C6B8F681EC03F009
:100270001BBEF28ED8921B6AF2BE1B8EF29E03C08A
:10028000BBF602C0BAF601C0B9F600C0B8F6CD0E92
:100290000601BF6F2C0EBE6F7A0EBD6F880EBC6F4D
:1002A000000169EC04F01BBEF28E03C084F602C0AC
:1002B00083F601C082F600C081F61B6AF2BE1B8E77
:1002C000F29E84C6BBF683C6BAF682C6B9F681C66C
:1002D000B8F6A80E0601BF6FC60EBE6F140EBD6F36
:1002E000830EBC6F00019CEC03F01BBEF28E1B6AF8
:1002F000F2BE1B8EF29E03C0B7F602C0B6F601C076
:10030000B5F600C0B4F64BEC04F01BBEF28E02C092
:100310000BF101C00AF10BC103F10AC102F13684ED
:1003200020B60AEF82F01B6AF2BE1B8EF29EA7C0B7
:10033000B1F6A6C0B0F60601B36B320EB26F000183
:10034000C2EC13F01BBEF28E02C082F601C081F631
:100350001B6AF2BE1B8EF29E82C6B9F681C6B8F643
:1003600081EC03F01BBEF28ED8921B6AF2BE1B8E8C
:10037000F29E03C0BBF602C0BAF601C0B9F600C0D7
:10038000B8F6CD0E0601BF6F2C0EBE6F7A0EBD6F94
:10039000880EBC6F000169EC04F01BBEF28E03C036
:1003A00084F602C083F601C082F600C081F61B6AA3
:1003B000F2BE1B8EF29E84C6BBF683C6BAF682C618
:1003C000B9F681C6B8F6A80E0601BF6FC60EBE6F9D
:1003D000140EBD6F830EBC6F00019CEC03F01BBEBE
:1003E000F28E1B6AF2BE1B8EF29E03C0B7F602C0ED
:1003F000B6F601C0B5F600C0B4F64BEC04F01BBE77
:10040000F28E02C00DF101C00CF10DC105F10CC15D
:1004100004F136860401D8EF89F020B287EF82F02C
:100420001B6AF2BE1B8EF29EA3C0B1F6A2C0B0F64C
:100430000601B36B320EB26F0001C2EC13F01BBEAB
:10044000F28E02C082F601C081F61B6AF2BE1B8EDC
:10045000F29E82C6B9F681C6B8F681EC03F01BBEE7
:10046000F28ED8921B6AF2BE1B8EF29E03C0BBF6C0
:1004700002C0BAF601C0B9F600C0B8F6660E0601B1
:10048000BF6FC60EBE6F7F0EBD6F880EBC6F0001C2
:1004900069EC04F01BBEF28E03C084F602C083F642
:1004A00001C082F600C081F61B6AF2BE1B8EF29E6E
:1004B00084C6BBF683C6BAF682C6B9F681C6B8F65C
:1004C000CD0E0601BF6FCC0EBE6F130EBD6F830E37
:1004D000BC6F00019CEC03F01BBEF28E1B6AF2BEE7
:1004E0001B8EF29E03C0B7F602C0B6F601C0B5F689
:1004F00000C0B4F64BEC04F01BBEF28E02C009F152
:1005000001C008F109C101F108C100F1368220B62D
:1005100001EF83F01B6AF2BE1B8EF29EA7C0B1F6FC
:10052000A6C0B0F60601B36B320EB26F0001C2EC8A
:1005300013F01BBEF28E02C082F601C081F61B6A68
:10054000F2BE1B8EF29E82C6B9F681C6B8F681EC69
:1005500003F01BBEF28ED8921B6AF2BE1B8EF29E77
:1005600003C0BBF602C0BAF601C0B9F600C0B8F6C7
:10057000CD0E0601BF6F2C0EBE6F7A0EBD6F880EBA
:10058000BC6F000169EC04F01BBEF28E03C084F660
:1005900002C083F601C082F600C081F61B6AF2BE7B
:1005A0001B8EF29E84C6BBF683C6BAF682C6B9F627
:1005B00081C6B8F6A80E0601BF6FC60EBE6F140E38
:1005C000BD6F830EBC6F00019CEC03F01BBEF28E6E
:1005D0001B6AF2BE1B8EF29E03C0B7F602C0B6F6CF
:1005E00001C0B5F600C0B4F64BEC04F01BBEF28EB1
:1005F00002C00DF101C00CF10DC105F10CC104F1F7
:1006000036860401D8EF89F020B47FEF83F01B6AAF
:10061000F2BE1B8EF29EA5C0B1F6A4C0B0F60601D4
:10062000B36B320EB26F0001C2EC13F01BBEF28E40
:1006300002C082F601C081F61B6AF2BE1B8EF29EDA
:1006400082C6B9F681C6B8F681EC03F01BBEF28E05
:10065000D8921B6AF2BE1B8EF29E03C0BBF602C08C
:10066000BAF601C0B9F600C0B8F6CD0E0601BF6FEC
:100670002C0EBE6F7A0EBD6F880EBC6F000169EC48
:1006800004F01BBEF28E03C084F602C083F601C0E4
:1006900082F600C081F61B6AF2BE1B8EF29E84C6F3
:1006A000BBF683C6BAF682C6B9F681C6B8F6A80EFE
:1006B0000601BF6FC60EBE6F140EBD6F830EBC6FFA
:1006C00000019CEC03F01BBEF28E1B6AF2BE1B8E77
:1006D000F29E03C0B7F602C0B6F601C0B5F600C080
:1006E000B4F64BEC04F01BBEF28E02C00BF101C05D
:1006F0000AF10BC103F10AC102F1040E366E0401C6
:10070000D8EF89F020B6FDEF83F01B6AF2BE1B8E96
:10071000F29EA7C0B1F6A6C0B0F60601B36B320ECA
:10072000B26F0001C2EC13F01BBEF28E02C082F663
:1007300001C081F61B6AF2BE1B8EF29E82C6B9F61C
:1007400081C6B8F681EC03F01BBEF28ED8921B6A0C
:10075000F2BE1B8EF29E03C0BBF602C0BAF601C009
:10076000B9F600C0B8F6CD0E0601BF6F2C0EBE6FF5
:100770007A0EBD6F880EBC6F000169EC04F01BBEE1
:10078000F28E03C084F602C083F601C082F600C078
:1007900081F61B6AF2BE1B8EF29E84C6BBF683C630
:1007A000BAF682C6B9F681C6B8F6A80E0601BF6FC2
:1007B000C60EBE6F140EBD6F830EBC6F00019CECA5
:1007C00003F01BBEF28E1B6AF2BE1B8EF29E03C0AC
:1007D000B7F602C0B6F601C0B5F600C0B4F64BECF1
:1007E00004F01BBEF28E02C00DF101C00CF10DC170
:1007F00005F10CC104F1080E366E0401D8EF89F042
:1008000020B081EF84F06653D8B40AEF84F0662DEF
:1008100081EF84F01B6AF2BE1B8EF29EA1C0B1F67E
:10082000A0C0B0F60601B36B320EB26F0001C2EC8D
:1008300013F01BBEF28E02C082F601C081F61B6A65
:10084000F2BE1B8EF29E82C6B9F681C6B8F681EC66
:1008500003F01BBEF28ED8921B6AF2BE1B8EF29E74
:1008600003C0BBF602C0BAF601C0B9F600C0B8F6C4
:10087000CD0E0601BF6F2C0EBE6F7A0EBD6F880EB7
:10088000BC6F000169EC04F01BBEF28E03C084F65D
:1008900002C083F601C082F600C081F61B6AF2BE78
:1008A0001B8EF29E84C6BBF683C6BAF682C6B9F624
:1008B00081C6B8F6A80E0601BF6FC60EBE6F140E35
:1008C000BD6F830EBC6F00019CEC03F01BBEF28E6B
:1008D0001B6AF2BE1B8EF29E03C0B7F602C0B6F6CC
:1008E00001C0B5F600C0B4F64BEC04F01BBEF28EAE
:1008F00002C007F101C006F107C1FFF006C1FEF01A
:10090000368020B204EF85F06653D8B48DEF84F0C2
:1009100066510208D8A404EF85F01B6AF2BE1B8E54
:10092000F29EA3C0B1F6A2C0B0F60601B36B320EC0
:10093000B26F0001C2EC13F01BBEF28E02C082F651
:1009400001C081F61B6AF2BE1B8EF29E82C6B9F60A
:1009500081C6B8F681EC03F01BBEF28ED8921B6AFA
:10096000F2BE1B8EF29E03C0BBF602C0BAF601C0F7
:10097000B9F600C0B8F6660E0601BF6FC60EBE6FB0
:100980007F0EBD6F880EBC6F000169EC04F01BBECA
:10099000F28E03C084F602C083F601C082F600C066
:1009A00081F61B6AF2BE1B8EF29E84C6BBF683C61E
:1009B000BAF682C6B9F681C6B8F6CD0E0601BF6F8B
:1009C000CC0EBE6F130EBD6F830EBC6F00019CEC8E
:1009D00003F01BBEF28E1B6AF2BE1B8EF29E03C09A
:1009E000B7F602C0B6F601C0B5F600C0B4F64BECDF
:1009F00004F01BBEF28E02C009F101C008F109C16A
:100A000001F108C100F136820401D8EF89F020B26B
:100A100081EF85F01B6AF2BE1B8EF29EA3C0B1F679
:100A2000A2C0B0F60601B36B320EB26F0001C2EC89
:100A300013F01BBEF28E02C082F601C081F61B6A63
:100A4000F2BE1B8EF29E82C6B9F681C6B8F681EC64
:100A500003F01BBEF28ED8921B6AF2BE1B8EF29E72
:100A600003C0BBF602C0BAF601C0B9F600C0B8F6C2
:100A7000660E0601BF6FC60EBE6F7F0EBD6F880E7D
:100A8000BC6F000169EC04F01BBEF28E03C084F65B
:100A900002C083F601C082F600C081F61B6AF2BE76
:100AA0001B8EF29E84C6BBF683C6BAF682C6B9F622
:100AB00081C6B8F6CD0E0601BF6FCC0EBE6F130E09
:100AC000BD6F830EBC6F00019CEC03F01BBEF28E69
:100AD0001B6AF2BE1B8EF29E03C0B7F602C0B6F6CA
:100AE00001C0B5F600C0B4F64BEC04F01BBEF28EAC
:100AF00002C009F101C008F109C101F108C100F10A
:100B0000368220B4FBEF85F01B6AF2BE1B8EF29E8C
:100B1000A5C0B1F6A4C0B0F60601B36B320EB26F39
:100B20000001C2EC13F01BBEF28E02C082F601C0BF
:100B300081F61B6AF2BE1B8EF29E82C6B9F681C692
:100B4000B8F681EC03F01BBEF28ED8921B6AF2BE9F
:100B50001B8EF29E03C0BBF602C0BAF601C0B9F606
:100B600000C0B8F6CD0E0601BF6F2C0EBE6F7A0E18
:100B7000BD6F880EBC6F000169EC04F01BBEF28EE5
:100B800003C084F602C083F601C082F600C081F67D
:100B90001B6AF2BE1B8EF29E84C6BBF683C6BAF6F3
:100BA00082C6B9F681C6B8F6A80E0601BF6FC60E9A
:100BB000BE6F140EBD6F830EBC6F00019CEC03F082
:100BC0001BBEF28E1B6AF2BE1B8EF29E03C0B7F6EE
:100BD00002C0B6F601C0B5F600C0B4F64BEC04F0A6
:100BE0001BBEF28E02C00BF101C00AF10BC103F172
:100BF0000AC102F1368420B675EF86F01B6AF2BE98
:100C00001B8EF29EA7C0B1F6A6C0B0F60601B36B6C
:100C1000320EB26F0001C2EC13F01BBEF28E02C0A6
:100C200082F601C081F61B6AF2BE1B8EF29E82C65E
:100C3000B9F681C6B8F681EC03F01BBEF28ED892ED
:100C40001B6AF2BE1B8EF29E03C0BBF602C0BAF650
:100C500001C0B9F600C0B8F6CD0E0601BF6F2C0E6C
:100C6000BE6F7A0EBD6F880EBC6F000169EC04F098
:100C70001BBEF28E03C084F602C083F601C082F66A
:100C800000C081F61B6AF2BE1B8EF29E84C6BBF6C4
:100C900083C6BAF682C6B9F681C6B8F6A80E0601B2
:100CA000BF6FC60EBE6F140EBD6F830EBC6F00010A
:100CB0009CEC03F01BBEF28E1B6AF2BE1B8EF29EF2
:100CC00003C0B7F602C0B6F601C0B5F600C0B4F670
:100CD0004BEC04F01BBEF28E02C00DF101C00CF112
:100CE0000DC105F10CC104F136860401D8EF89F07D
:100CF00020B2F2EF86F01B6AF2BE1B8EF29EA3C0FA
:100D0000B1F6A2C0B0F60601B36B320EB26F0001AD
:100D1000C2EC13F01BBEF28E02C082F601C081F657
:100D20001B6AF2BE1B8EF29E82C6B9F681C6B8F669
:100D300081EC03F01BBEF28ED8921B6AF2BE1B8EB2
:100D4000F29E03C0BBF602C0BAF601C0B9F600C0FD
:100D5000B8F6660E0601BF6FC60EBE6F7F0EBD6F82
:100D6000880EBC6F000169EC04F01BBEF28E03C05C
:100D700084F602C083F601C082F600C081F61B6AC9
:100D8000F2BE1B8EF29E84C6BBF683C6BAF682C63E
:100D9000B9F681C6B8F6CD0E0601BF6FCC0EBE6F98
:100DA000130EBD6F830EBC6F00019CEC03F01BBEE5
:100DB000F28E1B6AF2BE1B8EF29E03C0B7F602C013
:100DC000B6F601C0B5F600C0B4F64BEC04F01BBE9D
:100DD000F28E02C009F101C008F109C101F108C198
:100DE00000F1368220B46CEF87F01B6AF2BE1B8ED6
:100DF000F29EA5C0B1F6A4C0B0F60601B36B320EE8
:100E0000B26F0001C2EC13F01BBEF28E02C082F67C
:100E100001C081F61B6AF2BE1B8EF29E82C6B9F635
:100E200081C6B8F681EC03F01BBEF28ED8921B6A25
:100E3000F2BE1B8EF29E03C0BBF602C0BAF601C022
:100E4000B9F600C0B8F6CD0E0601BF6F2C0EBE6F0E
:100E50007A0EBD6F880EBC6F000169EC04F01BBEFA
:100E6000F28E03C084F602C083F601C082F600C091
:100E700081F61B6AF2BE1B8EF29E84C6BBF683C649
:100E8000BAF682C6B9F681C6B8F6A80E0601BF6FDB
:100E9000C60EBE6F140EBD6F830EBC6F00019CECBE
:100EA00003F01BBEF28E1B6AF2BE1B8EF29E03C0C5
:100EB000B7F602C0B6F601C0B5F600C0B4F64BEC0A
:100EC00004F01BBEF28E02C00BF101C00AF10BC18F
:100ED00003F10AC102F136840401D8EF89F020B091
:100EE000E9EF87F01B6AF2BE1B8EF29EA1C0B1F63D
:100EF000A0C0B0F60601B36B320EB26F0001C2ECB7
:100F000013F01BBEF28E02C082F601C081F61B6A8E
:100F1000F2BE1B8EF29E82C6B9F681C6B8F681EC8F
:100F200003F01BBEF28ED8921B6AF2BE1B8EF29E9D
:100F300003C0BBF602C0BAF601C0B9F600C0B8F6ED
:100F4000CD0E0601BF6F2C0EBE6F7A0EBD6F880EE0
:100F5000BC6F000169EC04F01BBEF28E03C084F686
:100F600002C083F601C082F600C081F61B6AF2BEA1
:100F70001B8EF29E84C6BBF683C6BAF682C6B9F64D
:100F800081C6B8F6A80E0601BF6FC60EBE6F140E5E
:100F9000BD6F830EBC6F00019CEC03F01BBEF28E94
:100FA0001B6AF2BE1B8EF29E03C0B7F602C0B6F6F5
:100FB00001C0B5F600C0B4F64BEC04F01BBEF28ED7
:100FC00002C007F101C006F107C1FFF006C1FEF043
:100FD000368020B463EF88F01B6AF2BE1B8EF29E4F
:100FE000A5C0B1F6A4C0B0F60601B36B320EB26F65
:100FF0000001C2EC13F01BBEF28E02C082F601C0EB
:1010000081F61B6AF2BE1B8EF29E82C6B9F681C6BD
:10101000B8F681EC03F01BBEF28ED8921B6AF2BECA
:101020001B8EF29E03C0BBF602C0BAF601C0B9F631
:1010300000C0B8F6CD0E0601BF6F2C0EBE6F7A0E43
:10104000BD6F880EBC6F000169EC04F01BBEF28E10
:1010500003C084F602C083F601C082F600C081F6A8
:101060001B6AF2BE1B8EF29E84C6BBF683C6BAF61E
:1010700082C6B9F681C6B8F6A80E0601BF6FC60EC5
:10108000BE6F140EBD6F830EBC6F00019CEC03F0AD
:101090001BBEF28E1B6AF2BE1B8EF29E03C0B7F619
:1010A00002C0B6F601C0B5F600C0B4F64BEC04F0D1
:1010B0001BBEF28E02C00BF101C00AF10BC103F19D
:1010C0000AC102F136840401D8EF89F020B0E0EFC4
:1010D00088F01B6AF2BE1B8EF29EA1C0B1F6A0C0C2
:1010E000B0F60601B36B320EB26F0001C2EC13F022
:1010F0001BBEF28E02C082F601C081F61B6AF2BEF0
:101100001B8EF29E82C6B9F681C6B8F681EC03F05A
:101110001BBEF28ED8921B6AF2BE1B8EF29E03C0DB
:10112000BBF602C0BAF601C0B9F600C0B8F6CD0EE3
:101130000601BF6F2C0EBE6F7A0EBD6F880EBC6F9E
:10114000000169EC04F01BBEF28E03C084F602C0FD
:1011500083F601C082F600C081F61B6AF2BE1B8EC8
:10116000F29E84C6BBF683C6BAF682C6B9F681C6BD
:10117000B8F6A80E0601BF6FC60EBE6F140EBD6F87
:10118000830EBC6F00019CEC03F01BBEF28E1B6A49
:10119000F2BE1B8EF29E03C0B7F602C0B6F601C0C7
:1011A000B5F600C0B4F64BEC04F01BBEF28E02C0E4
:1011B00007F101C006F107C1FFF006C1FEF036805D
:1011C00020B25AEF89F01B6AF2BE1B8EF29EA3C0BA
:1011D000B1F6A2C0B0F60601B36B320EB26F0001D9
:1011E000C2EC13F01BBEF28E02C082F601C081F683
:1011F0001B6AF2BE1B8EF29E82C6B9F681C6B8F695
:1012000081EC03F01BBEF28ED8921B6AF2BE1B8EDD
:10121000F29E03C0BBF602C0BAF601C0B9F600C028
:10122000B8F6660E0601BF6FC60EBE6F7F0EBD6FAD
:10123000880EBC6F000169EC04F01BBEF28E03C087
:1012400084F602C083F601C082F600C081F61B6AF4
:10125000F2BE1B8EF29E84C6BBF683C6BAF682C669
:10126000B9F681C6B8F6CD0E0601BF6FCC0EBE6FC3
:10127000130EBD6F830EBC6F00019CEC03F01BBE10
:10128000F28E1B6AF2BE1B8EF29E03C0B7F602C03E
:10129000B6F601C0B5F600C0B4F64BEC04F01BBEC8
:1012A000F28E02C009F101C008F109C101F108C1C3
:1012B00000F1368220B4D4EF89F01B6AF2BE1B8E97
:1012C000F29EA5C0B1F6A4C0B0F60601B36B320E13
:1012D000B26F0001C2EC13F01BBEF28E02C082F6A8
:1012E00001C081F61B6AF2BE1B8EF29E82C6B9F661
:1012F00081C6B8F681EC03F01BBEF28ED8921B6A51
:10130000F2BE1B8EF29E03C0BBF602C0BAF601C04D
:10131000B9F600C0B8F6CD0E0601BF6F2C0EBE6F39
:101320007A0EBD6F880EBC6F000169EC04F01BBE25
:10133000F28E03C084F602C083F601C082F600C0BC
:1013400081F61B6AF2BE1B8EF29E84C6BBF683C674
:10135000BAF682C6B9F681C6B8F6A80E0601BF6F06
:10136000C60EBE6F140EBD6F830EBC6F00019CECE9
:1013700003F01BBEF28E1B6AF2BE1B8EF29E03C0F0
:10138000B7F602C0B6F601C0B5F600C0B4F64BEC35
:1013900004F01BBEF28E02C00BF101C00AF10BC1BA
:1013A00003F10AC102F136840401D8EF89F0040187
:1013B00020B0E9EF89F000016653D8B4E6EF89F078
:1013C000662D01D003D00401E9EF89F0F76BF66BCD
:1013D000040120B2FBEF89F000016653D8B4F8EFA6
:1013E00089F066510208D8B403D00401FBEF89F0FC
:1013F000F96BF86B040120B402EF8AF00001FB6B7B
:10140000FA6B040120B609EF8AF00001FD6BFC6B5A
:1014100004012A90CAEF9DF02A80010E375CF20F7A
:10142000D8B0CAEF9DF00E0F000177EFA6F020B004
:1014300031EF8BF01FC107F11EC106F107C1FFF0AC
:1014400006C1FEF01B6AF2BE1B8EF29E1FC1B9F6EA
:101450001EC1B8F681EC03F01BBEF28E03C0FBF197
:1014600002C0FAF101C0F9F100C0F8F17953D8A433
:101470005DEF8AF078510908D8A05DEF8AF0036A21
:101480004F503C0FE96E000E0320EA6E1B6AF2BE5D
:101490001B8EF29E0601B16BEFCFB0F679C0B3F6AA
:1014A00078C0B2F60001C2EC13F01BBEF28E02C08F
:1014B000F7F001C0F6F069EF8AF0036A4F503C0F75
:1014C000E96E000E0320EA6EEF500A0DF350F76B41
:1014D000F66F1B6AF2BE1B8EF29EA1C0B1F6A0C0D1
:1014E000B0F60601B36B320EB26F0001C2EC13F01E
:1014F0001BBEF28E02C082F601C081F61B6AF2BEEC
:101500001B8EF29E82C6B9F681C6B8F681EC03F056
:101510001BBEF28ED8921B6AF2BE1B8EF29E03C0D7
:10152000BBF602C0BAF601C0B9F600C0B8F6CD0EDF
:101530000601BF6F2C0EBE6F7A0EBD6F880EBC6F9A
:10154000000169EC04F01BBEF28E03C084F602C0F9
:1015500083F601C082F600C081F61B6AF2BE1B8EC4
:10156000F29E84C6BBF683C6BAF682C6B9F681C6B9
:10157000B8F6A80E0601BF6FC60EBE6F140EBD6F83
:10158000830EBC6F00019CEC03F01BBEF28E03C007
:1015900084F602C083F601C082F600C081F61B6AA1
:1015A000F2BE1B8EF29E1FC1B9F61EC1B8F681ECC9
:1015B00003F01BBEF28ED8821B6AF2BE1B8EF29E17
:1015C00084C6BBF683C6BAF682C6B9F681C6B8F63B
:1015D00003C0BFF602C0BEF601C0BDF600C0BCF637
:1015E00069EC04F01BBEF28E03C084F602C083F6E1
:1015F00001C082F600C081F61B6AF2BE1B8EF29E0D
:10160000F7C0B9F6F6C0B8F681EC03F01BBEF28E57
:101610001B6AF2BE1B8EF29E84C6BBF683C6BAF668
:1016200082C6B9F681C6B8F603C0BFF602C0BEF6E0
:1016300001C0BDF600C0BCF69CEC03F01BBEF28EF0
:1016400003C0EBF102C0EAF101C0E9F100C0E8F12A
:101650000601816B81C6DEF504014C6B010E366E0E
:1016600000010401CAEF9DF020B44DEF8CF01FC1C2
:101670000BF11EC10AF10BC103F10AC102F11B6A91
:10168000F2BE1B8EF29E1FC1B9F61EC1B8F681ECE8
:1016900003F01BBEF28E03C003F202C002F201C0CF
:1016A00001F200C000F27D53D8A47AEF8BF07C5198
:1016B0000908D8A07AEF8BF0036A4F503C0FE96E0F
:1016C000000E0320EA6E1B6AF2BE1B8EF29E06011C
:1016D000B16BEFCFB0F67DC0B3F67CC0B2F60001BF
:1016E000C2EC13F01BBEF28E02C0FBF001C0FAF098
:1016F00086EF8BF0036A4F503C0FE96E000E03201B
:10170000EA6EEF500A0DF350FB6BFA6F1B6AF2BEE4
:101710001B8EF29EA5C0B1F6A4C0B0F60601B36B55
:10172000320EB26F0001C2EC13F01BBEF28E02C08B
:1017300082F601C081F61B6AF2BE1B8EF29E82C643
:10174000B9F681C6B8F681EC03F01BBEF28ED892D2
:101750001B6AF2BE1B8EF29E03C0BBF602C0BAF635
:1017600001C0B9F600C0B8F6CD0E0601BF6F2C0E51
:10177000BE6F7A0EBD6F880EBC6F000169EC04F07D
:101780001BBEF28E03C084F602C083F601C082F64F
:1017900000C081F61B6AF2BE1B8EF29E84C6BBF6A9
:1017A00083C6BAF682C6B9F681C6B8F6A80E060197
:1017B000BF6FC60EBE6F140EBD6F830EBC6F0001EF
:1017C0009CEC03F01BBEF28E03C084F602C083F6CD
:1017D00001C082F600C081F61B6AF2BE1B8EF29E2B
:1017E0001FC1B9F61EC1B8F681EC03F01BBEF28E24
:1017F000D8821B6AF2BE1B8EF29E84C6BBF683C6DD
:10180000BAF682C6B9F681C6B8F603C0BFF602C002
:10181000BEF601C0BDF600C0BCF669EC04F01BBE0C
:10182000F28E03C084F602C083F601C082F600C0C7
:1018300081F61B6AF2BE1B8EF29EFBC0B9F6FAC09F
:10184000B8F681EC03F01BBEF28E1B6AF2BE1B8E53
:10185000F29E84C6BBF683C6BAF682C6B9F681C6C6
:10186000B8F603C0BFF602C0BEF601C0BDF600C0A8
:10187000BCF69CEC03F01BBEF28E03C0F3F102C079
:10188000F2F101C0F1F100C0F0F10601816B81C6F7
:10189000E0F504014E6B3684000120B0CEEF8CF0F1
:1018A0001B6AF2BE1B8EF29EA7C0B1F6A6C0B0F6B0
:1018B0000601B36B320EB26F0001C2EC13F01BBE17
:1018C000F28E02C082F601C081F61B6AF2BE1B8E48
:1018D000F29E82C6B9F681C6B8F681EC03F01BBE53
:1018E000F28ED8921B6AF2BE1B8EF29E03C0BBF62C
:1018F00002C0BAF601C0B9F600C0B8F6CD0E0601B6
:10190000BF6F2C0EBE6F7A0EBD6F880EBC6F0001CC
:1019100069EC04F01BBEF28E03C084F602C083F6AD
:1019200001C082F600C081F61B6AF2BE1B8EF29ED9
:1019300084C6BBF683C6BAF682C6B9F681C6B8F6C7
:10194000A80E0601BF6FC60EBE6F140EBD6F830ECC
:10195000BC6F00019CEC03F01BBEF28E1B6AF2BE52
:101960001B8EF29E03C0B7F602C0B6F601C0B5F6F4
:1019700000C0B4F64BEC04F01BBEF28E02C00DF1B9
:1019800001C00CF10DC105F10CC104F10601816B20
:1019900081C6E1F504014F6B368600010401CAEFF0
:1019A0009DF020B2E4EF8DF01FC109F11EC108F1D6
:1019B00009C101F108C100F11B6AF2BE1B8EF29E43
:1019C0001FC1B9F61EC1B8F681EC03F01BBEF28E42
:1019D00003C0FFF102C0FEF101C0FDF100C0FCF147
:1019E0002BACF7EF8CF0CDC27BF0CCC27AF07B53FE
:1019F000D8A417EF8DF07A510908D8A017EF8DF011
:101A00001B6AF2BE1B8EF29E0601B16B3DC0B0F6A2
:101A10007BC0B3F67AC0B2F60001C2EC13F01BBE75
:101A2000F28E02C0F9F001C0F8F01CEF8DF03D50CD
:101A30000A0DF350F96BF86F1B6AF2BE1B8EF29E13
:101A4000A3C0B1F6A2C0B0F60601B36B320EB26FFE
:101A50000001C2EC13F01BBEF28E02C082F601C080
:101A600081F61B6AF2BE1B8EF29E82C6B9F681C653
:101A7000B8F681EC03F01BBEF28ED8921B6AF2BE60
:101A80001B8EF29E03C0BBF602C0BAF601C0B9F6C7
:101A900000C0B8F6660E0601BF6FC60EBE6F7F0EA1
:101AA000BD6F880EBC6F000169EC04F01BBEF28EA6
:101AB00003C084F602C083F601C082F600C081F63E
:101AC0001B6AF2BE1B8EF29E84C6BBF683C6BAF6B4
:101AD00082C6B9F681C6B8F6CD0E0601BF6FCC0E30
:101AE000BE6F130EBD6F830EBC6F00019CEC03F044
:101AF0001BBEF28E03C084F602C083F601C082F6DC
:101B000000C081F61B6AF2BE1B8EF29E1FC1B9F6A1
:101B10001EC1B8F681EC03F01BBEF28ED8821B6AA0
:101B2000F2BE1B8EF29E84C6BBF683C6BAF682C690
:101B3000B9F681C6B8F603C0BFF602C0BEF601C052
:101B4000BDF600C0BCF669EC04F01BBEF28E03C00B
:101B500084F602C083F601C082F600C081F61B6ADB
:101B6000F2BE1B8EF29EF9C0B9F6F8C0B8F681EC51
:101B700003F01BBEF28E1B6AF2BE1B8EF29E84C661
:101B8000BBF683C6BAF682C6B9F681C6B8F603C0FC
:101B9000BFF602C0BEF601C0BDF600C0BCF69CECAC
:101BA00003F01BBEF28E03C0EFF102C0EEF101C0E4
:101BB000EDF100C0ECF10601816B81C6DFF5040197
:101BC0004D6B020E366E00010401CAEF9DF020B28B
:101BD00000EF8FF01FC109F11EC108F109C101F129
:101BE00008C100F11B6AF2BE1B8EF29E1FC1B9F63E
:101BF0001EC1B8F681EC03F01BBEF28E03C0FFF1EC
:101C000002C0FEF101C0FDF100C0FCF17B53D8A47D
:101C10002DEF8EF07A510908D8A02DEF8EF0036ACF
:101C20004F503C0FE96E000E0320EA6E1B6AF2BEB5
:101C30001B8EF29E0601B16BEFCFB0F67BC0B3F600
:101C40007AC0B2F60001C2EC13F01BBEF28E02C0E5
:101C5000F9F001C0F8F039EF8EF0036A4F503C0FF5
:101C6000E96E000E0320EA6EEF500A0DF350F96B97
:101C7000F86F1B6AF2BE1B8EF29EA3C0B1F6A2C023
:101C8000B0F60601B36B320EB26F0001C2EC13F076
:101C90001BBEF28E02C082F601C081F61B6AF2BE44
:101CA0001B8EF29E82C6B9F681C6B8F681EC03F0AF
:101CB0001BBEF28ED8921B6AF2BE1B8EF29E03C030
:101CC000BBF602C0BAF601C0B9F600C0B8F6660E9F
:101CD0000601BF6FC60EBE6F7F0EBD6F880EBC6F54
:101CE000000169EC04F01BBEF28E03C084F602C052
:101CF00083F601C082F600C081F61B6AF2BE1B8E1D
:101D0000F29E84C6BBF683C6BAF682C6B9F681C611
:101D1000B8F6CD0E0601BF6FCC0EBE6F130EBD6FB1
:101D2000830EBC6F00019CEC03F01BBEF28E03C05F
:101D300084F602C083F601C082F600C081F61B6AF9
:101D4000F2BE1B8EF29E1FC1B9F61EC1B8F681EC21
:101D500003F01BBEF28ED8821B6AF2BE1B8EF29E6F
:101D600084C6BBF683C6BAF682C6B9F681C6B8F693
:101D700003C0BFF602C0BEF601C0BDF600C0BCF68F
:101D800069EC04F01BBEF28E03C084F602C083F639
:101D900001C082F600C081F61B6AF2BE1B8EF29E65
:101DA000F9C0B9F6F8C0B8F681EC03F01BBEF28EAC
:101DB0001B6AF2BE1B8EF29E84C6BBF683C6BAF6C1
:101DC00082C6B9F681C6B8F603C0BFF602C0BEF639
:101DD00001C0BDF600C0BCF69CEC03F01BBEF28E49
:101DE00003C0EFF102C0EEF101C0EDF100C0ECF173
:101DF0000601816B81C6DFF504014D6B368200015F
:101E000020B081EF8FF01B6AF2BE1B8EF29EA7C03E
:101E1000B1F6A6C0B0F60601B36B320EB26F000188
:101E2000C2EC13F01BBEF28E02C082F601C081F636
:101E30001B6AF2BE1B8EF29E82C6B9F681C6B8F648
:101E400081EC03F01BBEF28ED8921B6AF2BE1B8E91
:101E5000F29E03C0BBF602C0BAF601C0B9F600C0DC
:101E6000B8F6CD0E0601BF6F2C0EBE6F7A0EBD6F99
:101E7000880EBC6F000169EC04F01BBEF28E03C03B
:101E800084F602C083F601C082F600C081F61B6AA8
:101E9000F2BE1B8EF29E84C6BBF683C6BAF682C61D
:101EA000B9F681C6B8F6A80E0601BF6FC60EBE6FA2
:101EB000140EBD6F830EBC6F00019CEC03F01BBEC3
:101EC000F28E1B6AF2BE1B8EF29E03C0B7F602C0F2
:101ED000B6F601C0B5F600C0B4F64BEC04F01BBE7C
:101EE000F28E02C00DF101C00CF10DC105F10CC163
:101EF00004F10601816B81C6E1F504014F6B368068
:101F000000010401CAEF9DF020B49EEF90F01FC1C4
:101F10000BF11EC10AF10BC103F10AC102F11B6AE8
:101F2000F2BE1B8EF29E1FC1B9F61EC1B8F681EC3F
:101F300003F01BBEF28E03C003F202C002F201C026
:101F400001F200C000F27D53D8A4CAEF8FF07C519B
:101F50000908D8A0CAEF8FF0036A4F503C0FE96E12
:101F6000000E0320EA6E1B6AF2BE1B8EF29E060173
:101F7000B16BEFCFB0F67DC0B3F67CC0B2F6000116
:101F8000C2EC13F01BBEF28E02C0FBF001C0FAF0EF
:101F9000D6EF8FF0036A4F503C0FE96E000E03201E
:101FA000EA6EEF500A0DF350FB6BFA6F1B6AF2BE3C
:101FB0001B8EF29EA5C0B1F6A4C0B0F60601B36BAD
:101FC000320EB26F0001C2EC13F01BBEF28E02C0E3
:101FD00082F601C081F61B6AF2BE1B8EF29E82C69B
:101FE000B9F681C6B8F681EC03F01BBEF28ED8922A
:101FF0001B6AF2BE1B8EF29E03C0BBF602C0BAF68D
:1020000001C0B9F600C0B8F6CD0E0601BF6F2C0EA8
:10201000BE6F7A0EBD6F880EBC6F000169EC04F0D4
:102020001BBEF28E03C084F602C083F601C082F6A6
:1020300000C081F61B6AF2BE1B8EF29E84C6BBF600
:1020400083C6BAF682C6B9F681C6B8F6A80E0601EE
:10205000BF6FC60EBE6F140EBD6F830EBC6F000146
:102060009CEC03F01BBEF28E03C084F602C083F624
:1020700001C082F600C081F61B6AF2BE1B8EF29E82
:102080001FC1B9F61EC1B8F681EC03F01BBEF28E7B
:10209000D8821B6AF2BE1B8EF29E84C6BBF683C634
:1020A000BAF682C6B9F681C6B8F603C0BFF602C05A
:1020B000BEF601C0BDF600C0BCF669EC04F01BBE64
:1020C000F28E03C084F602C083F601C082F600C01F
:1020D00081F61B6AF2BE1B8EF29EFBC0B9F6FAC0F7
:1020E000B8F681EC03F01BBEF28E1B6AF2BE1B8EAB
:1020F000F29E84C6BBF683C6BAF682C6B9F681C61E
:10210000B8F603C0BFF602C0BEF601C0BDF600C0FF
:10211000BCF69CEC03F01BBEF28E03C0F3F102C0D0
:10212000F2F101C0F1F100C0F0F10601816B81C64E
:10213000E0F504014E6B040E366E00010401CAEF97
:102140009DF020B023EF91F01B6AF2BE1B8EF29E31
:10215000A7C0B1F6A6C0B0F60601B36B320EB26FDF
:102160000001C2EC13F01BBEF28E02C082F601C069
:1021700081F61B6AF2BE1B8EF29E82C6B9F681C63C
:10218000B8F681EC03F01BBEF28ED8921B6AF2BE49
:102190001B8EF29E03C0BBF602C0BAF601C0B9F6B0
:1021A00000C0B8F6CD0E0601BF6F2C0EBE6F7A0EC2
:1021B000BD6F880EBC6F000169EC04F01BBEF28E8F
:1021C00003C084F602C083F601C082F600C081F627
:1021D0001B6AF2BE1B8EF29E84C6BBF683C6BAF69D
:1021E00082C6B9F681C6B8F6A80E0601BF6FC60E44
:1021F000BE6F140EBD6F830EBC6F00019CEC03F02C
:102200001BBEF28E1B6AF2BE1B8EF29E03C0B7F697
:1022100002C0B6F601C0B5F600C0B4F64BEC04F04F
:102220001BBEF28E02C00DF101C00CF10DC105F113
:102230000CC104F10601816B81C6E1F504014F6B0D
:10224000080E366E00010401CAEF9DF020B03FEF8A
:1022500092F01FC107F11EC106F107C1FFF006C1D0
:10226000FEF01B6AF2BE1B8EF29E1FC1B9F61EC1A4
:10227000B8F681EC03F01BBEF28E03C0FBF102C086
:10228000FAF101C0F9F100C0F8F17953D8A46CEF6C
:1022900091F078510908D8A06CEF91F0036A4F5083
:1022A0003C0FE96E000E0320EA6E1B6AF2BE1B8E25
:1022B000F29E0601B16BEFCFB0F679C0B3F678C0ED
:1022C000B2F60001C2EC13F01BBEF28E02C0F7F0B2
:1022D00001C0F6F078EF91F0036A4F503C0FE96EC1
:1022E000000E0320EA6EEF500A0DF350F76BF66F05
:1022F0001B6AF2BE1B8EF29EA1C0B1F6A0C0B0F662
:102300000601B36B320EB26F0001C2EC13F01BBEBC
:10231000F28E02C082F601C081F61B6AF2BE1B8EED
:10232000F29E82C6B9F681C6B8F681EC03F01BBEF8
:10233000F28ED8921B6AF2BE1B8EF29E03C0BBF6D1
:1023400002C0BAF601C0B9F600C0B8F6CD0E06015B
:10235000BF6F2C0EBE6F7A0EBD6F880EBC6F000172
:1023600069EC04F01BBEF28E03C084F602C083F653
:1023700001C082F600C081F61B6AF2BE1B8EF29E7F
:1023800084C6BBF683C6BAF682C6B9F681C6B8F66D
:10239000A80E0601BF6FC60EBE6F140EBD6F830E72
:1023A000BC6F00019CEC03F01BBEF28E03C084F6F0
:1023B00002C083F601C082F600C081F61B6AF2BE3D
:1023C0001B8EF29E1FC1B9F61EC1B8F681EC03F058
:1023D0001BBEF28ED8821B6AF2BE1B8EF29E84C692
:1023E000BBF683C6BAF682C6B9F681C6B8F603C094
:1023F000BFF602C0BEF601C0BDF600C0BCF669EC77
:1024000004F01BBEF28E03C084F602C083F601C046
:1024100082F600C081F61B6AF2BE1B8EF29EF7C0E8
:10242000B9F6F6C0B8F681EC03F01BBEF28E1B6A5B
:10243000F2BE1B8EF29E84C6BBF683C6BAF682C677
:10244000B9F681C6B8F603C0BFF602C0BEF601C039
:10245000BDF600C0BCF69CEC03F01BBEF28E03C0C0
:10246000EBF102C0EAF101C0E9F100C0E8F10601B8
:10247000816B81C6DEF504014C6B3680000120B211
:1024800058EF93F01FC109F11EC108F109C101F114
:1024900008C100F11B6AF2BE1B8EF29E1FC1B9F685
:1024A0001EC1B8F681EC03F01BBEF28E03C0FFF133
:1024B00002C0FEF101C0FDF100C0FCF17B53D8A4C5
:1024C00085EF92F07A510908D8A085EF92F0036A5F
:1024D0004F503C0FE96E000E0320EA6E1B6AF2BEFD
:1024E0001B8EF29E0601B16BEFCFB0F67BC0B3F648
:1024F0007AC0B2F60001C2EC13F01BBEF28E02C02D
:10250000F9F001C0F8F091EF92F0036A4F503C0FE0
:10251000E96E000E0320EA6EEF500A0DF350F96BDE
:10252000F86F1B6AF2BE1B8EF29EA3C0B1F6A2C06A
:10253000B0F60601B36B320EB26F0001C2EC13F0BD
:102540001BBEF28E02C082F601C081F61B6AF2BE8B
:102550001B8EF29E82C6B9F681C6B8F681EC03F0F6
:102560001BBEF28ED8921B6AF2BE1B8EF29E03C077
:10257000BBF602C0BAF601C0B9F600C0B8F6660EE6
:102580000601BF6FC60EBE6F7F0EBD6F880EBC6F9B
:10259000000169EC04F01BBEF28E03C084F602C099
:1025A00083F601C082F600C081F61B6AF2BE1B8E64
:1025B000F29E84C6BBF683C6BAF682C6B9F681C659
:1025C000B8F6CD0E0601BF6FCC0EBE6F130EBD6FF9
:1025D000830EBC6F00019CEC03F01BBEF28E03C0A7
:1025E00084F602C083F601C082F600C081F61B6A41
:1025F000F2BE1B8EF29E1FC1B9F61EC1B8F681EC69
:1026000003F01BBEF28ED8821B6AF2BE1B8EF29EB6
:1026100084C6BBF683C6BAF682C6B9F681C6B8F6DA
:1026200003C0BFF602C0BEF601C0BDF600C0BCF6D6
:1026300069EC04F01BBEF28E03C084F602C083F680
:1026400001C082F600C081F61B6AF2BE1B8EF29EAC
:10265000F9C0B9F6F8C0B8F681EC03F01BBEF28EF3
:102660001B6AF2BE1B8EF29E84C6BBF683C6BAF608
:1026700082C6B9F681C6B8F603C0BFF602C0BEF680
:1026800001C0BDF600C0BCF69CEC03F01BBEF28E90
:1026900003C0EFF102C0EEF101C0EDF100C0ECF1BA
:1026A0000601816B81C6DFF504014D6B36820001A6
:1026B0000401CAEF9DF020B474EF94F01FC10BF138
:1026C0001EC10AF10BC103F10AC102F11B6AF2BE7D
:1026D0001B8EF29E1FC1B9F61EC1B8F681EC03F045
:1026E0001BBEF28E03C003F202C002F201C001F26F
:1026F00000C000F27D53D8A4A1EF93F07C510908EB
:10270000D8A0A1EF93F0036A4F503C0FE96E000E82
:102710000320EA6E1B6AF2BE1B8EF29E0601B16BAD
:10272000EFCFB0F67DC0B3F67CC0B2F60001C2ECCC
:1027300013F01BBEF28E02C0FBF001C0FAF0ADEF49
:1027400093F0036A4F503C0FE96E000E0320EA6ECF
:10275000EF500A0DF350FB6BFA6F1B6AF2BE1B8E33
:10276000F29EA5C0B1F6A4C0B0F60601B36B320E5E
:10277000B26F0001C2EC13F01BBEF28E02C082F6F3
:1027800001C081F61B6AF2BE1B8EF29E82C6B9F6AC
:1027900081C6B8F681EC03F01BBEF28ED8921B6A9C
:1027A000F2BE1B8EF29E03C0BBF602C0BAF601C099
:1027B000B9F600C0B8F6CD0E0601BF6F2C0EBE6F85
:1027C0007A0EBD6F880EBC6F000169EC04F01BBE71
:1027D000F28E03C084F602C083F601C082F600C008
:1027E00081F61B6AF2BE1B8EF29E84C6BBF683C6C0
:1027F000BAF682C6B9F681C6B8F6A80E0601BF6F52
:10280000C60EBE6F140EBD6F830EBC6F00019CEC34
:1028100003F01BBEF28E03C084F602C083F601C033
:1028200082F600C081F61B6AF2BE1B8EF29E1FC1AB
:10283000B9F61EC1B8F681EC03F01BBEF28ED88249
:102840001B6AF2BE1B8EF29E84C6BBF683C6BAF626
:1028500082C6B9F681C6B8F603C0BFF602C0BEF69E
:1028600001C0BDF600C0BCF669EC04F01BBEF28EE0
:1028700003C084F602C083F601C082F600C081F670
:102880001B6AF2BE1B8EF29EFBC0B9F6FAC0B8F608
:1028900081EC03F01BBEF28E1B6AF2BE1B8EF29E11
:1028A00084C6BBF683C6BAF682C6B9F681C6B8F648
:1028B00003C0BFF602C0BEF601C0BDF600C0BCF644
:1028C0009CEC03F01BBEF28E03C0F3F102C0F2F1E8
:1028D00001C0F1F100C0F0F10601816B81C6E0F5A5
:1028E00004014E6B3684000120B28DEF95F01FC1BC
:1028F00009F11EC108F109C101F108C100F11B6A0B
:10290000F2BE1B8EF29E1FC1B9F61EC1B8F681EC55
:1029100003F01BBEF28E03C0FFF102C0FEF101C046
:10292000FDF100C0FCF17B53D8A4BAEF94F07A51CA
:102930000908D8A0BAEF94F0036A4F503C0FE96E33
:10294000000E0320EA6E1B6AF2BE1B8EF29E060189
:10295000B16BEFCFB0F67BC0B3F67AC0B2F6000130
:10296000C2EC13F01BBEF28E02C0F9F001C0F8F009
:10297000C6EF94F0036A4F503C0FE96E000E03203F
:10298000EA6EEF500A0DF350F96BF86F1B6AF2BE56
:102990001B8EF29EA3C0B1F6A2C0B0F60601B36BC7
:1029A000320EB26F0001C2EC13F01BBEF28E02C0F9
:1029B00082F601C081F61B6AF2BE1B8EF29E82C6B1
:1029C000B9F681C6B8F681EC03F01BBEF28ED89240
:1029D0001B6AF2BE1B8EF29E03C0BBF602C0BAF6A3
:1029E00001C0B9F600C0B8F6660E0601BF6FC60E8C
:1029F000BE6F7F0EBD6F880EBC6F000169EC04F0E6
:102A00001BBEF28E03C084F602C083F601C082F6BC
:102A100000C081F61B6AF2BE1B8EF29E84C6BBF616
:102A200083C6BAF682C6B9F681C6B8F6CD0E0601DF
:102A3000BF6FCC0EBE6F130EBD6F830EBC6F000157
:102A40009CEC03F01BBEF28E03C084F602C083F63A
:102A500001C082F600C081F61B6AF2BE1B8EF29E98
:102A60001FC1B9F61EC1B8F681EC03F01BBEF28E91
:102A7000D8821B6AF2BE1B8EF29E84C6BBF683C64A
:102A8000BAF682C6B9F681C6B8F603C0BFF602C070
:102A9000BEF601C0BDF600C0BCF669EC04F01BBE7A
:102AA000F28E03C084F602C083F601C082F600C035
:102AB00081F61B6AF2BE1B8EF29EF9C0B9F6F8C011
:102AC000B8F681EC03F01BBEF28E1B6AF2BE1B8EC1
:102AD000F29E84C6BBF683C6BAF682C6B9F681C634
:102AE000B8F603C0BFF602C0BEF601C0BDF600C016
:102AF000BCF69CEC03F01BBEF28E03C0EFF102C0EB
:102B0000EEF101C0EDF100C0ECF10601816B81C670
:102B1000DFF504014D6B3682000120B00EEF96F018
:102B20001B6AF2BE1B8EF29EA7C0B1F6A6C0B0F61D
:102B30000601B36B320EB26F0001C2EC13F01BBE84
:102B4000F28E02C082F601C081F61B6AF2BE1B8EB5
:102B5000F29E82C6B9F681C6B8F681EC03F01BBEC0
:102B6000F28ED8921B6AF2BE1B8EF29E03C0BBF699
:102B700002C0BAF601C0B9F600C0B8F6CD0E060123
:102B8000BF6F2C0EBE6F7A0EBD6F880EBC6F00013A
:102B900069EC04F01BBEF28E03C084F602C083F61B
:102BA00001C082F600C081F61B6AF2BE1B8EF29E47
:102BB00084C6BBF683C6BAF682C6B9F681C6B8F635
:102BC000A80E0601BF6FC60EBE6F140EBD6F830E3A
:102BD000BC6F00019CEC03F01BBEF28E1B6AF2BEC0
:102BE0001B8EF29E03C0B7F602C0B6F601C0B5F662
:102BF00000C0B4F64BEC04F01BBEF28E02C00DF127
:102C000001C00CF10DC105F10CC104F10601816B8D
:102C100081C6E1F504014F6B368600010401CAEF5D
:102C20009DF020B22AEF97F01FC109F11EC108F1F3
:102C300009C101F108C100F11B6AF2BE1B8EF29EB0
:102C40001FC1B9F61EC1B8F681EC03F01BBEF28EAF
:102C500003C0FFF102C0FEF101C0FDF100C0FCF1B4
:102C60007B53D8A457EF96F07A510908D8A057EFB4
:102C700096F0036A4F503C0FE96E000E0320EA6E97
:102C80001B6AF2BE1B8EF29E0601B16BEFCFB0F64F
:102C90007BC0B3F67AC0B2F60001C2EC13F01BBEE3
:102CA000F28E02C0F9F001C0F8F063EF96F0036A0B
:102CB0004F503C0FE96E000E0320EA6EEF500A0DF4
:102CC000F350F96BF86F1B6AF2BE1B8EF29EA3C025
:102CD000B1F6A2C0B0F60601B36B320EB26F0001BE
:102CE000C2EC13F01BBEF28E02C082F601C081F668
:102CF0001B6AF2BE1B8EF29E82C6B9F681C6B8F67A
:102D000081EC03F01BBEF28ED8921B6AF2BE1B8EC2
:102D1000F29E03C0BBF602C0BAF601C0B9F600C00D
:102D2000B8F6660E0601BF6FC60EBE6F7F0EBD6F92
:102D3000880EBC6F000169EC04F01BBEF28E03C06C
:102D400084F602C083F601C082F600C081F61B6AD9
:102D5000F2BE1B8EF29E84C6BBF683C6BAF682C64E
:102D6000B9F681C6B8F6CD0E0601BF6FCC0EBE6FA8
:102D7000130EBD6F830EBC6F00019CEC03F01BBEF5
:102D8000F28E03C084F602C083F601C082F600C052
:102D900081F61B6AF2BE1B8EF29E1FC1B9F61EC1E0
:102DA000B8F681EC03F01BBEF28ED8821B6AF2BE2D
:102DB0001B8EF29E84C6BBF683C6BAF682C6B9F6EF
:102DC00081C6B8F603C0BFF602C0BEF601C0BDF6AC
:102DD00000C0BCF669EC04F01BBEF28E03C084F6A2
:102DE00002C083F601C082F600C081F61B6AF2BE03
:102DF0001B8EF29EF9C0B9F6F8C0B8F681EC03F06C
:102E00001BBEF28E1B6AF2BE1B8EF29E84C6BBF600
:102E100083C6BAF682C6B9F681C6B8F603C0BFF655
:102E200002C0BEF601C0BDF600C0BCF69CEC03F0CB
:102E30001BBEF28E03C0EFF102C0EEF101C0EDF156
:102E400000C0ECF10601816B81C6DFF504014D6B1A
:102E50003682000120B443EF98F01FC10BF11EC170
:102E60000AF10BC103F10AC102F11B6AF2BE1B8E0B
:102E7000F29E1FC1B9F61EC1B8F681EC03F01BBE6D
:102E8000F28E03C003F202C002F201C001F200C0E0
:102E900000F27D53D8A470EF97F07C510908D8A0B8
:102EA00070EF97F0036A4F503C0FE96E000E03205D
:102EB000EA6E1B6AF2BE1B8EF29E0601B16BEFCF6B
:102EC000B0F67DC0B3F67CC0B2F60001C2EC13F0E0
:102ED0001BBEF28E02C0FBF001C0FAF07CEF97F04F
:102EE000036A4F503C0FE96E000E0320EA6EEF506C
:102EF0000A0DF350FB6BFA6F1B6AF2BE1B8EF29E3B
:102F0000A5C0B1F6A4C0B0F60601B36B320EB26F25
:102F10000001C2EC13F01BBEF28E02C082F601C0AB
:102F200081F61B6AF2BE1B8EF29E82C6B9F681C67E
:102F3000B8F681EC03F01BBEF28ED8921B6AF2BE8B
:102F40001B8EF29E03C0BBF602C0BAF601C0B9F6F2
:102F500000C0B8F6CD0E0601BF6F2C0EBE6F7A0E04
:102F6000BD6F880EBC6F000169EC04F01BBEF28ED1
:102F700003C084F602C083F601C082F600C081F669
:102F80001B6AF2BE1B8EF29E84C6BBF683C6BAF6DF
:102F900082C6B9F681C6B8F6A80E0601BF6FC60E86
:102FA000BE6F140EBD6F830EBC6F00019CEC03F06E
:102FB0001BBEF28E03C084F602C083F601C082F607
:102FC00000C081F61B6AF2BE1B8EF29E1FC1B9F6CD
:102FD0001EC1B8F681EC03F01BBEF28ED8821B6ACC
:102FE000F2BE1B8EF29E84C6BBF683C6BAF682C6BC
:102FF000B9F681C6B8F603C0BFF602C0BEF601C07E
:10300000BDF600C0BCF669EC04F01BBEF28E03C036
:1030100084F602C083F601C082F600C081F61B6A06
:10302000F2BE1B8EF29EFBC0B9F6FAC0B8F681EC78
:1030300003F01BBEF28E1B6AF2BE1B8EF29E84C68C
:10304000BBF683C6BAF682C6B9F681C6B8F603C027
:10305000BFF602C0BEF601C0BDF600C0BCF69CECD7
:1030600003F01BBEF28E03C0F3F102C0F2F101C007
:10307000F1F100C0F0F10601816B81C6E0F50401B9
:103080004E6B368400010401CAEF9DF020B05FEF63
:1030900099F01FC107F11EC106F107C1FFF006C17B
:1030A000FEF01B6AF2BE1B8EF29E1FC1B9F61EC156
:1030B000B8F681EC03F01BBEF28E03C0FBF102C038
:1030C000FAF101C0F9F100C0F8F17953D8A48CEFFE
:1030D00098F078510908D8A08CEF98F0036A4F5007
:1030E0003C0FE96E000E0320EA6E1B6AF2BE1B8ED7
:1030F000F29E0601B16BEFCFB0F679C0B3F678C09F
:10310000B2F60001C2EC13F01BBEF28E02C0F7F063
:1031100001C0F6F098EF98F0036A4F503C0FE96E4B
:10312000000E0320EA6EEF500A0DF350F76BF66FB6
:103130001B6AF2BE1B8EF29EA1C0B1F6A0C0B0F613
:103140000601B36B320EB26F0001C2EC13F01BBE6E
:10315000F28E02C082F601C081F61B6AF2BE1B8E9F
:10316000F29E82C6B9F681C6B8F681EC03F01BBEAA
:10317000F28ED8921B6AF2BE1B8EF29E03C0BBF683
:1031800002C0BAF601C0B9F600C0B8F6CD0E06010D
:10319000BF6F2C0EBE6F7A0EBD6F880EBC6F000124
:1031A00069EC04F01BBEF28E03C084F602C083F605
:1031B00001C082F600C081F61B6AF2BE1B8EF29E31
:1031C00084C6BBF683C6BAF682C6B9F681C6B8F61F
:1031D000A80E0601BF6FC60EBE6F140EBD6F830E24
:1031E000BC6F00019CEC03F01BBEF28E03C084F6A2
:1031F00002C083F601C082F600C081F61B6AF2BEEF
:103200001B8EF29E1FC1B9F61EC1B8F681EC03F009
:103210001BBEF28ED8821B6AF2BE1B8EF29E84C643
:10322000BBF683C6BAF682C6B9F681C6B8F603C045
:10323000BFF602C0BEF601C0BDF600C0BCF669EC28
:1032400004F01BBEF28E03C084F602C083F601C0F8
:1032500082F600C081F61B6AF2BE1B8EF29EF7C09A
:10326000B9F6F6C0B8F681EC03F01BBEF28E1B6A0D
:10327000F2BE1B8EF29E84C6BBF683C6BAF682C629
:10328000B9F681C6B8F603C0BFF602C0BEF601C0EB
:10329000BDF600C0BCF69CEC03F01BBEF28E03C072
:1032A000EBF102C0EAF101C0E9F100C0E8F106016A
:1032B000816B81C6DEF504014C6B3680000120B4C1
:1032C00078EF9AF01FC10BF11EC10AF10BC103F197
:1032D0000AC102F11B6AF2BE1B8EF29E1FC1B9F633
:1032E0001EC1B8F681EC03F01BBEF28E03C003F2E0
:1032F00002C002F201C001F200C000F27D53D8A466
:10330000A5EF99F07C510908D8A0A5EF99F0036AC0
:103310004F503C0FE96E000E0320EA6E1B6AF2BEAE
:103320001B8EF29E0601B16BEFCFB0F67DC0B3F6F7
:103330007CC0B2F60001C2EC13F01BBEF28E02C0DC
:10334000FBF001C0FAF0B1EF99F0036A4F503C0F67
:10335000E96E000E0320EA6EEF500A0DF350FB6B8E
:10336000FA6F1B6AF2BE1B8EF29EA5C0B1F6A4C016
:10337000B0F60601B36B320EB26F0001C2EC13F06F
:103380001BBEF28E02C082F601C081F61B6AF2BE3D
:103390001B8EF29E82C6B9F681C6B8F681EC03F0A8
:1033A0001BBEF28ED8921B6AF2BE1B8EF29E03C029
:1033B000BBF602C0BAF601C0B9F600C0B8F6CD0E31
:1033C0000601BF6F2C0EBE6F7A0EBD6F880EBC6FEC
:1033D000000169EC04F01BBEF28E03C084F602C04B
:1033E00083F601C082F600C081F61B6AF2BE1B8E16
:1033F000F29E84C6BBF683C6BAF682C6B9F681C60B
:10340000B8F6A80E0601BF6FC60EBE6F140EBD6FD4
:10341000830EBC6F00019CEC03F01BBEF28E03C058
:1034200084F602C083F601C082F600C081F61B6AF2
:10343000F2BE1B8EF29E1FC1B9F61EC1B8F681EC1A
:1034400003F01BBEF28ED8821B6AF2BE1B8EF29E68
:1034500084C6BBF683C6BAF682C6B9F681C6B8F68C
:1034600003C0BFF602C0BEF601C0BDF600C0BCF688
:1034700069EC04F01BBEF28E03C084F602C083F632
:1034800001C082F600C081F61B6AF2BE1B8EF29E5E
:10349000FBC0B9F6FAC0B8F681EC03F01BBEF28EA1
:1034A0001B6AF2BE1B8EF29E84C6BBF683C6BAF6BA
:1034B00082C6B9F681C6B8F603C0BFF602C0BEF632
:1034C00001C0BDF600C0BCF69CEC03F01BBEF28E42
:1034D00003C0F3F102C0F2F101C0F1F100C0F0F15C
:1034E0000601816B81C6E0F504014E6B3684000154
:1034F0000401CAEF9DF020B094EF9BF01FC107F1CB
:103500001EC106F107C1FFF006C1FEF01B6AF2BE44
:103510001B8EF29E1FC1B9F61EC1B8F681EC03F0F6
:103520001BBEF28E03C0FBF102C0FAF101C0F9F13B
:1035300000C0F8F17953D8A4C1EF9AF07851090886
:10354000D8A0C1EF9AF0036A4F503C0FE96E000E0D
:103550000320EA6E1B6AF2BE1B8EF29E0601B16B5F
:10356000EFCFB0F679C0B3F678C0B2F60001C2EC86
:1035700013F01BBEF28E02C0F7F001C0F6F0CDEFE3
:103580009AF0036A4F503C0FE96E000E0320EA6E7A
:10359000EF500A0DF350F76BF66F1B6AF2BE1B8EED
:1035A000F29EA1C0B1F6A0C0B0F60601B36B320E18
:1035B000B26F0001C2EC13F01BBEF28E02C082F6A5
:1035C00001C081F61B6AF2BE1B8EF29E82C6B9F65E
:1035D00081C6B8F681EC03F01BBEF28ED8921B6A4E
:1035E000F2BE1B8EF29E03C0BBF602C0BAF601C04B
:1035F000B9F600C0B8F6CD0E0601BF6F2C0EBE6F37
:103600007A0EBD6F880EBC6F000169EC04F01BBE22
:10361000F28E03C084F602C083F601C082F600C0B9
:1036200081F61B6AF2BE1B8EF29E84C6BBF683C671
:10363000BAF682C6B9F681C6B8F6A80E0601BF6F03
:10364000C60EBE6F140EBD6F830EBC6F00019CECE6
:1036500003F01BBEF28E03C084F602C083F601C0E5
:1036600082F600C081F61B6AF2BE1B8EF29E1FC15D
:10367000B9F61EC1B8F681EC03F01BBEF28ED882FB
:103680001B6AF2BE1B8EF29E84C6BBF683C6BAF6D8
:1036900082C6B9F681C6B8F603C0BFF602C0BEF650
:1036A00001C0BDF600C0BCF669EC04F01BBEF28E92
:1036B00003C084F602C083F601C082F600C081F622
:1036C0001B6AF2BE1B8EF29EF7C0B9F6F6C0B8F6C2
:1036D00081EC03F01BBEF28E1B6AF2BE1B8EF29EC3
:1036E00084C6BBF683C6BAF682C6B9F681C6B8F6FA
:1036F00003C0BFF602C0BEF601C0BDF600C0BCF6F6
:103700009CEC03F01BBEF28E03C0EBF102C0EAF1A9
:1037100001C0E9F100C0E8F10601816B81C6DEF568
:1037200004014C6B3680000120B2ADEF9CF01FC14C
:1037300009F11EC108F109C101F108C100F11B6ABC
:10374000F2BE1B8EF29E1FC1B9F61EC1B8F681EC07
:1037500003F01BBEF28E03C0FFF102C0FEF101C0F8
:10376000FDF100C0FCF17B53D8A4DAEF9BF07A5155
:103770000908D8A0DAEF9BF0036A4F503C0FE96EBE
:10378000000E0320EA6E1B6AF2BE1B8EF29E06013B
:10379000B16BEFCFB0F67BC0B3F67AC0B2F60001E2
:1037A000C2EC13F01BBEF28E02C0F9F001C0F8F0BB
:1037B000E6EF9BF0036A4F503C0FE96E000E0320CA
:1037C000EA6EEF500A0DF350F96BF86F1B6AF2BE08
:1037D0001B8EF29EA3C0B1F6A2C0B0F60601B36B79
:1037E000320EB26F0001C2EC13F01BBEF28E02C0AB
:1037F00082F601C081F61B6AF2BE1B8EF29E82C663
:10380000B9F681C6B8F681EC03F01BBEF28ED892F1
:103810001B6AF2BE1B8EF29E03C0BBF602C0BAF654
:1038200001C0B9F600C0B8F6660E0601BF6FC60E3D
:10383000BE6F7F0EBD6F880EBC6F000169EC04F097
:103840001BBEF28E03C084F602C083F601C082F66E
:1038500000C081F61B6AF2BE1B8EF29E84C6BBF6C8
:1038600083C6BAF682C6B9F681C6B8F6CD0E060191
:10387000BF6FCC0EBE6F130EBD6F830EBC6F000109
:103880009CEC03F01BBEF28E03C084F602C083F6EC
:1038900001C082F600C081F61B6AF2BE1B8EF29E4A
:1038A0001FC1B9F61EC1B8F681EC03F01BBEF28E43
:1038B000D8821B6AF2BE1B8EF29E84C6BBF683C6FC
:1038C000BAF682C6B9F681C6B8F603C0BFF602C022
:1038D000BEF601C0BDF600C0BCF669EC04F01BBE2C
:1038E000F28E03C084F602C083F601C082F600C0E7
:1038F00081F61B6AF2BE1B8EF29EF9C0B9F6F8C0C3
:10390000B8F681EC03F01BBEF28E1B6AF2BE1B8E72
:10391000F29E84C6BBF683C6BAF682C6B9F681C6E5
:10392000B8F603C0BFF602C0BEF601C0BDF600C0C7
:10393000BCF69CEC03F01BBEF28E03C0EFF102C09C
:10394000EEF101C0EDF100C0ECF10601816B81C622
:10395000DFF504014D6B3682000120B4C6EF9DF007
:103960001FC10BF11EC10AF10BC103F10AC102F123
:103970001B6AF2BE1B8EF29E1FC1B9F61EC1B8F6BD
:1039800081EC03F01BBEF28E03C003F202C002F210
:1039900001C001F200C000F27D53D8A4F3EF9CF007
:1039A0007C510908D8A0F3EF9CF0036A4F503C0FFC
:1039B000E96E000E0320EA6E1B6AF2BE1B8EF29EB9
:1039C0000601B16BEFCFB0F67DC0B3F67CC0B2F6A6
:1039D0000001C2EC13F01BBEF28E02C0FBF001C06E
:1039E000FAF0FFEF9CF0036A4F503C0FE96E000EB7
:1039F0000320EA6EEF500A0DF350FB6BFA6F1B6A5F
:103A0000F2BE1B8EF29EA5C0B1F6A4C0B0F60601B0
:103A1000B36B320EB26F0001C2EC13F01BBEF28E1C
:103A200002C082F601C081F61B6AF2BE1B8EF29EB6
:103A300082C6B9F681C6B8F681EC03F01BBEF28EE1
:103A4000D8921B6AF2BE1B8EF29E03C0BBF602C068
:103A5000BAF601C0B9F600C0B8F6CD0E0601BF6FC8
:103A60002C0EBE6F7A0EBD6F880EBC6F000169EC24
:103A700004F01BBEF28E03C084F602C083F601C0C0
:103A800082F600C081F61B6AF2BE1B8EF29E84C6CF
:103A9000BBF683C6BAF682C6B9F681C6B8F6A80EDA
:103AA0000601BF6FC60EBE6F140EBD6F830EBC6FD6
:103AB00000019CEC03F01BBEF28E03C084F602C032
:103AC00083F601C082F600C081F61B6AF2BE1B8E2F
:103AD000F29E1FC1B9F61EC1B8F681EC03F01BBE01
:103AE000F28ED8821B6AF2BE1B8EF29E84C6BBF693
:103AF00083C6BAF682C6B9F681C6B8F603C0BFF669
:103B000002C0BEF601C0BDF600C0BCF669EC04F010
:103B10001BBEF28E03C084F602C083F601C082F69B
:103B200000C081F61B6AF2BE1B8EF29EFBC0B9F686
:103B3000FAC0B8F681EC03F01BBEF28E1B6AF2BE2F
:103B40001B8EF29E84C6BBF683C6BAF682C6B9F651
:103B500081C6B8F603C0BFF602C0BEF601C0BDF60E
:103B600000C0BCF69CEC03F01BBEF28E03C0F3F168
:103B700002C0F2F101C0F1F100C0F0F10601816B69
:103B800081C6E0F504014E6B368400010401CAEFE2
:103B90009DF00401010E375CF20FD8B09AEFA1F04E
:103BA0000E0F000195EFA6F020B002EF9EF02080EE
:103BB000FFC002F0FEC001F00232013202320132D7
:103BC000023201C06FFF02320230300B006E6E50C5
:103BD000CF0B00106E6E3052D8B402EF9EF007C1CA
:103BE00002F006C101F00232013202320132023229
:103BF00001C072FF02320230300B006E7150CF0BE9
:103C00000010716E04019AEFA1F020B433EF9EF022
:103C1000208403C102F002C101F0023201320232FB
:103C20000132023201C075FF02320230300B006EE9
:103C30007450CF0B0010746E3252D8B433EF9EF034
:103C40000BC102F00AC101F002320132023201322C
:103C5000023201C078FF02320230300B006E775022
:103C6000CF0B0010776E20B05DEF9EF0208005C175
:103C700002F004C101F0023201320232013202329A
:103C800001C06FFF02320230300B006E6E50CF0B5E
:103C900000106E6E0DC102F00CC101F00232013253
:103CA00002320132023201C072FF02320230300BA6
:103CB000006E7150CF0B0010716E04019AEFA1F0ED
:103CC00020B290EF9EF0208201C102F000C101F00D
:103CD0000232013202320132023201C044FF0232AA
:103CE0000230300B006E0F014351CF0B0010436FB9
:103CF0003152D8B48FEF9EF009C102F008C101F033
:103D00000232013202320132023201C047FF023276
:103D10000230300B006E4651CF0B0010466F000191
:103D200004019AEFA1F020B2C3EF9EF0208201C1FE
:103D300002F000C101F002320132023201320232DD
:103D400001C044FF02320230300B006E0F014351BC
:103D5000CF0B0010436F3152D8B4C2EF9EF009C1AF
:103D600002F008C101F002320132023201320232A5
:103D700001C047FF02320230300B006E4651CF0BBC
:103D80000010466F000120B0EDEF9EF0208005C1CD
:103D900002F004C101F00232013202320132023279
:103DA00001C075FF02320230300B006E7450CF0B31
:103DB0000010746E0DC102F00CC101F0023201322C
:103DC00002320132023201C078FF02320230300B7F
:103DD000006E7750CF0B0010776E04019AEFA1F0C0
:103DE00020B41EEF9FF0208403C102F002C101F055
:103DF0000232013202320132023201C075FF023258
:103E00000230300B006E7450CF0B0010746E3252C3
:103E1000D8B41EEF9FF00BC102F00AC101F00232CC
:103E2000013202320132023201C078FF0232023026
:103E3000300B006E7750CF0B0010776E04019AEFB5
:103E4000A1F020B04BEF9FF0208005C102F004C12B
:103E500001F00232013202320132023201C06FFF40
:103E600002320230300B006E6E50CF0B00106E6EBF
:103E70000DC102F00CC101F00232013202320132F6
:103E8000023201C072FF02320230300B006E7150FC
:103E9000CF0B0010716E04019AEFA1F020B083EFF8
:103EA0009FF06653D8B458EF9FF0662D83EF9FF0D4
:103EB0002080FFC002F0FEC001F002320132023267
:103EC0000132023201C06FFF02320230300B006E4D
:103ED0006E50CF0B00106E6E3052D8B483EF9FF04F
:103EE00007C102F006C101F0023201320232013292
:103EF000023201C072FF02320230300B006E71508C
:103F0000CF0B0010716E20B2BCEF9FF06653D8B497
:103F10008FEF9FF066510208D8A4BCEF9FF020827B
:103F200001C102F000C101F002320132023201325D
:103F3000023201C044FF02320230300B006E0F012A
:103F40004351CF0B0010436F3152D8B4BBEF9FF0F9
:103F500009C102F008C101F002320132023201321D
:103F6000023201C047FF02320230300B006E465170
:103F7000CF0B0010466F000104019AEFA1F020B4AE
:103F8000EDEF9FF0208403C102F002C101F0023284
:103F9000013202320132023201C075FF02320230B8
:103FA000300B006E7450CF0B0010746E3252D8B4C8
:103FB000EDEF9FF00BC102F00AC101F002320132B5
:103FC00002320132023201C078FF02320230300B7D
:103FD000006E7750CF0B0010776E20B21DEFA0F06F
:103FE000208201C102F000C101F00232013202322E
:103FF0000132023201C044FF02320230300B006E47
:104000000F014351CF0B0010436F3152D8B41CEF56
:10401000A0F009C102F008C101F0023201320232FF
:104020000132023201C047FF02320230300B006E13
:104030004651CF0B0010466F000120B047EFA0F0B3
:10404000208005C102F004C101F0023201320232C7
:104050000132023201C06FFF02320230300B006EBB
:104060006E50CF0B00106E6E0DC102F00CC101F04E
:104070000232013202320132023201C072FF0232D8
:104080000230300B006E7150CF0B0010716E0401C6
:104090009AEFA1F020B27AEFA0F0208201C102F0E5
:1040A00000C101F00232013202320132023201C09B
:1040B00044FF02320230300B006E0F014351CF0B30
:1040C0000010436F3152D8B479EFA0F009C102F06B
:1040D00008C101F00232013202320132023201C063
:1040E00047FF02320230300B006E4651CF0B0010FA
:1040F000466F000120B4A8EFA0F0208403C102F0B5
:1041000002C101F00232013202320132023201C038
:1041100075FF02320230300B006E7450CF0B00106E
:10412000746E3252D8B4A8EFA0F00BC102F00AC1ED
:1041300001F00232013202320132023201C078FF54
:1041400002320230300B006E7750CF0B0010776ECA
:1041500004019AEFA1F020B0D9EFA0F02080FFC0B9
:1041600002F0FEC001F002320132023201320232AC
:1041700001C06FFF02320230300B006E6E50CF0B69
:1041800000106E6E3052D8B4D9EFA0F007C102F023
:1041900006C101F00232013202320132023201C0A4
:1041A00072FF02320230300B006E7150CF0B0010E4
:1041B000716E20B407EFA1F0208403C102F002C1A8
:1041C00001F00232013202320132023201C075FFC7
:1041D00002320230300B006E7450CF0B0010746E40
:1041E0003252D8B407EFA1F00BC102F00AC101F0BE
:1041F0000232013202320132023201C078FF023251
:104200000230300B006E7750CF0B0010776E040138
:104210009AEFA1F020B038EFA1F02080FFC002F0AB
:10422000FEC001F00232013202320132023201C01C
:104230006FFF02320230300B006E6E50CF0B001059
:104240006E6E3052D8B438EFA1F007C102F006C14B
:1042500001F00232013202320132023201C072FF39
:1042600002320230300B006E7150CF0B0010716EB5
:1042700020B268EFA1F0208201C102F000C101F07C
:104280000232013202320132023201C044FF0232F4
:104290000230300B006E0F014351CF0B0010436F03
:1042A0003152D8B467EFA1F009C102F008C101F0A2
:1042B0000232013202320132023201C047FF0232C1
:1042C0000230300B006E4651CF0B0010466F0001DC
:1042D00020B496EFA1F0208403C102F002C101F0E6
:1042E0000232013202320132023201C075FF023263
:1042F0000230300B006E7450CF0B0010746E3252CF
:10430000D8B496EFA1F00BC102F00AC101F002325D
:10431000013202320132023201C078FF0232023031
:10432000300B006E7750CF0B0010776E04019AEFC0
:10433000A1F0040144EFA6F04B2DB4EFA2F01FC191
:1043400037F11EC136F10201C153D8B4ACEFA1F070
:1043500037C139F136C138F11B6AF2BE1B8EF29EAD
:104360001FC1B9F61EC1B8F6000181EC03F01BBEF7
:10437000F28E03C003F202C002F201C001F200C0DB
:1043800000F2FB6B020EFA6F1B6AF2BE1B8EF29EEE
:10439000C3C2B1F6C2C2B0F60601B36B640EB26F0F
:1043A0000001C2EC13F01BBEF28E02C082F601C007
:1043B00081F61B6AF2BE1B8EF29E82C6B9F681C6DA
:1043C000B8F681EC03F01BBEF28ED8921B6AF2BEE7
:1043D0001B8EF29E03C0BBF602C0BAF601C0B9F64E
:1043E00000C0B8F6CD0E0601BF6F2C0EBE6F7A0E60
:1043F000BD6F880EBC6F000169EC04F01BBEF28E2D
:1044000003C084F602C083F601C082F600C081F6C4
:104410001B6AF2BE1B8EF29E84C6BBF683C6BAF63A
:1044200082C6B9F681C6B8F6A80E0601BF6FC60EE1
:10443000BE6F140EBD6F830EBC6F00019CEC03F0C9
:104440001BBEF28E03C084F602C083F601C082F662
:1044500000C081F61B6AF2BE1B8EF29E1FC1B9F628
:104460001EC1B8F681EC03F01BBEF28ED8821B6A27
:10447000F2BE1B8EF29E84C6BBF683C6BAF682C617
:10448000B9F681C6B8F603C0BFF602C0BEF601C0D9
:10449000BDF600C0BCF669EC04F01BBEF28E03C092
:1044A00084F602C083F601C082F600C081F61B6A62
:1044B000F2BE1B8EF29EFBC0B9F6FAC0B8F681ECD4
:1044C00003F01BBEF28E1B6AF2BE1B8EF29E84C6E8
:1044D000BBF683C6BAF682C6B9F681C6B8F603C083
:1044E000BFF602C0BEF601C0BDF600C0BCF69CEC33
:1044F00003F01BBEF28E03C0F3F102C0F2F101C063
:10450000F1F100C0F0F137C102F036C101F0023222
:10451000013202320132023201C075FF0232023032
:10452000300B006E7450CF0B0010746E0201C1533B
:10453000D8B4AEEFA2F039C102F038C101F00232B6
:10454000013202320132023201C078FF02320230FF
:10455000300B006E7750CF0B0010776E040E366E66
:104560002A8045EFA6F004014B510208D8A456EF6B
:10457000A4F04A52D8A4C1EFA2F04B52D8B4C4EF71
:10458000A2F053A350EFA3F053931B6AF2BE1B8E0D
:10459000F29E3BC1B1F63AC1B0F60601B36B320EE2
:1045A000B26F0001C2EC13F01BBEF28E02C082F6A5
:1045B00001C081F61B6AF2BE1B8EF29E82C6B9F65E
:1045C00081C6B8F681EC03F01BBEF28ED8921B6A4E
:1045D000F2BE1B8EF29E03C0BBF602C0BAF601C04B
:1045E000B9F600C0B8F6850E0601BF6FEB0EBE6FC0
:1045F000190EBD6F880EBC6F000169EC04F01BBE84
:10460000F28E03C084F602C083F601C082F600C0B9
:1046100081F61B6AF2BE1B8EF29E84C6BBF683C671
:10462000BAF682C6B9F681C6B8F6660E0601BF6F45
:10463000BE6F420EBD6F820EBC6F00019CEC03F09A
:104640001BBEF28E1B6AF2BE1B8EF29E03C0B7F633
:1046500002C0B6F601C0B5F600C0B4F64BEC04F0EB
:104660001BBEF28E02C043F101C042F1F96BF86B40
:1046700043C102F042C101F0023201320232013282
:10468000023201C044FF02320230300B006E0F01D3
:104690004351CF0B0010436F2A9051EFA4F0040157
:1046A0001FC143F11EC142F11B6AF2BE1B8EF29E76
:1046B0001FC1B9F61EC1B8F6000181EC03F01BBEA4
:1046C000F28E03C0FFF102C0FEF101C0FDF100C097
:1046D000FCF11B6AF2BE1B8EF29E4BC0B1F64AC0C3
:1046E000B0F60601B36B0A0EB26F0001C2EC13F014
:1046F0001BBEF28E02C0F9F001C0F8F01B6AF2BED8
:104700001B8EF29E3BC1B1F63AC1B0F60601B36B07
:10471000320EB26F0001C2EC13F01BBEF28E02C06B
:1047200082F601C081F61B6AF2BE1B8EF29E82C623
:10473000B9F681C6B8F681EC03F01BBEF28ED892B2
:104740001B6AF2BE1B8EF29E03C0BBF602C0BAF615
:1047500001C0B9F600C0B8F6850E0601BF6FEB0EBA
:10476000BE6F190EBD6F880EBC6F000169EC04F0BE
:104770001BBEF28E03C084F602C083F601C082F62F
:1047800000C081F61B6AF2BE1B8EF29E84C6BBF689
:1047900083C6BAF682C6B9F681C6B8F6660E0601B9
:1047A000BF6FBE6F420EBD6F820EBC6F00019CECEE
:1047B00003F01BBEF28E03C084F602C083F601C074
:1047C00082F600C081F61B6AF2BE1B8EF29E1FC1EC
:1047D000B9F61EC1B8F681EC03F01BBEF28ED8828A
:1047E0001B6AF2BE1B8EF29E84C6BBF683C6BAF667
:1047F00082C6B9F681C6B8F603C0BFF602C0BEF6DF
:1048000001C0BDF600C0BCF669EC04F01BBEF28E20
:1048100003C084F602C083F601C082F600C081F6B0
:104820001B6AF2BE1B8EF29EF9C0B9F6F8C0B8F64C
:1048300081EC03F01BBEF28E1B6AF2BE1B8EF29E51
:1048400084C6BBF683C6BAF682C6B9F681C6B8F688
:1048500003C0BFF602C0BEF601C0BDF600C0BCF684
:104860009CEC03F01BBEF28E03C0EFF102C0EEF130
:1048700001C0EDF100C0ECF143C102F042C101F012
:104880000232013202320132023201C044FF0232EE
:104890000230300B006E0F014351CF0B0010436FFD
:1048A0002A80020E366E44EFA6F004014B51030835
:1048B000D8A444EFA6F02AA4D7EFA4F053932A94E7
:1048C0000001F96BF86B2A90DBC14FF1DAC14EF1B0
:1048D000D9C151F1D8C150F1000E956E8C94956EEE
:1048E0008C92956E8C9A956E8C9C3452D8B4A3EFB2
:1048F000A4F04FC102F04EC101F002320132023287
:104900000132023201C044FF02320230300B006E2D
:104910000F014351CF0B0010436F51C102F050C142
:1049200001F00232013202320132023201C047FF8D
:1049300002320230300B006E4651CF0B0010466F32
:10494000D3EFA4F0000104016C53D8A4BFEFA4F08E
:104950004FC102F04EC101F0023201320232013287
:10496000023201C044FF02320230300B006E0F01F0
:104970004351CF0B0010436FD3EFA4F0040151C19A
:1049800002F050C101F00232013202320132023231
:1049900001C047FF02320230300B006E0F0146515A
:1049A000CF0B0010466F2A9042EFA6F004011FC102
:1049B000DBF11EC1DAF11FC1D9F11EC1D8F11FC14F
:1049C0004FF11EC14EF14FC151F14EC150F11B6A62
:1049D000F2BE1B8EF29E1FC1B9F61EC1B8F60001D1
:1049E00081EC03F01BBEF28E03C0FFF102C0FEF1AA
:1049F00001C0FDF100C0FCF101014D53D8A41EEF30
:104A0000A5F04C510908D8A01EEFA5F01B6AF2BE14
:104A10001B8EF29E0601B16B4DC0B0F64DC1B3F6D0
:104A20004CC1B2F60001C2EC13F01BBEF28E02C004
:104A3000F9F001C0F8F024EFA5F001014D500A0D86
:104A4000F3500001F96BF86F1B6AF2BE1B8EF29EE9
:104A500047C1B1F646C1B0F60601B36B320EB26F74
:104A60000001C2EC13F01BBEF28E02C082F601C040
:104A700081F61B6AF2BE1B8EF29E82C6B9F681C613
:104A8000B8F681EC03F01BBEF28ED8921B6AF2BE20
:104A90001B8EF29E03C0BBF602C0BAF601C0B9F687
:104AA00000C0B8F6660E0601BF6FC60EBE6F7F0E61
:104AB000BD6F880EBC6F000169EC04F01BBEF28E66
:104AC00003C084F602C083F601C082F600C081F6FE
:104AD0001B6AF2BE1B8EF29E84C6BBF683C6BAF674
:104AE00082C6B9F681C6B8F6CD0E0601BF6FCC0EF0
:104AF000BE6F130EBD6F830EBC6F00019CEC03F004
:104B00001BBEF28E03C084F602C083F601C082F69B
:104B100000C081F61B6AF2BE1B8EF29E1FC1B9F661
:104B20001EC1B8F681EC03F01BBEF28ED8821B6A60
:104B3000F2BE1B8EF29E84C6BBF683C6BAF682C650
:104B4000B9F681C6B8F603C0BFF602C0BEF601C012
:104B5000BDF600C0BCF669EC04F01BBEF28E03C0CB
:104B600084F602C083F601C082F600C081F61B6A9B
:104B7000F2BE1B8EF29EF9C0B9F6F8C0B8F681EC11
:104B800003F01BBEF28E1B6AF2BE1B8EF29E84C621
:104B9000BBF683C6BAF682C6B9F681C6B8F603C0BC
:104BA000BFF602C0BEF601C0BDF600C0BCF69CEC6C
:104BB00003F01BBEF28E03C0EFF102C0EEF101C0A4
:104BC000EDF100C0ECF13452D8B411EFA6F04FC1B2
:104BD00002F04EC101F002320132023201320232E1
:104BE00001C044FF02320230300B006E0F0143510E
:104BF000CF0B0010436F51C102F050C101F00232DF
:104C0000013202320132023201C047FF0232023069
:104C1000300B006E4651CF0B0010466F41EFA6F0EF
:104C2000000104016C53D8A42DEFA6F04FC102F08F
:104C30004EC101F00232013202320132023201C0B1
:104C400044FF02320230300B006E0F014351CF0B94
:104C50000010436F41EFA6F0040151C102F050C1B2
:104C600001F00232013202320132023201C047FF4A
:104C700002320230300B006E0F014651CF0B001094
:104C8000466F2A80020E366E0201040E0601816F05
:104C9000FA0E826F000196EC26F00601812FF8D7FC
:104CA00036C0E5F5100E816F0001FFEC65F0258E32
:104CB0001200E824F76AF736D30FF66E4C0EF7228F
:104CC000010EF86EFB6E0A00F550FA6E0800F55002
:104CD000F96E3400300100080806DE0EF00CCC102E
:104CE0000407AE131A04AE132C02AE130E0AE82406
:104CF000F76AF7360F0FF66E4D0EF722010EF86EBB
:104D0000FB6E0A00F550FA6E0800F550F96E2E148D
:104D1000A2194C22081F8C30222CF6344221923BDF
:104D2000CE1B923B6816923BB626E824F76AF7360C
:104D30004B0FF66E4D0EF722010EF86EFB6E0A0059
:104D4000F550FA6E0800F550F96EA83BC03C9C3E49
:104D5000E03D564194401442423E3243263D3243A8
:104D60000A3C32437E3F06013B813C6B3D6B3E6B10
:104D70003F6B406B416B426B436B446B456B466BC7
:104D8000476B496B486B4B6B4A6B4D6B4C6B4F6B76
:104D90004E6B3B93516B506B556B546B536B526B1B
:104DA0003B953B97576B566B5B6B5A6B596B586BCC
:104DB0005F6B5E6B5D6B5C6B616B606B636B626B9F
:104DC000656B646B676B666B6B6B6A6B6C6B6D6B47
:104DD0006E6B706B6F6B726B716B766B756B746BEC
:104DE000736B776B786B7C6B7B6B7A6B796B806B9F
:104DF0007F6B7E6B7D6B3A51F90FD8B016D3070FDE
:104E00000001FFEFCBF0D5C04BF6D4C04AF6D3C0BB
:104E100049F6D2C048F6D7C04DF6D6C04CF6D9C038
:104E20004FF6D8C04EF606013B9330B03B833B971C
:104E300022B03B87F7C057F6F6C056F6EBC15BF6DB
:104E4000EAC15AF6E9C159F6E8C158F6FBC15FF666
:104E5000FAC15EF6F9C15DF6F8C15CF6FFC061F615
:104E6000FEC060F607C163F606C162F60FC165F6C3
:104E70000EC164F617C167F616C166F61B6AF2BE6C
:104E80001B8EF29EA1C0B1F6A0C0B0F6B36B320E7D
:104E9000B26F0001C2EC13F01BBEF28E02C051F6DD
:104EA00001C050F606013B9523B03B85776B83C06C
:104EB0007CF682C07BF681C07AF680C079F693C01A
:104EC00080F692C07FF691C07EF690C07DF6ADD29E
:104ED0002BA847D02AB045D01B6AF2BE1B8EF29E8B
:104EE00018C3B7F617C3B6F616C3B5F615C3B4F6AE
:104EF0004BEC04F01BBEF28E02C051F601C050F61E
:104F00001B6AF2BE1B8EF29EFEC2B7F6FDC2B6F65B
:104F1000FCC2B5F6FBC2B4F64BEC04F01BBEF28E3D
:104F200002C061F601C060F61B6AF2BE1B8EF29EE3
:104F3000FEC2B7F6FDC2B6F6FCC2B5F6FBC2B4F6C9
:104F40004BEC04F01BBEF28E02C063F601C062F6A9
:104F500011C165F610C164F619C167F618C166F68D
:104F600025D01B6AF2BE1B8EF29EA3C0B1F6A2C072
:104F7000B0F60601B36B320EB26F0001C2EC13F053
:104F80001BBEF28E02C051F601C050F601C161F69F
:104F900000C160F609C163F608C162F611C165F689
:104FA00010C164F619C167F618C166F601016451B3
:104FB0000001DC5D06014A6F010165510001DD5908
:104FC00006014B6F010164510001DA5D0601486F73
:104FD000010165510001DB590601496FDFC04DF643
:104FE000DEC04CF6E1C04FF6E0C04EF63B9331B068
:104FF0003B833B9722B23B87F9C057F6F8C056F681
:10500000EFC15BF6EEC15AF6EDC159F6ECC158F6A8
:10501000FFC15FF6FEC15EF6FDC15DF6FCC15CF648
:105020002BA802D0576B566B3B9523B23B85010EE4
:10503000776F87C07CF686C07BF685C07AF684C021
:1050400079F697C080F696C07FF695C07EF694C03C
:105050007DF6EBD1E5C04BF6E4C04AF6E3C049F675
:10506000E2C048F6E7C04DF6E6C04CF6E9C04FF6A0
:10507000E8C04EF606013B9332B03B833B9722B427
:105080003B87FBC057F6FAC056F6F3C15BF6F2C198
:105090005AF6F1C159F6F0C158F603C25FF602C2E2
:1050A0005EF601C25DF600C25CF603C161F602C1A4
:1050B00060F60BC163F60AC162F613C165F612C150
:1050C00064F61BC167F61AC166F61B6AF2BE1B8E38
:1050D000F29EA5C0B1F6A4C0B0F6B36B320EB26FAB
:1050E0000001C2EC13F01BBEF28E02C051F601C0EB
:1050F00050F606013B9523B43B85020E776F8BC0BB
:105100007CF68AC07BF689C07AF688C079F69BC0A7
:1051100080F69AC07FF699C07EF698C07DF685D15C
:10512000D5C04BF6D4C04AF6D3C049F6D2C048F633
:10513000D7C04DF6D6C04CF6D9C04FF6D8C04EF603
:1051400006013B833B9722B63B87576B566B5B6BE5
:105150005A6B596B586B5F6B5E6B5D6B5C6B05C11B
:1051600061F604C160F60DC163F60CC162F615C1AB
:1051700065F614C164F61DC167F61CC166F61B6AAC
:10518000F2BE1B8EF29EA7C0B1F6A6C0B0F6B36BFE
:10519000320EB26F0001C2EC13F01BBEF28E02C0E1
:1051A00051F601C050F606013B9523B63B85776B5F
:1051B0008FC07CF68EC07BF68DC07AF68CC079F6F7
:1051C0009FC080F69EC07FF69DC07EF69CC07DF697
:1051D0002CD1E5C04BF6E4C04AF6E3C049F6E2C084
:1051E00048F6E7C04DF6E6C04CF6E9C04FF6E8C019
:1051F0004EF606013B930201C1A103D006013B8399
:10520000020106013B9722B43B87FBC057F6FAC068
:1052100056F6F3C15BF6F2C15AF6F1C159F6F0C188
:1052200058F603C25FF602C25EF601C25DF600C226
:105230005CF637C161F636C160F639C163F638C134
:1052400062F613C165F612C164F61BC167F61AC196
:1052500066F61B6AF2BE1B8EF29EC3C2B1F6C2C2D4
:10526000B0F6B36B640EB26F0001C2EC13F01BBE5C
:10527000F28E02C051F601C050F606013B9523B4F0
:105280003B85020E776F7C6B7B6BB8C27AF6B7C238
:1052900079F6806B7F6BB8C27EF6B7C27DF6C5D05B
:1052A000DDC04BF6DCC04AF6DBC049F6DAC048F692
:1052B000DFC04DF6DEC04CF6E1C04FF6E0C04EF662
:1052C00006013B933B9722B23B87F9C057F6F8C0E3
:1052D00056F6EFC15BF6EEC15AF6EDC159F6ECC1D8
:1052E00058F6FFC15FF6FEC15EF6FDC15DF6FCC17A
:1052F0005CF643C161F642C160F6636B626B11C13B
:1053000065F610C164F6676B666B1B6AF2BE1B8E96
:10531000F29E3BC1B1F63AC1B0F6B36B320EB26F3A
:105320000001C2EC13F01BBEF28E02C051F601C0A8
:1053300050F606013B9523B23B85010E776F28821C
:1053400074D0010164510001DC5D06014A6F010166
:1053500065510001DD5906014B6F010164510001E7
:10536000DA5D0601486F010165510001DB59060154
:10537000496FDFC04DF6DEC04CF6E1C04FF6E0C02D
:105380004EF63B9334B03B833B9722B23B87F9C048
:1053900057F6F8C056F6EFC15BF6EEC15AF6EDC10E
:1053A00059F6ECC158F6FFC15FF6FEC15EF6FDC1CD
:1053B0005DF6FCC15CF64FC161F64EC160F651C1AD
:1053C00063F650C162F611C165F610C164F619C1E9
:1053D00067F618C166F61B6AF2BE1B8EF29E47C1C5
:1053E000B1F646C1B0F6B36B320EB26F0001C2EC3B
:1053F00013F01BBEF28E02C051F601C050F606013A
:105400003B9523B23B85010E776F6CC478F67C6BBD
:105410007B6B4BC17AF64AC179F6806B7F6B4BC1CF
:105420007EF64AC17DF601D006013A510608D8A49D
:10543000D6D03452D8A4D3D004016C53D8A402D00F
:105440000601CDD04BC682F64AC681F6000135EC86
:1054500032F002C03FF601C03EF6000E06013BB539
:10546000010E816F4FC683F64EC682F681C684F662
:105470000001CFEC32F003C047F602C046F601C08F
:1054800045F600C044F63FC63DF63EC63CF647C66C
:1054900043F646C642F645C641F644C640F61B6A88
:1054A000F2BE1B8EF29E0601BB6B240EBA6F740E09
:1054B000B96F920EB86F47C6BFF646C6BEF645C670
:1054C000BDF644C6BCF6000103EC06F01BBEF28E2E
:1054D00003C084F602C083F601C082F600C081F6E4
:1054E0001B6AF2BE1B8EF29E3FC6B9F63EC6B8F6E8
:1054F00081EC03F01BBEF28E1B6AF2BE1B8EF29E85
:1055000084C6BBF683C6BAF682C6B9F681C6B8F6BB
:1055100003C0BFF602C0BEF601C0BDF600C0BCF6B7
:105520009CEC03F01BBEF28E1B6AF2BE1B8EF29E39
:1055300003C0BBF602C0BAF601C0B9F600C0B8F6A7
:10554000E2EC05F01BBEF28E03C055F602C054F625
:1055500001C053F600C052F61B6AF2BE1B8EF29ECB
:105560000601BB6BBA6B100EB96F810EB86F47C6E0
:10557000BFF646C6BEF645C6BDF644C6BCF600013B
:10558000A5EC05F01BBEF28E08E306013BA502D098
:10559000000103D03B8520D000011B6AF2BE1B8EA8
:1055A000F29E47C6BBF646C6BAF645C6B9F644C62D
:1055B000B8F60601BF6BBE6BBD6B810EBC6F000100
:1055C000A5EC05F01BBEF28E01E207E106013BB53A
:1055D00002D0000102D03B95000131D10601040147
:1055E0004B2D04D02BA602D0D1EFC7F049C682F6CE
:1055F00048C681F6000135EC32F002C03DF601C02C
:105600003CF6000E06013BB5010E816F4DC683F6D8
:105610004CC682F681C684F60001CFEC32F003C09E
:1056200043F602C042F601C041F600C040F6060152
:105630003BA323D04BC682F64AC681F6000135EC67
:1056400032F002C03FF601C03EF6000E06013BB547
:10565000010E816F4FC683F64EC682F681C684F670
:105660000001CFEC32F003C047F602C046F601C09D
:1056700045F600C044F60ED006013DC63FF63CC6D6
:105680003EF643C647F642C646F641C645F640C614
:1056900044F600011B6AF2BE1B8EF29E0601BB6B34
:1056A000240EBA6F740EB96F920EB86F43C6BFF670
:1056B00042C6BEF641C6BDF640C6BCF6000103ECCC
:1056C00006F01BBEF28E03C084F602C083F601C052
:1056D00082F600C081F61B6AF2BE1B8EF29E3DC6AA
:1056E000B9F63CC6B8F681EC03F01BBEF28E1B6A1D
:1056F000F2BE1B8EF29E84C6BBF683C6BAF682C685
:10570000B9F681C6B8F603C0BFF602C0BEF601C046
:10571000BDF600C0BCF69CEC03F01BBEF28E1B6A0B
:10572000F2BE1B8EF29E03C0BBF602C0BAF601C0E9
:10573000B9F600C0B8F6E2EC05F01BBEF28E03C06D
:1057400055F602C054F601C053F600C052F61B6A6B
:10575000F2BE1B8EF29E0601BB6BBA6B100EB96FC8
:10576000810EB86F43C6BFF642C6BEF641C6BDF64F
:1057700040C6BCF60001A5EC05F01BBEF28E1EE291
:1057800006013BA320D01B6AF2BE1B8EF29EBB6BB0
:10579000BA6B100EB96F810EB86F47C6BFF646C61A
:1057A000BEF645C6BDF644C6BCF60001A5EC05F044
:1057B0001BBEF28ED8B002D0060105D006013BB563
:1057C00002D03B853BD01B6AF2BE1B8EF29E43C6C5
:1057D000BBF642C6BAF641C6B9F640C6B8F6BF6BCC
:1057E000BE6BBD6B810EBC6F0001A5EC05F01BBE4E
:1057F000F28E01E224E106013BB302D000011FD08A
:105800001B6AF2BE1B8EF29E47C6BBF646C6BAF6B0
:1058100045C6B9F644C6B8F6BF6BBE6BBD6B810E0C
:10582000BC6F0001A5EC05F01BBEF28E01E207E1A2
:1058300006013BB502D0000102D03B9500010601F4
:105840003A51F90F44E2070F000116EFCCF00601C0
:105850003BB502D08D9201D08D82000E966E37D06E
:1058600006013BB502D08D9001D08D80000E966E62
:105870002ED006013BB502D08F9001D08F80E40E70
:10588000986E25D006013BB502D08D9201D08D8255
:10589000000E966E1CD006013BB502D08F9001D051
:1058A0008F80E40E986E13D006013BB502D08D9028
:1058B00001D08D80000E966E0AD006013BB502D055
:1058C0008D9001D08D80000E966E01D006013AC6F3
:1058D00081F661C683F660C682F600017AEC76F046
:1058E00002C070F601C06FF63AC681F663C683F651
:1058F00062C682F67AEC76F002C072F601C071F6EA
:105900000601515103080BE303E15051E70807E397
:10591000766B756B200E746F7F0E736F08D0CD0E93
:10592000766FCC0E756F0C0E746F7F0E736F3A51DD
:105930000608D8A4BBD13452D8A4B8D104016C5302
:10594000D8A402D00601B2D1060151531DE1505135
:10595000C8081AE31B6AF2BE1B8EF29EBB6BBA6BC1
:10596000040EB96F830EB86F47C6BFF646C6BEF6C3
:1059700045C6BDF644C6BCF60001A5EC05F01BBE4D
:10598000F28E56E255E006011B6AF2BE1B8EF29EB5
:105990003FC6B9F63EC6B8F6000181EC03F01BBE67
:1059A000F28E1B6AF2BE1B8EF29E03C0BBF602C0D3
:1059B000BAF601C0B9F600C0B8F676C6BFF675C62D
:1059C000BEF674C6BDF673C6BCF603EC06F01BBE8D
:1059D000F28E03C084F602C083F601C082F600C0D6
:1059E00081F61B6AF2BE1B8EF29E72C6B9F671C6B4
:1059F000B8F681EC03F01BBEF28E1B6AF2BE1B8E62
:105A0000F29E84C6BBF683C6BAF682C6B9F681C6D4
:105A1000B8F603C0BFF602C0BEF601C0BDF600C0B6
:105A2000BCF6A5EC05F01BBEF28E02E2D8A4D6D0DF
:105A3000060151531DE15051C8081AE31B6AF2BE1A
:105A40001B8EF29EBB6BBA6B040EB96F830EB86FE0
:105A500047C6BFF646C6BEF645C6BDF644C6BCF64A
:105A60000001A5EC05F01BBEF28E1BE21AE0060158
:105A70001B6AF2BE1B8EF29EBB6BBA6B180EB96F1F
:105A8000840EB86F47C6BFF646C6BEF645C6BDF61D
:105A900044C6BCF60001A5EC05F01BBEF28E01E287
:105AA00037E11FBC30D01F8C21C102F020C101F0B2
:105AB0000232013202320132023201C047FF0232A9
:105AC0000230300B006E0F014651CF0B0010466FB5
:105AD00021C102F020C101F0023201320232013252
:105AE000023201C044FF02320230300B006E4351DB
:105AF000CF0B0010436F040145830F0E0601816F29
:105B00000001FFEC65F00401D1EFC7F065D00001A2
:105B10001B6AF2BE1B8EF29E47C6BBF646C6BAF69D
:105B200045C6B9F644C6B8F60601BF6BBE6B180E83
:105B3000BD6F840EBC6F0001A5EC05F01BBEF28E9C
:105B400039E31FAC36D01F9C04014593466B0F0E02
:105B50000601816F0001FFEC65F006013B97000133
:105B600000EC80F0F9C057F6F8C056F64FC161F668
:105B70004EC160F651C163F650C162F6F85302E1BE
:105B8000F95313E00401526BEFC15BF6EEC15AF614
:105B9000EDC159F6ECC158F6FFC15FF6FEC15EF6E5
:105BA000FDC15DF6FCC15CF600010401D1EFC7F058
:105BB000000113D01FAC11D006013D6B3C6B436B51
:105BC000426B416B406B3F6B3E6B476B466B456B6B
:105BD000446B0401D1EFC7F0000165D01B6AF2BE2F
:105BE0001B8EF29E47C6BBF646C6BAF645C6B9F648
:105BF00044C6B8F60601BF6BBE6B180EBD6F840EAF
:105C0000BC6F0001A5EC05F01BBEF28E39E31FACA2
:105C100036D01F9C04014593466B0F0E0601816F21
:105C20000001FFEC65F006013B97000100EC80F0FD
:105C3000F9C057F6F8C056F64FC161F64EC160F68E
:105C400051C163F650C162F6F85302E1F95313E013
:105C50000401526BEFC15BF6EEC15AF6EDC159F685
:105C6000ECC158F6FFC15FF6FEC15EF6FDC15DF600
:105C7000FCC15CF600010401D1EFC7F0000113D0B4
:105C80001FAC11D006013D6B3C6B436B426B416B0B
:105C9000406B3F6B3E6B476B466B456B446B04013F
:105CA000D1EFC7F00001FDEFB6F006012BB821D00F
:105CB00051531FE15051C8081CE31B6AF2BE1B8EF2
:105CC000F29EBB6BBA6B040EB96F830EB86F43C6FE
:105CD000BFF642C6BEF641C6BDF640C6BCF60001E0
:105CE000A5EC05F01BBEF28ED8B00DD1D8B40BD107
:105CF00006012BB856D01B6AF2BE1B8EF29E3DC623
:105D0000B9F63CC6B8F6000181EC03F01BBEF28E7A
:105D10001B6AF2BE1B8EF29E03C0BBF602C0BAF62F
:105D200001C0B9F600C0B8F676C6BFF675C6BEF6B5
:105D300074C6BDF673C6BCF603EC06F01BBEF28E4D
:105D400003C084F602C083F601C082F600C081F66B
:105D50001B6AF2BE1B8EF29E70C6B9F66FC6B8F60D
:105D600081EC03F01BBEF28E1B6AF2BE1B8EF29E0C
:105D700084C6BBF683C6BAF682C6B9F681C6B8F643
:105D800003C0BFF602C0BEF601C0BDF600C0BCF63F
:105D9000A5EC05F01BBEF28ED8B0B5D0D8B4B3D008
:105DA00006012BA853D01B6AF2BE1B8EF29E3DC685
:105DB000B9F63CC6B8F6000181EC03F01BBEF28ECA
:105DC0001B6AF2BE1B8EF29E03C0BBF602C0BAF67F
:105DD00001C0B9F600C0B8F676C6BFF675C6BEF605
:105DE00074C6BDF673C6BCF603EC06F01BBEF28E9D
:105DF00003C088F602C087F601C086F600C085F6AB
:105E00001B6AF2BE1B8EF29E1FC3B9F61EC3B8F604
:105E100081EC03F01BBEF28E1B6AF2BE1B8EF29E5B
:105E200088C6BBF687C6BAF686C6B9F685C6B8F682
:105E300003C0BFF602C0BEF601C0BDF600C0BCF68E
:105E4000A5EC05F01BBEF28E5EE206012BB838EF22
:105E5000B5F03BA338EFB5F01B6AF2BE1B8EF29E85
:105E60003FC6B9F63EC6B8F6000181EC03F01BBE92
:105E7000F28E1B6AF2BE1B8EF29E03C0BBF602C0FE
:105E8000BAF601C0B9F600C0B8F676C6BFF675C658
:105E9000BEF674C6BDF673C6BCF603EC06F01BBEB8
:105EA000F28E03C088F602C087F601C086F600C0F5
:105EB00085F61B6AF2BE1B8EF29E72C6B9F671C6DB
:105EC000B8F681EC03F01BBEF28E1B6AF2BE1B8E8D
:105ED000F29E88C6BBF687C6BAF686C6B9F685C6F0
:105EE000B8F603C0BFF602C0BEF601C0BDF600C0E2
:105EF000BCF6A5EC05F01BBEF28E05E2D8B403D0CB
:105F0000060138EFB5F02BB826D006015153D8B4AE
:105F100002D0000120D05051C808D8B002D00001F2
:105F20001AD01B6AF2BE1B8EF29EBB6BBA6B040EBC
:105F3000B96F830EB86F43C6BFF642C6BEF641C600
:105F4000BDF640C6BCF60001A5EC05F01BBEF28E06
:105F5000D8B06DD06CE01B6AF2BE1B8EF29E0601BB
:105F6000BB6BBA6B180EB96F840EB86F43C6BFF621
:105F700042C6BEF641C6BDF640C6BCF60001A5EC61
:105F800005F01BBEF28E01E208E106013A51050858
:105F9000D8B402D000014BD000011B6AF2BE1B8EA8
:105FA000F29E0601BB6BBA6B180EB96F840EB86F08
:105FB00043C6BFF642C6BEF641C6BDF640C6BCF6F5
:105FC0000001A5EC05F01BBEF28E01E211E1060115
:105FD0003A510508D8B402D000010AD05653D8B4BB
:105FE00002D0000105D05753D8A402D000011FD021
:105FF00006013BA3CFD21B6AF2BE1B8EF29EBB6B87
:10600000BA6B180EB96F840EB86F47C6BFF646C696
:10601000BEF645C6BDF644C6BCF60001A5EC05F0CB
:106020001BBEF28E04E2D8B402D00601B3D2060140
:106030003A51F90FD8B0A9D2070F00012DEFCCF0DB
:106040001FBA2FD01F8A21C102F020C101F00232F5
:10605000013202320132023201C072FF02320230DA
:10606000300B006E7150CF0B0010716E21C102F029
:1060700020C101F00232013202320132023201C08B
:106080006FFF02320230300B006E6E50CF0B0010EB
:106090006E6E040145810F0E0601816F0001FFEC59
:1060A00065F0060172D21FBC89D01F8C2BA84DD081
:1060B0001B6AF2BE1B8EF29EFEC2B7F6FDC2B6F69A
:1060C000FCC2B5F6FBC2B4F64BEC04F01BBEF28E7C
:1060D00002C082F601C081F6060182338133823329
:1060E0008133823381C647FF82338231300B006EA9
:1060F0000F014651CF0B0010466F1B6AF2BE1B8E7C
:10610000F29EFEC2B7F6FDC2B6F6FCC2B5F6FBC201
:10611000B4F600014BEC04F01BBEF28E02C082F616
:1061200001C081F6060182338133823381338233A9
:1061300081C644FF82338231300B006E0F01435120
:10614000CF0B0010436F28D0000121C102F020C105
:1061500001F00232013202320132023201C047FF45
:1061600002320230300B006E0F014651CF0B00108F
:10617000466F21C102F020C101F002320132023229
:106180000132023201C044FF02320230300B006E95
:106190004351CF0B0010436F04014D6B45830F0E2D
:1061A0000601816F0001FFEC65F004014B5102080C
:1061B00006E16D5304E10001A3EC6DF0040106015A
:1061C000E4D11FBE2FD01F8E21C102F020C101F0EB
:1061D0000232013202320132023201C078FF023251
:1061E0000230300B006E7750CF0B0010776E21C15C
:1061F00002F020C101F002320132023201320232D9
:1062000001C075FF02320230300B006E7450CF0BAC
:106210000010746E040145850F0E0601816F0001A8
:10622000FFEC65F00401D1EFC7F00601AED11FBA53
:1062300035D01F8A21C102F020C101F002320132A3
:1062400002320132023201C072FF02320230300BE0
:10625000006E7150CF0B0010716E21C102F020C191
:1062600001F00232013202320132023201C06FFF0C
:1062700002320230300B006E6E50CF0B00106E6E8B
:1062800004015391000E53B1010E0601826F030EFB
:10629000836F82C684F60001BFEC77F0060175D1EA
:1062A0001FBEC1D01F8E21C102F020C101F00232F9
:1062B000013202320132023201C078FF0232023072
:1062C000300B006E7750CF0B0010776E21C102F0BB
:1062D00020C101F00232013202320132023201C029
:1062E00075FF02320230300B006E7450CF0B00107D
:1062F000746E06013D6B3C6B436B426B416B406BB4
:106300003F6B3E6B476B466B456B446B0001E76B25
:10631000E66BE96BE86B060151510108D8B07BD000
:10632000FF0A03E15051BB0876E21B6AF2BE1B8EE6
:10633000F29E37C1B9F636C1B8F6000181EC03F020
:106340001BBEF28E1B6AF2BE1B8EF29E03C0BBF612
:1063500002C0BAF601C0B9F600C0B8F6CD0E06010B
:10636000BF6FCC0EBE6F4C0EBD6F7E0EBC6F0001BA
:1063700003EC06F01BBEF28E1B6AF2BE1B8EF29E71
:1063800003C0B7F602C0B6F601C0B5F600C0B4F659
:106390004BEC04F01BBEF28E02C061F601C060F649
:1063A0001B6AF2BE1B8EF29E39C1B9F638C1B8F62F
:1063B00081EC03F01BBEF28E1B6AF2BE1B8EF29EB6
:1063C00003C0BBF602C0BAF601C0B9F600C0B8F609
:1063D000CD0E0601BF6FCC0EBE6F4C0EBD6F7E0E94
:1063E000BC6F000103EC06F01BBEF28E1B6AF2BE0E
:1063F0001B8EF29E03C0B7F602C0B6F601C0B5F61A
:1064000000C0B4F64BEC04F01BBEF28E02C063F683
:1064100001C062F60601040145850F0E0601816F79
:106420000001FFEC65F00601B0D01FBC6DD0040187
:106430006D5332E01F8C21C102F020C101F0023205
:10644000013202320132023201C047FF0232023011
:10645000300B006E0F014651CF0B0010466F21C16B
:1064600002F020C101F00232013202320132023266
:1064700001C044FF02320230300B006E4351CF0B9B
:106480000010436F040145830F0E0601816F000168
:10649000FFEC65F039D004011F8C21C102F020C14E
:1064A00001F00232013202320132023201C047FFF2
:1064B00002320230300B006E0F014651CF0B00103C
:1064C000466F21C102F020C101F0023201320232D6
:1064D0000132023201C044FF02320230300B006E42
:1064E0004351CF0B0010436F04014583010E936E9F
:1064F0008A9281B0FED70F0E0601816F000175EC04
:1065000043F0A3EC6DF01F9C06013FD01FBC39D0B7
:106510001F8C21C102F020C101F00232013202328F
:106520000132023201C047FF02320230300B006EEE
:106530000F014651CF0B0010466F21C102F020C160
:1065400001F00232013202320132023201C044FF54
:1065500002320230300B006E4351CF0B0010436FFC
:10656000040145830F0E0601816F0001FFEC65F009
:1065700004014B51020806E16D5304E10001A3EC54
:106580006DF00401060101D006010401D1EFC7F04E
:106590006DD206011B6AF2BE1B8EF29E43C6BBF68D
:1065A00042C6BAF641C6B9F640C6B8F6BF6BBE6B76
:1065B000180EBD6F840EBC6F0001A5EC05F01BBE6C
:1065C000F28E37E21B6AF2BE1B8EF29E43C6BBF60A
:1065D00042C6BAF641C6B9F640C6B8F60601BF6B68
:1065E000BE6B180EBD6F840EBC6F0001A5EC05F0EC
:1065F0001BBEF28E1EE206013BA30DD21B6AF2BE49
:106600001B8EF29E47C6BBF646C6BAF645C6B9F61D
:1066100044C6B8F6BF6BBE6B180EBD6F840EBC6F60
:106620000001A5EC05F01BBEF28ED8B002D0060129
:10663000F2D106013A51F90FD8B0ECD1070F0001A1
:1066400044EFCCF01FAA22D01F9A04014591466B5B
:106650000F0E0601816F0001FFEC65F006013B970C
:1066600004014B5312E11FBC10D01FBE0ED000011D
:1066700000EC80F0FFC063F6FEC062F663C661F610
:1066800062C660F60401D1EFC7F000010601C2D175
:106690001FAC38D01F9C04014593466B0F0E0601BA
:1066A000816F0001FFEC65F006013B971FBA29D00E
:1066B0001FBE27D0000100EC80F0F9C057F6F8C0EB
:1066C00056F6F85302E1F95310E0EFC15BF6EEC164
:1066D0005AF6EDC159F6ECC158F6FFC15FF6FEC19E
:1066E0005EF6FDC15DF6FCC15CF601C163F600C15A
:1066F00062F663C661F662C660F60401D1EFC7F0C8
:1067000006010001060186D11FAE38D01F9E04018C
:106710004595466B0F0E0601816F0001FFEC65F099
:1067200006013B971FBA29D01FBC27D0000100ECFF
:1067300080F0FBC057F6FAC056F6FA5302E1FB535D
:1067400010E0F3C15BF6F2C15AF6F1C159F6F0C19F
:1067500058F603C25FF602C25EF601C25DF600C2E1
:106760005CF603C163F602C162F663C661F662C6F7
:1067700060F60401D1EFC7F00601000106014AD11D
:106780001FAA20D01F9A04015381000E53B1010E9D
:106790000601826F030E836F82C684F60001BFEC90
:1067A00077F006013B97000100EC80F005C163F62D
:1067B00004C162F663C661F662C660F60401D1EFF9
:1067C000C7F00001060126D11FAE18D01F9E04019C
:1067D0004595466B0F0E0601816F0001FFEC65F0D9
:1067E00006013B9737C161F636C160F639C163F6E1
:1067F00038C162F60401D1EFC7F0000106010AD1E9
:106800001FACCBD01F9C04014593466B0F0E0601B5
:10681000816F0001FFEC65F006013B9704016D53A9
:10682000D8B495D053931B6AF2BE1B8EF29E3BC127
:10683000B1F63AC1B0F60601B36B320EB26F000189
:10684000C2EC13F01BBEF28E02C082F601C081F6CC
:106850001B6AF2BE1B8EF29E82C6B9F681C6B8F6DE
:1068600081EC03F01BBEF28ED8921B6AF2BE1B8E27
:10687000F29E03C0BBF602C0BAF601C0B9F600C072
:10688000B8F6850E0601BF6FEB0EBE6F190EBD6F19
:10689000880EBC6F000169EC04F01BBEF28E03C0D1
:1068A00084F602C083F601C082F600C081F61B6A3E
:1068B000F2BE1B8EF29E84C6BBF683C6BAF682C6B3
:1068C000B9F681C6B8F6660E0601BF6FBE6F420EFE
:1068D000BD6F820EBC6F00019CEC03F01BBEF28EFC
:1068E0001B6AF2BE1B8EF29E03C0B7F602C0B6F65C
:1068F00001C0B5F600C0B4F64BEC04F01BBEF28E3E
:1069000002C043F101C042F1F96BF86B43C161F67B
:1069100042C160F60601576B566B43C102F042C19B
:1069200001F00232013202320132023201C044FF70
:1069300002320230300B006E0F014351CF0B0010BA
:10694000436F2A90020E366E0401506B21D0000175
:1069500000EC80F0F9C057F6F8C056F643C161F676
:1069600042C160F6F85302E1F95313E00401506BA1
:10697000EFC15BF6EEC15AF6EDC159F6ECC158F61F
:10698000FFC15FF6FEC15EF6FDC15DF6FCC15CF6BF
:1069900000010401D1EFC7F0000106013BD01FAC9C
:1069A00036D01F9C04014593466B0F0E0601816F84
:1069B0000001FFEC65F006013B97000100EC80F060
:1069C000F9C057F6F8C056F64FC161F64EC160F6F1
:1069D00051C163F650C162F6F85302E1F95313E076
:1069E0000401526BEFC15BF6EEC15AF6EDC159F6E8
:1069F000ECC158F6FFC15FF6FEC15EF6FDC15DF663
:106A0000FCC15CF600010401D1EFC7F000010601F2
:106A100001D006012CD01FAA02D03A5318E01FAAB9
:106A200003D03A51030813E01FAC09D03A2D01D02E
:106A30000ED03A5104080BE03A51060808E01FAEA8
:106A400016D03A51020803E03A51050810E13D6BB7
:106A50003C6B436B426B416B406B3F6B3E6B476BD8
:106A6000466B456B446B0401D1EFC7F00601C6D1FC
:106A70001B6AF2BE1B8EF29E43C6BBF642C6BAF636
:106A800041C6B9F640C6B8F6BF6BBE6B180EBD6FF7
:106A9000840EBC6F0001A5EC05F01BBEF28E1AE25D
:106AA0001B6AF2BE1B8EF29E47C6BBF646C6BAF6FE
:106AB00045C6B9F644C6B8F60601BF6BBE6B180EE4
:106AC000BD6F840EBC6F0001A5EC05F01BBEF28EFD
:106AD000D8A05DD106013A51F90FD8B056D1070FB1
:106AE00000015BEFCCF01FAA22D01F9A0401459150
:106AF000466B0F0E0601816F0001FFEC65F0060189
:106B00003B9704014B5312E11FBC10D01FBE0ED0A7
:106B1000000100EC80F0FFC063F6FEC062F663C6C1
:106B200061F662C660F60401D1EFC7F0000106010C
:106B30002CD11FAC3BD01F9C04014593466B0F0E1C
:106B40000601816F0001FFEC65F006013B971FBA5B
:106B50002CD01FBE2AD02BA81BD01B6AF2BE1B8EC6
:106B6000F29EFEC2B7F6FDC2B6F6FCC2B5F6FBC297
:106B7000B4F600014BEC04F01BBEF28E02C063F6CB
:106B800001C062F663C661F662C660F60AD006010D
:106B900001C163F600C162F663C661F662C660F6C3
:106BA00000010401D1EFC7F0060100010601EDD09C
:106BB0001FAE38D01F9E04014595466B0F0E06018F
:106BC000816F0001FFEC65F006013B971FBA29D0E9
:106BD0001FBC27D0000100EC80F0FBC057F6FAC0C4
:106BE00056F6FA5302E1FB5310E0F3C15BF6F2C133
:106BF0005AF6F1C159F6F0C158F603C25FF602C267
:106C00005EF601C25DF600C25CF603C163F602C126
:106C100062F663C661F662C660F60401D1EFC7F0A2
:106C2000060100010601B1D01FAA20D01F9A04015D
:106C30005381000E53B1010E0601826F030E836F64
:106C400082C684F60001BFEC77F006013B97000195
:106C500000EC80F005C163F604C162F663C661F61C
:106C600062C660F60401D1EFC7F0000106018DD0C5
:106C70001FAE18D01F9E04014595466B0F0E0601EE
:106C8000816F0001FFEC65F006013B9737C161F6AB
:106C900036C160F639C163F638C162F60401D1EF3E
:106CA000C7F00001060171D01FAC32D01F9C040157
:106CB0004593466B0F0E0601816F0001FFEC65F0F6
:106CC00006013B97000100EC80F0F9C057F6F8C0D0
:106CD00056F643C161F642C160F6F85302E1F9533A
:106CE00013E00401506BEFC15BF6EEC15AF6EDC143
:106CF00059F6ECC158F6FFC15FF6FEC15EF6FDC164
:106D00005DF6FCC15CF600010401D1EFC7F00001A3
:106D100006013BD01FAC36D01F9C04014593466B47
:106D20000F0E0601816F0001FFEC65F006013B9735
:106D3000000100EC80F0F9C057F6F8C056F64FC1DC
:106D400061F64EC160F651C163F650C162F6F85368
:106D500002E1F95313E00401526BEFC15BF6EEC19F
:106D60005AF6EDC159F6ECC158F6FFC15FF6FEC107
:106D70005EF6FDC15DF6FCC15CF600010401D1EFD9
:106D8000C7F00001060101D0060138D000011FAA9A
:106D900004D006013A5321E000011FAA05D00601E4
:106DA0003A5103081AE000011FAC0BD006013A2D3E
:106DB00001D013D03A51040810E03A5106080DE012
:106DC00000011FAE1AD006013A51020806E03A51FE
:106DD0000508D8B402D0000110D03D6B3C6B436B6A
:106DE000426B416B406B3F6B3E6B476B466B456B39
:106DF000446B0401D1EFC7F00001060104016A539E
:106E0000D8A4DFEFBAF006013A510608D8A46AD137
:106E10003452D8A467D104016C53D8A402D006011F
:106E200061D13FC684F63EC683F60001F8EC77F0E8
:106E300002C082F601C081F606015051815DD8A4DE
:106E400050D15151825DD8A44CD151510008D8B0D5
:106E500048D1FF0A04E150519008D8B042D15151B5
:106E60000408D8A0A1D004E150511908D8A09CD0A2
:106E700072C684F671C683F60001F8EC77F002C0A2
:106E800082F601C081F63FC684F63EC683F6F8EC72
:106E900077F001500601815F0250825B82C603F0E9
:106EA000815182AF08D0000ED8808155006E000E4F
:106EB0008255036E0050816F03C082F672C684F65D
:106EC00071C683F60001F8EC77F002C003F00150C0
:106ED0001B6AF2BE1B8EF29E0601B86F02C0B9F6A5
:106EE000000181EC03F01BBEF28E1B6AF2BE1B8E0A
:106EF000F29E660E0601BB6FBA6FB96F7E0EB86F59
:106F000003C0BFF602C0BEF601C0BDF600C0BCF6AD
:106F1000000103EC06F01BBEF28E03C086F602C031
:106F200085F601C084F600C083F682C688F681C665
:106F300087F666EC78F01B6AF2BE1B8EF29E86C660
:106F4000BBF685C6BAF684C6B9F683C6B8F603C0E2
:106F5000BFF602C0BEF601C0BDF600C0BCF6A5EC8F
:106F600005F01BBEF28E01E21CE1672B67510F0892
:106F700017E2676B0401458F81B0FED7010E936E57
:106F80008A820F0E0601816F000175EC43F0010E3D
:106F9000936E8A929AEC6EF00401D1EFC7F0000173
:106FA00001D0676B9DD0060172C684F671C683F668
:106FB0000001F8EC77F002C082F601C081F63FC60E
:106FC00084F63EC683F6F8EC77F001500601815F47
:106FD0000250825B82C603F0815182AF08D0000E5E
:106FE000D8808155006E000E8255036E0050816F6F
:106FF00003C082F672C684F671C683F60001F8EC0F
:1070000077F002C003F001501B6AF2BE1B8EF29EA5
:107010000601B86F02C0B9F6000181EC03F01BBE97
:10702000F28E1B6AF2BE1B8EF29ECD0E0601BB6F66
:10703000CC0EBA6F4C0EB96F7D0EB86F03C0BFF6A1
:1070400002C0BEF601C0BDF600C0BCF6000103ECF4
:1070500006F01BBEF28E03C086F602C085F601C0A4
:1070600084F600C083F682C688F681C687F666EC91
:1070700078F01B6AF2BE1B8EF29E86C6BBF685C6F2
:10708000BAF684C6B9F683C6B8F603C0BFF602C026
:10709000BEF601C0BDF600C0BCF6A5EC05F01BBEF7
:1070A000F28E01E21CE1672B67510F0817E2676B54
:1070B0000401458F81B0FED7010E936E8A820F0EB8
:1070C0000601816F000175EC43F0010E936E8A9208
:1070D0009AEC6EF00401D1EFC7F0000101D0676BAC
:1070E00006016CD23DC684F63CC683F60001F8EC7E
:1070F00077F002C082F601C081F606015051815D31
:10710000D8A45CD25151825DD8A458D25151000804
:10711000D8B054D2FF0A04E150519008D8B04ED2F2
:1071200051510408D8A027D104E150511908D8A022
:1071300022D170C684F66FC683F60001F8EC77F0B2
:1071400002C082F601C081F63DC684F63CC683F6D5
:10715000F8EC77F001500601815F0250825B82C635
:1071600003F0815182AF08D0000ED8808155006EA7
:10717000000E8255036E0050816F03C082F670C608
:1071800084F66FC683F60001F8EC77F002C003F0D6
:1071900001501B6AF2BE1B8EF29E0601B86F02C040
:1071A000B9F6000181EC03F01BBEF28E1B6AF2BE41
:1071B0001B8EF29E660E0601BB6FBA6FB96F7E0E14
:1071C000B86F03C0BFF602C0BEF601C0BDF600C076
:1071D000BCF6000103EC06F01BBEF28E03C086F67F
:1071E00002C085F601C084F600C083F682C688F628
:1071F00081C687F666EC78F01B6AF2BE1B8EF29EA3
:1072000086C6BBF685C6BAF684C6B9F683C6B8F696
:1072100003C0BFF602C0BEF601C0BDF600C0BCF69A
:10722000A5EC05F01BBEF28E02E2D8A4A1D0672B1C
:1072300067510F08D8B09BD0676B06013A51F90F20
:10724000D8B091D0070F000172EFCCF00401458D4A
:1072500081B0FED7010E936E8A820F0E0601816FF8
:10726000000175EC43F0010E936E8A9202EC00F07F
:10727000060179D00401458F81B0FED7010E936ECF
:107280008A820F0E0601816F000175EC43F0010E3A
:10729000936E8A923EEC2FF0060165D00401468180
:1072A00081B0FED7010E936E8A820F0E0601816FA8
:1072B000000175EC43F0010E936E8A928FEC30F072
:1072C000060151D00401458D81B0FED7010E936EA9
:1072D0008A820F0E0601816F000175EC43F0010EEA
:1072E000936E8A9202EC00F006013DD004014681C3
:1072F00081B0FED7010E936E8A820F0E0601816F58
:10730000000175EC43F0010E936E8A9255EC66F025
:10731000060129D00401458F81B0FED7010E936E7E
:107320008A820F0E0601816F000175EC43F0010E99
:10733000936E8A92A3EC6DF0060115D00401458F7F
:1073400081B0FED7010E936E8A820F0E0601816F07
:10735000000175EC43F0010E936E8A929AEC6EF088
:10736000060101D006010401D1EFC7F0000101D0F0
:10737000676B23D1060170C684F66FC683F60001E1
:10738000F8EC77F002C082F601C081F63DC684F6C3
:107390003CC683F6F8EC77F001500601815F02509D
:1073A000825B82C603F0815182AF08D0000ED88084
:1073B0008155006E000E8255036E0050816F03C030
:1073C00082F670C684F66FC683F60001F8EC77F09B
:1073D00002C003F001501B6AF2BE1B8EF29E060132
:1073E000B86F02C0B9F6000181EC03F01BBEF28E4B
:1073F0001B6AF2BE1B8EF29ECD0E0601BB6FCC0E39
:10740000BA6F4C0EB96F7D0EB86F03C0BFF602C0E5
:10741000BEF601C0BDF600C0BCF6000103EC06F0EC
:107420001BBEF28E03C086F602C085F601C084F64C
:1074300000C083F682C688F681C687F666EC78F0CF
:107440001B6AF2BE1B8EF29E86C6BBF685C6BAF6D6
:1074500084C6B9F683C6B8F603C0BFF602C0BEF64E
:1074600001C0BDF600C0BCF6A5EC05F01BBEF28E57
:1074700002E2D8A4A1D0672B67510F08D8B09BD0E7
:10748000676B06013A51F90FD8B091D0070F000190
:1074900089EFCCF00401458D81B0FED7010E936ECB
:1074A0008A820F0E0601816F000175EC43F0010E18
:1074B000936E8A9202EC00F0060179D00401458FA8
:1074C00081B0FED7010E936E8A820F0E0601816F86
:1074D000000175EC43F0010E936E8A923EEC2FF0A2
:1074E000060165D00401468181B0FED7010E936E7E
:1074F0008A820F0E0601816F000175EC43F0010EC8
:10750000936E8A928FEC30F0060151D00401458DC4
:1075100081B0FED7010E936E8A820F0E0601816F35
:10752000000175EC43F0010E936E8A9202EC00F0BC
:1075300006013DD00401468181B0FED7010E936E55
:107540008A820F0E0601816F000175EC43F0010E77
:10755000936E8A9255EC66F0060129D00401458F9E
:1075600081B0FED7010E936E8A820F0E0601816FE5
:10757000000175EC43F0010E936E8A92A3EC6DF05E
:10758000060115D00401458F81B0FED7010E936E20
:107590008A820F0E0601816F000175EC43F0010E27
:1075A000936E8A929AEC6EF0060101D006010401F6
:1075B000D1EFC7F0000101D0676B060104016A53E7
:1075C000D8A44BEFC3F006013A51040804E03A5145
:1075D0000608D8A43AD33A510608D8A47FD1345229
:1075E000D8A47CD104016C53D8A402D0060176D172
:1075F00025BA36D05D5234E11B6AF2BE1B8EF29E74
:1076000055C6BBF654C6BAF653C6B9F652C6B8F656
:1076100000013DEC0BF01BBEF28E1B6AF2BE1B8E0E
:10762000F29E170E0601BB6FB70EBA6F510EB96FFF
:10763000710EB86F03C0BFF602C0BEF601C0BDF642
:1076400000C0BCF6000103EC06F01BBEF28E03C0C6
:1076500067F202C066F201C065F200C064F2040184
:1076600006016351020808E2FF0A03E16251FB08C8
:1076700003E2010E5D6EEDD001017B517D5DD8A06E
:107680007ED004E17C517A5DD8B079D01B6AF2BE1D
:107690001B8EF29E6BC2BBF66AC2BAF669C2B9F61D
:1076A00068C2B8F60601BF6BBE6BBD6BBC6B000158
:1076B000A5EC05F01BBEF28E08E153C26BF252C27C
:1076C0006AF251C269F250C268F2552A55500F0849
:1076D00050E2556AD8821B6AF2BE1B8EF29E53C2DC
:1076E000BBF652C2BAF651C2B9F650C2B8F66BC276
:1076F000BFF66AC2BEF669C2BDF668C2BCF669ECE6
:1077000004F01BBEF28E03C084F602C083F601C0F3
:1077100082F600C081F681C600F082C601F083C601
:1077200002F084C603F0019E84C684F683C683F605
:1077300001C082F681C681F61B6AF2BE1B8EF29EE4
:1077400084C6BBF683C6BAF682C6B9F681C6B8F659
:1077500067C2BFF666C2BEF665C2BDF664C2BCF6BD
:10776000A5EC05F01BBEF28E03E3010E5D6E258ACB
:1077700004D001018B6B8A6B00016AD001015D525C
:107780005AE0D8821B6AF2BE1B8EF29E53C2BBF631
:1077900052C2BAF651C2B9F650C2B8F66BC2BFF6C1
:1077A0006AC2BEF669C2BDF668C2BCF6000169ECE9
:1077B00004F01BBEF28E03C084F602C083F601C043
:1077C00082F600C081F681C600F082C601F083C651
:1077D00002F084C603F0019E84C684F683C683F655
:1077E00001C082F681C681F61B6AF2BE1B8EF29E34
:1077F00084C6BBF683C6BAF682C6B9F681C6B8F6A9
:1078000067C2BFF666C2BEF665C2BDF664C2BCF60C
:10781000A5EC05F01BBEF28E04E3010E5D6E258A19
:1078200008D05D6A259A02016B6B6A6B696B686BA5
:10783000000109D001015D6A259A02016B6B6A6B38
:10784000696B686B0001556A01018B6B8A6B0001E3
:1078500006017DC17BF17CC17AF163C67DF162C610
:107860007CF153C24FF252C24EF251C24DF250C29D
:107870004CF247C653F246C652F245C651F244C6D0
:1078800050F2555327E1545325E1535323E152510C
:10789000320820E31B6AF2BE1B8EF29E47C6BBF67F
:1078A00046C6BAF645C6B9F644C6B8F6BF6BBE6B57
:1078B000480EBD6F840EBC6F0001A5EC05F01BBE29
:1078C000F28E04E2D8B402D0060104D0010E636F38
:1078D00003D006010001636BB5D1060125BA4DD076
:1078E0005C524BE11B6AF2BE1B8EF29E55C6BBF684
:1078F00054C6BAF653C6B9F652C6B8F600013DEC06
:107900000BF01BBEF28E1B6AF2BE1B8EF29E03C0F2
:10791000BBF602C0BAF601C0B9F600C0B8F606015F
:10792000BF6BBE6BBD6B810EBC6F00019CEC03F0A6
:107930001BBEF28E1B6AF2BE1B8EF29E170E060154
:10794000BB6FB70EBA6F510EB96F710EB86F03C02F
:10795000BFF602C0BEF601C0BDF600C0BCF6000115
:1079600003EC06F01BBEF28E03C067F202C066F2A3
:1079700001C065F200C064F206016151020808E22C
:10798000FF0A03E16051FB0803E2010E5C6EEDD0DB
:1079900001016B516D5DD8A07ED004E16C516A5D30
:1079A000D8B079D01B6AF2BE1B8EF29E6BC2BBF6BA
:1079B0006AC2BAF669C2B9F668C2B8F60601BF6B08
:1079C000BE6BBD6BBC6B0001A5EC05F01BBEF28E5F
:1079D00008E133C26BF232C26AF231C269F230C2DC
:1079E00068F2542A54500F0850E2546AD8821B6A35
:1079F000F2BE1B8EF29E33C2BBF632C2BAF631C261
:107A0000B9F630C2B8F66BC2BFF66AC2BEF669C23A
:107A1000BDF668C2BCF669EC04F01BBEF28E03C072
:107A200084F602C083F601C082F600C081F681C6EA
:107A300000F082C601F083C602F084C603F0019E06
:107A400084C684F683C683F601C082F681C681F6B9
:107A50001B6AF2BE1B8EF29E84C6BBF683C6BAF6C4
:107A600082C6B9F681C6B8F667C2BFF666C2BEF670
:107A700065C2BDF664C2BCF6A5EC05F01BBEF28E75
:107A800003E3010E5C6E258A04D001018B6B8A6BC7
:107A900000016AD001015C525AE0D8821B6AF2BE32
:107AA0001B8EF29E33C2BBF632C2BAF631C2B9F6B1
:107AB00030C2B8F66BC2BFF66AC2BEF669C2BDF686
:107AC00068C2BCF6000169EC04F01BBEF28E03C074
:107AD00084F602C083F601C082F600C081F681C63A
:107AE00000F082C601F083C602F084C603F0019E56
:107AF00084C684F683C683F601C082F681C681F609
:107B00001B6AF2BE1B8EF29E84C6BBF683C6BAF613
:107B100082C6B9F681C6B8F667C2BFF666C2BEF6BF
:107B200065C2BDF664C2BCF6A5EC05F01BBEF28EC4
:107B300004E3010E5C6E258A08D05C6A259A020176
:107B40006B6B6A6B696B686B000109D001015C6A41
:107B5000259A02016B6B6A6B696B686B0001546A52
:107B600001018B6B8A6B000106013BA30CD06351B2
:107B7000020808E2FF0A03E16251FB0803E2010E7A
:107B80005D6E01D05D6A6DC16BF16CC16AF161C659
:107B90006DF160C66CF133C22FF232C22EF231C2E7
:107BA0002DF230C22CF243C633F242C632F241C645
:107BB00031F240C630F2555343E1545341E153533F
:107BC0003FE1525132083CE31B6AF2BE1B8EF29E2B
:107BD00043C6BBF642C6BAF641C6B9F640C6B8F6C9
:107BE000BF6BBE6B480EBD6F840EBC6F0001A5EC71
:107BF00005F01BBEF28E20E21FE006013BA320D061
:107C00001B6AF2BE1B8EF29E47C6BBF646C6BAF68C
:107C100045C6B9F644C6B8F6BF6BBE6B480EBD6F1D
:107C2000840EBC6F0001A5EC05F01BBEF28E04E2D1
:107C3000D8B402D0060104D0010E636F03D0060150
:107C40000001636B4AEFC3F006013A510508D8A45E
:107C50009FD125BA36D05E5234E11B6AF2BE1B8E2C
:107C6000F29E55C6BBF654C6BAF653C6B9F652C60E
:107C7000B8F600013DEC0BF01BBEF28E1B6AF2BEA3
:107C80001B8EF29E170E0601BB6FB70EBA6F510E18
:107C9000B96F710EB86F03C0BFF602C0BEF601C067
:107CA000BDF600C0BCF6000103EC06F01BBEF28E70
:107CB00003C067F202C066F201C065F200C064F260
:107CC00006016151020808E2FF0A03E16051FB0866
:107CD00003E2010E5E6EEDD001016F51715DD8A01F
:107CE0007ED004E170516E5DD8B079D01B6AF2BECF
:107CF0001B8EF29E6BC2BBF66AC2BAF669C2B9F6B7
:107D000068C2B8F60601BF6BBE6BBD6BBC6B0001F1
:107D1000A5EC05F01BBEF28E08E13BC26BF23AC245
:107D20006AF239C269F238C268F2562A56500F0810
:107D300050E2566AD8821B6AF2BE1B8EF29E3BC28C
:107D4000BBF63AC2BAF639C2B9F638C2B8F66BC257
:107D5000BFF66AC2BEF669C2BDF668C2BCF669EC7F
:107D600004F01BBEF28E03C084F602C083F601C08D
:107D700082F600C081F681C600F082C601F083C69B
:107D800002F084C603F0019E84C684F683C683F69F
:107D900001C082F681C681F61B6AF2BE1B8EF29E7E
:107DA00084C6BBF683C6BAF682C6B9F681C6B8F6F3
:107DB00067C2BFF666C2BEF665C2BDF664C2BCF657
:107DC000A5EC05F01BBEF28E03E3010E5E6E258A64
:107DD00004D001018B6B8A6B00016AD001015E52F5
:107DE0005AE0D8821B6AF2BE1B8EF29E3BC2BBF6E3
:107DF0003AC2BAF639C2B9F638C2B8F66BC2BFF6A3
:107E00006AC2BEF669C2BDF668C2BCF6000169EC82
:107E100004F01BBEF28E03C084F602C083F601C0DC
:107E200082F600C081F681C600F082C601F083C6EA
:107E300002F084C603F0019E84C684F683C683F6EE
:107E400001C082F681C681F61B6AF2BE1B8EF29ECD
:107E500084C6BBF683C6BAF682C6B9F681C6B8F642
:107E600067C2BFF666C2BEF665C2BDF664C2BCF6A6
:107E7000A5EC05F01BBEF28E04E3010E5E6E258AB2
:107E800008D05E6A259A02016B6B6A6B696B686B3E
:107E9000000109D001015E6A259A02016B6B6A6BD1
:107EA000696B686B0001566A01018B6B8A6B00017C
:107EB00006013BA30CD06351020808E2FF0A03E16C
:107EC0006251FB0803E2010E5F6E01D05F6A71C16F
:107ED0006FF170C16EF161C671F160C670F13BC2A5
:107EE00037F23AC236F239C235F238C234F243C6FA
:107EF0003BF242C63AF241C639F240C638F2555317
:107F000043E1545341E153533FE1525132083CE3C2
:107F10001B6AF2BE1B8EF29E43C6BBF642C6BAF681
:107F200041C6B9F640C6B8F6BF6BBE6B480EBD6F12
:107F3000840EBC6F0001A5EC05F01BBEF28E20E2A2
:107F40001FE006013BA320D01B6AF2BE1B8EF29EEF
:107F500047C6BBF646C6BAF645C6B9F644C6B8F635
:107F6000BF6BBE6B480EBD6F840EBC6F0001A5ECED
:107F700005F01BBEF28E04E2D8B402D0060104D094
:107F8000010E646F03D006010001646B83D3060108
:107F900025BA40D0D8903A35826B816F5A0E812530
:107FA000E96E000E8221EA6EEF5234E11B6AF2BEE6
:107FB0001B8EF29E55C6BBF654C6BAF653C6B9F62A
:107FC00052C6B8F600013DEC0BF01BBEF28E1B6AE8
:107FD000F2BE1B8EF29E170E0601BB6FB70EBA6F74
:107FE000510EB96F710EB86F03C0BFF602C0BEF676
:107FF00001C0BDF600C0BCF6000103EC06F01BBEDC
:10800000F28E03C067F202C066F201C065F200C0E2
:1080100064F206016151020812E2FF0A03E16051B5
:10802000FB080DE2D8903A35826B816F5A0E81259C
:10803000E96E000E8221EA6E010EEF6E1FD23A51F8
:10804000040DF350826B816F660E8125E96E010E7F
:108050008221EA6EECCF84F6ED52EFCF83F63A51EF
:10806000040DF350866B856F020E8525016E000EA0
:108070008621036E0150660FE96E010E0320EA6E41
:10808000ECCF03F0ED52EF50835F0350845B84AF7D
:1080900018D18451FF08D8A014D104E18351FE08FF
:1080A000D8A00FD13A51040DF350036A680FE96E5E
:1080B000020E0320EA6EEFCF81F6ECCF82F6ECCF12
:1080C00083F6ECCF84F61B6AF2BE1B8EF29E84C64A
:1080D000BBF683C6BAF682C6B9F681C6B8F6BF6BE0
:1080E000BE6BBD6BBC6B0001A5EC05F01BBEF28E38
:1080F00030E106013A51040DF350036A680F816FB5
:10810000020E0320826F3A51080DF350846B836F87
:10811000040E8325016E000E8421036E0150240F8E
:10812000E96E020E0320EA6EEFCF83F6ECCF84F601
:10813000ECCF85F6ECCF86F682C6EAFF81C6E9FF72
:1081400083C6EFFF84C6ECFF85C6ECFF86C6ECFF56
:108150000001D89006013A35826B816F520E81255D
:10816000E96E000E8221EA6EEF2AD8903A35826BD2
:10817000816F520E8125E96E000E8221EA6EEF506A
:108180000F08D8B098D0D8903A35826B816F520ED4
:108190008125E96E000E8221EA6EEF6A3A51080DE0
:1081A000F350826B816F040E8125016E000E8221D7
:1081B000036E0150240FE96E020E0320EA6EEFCF2A
:1081C00081F6ECCF82F6ECCF83F6ECCF84F63A5111
:1081D000040DF350036A680FE96E020E0320EA6E85
:1081E000EFCFBCF6ECCF01F0ECCF02F0ECCF03F018
:1081F000EACF86F6E9CF85F6D8821B6AF2BE1B8EDF
:10820000F29E84C6BBF683C6BAF682C6B9F681C6AC
:10821000B8F603C0BFF602C0BEF601C0BDF600014D
:1082200069EC04F01BBEF28E86C6EAFF85C6E9FF44
:1082300003C084F602C083F601C082F600C081F656
:1082400081C600F082C601F083C602F084C603F046
:10825000019E84C684F683C683F601C082F681C679
:1082600081F61B6AF2BE1B8EF29E84C6BBF683C6E5
:10827000BAF682C6B9F681C6B8F667C2BFF666C25C
:10828000BEF665C2BDF664C2BCF6A5EC05F01BBE29
:10829000F28E0FE3D89006013A35826B816F5A0E49
:1082A0008125E96E000E8221EA6E010EEF6E258AAD
:1082B000000105D0060101018B6B8A6B0001DDD046
:1082C0000601D8903A35826B816F5A0E8125E96E8E
:1082D000000E8221EA6EEF52D8B4A7D03A51080DB1
:1082E000F350826B816F040E8125016E000E822196
:1082F000036E0150240FE96E020E0320EA6EEFCFE9
:1083000081F6ECCF82F6ECCF83F6ECCF84F63A51CF
:10831000040DF350036A680FE96E020E0320EA6E43
:10832000EFCFBCF6ECCF01F0ECCF02F0ECCF03F0D6
:10833000EACF86F6E9CF85F6D8821B6AF2BE1B8E9D
:10834000F29E84C6BBF683C6BAF682C6B9F681C66B
:10835000B8F603C0BFF602C0BEF601C0BDF600010C
:1083600069EC04F01BBEF28E86C6EAFF85C6E9FF03
:1083700003C084F602C083F601C082F600C081F615
:1083800081C600F082C601F083C602F084C603F005
:10839000019E84C684F683C683F601C082F681C638
:1083A00081F61B6AF2BE1B8EF29E84C6BBF683C6A4
:1083B000BAF682C6B9F681C6B8F667C2BFF666C21B
:1083C000BEF665C2BDF664C2BCF6A5EC05F01BBEE8
:1083D000F28E10E3D89006013A35826B816F5A0E07
:1083E0008125E96E000E8221EA6E010EEF6E258A6C
:1083F0001BD00001D89006013A35826B816F5A0E6E
:108400008125E96E000E8221EA6EEF6A259A3A51C3
:10841000040DF350036A680FE96E020E0320EA6E42
:10842000EF6AEC6AEC6AEC6A19D0D8903A35826B44
:10843000816F5A0E8125E96E000E8221EA6EEF6A85
:10844000259A3A51040DF350036A680FE96E020E43
:108450000320EA6EEF6AEC6AEC6AEC6AD8903A356F
:10846000826B816F520E8125E96E000E8221EA6EC9
:10847000EF6A01018B6B8A6B000106013BA32CD0D4
:108480006351020818E2FF0A03E16251FB0813E29C
:10849000D8903A35826B816F010E8125016E000EF6
:1084A0008221036E01505A0FE96E000E0320EA6E1E
:1084B000010EEF6E11D0D8903A35826B816F010EAC
:1084C0008125016E000E8221036E01505A0FE96E64
:1084D000000E0320EA6EEF6A3A51040DF350826BEE
:1084E000816F660E8125836F010E8221846F3A5160
:1084F000040DF350866B856F020E8525016E000E0C
:108500008621036E0150660FE96E010E0320EA6EAC
:10851000ECCF86F6ED52EFCF85F684C6EAFF83C630
:10852000E9FF86C6ECFFED5285C6EFFF3A51040D18
:10853000F350826B816F020E8125016E000E822145
:10854000036E0150660FE96E010E0320EA6E61C6EC
:10855000ECFFED5260C6EFFF3A51080DF350826B0D
:10856000816F240E8125836F020E8221846F3A5120
:10857000080DF350866B856F040E8525016E000E85
:108580008621036E0150240FE96E020E0320EA6E6D
:10859000EFCF85F6ECCF86F6ECCF87F6ECCF88F6FA
:1085A00084C6EAFF83C6E9FF85C6EFFF86C6ECFFF7
:1085B00087C6ECFF88C6ECFF3A51080DF350826B7A
:1085C000816F040E8125016E000E8221036E015021
:1085D000240FE96E020E0320EA6E40C6EFFF41C68B
:1085E000ECFF42C6ECFF43C6ECFF55534AE154533F
:1085F00048E1535346E15251320843E31B6AF2BE4D
:108600001B8EF29E43C6BBF642C6BAF641C6B9F609
:1086100040C6B8F6BF6BBE6B480EBD6F840EBC6F14
:108620000001A5EC05F01BBEF28E20E21FE0060162
:108630003BA327D01B6AF2BE1B8EF29E47C6BBF639
:1086400046C6BAF645C6B9F644C6B8F6BF6BBE6BA9
:10865000480EBD6F840EBC6F0001A5EC05F01BBE7B
:10866000F28E04E2D8B402D006010BD0036A0601F0
:108670003A51620FE96E000E0320EA6E010EEF6EB2
:1086800008D0036A3A51620FE96E000E0320EA6EC9
:10869000EF6A000104011FBAC9EFC7F01FBCC9EFA0
:1086A000C7F01FBEC9EFC7F006013B992AA02CD026
:1086B0002BA82AD01B6AF2BE1B8EF29E5FC6BBF6A9
:1086C0005EC6BAF65DC6B9F65CC6B8F625C3BFF697
:1086D00024C3BEF623C3BDF622C3BCF60001A5EC3D
:1086E00005F01BBEF28E04E306013B890DD00001AC
:1086F00006013B992A900201E6810301026B016B9E
:10870000006B0201FF6B060156530BE1575309E161
:1087100004016A53D8B402D0060103D006013BA974
:10872000E5D004016A53D8B48FD00601565302E154
:10873000575304E05651D8B457075607D8821B6ADE
:10874000F2BE1B8EF29E5FC6BBF65EC6BAF65DC673
:10875000B9F65CC6B8F65BC6BFF65AC6BEF659C6D1
:10876000BDF658C6BCF6000169EC04F01BBEF28EE3
:1087700003C05FF602C05EF601C05DF600C05CF6A5
:108780001B6AF2BE1B8EF29E1FC1B9F61EC1B8F65F
:1087900081EC03F01BBEF28E1B6AF2BE1B8EF29EB2
:1087A0005FC6BBF65EC6BAF65DC6B9F65CC6B8F67D
:1087B00003C0BFF602C0BEF601C0BDF600C0BCF6E5
:1087C000A5EC05F01BBEF28E01E214E11B6AF2BEBD
:1087D0001B8EF29E1FC1B9F61EC1B8F681EC03F0E4
:1087E0001BBEF28E03C05FF602C05EF601C05DF6EE
:1087F00000C05CF61B6AF2BE1B8EF29E5FC6B7F627
:108800005EC6B6F65DC6B5F65CC6B4F64BEC04F0D3
:108810001BBEF28E02C063F601C062F61B6AF2BE96
:108820001B8EF29E5FC6B7F65EC6B6F65DC6B5F69F
:108830005CC6B4F64BEC04F01BBEF28E02C061F6CF
:1088400001C060F650D0040106015651D8B4570754
:108850005607D8921B6AF2BE1B8EF29E5FC6BBF60D
:108860005EC6BAF65DC6B9F65CC6B8F65BC6BFF6BC
:108870005AC6BEF659C6BDF658C6BCF6000169EC2C
:1088800004F01BBEF28E03C05FF602C05EF601C0AC
:108890005DF600C05CF61B6AF2BE1B8EF29E5FC6E0
:1088A000B7F65EC6B6F65DC6B5F65CC6B4F64BEC7A
:1088B00004F01BBEF28E02C063F601C062F61B6AB2
:1088C000F2BE1B8EF29E5FC6B7F65EC6B6F65DC6FA
:1088D000B5F65CC6B4F64BEC04F01BBEF28E02C0DB
:1088E00061F601C060F6C8EFC7F006012A9077C6AE
:1088F00081F6836B280E826F00018EEF78F001A065
:10890000C8EFC7F077C683F60601846B866B280E26
:10891000856F000103EC2FF051C697F150C696F118
:1089200001019651945D03E19751955D03E00601C5
:108930003B97010197C195F196C194F106013A5117
:1089400006081DE134521BE104016C53D8A402D087
:10895000060115D006013BB706D03FC667F63EC6F6
:1089600066F63B870BD03E516625816F3F516721EC
:10897000826FD8908231676F8131666F28D03BA7B4
:1089800002D02BA80CD03DC665F63CC664F63BA3CE
:1089900004D03FC667F63EC666F63B8718D03C510A
:1089A0006425816F3D516521826FD8908231656F5A
:1089B0008131646F3BA30BD03E516625816F3F51DF
:1089C0006721826FD8908231676F8131666F3A512B
:1089D0000608D8A491D03452D8A48ED004016C5388
:1089E000D8A402D0060188D006016651505D816F7F
:1089F00067515159826F82C603F0815182AF08D00E
:108A0000000ED8808155006E000E8255036E005016
:108A1000816F03C082F682BF0BD08251010808E249
:108A2000FF0A03E18151EE0803E2190E6E6F45D093
:108A30006651505D816F67515159826F82C603F054
:108A4000815182AF08D0000ED8808155006E000E93
:108A50008255036E0050816F03C082F682BF0BD037
:108A60008251000808E2FF0A03E181515E0803E237
:108A7000110E6E6F22D06651505D816F6751515952
:108A8000826F82C603F0815182AF08D0000ED88079
:108A90008155006E000E8255036E0050816F03C039
:108AA00082F682BF08D0825303E18151C80803E2F5
:108AB0000A0E6E6F02D0010E6E6F6651505D816FAF
:108AC00067515159826F82C603F0815182AF08D03D
:108AD000000ED8808155006E000E8255036E005046
:108AE000816F03C082F682BF05D0825304E18151B9
:108AF000090801E36E6B0ED16451505D816F6551C1
:108B00005159826F82C603F0815182AF08D0000EA6
:108B1000D8808155006E000E8255036E0050816F23
:108B200003C082F682BF0BD08251010808E2FF0A1F
:108B300003E18151EE0803E2190E6D6F45D06451D7
:108B4000505D816F65515159826F82C603F081512A
:108B500082AF08D0000ED8808155006E000E82557D
:108B6000036E0050816F03C082F682BF0BD082512A
:108B7000000808E2FF0A03E181515E0803E2110EDA
:108B80006D6F22D06451505D816F65515159826F74
:108B900082C603F0815182AF08D0000ED880815583
:108BA000006E000E8255036E0050816F03C082F686
:108BB00082BF08D0825303E18151C80803E20A0E44
:108BC0006D6F02D0010E6D6F6451505D816F655104
:108BD0005159826F82C603F0815182AF08D0000ED6
:108BE000D8808155006E000E8255036E0050816F53
:108BF00003C082F682BF05D0825304E18151090887
:108C000001E36D6B3BA386D06651505D816F675168
:108C10005159826F82C603F0815182AF08D0000E95
:108C2000D8808155006E000E8255036E0050816F12
:108C300003C082F682BF0BD08251010808E2FF0A0E
:108C400003E18151EE0803E2190E6E6F45D06651C3
:108C5000505D816F67515159826F82C603F0815117
:108C600082AF08D0000ED8808155006E000E82556C
:108C7000036E0050816F03C082F682BF0BD0825119
:108C8000000808E2FF0A03E181515E0803E2110EC9
:108C90006E6F22D06651505D816F67515159826F5E
:108CA00082C603F0815182AF08D0000ED880815572
:108CB000006E000E8255036E0050816F03C082F675
:108CC00082BF08D0825303E18151C80803E20A0E33
:108CD0006E6F02D0010E6E6F6651505D816F6751ED
:108CE0005159826F82C603F0815182AF08D0000EC5
:108CF000D8808155006E000E8255036E0050816F42
:108D000003C082F682BF05D0825304E18151090875
:108D100001E36E6B65C684F664C683F60001F8EC69
:108D200077F002C069F601C068F667C684F666C6C9
:108D300083F6F8EC77F002C06BF601C06AF6036ABE
:108D400006013A514C0FE96E040E0320EA6EEF5211
:108D500031E104014B51020808E04B51030805E0E2
:108D60004B53D8B402D0060125D0036A06013A510C
:108D7000816F03C082F6DE0E8125836F050E82218E
:108D8000846F010E856F84C6EAFF83C6E9FF85C63E
:108D9000EEFF036A3A514C0FE96E040E0320EA6EAF
:108DA000010EEF6E3AC6E6F5100E816F0001FFEC82
:108DB00065F006013A51060840E134523EE10401F3
:108DC0006C53D8A402D0060138D025BA19D00601B8
:108DD0006B51515D14E303E150516A5D10E26E5135
:108DE0006227000E63236351020809E2FF0A03E1D0
:108DF0006251FB0804E2030E636FFC0E626F040114
:108E0000060151516B5D18E303E16A51505D14E2B4
:108E10006E51625F000E635B635303E1625135087C
:108E200008E26351020808E2FF0A03E16251FC080C
:108E300003E2636B360E626FAAD03A51040803E076
:108E40003A5106081AE125BA17D06951515D14E369
:108E500003E15051685D10E26D516027000E6123FF
:108E60006151020809E2FF0A03E16051FB0804E2D4
:108E7000030E616FFC0E606F19D025BA17D06951CF
:108E8000515D14E303E15051685D10E26D516027BC
:108E9000000E61236151020809E2FF0A03E16051FB
:108EA000FB0804E2030E616FFC0E606F5151695DB7
:108EB00018E303E16851505D14E26D51605F000EEC
:108EC000615B615303E16051350808E261510208BA
:108ED00008E2FF0A03E16051FC0803E2616B360E11
:108EE000606F3BA354D03A51040803E03A5106089E
:108EF0001AE125BA17D06B51515D14E303E15051CB
:108F00006A5D10E26E516227000E6323635102080E
:108F100009E2FF0A03E16251FB0804E2030E636FFA
:108F2000FC0E626F19D025BA17D06B51515D14E356
:108F300003E150516A5D10E26E516227000E632317
:108F40006351020809E2FF0A03E16251FB0804E2EF
:108F5000030E636FFC0E626F51516B5D18E303E10A
:108F60006A51505D14E26E51625F000E635B6353A1
:108F700003E16251350808E26351020808E2FF0A82
:108F800003E16251FC0803E2636B360E626F00017D
:108F9000040163C6D9F162C6D8F161C6DBF160C6CF
:108FA000DAF106013B913A51F90FD8B0F9EFCBF065
:108FB000070F0001A0EFCCF03DC6EBF03CC6EAF095
:108FC0003FC6EDF03EC6ECF043C60BF242C60AF2D5
:108FD00041C609F240C608F247C60FF246C60EF275
:108FE00045C60DF244C60CF2239006013BB5238022
:108FF0004BC6D5F04AC6D4F049C6D3F048C6D2F025
:1090000053C623F152C622F157C6F7F056C6F6F002
:109010005FC6FBF15EC6FAF15DC6F9F15CC6F8F118
:1090200061C6FFF060C6FEF063C607F162C606F1D6
:1090300065C60FF164C60EF167C617F166C616F174
:1090400022903BB72280FFC002F0FEC001F0023246
:10905000013202320132023201C06FFF02320230AD
:10906000300B006E6E50CF0B00106E6E305213E05E
:1090700007C102F006C101F00232013202320132B0
:10908000023201C072FF02320230300B006E7150AA
:10909000CF0B0010716E23903BB52380AAD33DC641
:1090A000EFF03CC6EEF03FC6F1F03EC6F0F043C62E
:1090B00013F242C612F241C611F240C610F247C680
:1090C00017F246C616F245C615F244C614F22392AC
:1090D00006013BB523824BC6DDF04AC6DCF049C62B
:1090E000DBF048C6DAF053C625F152C624F157C664
:1090F000F9F056C6F8F05FC6FFF15EC6FEF15DC638
:10910000FDF15CC6FCF161C601F160C600F163C609
:1091100009F162C608F165C611F164C610F167C6AF
:1091200019F166C618F122923BB722822BA803D010
:109130002AB001D02AD001C102F000C101F00232F0
:10914000013202320132023201C044FF02320230E7
:10915000300B006E0F014351CF0B0010436F3152A3
:1091600013E009C102F008C101F0023201320232FB
:109170000132023201C047FF02320230300B006E72
:109180004651CF0B0010466F060123923BB5238258
:1091900030D33DC6F3F03CC6F2F03FC6F5F03EC614
:1091A000F4F043C61BF242C61AF241C619F240C699
:1091B00018F247C61FF246C61EF245C61DF244C647
:1091C0001CF2239406013BB523844BC6E5F04AC646
:1091D000E4F049C6E3F048C6E2F053C627F152C6B0
:1091E00026F157C6FBF056C6FAF05FC603F25EC61C
:1091F00002F25DC601F25CC600F261C603F160C610
:1092000002F163C60BF162C60AF165C613F164C6CA
:1092100012F167C61BF166C61AF122943BB722848D
:1092200003C102F002C101F0023201320232013206
:10923000023201C075FF02320230300B006E7450F2
:10924000CF0B0010746E325213E00BC102F00AC152
:1092500001F00232013202320132023201C078FFE3
:1092600002320230300B006E7750CF0B0010776E59
:1092700023943BB52384BDD23DC6EBF03CC6EAF057
:109280003FC6EDF03EC6ECF043C60BF242C60AF212
:1092900041C609F240C608F247C60FF246C60EF2B2
:1092A00045C60DF244C60CF2239606013BB5238653
:1092B0004BC6D5F04AC6D4F049C6D3F048C6D2F062
:1092C00053C629F152C628F157C6FDF056C6FCF028
:1092D0005FC607F25EC606F25DC605F25CC604F222
:1092E00061C605F160C604F163C60DF162C60CF1FA
:1092F00065C615F164C614F167C61DF166C61CF19A
:1093000022963BB7228605C102F004C101F0023269
:10931000013202320132023201C06FFF02320230EA
:10932000300B006E6E50CF0B00106E6E0DC102F050
:109330000CC101F00232013202320132023201C0AC
:1093400072FF02320230300B006E7150CF0B0010F2
:10935000716E23963BB523864CD23DC631F13CC697
:1093600030F13FC633F13EC632F143C61BF242C66E
:109370001AF241C619F240C618F247C61FF246C695
:109380001EF245C61DF244C61CF21B6AF2BE1B8EBD
:10939000F29E0601BB6BBA6B7A0EB96F880EB86F7E
:1093A0001BC2BFF61AC2BEF619C2BDF618C2BCF681
:1093B000000103EC06F01BBEF28E1B6AF2BE1B8E90
:1093C000F29E03C0B7F602C0B6F601C0B5F600C003
:1093D000B4F64BEC04F01BBEF28E02C02DF101C0BE
:1093E0002CF11B6AF2BE1B8EF29E0601BB6BBA6BA0
:1093F0007A0EB96F880EB86F1FC2BFF61EC2BEF6D6
:109400001DC2BDF61CC2BCF6000103EC06F01BBE7B
:10941000F28E1B6AF2BE1B8EF29E03C0B7F602C02C
:10942000B6F601C0B5F600C0B4F64BEC04F01BBEB6
:10943000F28E02C02FF101C02EF1239406013BB53C
:1094400023844BC6E5F04AC6E4F049C6E3F048C6BB
:10945000E2F053C627F152C626F157C6FBF056C6B6
:10946000FAF05FC603F25EC602F25DC601F25CC6A8
:1094700000F261C637F160C636F163C639F162C6E3
:1094800038F165C613F164C612F167C61BF166C6F2
:109490001AF122943BB7228453C635F152C634F1F7
:1094A00037C102F036C101F002320132023201321C
:1094B000023201C075FF02320230300B006E745070
:1094C000CF0B0010746E0201C15313E039C102F0DA
:1094D00038C101F00232013202320132023201C0DF
:1094E00078FF02320230300B006E7750CF0B001045
:1094F000776E239406013BB523847BD13DC63DF1B5
:109500003CC63CF143C613F242C612F241C611F208
:1095100040C610F21B6AF2BE1B8EF29E0601BB6BA8
:10952000BA6B7A0EB96F880EB86F13C2BFF612C24B
:10953000BEF611C2BDF610C2BCF6000103EC06F087
:109540001BBEF28E1B6AF2BE1B8EF29E03C0B7F6E4
:1095500002C0B6F601C0B5F600C0B4F64BEC04F09C
:109560001BBEF28E02C03FF101C03EF12392060104
:109570003BB523824BC6DDF04AC6DCF049C6DBF0C2
:1095800048C6DAF053C641F152C640F157C6F9F069
:1095900056C6F8F05FC6FFF15EC6FEF15DC6FDF18E
:1095A0005CC6FCF161C643F160C642F163C609F1D5
:1095B00062C608F165C611F164C610F167C619F1FB
:1095C00066C618F122923BB722821FBC15D043C158
:1095D00002F042C101F002320132023201320232A3
:1095E00001C044FF02320230300B006E0F014351C4
:1095F000CF0B0010436F0601FCD006013A5106085C
:1096000042E1345240E104016C53D8A402D0060177
:109610003AD03FC649F13EC648F147C617F246C6A2
:1096200016F245C615F244C614F21B6AF2BE1B8E32
:10963000F29E0601BB6BBA6B7A0EB96F880EB86FDB
:1096400017C2BFF616C2BEF615C2BDF614C2BCF6EE
:10965000000103EC06F01BBEF28E1B6AF2BE1B8EED
:10966000F29E03C0B7F602C0B6F601C0B5F600C060
:10967000B4F64BEC04F01BBEF28E02C03FF101C009
:109680003EF138D006013DC649F13CC648F143C61B
:1096900013F242C612F241C611F240C610F21B6A22
:1096A000F2BE1B8EF29EBB6BBA6B7A0EB96F880E40
:1096B000B86F13C2BFF612C2BEF611C2BDF610C219
:1096C000BCF6000103EC06F01BBEF28E1B6AF2BE74
:1096D0001B8EF29E03C0B7F602C0B6F601C0B5F607
:1096E00000C0B4F64BEC04F01BBEF28E02C03FF19A
:1096F00001C03EF1239206013BB523824BC6DDF04B
:109700004AC6DCF049C6DBF048C6DAF053C641F180
:1097100052C640F157C6F9F056C6F8F05FC6FFF1E1
:109720005EC6FEF15DC6FDF15CC6FCF161C64FF19F
:1097300060C64EF163C651F162C650F165C611F1C3
:1097400064C610F167C619F166C618F122923BB7DC
:1097500022823A5106081EE134521CE104016C5386
:10976000D8A402D0060116D051C102F050C101F0B8
:109770000232013202320132023201C047FF0232AC
:109780000230300B006E0F014651CF0B0010466FB8
:109790002AD006014FC102F04EC101F0023201325F
:1097A00002320132023201C044FF02320230300B79
:1097B000006E0F014351CF0B0010436F345213E082
:1097C00051C102F050C101F00232013202320132C5
:1097D000023201C047FF02320230300B006E4651A8
:1097E000CF0B0010466F239206013BB5238201D0B8
:1097F0000601000E3BB1010E016E00011200E824CB
:10980000F76AF7361F0FF66E980EF722010EF86E04
:10981000FB6E0A00F550FA6E0800F550F96E064E20
:10982000D04E54502051A052D2514253E824F76AEE
:10983000F7364D0FF66E980EF722010EF86EFB6E9E
:109840000A00F550FA6E0800F550F96E4E5860584F
:1098500072588458A8589658BA58E824F76AF736C8
:109860007B0FF66E980EF722010EF86EFB6E0A0063
:10987000F550FA6E0800F550F96E4060A660C261BE
:109880002E622A64A0620C65E824F76AF736A90FF5
:10989000F66E980EF722010EF86EFB6E0A00F55078
:1098A000FA6E0800F550F96E4466906608678067A6
:1098B0000068C8679E69E824F76AF736D70FF66E26
:1098C000980EF722010EF86EFB6E0A00F550FA6E44
:1098D0000800F550F96EE66A326BB06B286CA86C24
:1098E000706C146DE824F76AF736050FF66E990E62
:1098F000F722010EF86EFB6E0A00F550FA6E0800B2
:10990000F550F96E4C7274729C72C4721473EC72DE
:109910003C73E824F76AF736330FF66E990EF72298
:10992000010EF86EFB6E0A00F550FA6E0800F55055
:10993000F96E9474BC74E4740C755C75347584753C
:10994000E824F76AF736610FF66E990EF722010EDA
:10995000F86EFB6E0A00F550FA6E0800F550F96ECD
:10996000B88F9E9092917892FC945A93FA95F86AE7
:10997000D09E078E140E006E100E016E020EE96E60
:10998000000EEA6EEE6A002EFDD7012EFBD7700E98
:10999000D36E400E9B6E646A1C6A65868A0EAF6E3B
:1099A000000ED46EA60EAC6E900EAB6E0F0120872B
:1099B000820E1E6F060E1F6FA60E216F900E226F75
:1099C0000D0E1E6E560E1D6E1F901F921F941F9639
:1099D0001F981F9A1F9C1F9E2490249224842496D3
:1099E0002498249A249C249E2590259225842596AB
:1099F0002598259A259C259E2A902A922A942A8683
:109A00002A882A8A2A8C2A8E2B80346A356A366AFA
:109A1000376A416A406A436A426A456A446A476AE9
:109A2000466A010E486E496A4B6A4A6A4C6A4D6A38
:109A30004E6A4F6A506A516A0001666B676B686BC9
:109A4000696B6A6B6B6B6C6B6D6B6E6B6F6B706B5A
:109A5000716B726B736B746B756B766B776BBB6BC7
:109A6000BA6BB96BB86BBF6BBE6BBD6BBC6BC16BBC
:109A7000C06BC36BC26BC56BC46BC76BC66BC96B6A
:109A8000C86BCB6BCA6BCD6BCC6BCF6BCE6BD16B1A
:109A9000D06BD36BD26BD56BD46BD76BD66BD96BCA
:109AA000D86BDB6BDA6BDD6BDC6BDF6BDE6BE16B7A
:109AB000E06BE36BE26BE56BE46BE76BE66BE96B2A
:109AC000E86B01011F6B360E1E6F216B470E206F76
:109AD0002B6B2A6B356B346B376B366B396B386B92
:109AE0003B6B3A6B3D6B3C6B3F6B3E6B416B406B32
:109AF000436B426B456B446B476B466B496B486BE2
:109B00004B6B4A6B4D6B4C6B4F6B4E6B516B506B91
:109B1000536B526B556B546B596B586B576B566B41
:109B20005D6B5C6B5B6B5A6B616B606B5F6B5E6BF1
:109B3000636B626B656B646B876B866B896B886B21
:109B40008B6B8A6B8D6B8C6B8F6B8E6B916B906B51
:109B5000936B926B956B946B976B966BD56BD46B89
:109B6000D76BD66BD96BD86BDB6BDA6BDF6BDE6BCD
:109B7000DD6BDC6BE36BE26B270EE16F100EE06FC9
:109B8000E76BE66BE56BE46B0201236B226B216BE9
:109B9000206B676B666B656B646B7F6B7E6B7D6B3D
:109BA0007C6B836B826B816B806B876B866B856B49
:109BB000846B8B6B8A6B896B886B8F6B8E6B8D6BF9
:109BC0008C6B936B926B916B906B976B966B956BA9
:109BD000946B9B6B9A6B996B986B9F6B9E6B9D6B59
:109BE0009C6BA36BA26BA16BA06BA76BA66BA56B09
:109BF000A46BAB6BAA6BA96BA86BAF6BAE6BAD6BB9
:109C0000AC6B2B922B84B16BB06BB56BB46BB36B3D
:109C1000B26BB66B2B96C56BC46BC76BC66BCB6B4D
:109C2000CA6BC96BC86BCD6BCC6BCF6BCE6BD06B7B
:109C3000D26BD16BD66BD56BD46B320ED36FDA6B24
:109C4000D96B030ED86FE80ED76FDE6BDD6BDC6B64
:109C5000DB6BE06BDF6BE16B2B982B9A2B9C2B9EC5
:109C6000E691E693E695E697E699E69BEA6BE96B63
:109C7000E86BE76BEE6BED6BEC6BEB6BF26BF16B28
:109C8000F06BEF6BF66BF56BF46BF36BFA6BF96BD8
:109C9000F86BF76BFE6BFD6BFC6BFB6B0301026BF0
:109CA000016B006B0201FF6B0301066B056B046B1C
:109CB000036B0A6B096B086B076B0B6B0D6B0C6B03
:109CC0000201E69D03010F6B0E6B116B106B136BA2
:109CD000126B190E146F186B176B166B156B196BD3
:109CE0001B6B1A6B1D6B1C6B1F6B1E6B216B206B30
:109CF000256B246B236B226B296B286B276B266BE0
:109D00002D6B2C6B2B6B2A6B0201E69F03012E91AE
:109D10002F6B306B2E93346B336B326B316B386B34
:109D2000376B366B356B3C6B3B6B3A6B396B2E95F7
:109D30002E972E992E9B3D6B456B446B0401406B17
:109D4000416B426B03012E9D2E9F0401439143936F
:109D500043954397446B4399439B439D466B456BA7
:109D60004A6B496B486B476B4B6B439F53915393C3
:109D7000546B53956A6B53976B6B6C6B6D6B6E6B1F
:109D80000601286B296B04015399539B06012A6B2A
:109D90002B6B2C6B2D6B2F6B2E6B336B326B316BF4
:109DA000306B356B346B376B366B060E386F000ECD
:109DB0000F01236F246F256FC196C198C19A2E6B36
:109DC0002F6B546B3AD004002000000000040026E2
:109DD0000000000008402C000840380014405200E9
:109DE0002F00786400640064006400C8000000C8AC
:109DF000000000C8000000C8000000C8000000C843
:109E0000000000C8000000C8000000140014001486
:109E1000001411C0003440EA000841220008412C1F
:109E200000204166003C4198003841E8004042244F
:109E3000001442680007444C0000010EF86E9D0EAD
:109E4000F76EC60EF66E0900F550006E000A13E0BC
:109E50000900F550016EE8BE05D00F0BEA6E09004F
:109E6000F5CFE9FF01BC090001AC0900F5CFEEFF19
:109E7000004EE9D7F9D7F86AFE0E256F0F0E246F52
:109E8000236BD08EF28EF28CF1849F80A282D280DE
:109E9000D282D284D286D288D28CF192F190F09E76
:109EA000F09C000E236F0F0E246FF60E256FC196E7
:109EB000C188C19AC050C00B0A09C06EC08EC28052
:109EC000010E936E8A6A900E946E8B6A956A8C6A04
:109ED000966A8D6AE40E986E8F6AC69A229FAB9E30
:109EE000C290F296228FAB8EC2802669C60ED56EC6
:109EF000070ECD6EAA6A000E0609CA6EF90ECB6E69
:109F0000B06A070EB16E200E04096B6E500E6C6EB7
:109F10007A6A070E7B6E200E0409396F500E3A6F75
:109F20003C6B070E3D6F200E0409366F500E376FE5
:109F3000200E0409336F500E346F780E0609306F0F
:109F4000FA0E316F30859D8AC00EF21200017EEC50
:109F500025F0259C01B0258C020E06013A6FFA0E01
:109F6000826F000196EC26F006013A2FF8D7000127
:109F7000E8EF26F043EC27F060EF27F0AE0E926E8C
:109F8000899A35EF28F0000E966E8D8EABA20AD01E
:109F9000AECFB6F2AECFB6F2AECFB6F2AB98AB88DC
:109FA000ABB2F6D7ABA404D0AECFB6F2AC98AC88C7
:109FB00003012EADFDEFDBF02E9D000129EC29F011
:109FC0000150DD08D8A4FCEFDBF004014151120A76
:109FD00000011CE0160A1CE00C0AD8B4D3EFD9F03B
:109FE000010AD8B4FAEFDAF0030AD8B419EFDBF0BB
:109FF000010AD8B442EFDBF00D0AD8B447EFDBF02A
:10A00000010AD8B48CEFDBF0FCEFDBF0FCEFDBF007
:10A0100004014B53D8A4EBEFD8F043AF0DD00001AF
:10A0200002EC00F03EEC2FF08FEC30F003012E89B3
:10A030000401439FEAEFD8F003012EBF21D04F5017
:10A04000FC0F15E2040F00014BEFE0F002EC00F012
:10A0500003010DD03EEC2FF0030109D08FEC30F05E
:10A06000030105D002EC00F0030101D003013752D7
:10A0700002E12E8F03D00401439B0301E8EFD8F0E7
:10A08000040143AB15D050A004D0000102EC00F055
:10A09000040150A204D000013EEC2FF0040150A4B2
:10A0A00004D000018FEC30F00401439BEAEFD8F0BC
:10A0B00043AF0DD0000102EC00F03EEC2FF08FEC2E
:10A0C00030F003012E890401439FEAEFD8F000012C
:10A0D0006653D8B4B7D16651010A06E0030A24E0FA
:10A0E000060AD8B48CD1ABD103EC00F0012C07D018
:10A0F00002EC00F00401466B456B14D00001000E29
:10A10000956E8C902488966E8D8E0601826B0F0E54
:10A11000816F0001EFEC2EF0000E956E8C88D58ECD
:10A120007B80040100018BD100EC44F0012C07D0AE
:10A130003EEC2FF00401466B456B5FD10001000E31
:10A14000956E8C9403012E9B1951F90F29E2070F8C
:10A1500000015FEFE0F02B9C2B982B9A030120D09D
:10A160002B8C2B982B9A03011BD02B8C2B882B9A92
:10A1700003012E8B15D02B9C2B882B9A030110D01A
:10A180002B8C2B882B9A03010BD02B9C2B982B8A82
:10A19000030106D02B8C2B982B8A030101D00301DD
:10A1A0002BBC04D02BB802D02BAA04D1026B016BBC
:10A1B000006B0201FF6B0301116B106B190E146F22
:10A1C0000201EA6BE96BE86BE76B2A8003012E97CB
:10A1D0002E952BAC34D0020E306F2F6B1B6AF2BE63
:10A1E0001B8EF29ECDC2B9F6CCC2B8F6000181EC4E
:10A1F00003F01BBEF28E03C0F2F202C0F1F201C006
:10A20000F0F200C0EFF22B8E0201E683E695030127
:10A210002E93346B336B326B316B1B6AF2BE1B8E29
:10A22000F29E00015EEC1CF01BBEF28E1B6AF2BEB9
:10A230001B8EF29E8FEC08F01BBEF28E03012BA842
:10A2400043D01B6AF2BE1B8EF29EA3C0B1F6A2C021
:10A25000B0F60601B36B320EB26F0001C2EC13F020
:10A260001BBEF28E0201D051640DF350036A060149
:10A27000015C0301206F0350060102580301216FA6
:10A280001B6AF2BE1B8EF29E000100EC20F01BBE8A
:10A29000F28E0201E6811B6AF2BE1B8EF29E000165
:10A2A00011EC1EF01BBEF28E0301026B016B006B02
:10A2B0000201FF6B1B6AF2BE1B8EF29E000194EC42
:10A2C00021F01BBEF28E03012BAA74D02E95020141
:10A2D000E681D351D75D006ED451D859016ED55166
:10A2E000D959026ED651DA59036E1B6AF2BE1B8E23
:10A2F000F29EE8CFBBF602C0BAF601C0B9F600C0C4
:10A30000B8F600013DEC0BF01BBEF28E03C03DF62B
:10A3100002C03CF601C03BF600C03AF61B6AF2BE32
:10A320001B8EF29ED2C2B9F6D1C2B8F681EC03F010
:10A330001BBEF28E1B6AF2BE1B8EF29E3DC6BBF6A2
:10A340003CC6BAF63BC6B9F63AC6B8F603C0BFF685
:10A3500002C0BEF601C0BDF600C0BCF69CEC03F026
:10A360001BBEF28E03C038F302C037F301C036F3D0
:10A3700000C035F31B6AF2BE1B8EF29E11EC1EF07C
:10A380001BBEF28E0301026B016B006B0201FF6BBF
:10A39000DAC23CF3D9C23BF3D8C23AF3D7C239F39D
:10A3A0001B6AF2BE1B8EF29E000159EC0BF01BBE25
:10A3B000F28E0301248A000E956E8C820601826B58
:10A3C0000F0E816F0001EFEC2EF0000E956E8C8C5D
:10A3D00003013D5102080EE1B9860F013D91BA9685
:10A3E000C5C03FFFC4C03EFF000E966E8D9E3D81EE
:10A3F00003013D6BCD806B840401000120D0FDEC96
:10A4000052F0012C07D08FEC30F00401466B456B05
:10A4100015D00001000E956E8C9E248C966E8D8456
:10A420000601826B0F0E816F0001EFEC2EF0900E93
:10A43000946E8B84B1800F01368504010001666B38
:10A44000E9EFD8F05AEF64F00152D8A4E9EFD8F060
:10A450000401455146110CE0466B456B000102ECCE
:10A4600000F03EEC2FF08FEC30F0E9EFD8F0040173
:10A47000030E375CF40FD8B04AD20C0F000176EF10
:10A48000E0F093C047F692C046F691C045F690C002
:10A4900044F606014B6B4A6B496B30C048F600012D
:10A4A000D2EC43F00050802506013A6F01500001C4
:10A4B000812106013B6F02500001822106013C6FA1
:10A4C00003500001832106013D6F0F0E3A27000E55
:10A4D0003B233C233D2330500F0DF3503A25000120
:10A4E000B86F000E06013B210001B96F000E060196
:10A4F0003C210001BA6F000E06013D210001BB6F37
:10A50000040105D29FC047F69EC046F69DC045F6A1
:10A510009CC044F606014B6B4A6B496B33C048F64E
:10A520000001D2EC43F000508C2506013A6F015037
:10A5300000018D2106013B6F025000018E210601B2
:10A540003C6F035000018F2106013D6F0F0E3A272B
:10A55000000E3B233C233D2333500F0DF3503A258F
:10A560000001B86F000E06013B210001B96F000E1B
:10A5700006013C210001BA6F000E06013D210001D9
:10A58000BB6F97C047F696C046F695C045F694C097
:10A5900044F606014B6B4A6B496B31C048F600012B
:10A5A000D2EC43F00050842506013A6F01500001BF
:10A5B000852106013B6F02500001862106013C6F98
:10A5C00003500001872106013D6F0F0E3A27000E50
:10A5D0003B233C233D2331500F0DF3503A2500011E
:10A5E000BC6F000E06013B210001BD6F000E06018D
:10A5F0003C210001BE6F000E06013D210001BF6F2E
:10A60000040185D197C047F696C046F695C045F639
:10A6100094C044F606014B6B4A6B496B31C048F657
:10A620000001D2EC43F00050842506013A6F01503E
:10A630000001852106013B6F0250000186210601C1
:10A640003C6F03500001872106013D6F0F0E3A2732
:10A65000000E3B233C233D2331500F0DF3503A2590
:10A660000001B86F000E06013B210001B96F000E1A
:10A6700006013C210001BA6F000E06013D210001D8
:10A68000BB6F040144D193C047F692C046F691C017
:10A6900045F690C044F606014B6B4A6B496B30C0DF
:10A6A00048F60001D2EC43F00050802506013A6FD5
:10A6B00001500001812106013B6F025000018221FF
:10A6C00006013C6F03500001832106013D6F0F0E10
:10A6D0003A27000E3B233C233D2330500F0DF3500F
:10A6E0003A250001B86F000E06013B210001B96F49
:10A6F000000E06013C210001BA6F000E06013D214B
:10A700000001BB6F040103D19FC047F69EC046F60F
:10A710009DC045F69CC044F606014B6B4A6B496BE5
:10A7200033C048F60001D2EC43F000508C250601FE
:10A730003A6F015000018D2106013B6F025000016C
:10A740008E2106013C6F035000018F2106013D6FF1
:10A750000F0E3A27000E3B233C233D2333500F0DB1
:10A76000F3503A250001B86F000E06013B210001AD
:10A77000B96F000E06013C210001BA6F000E060100
:10A780003D210001BB6F0401C2D09FC047F69EC0AF
:10A7900046F69DC045F69CC044F606014B6B4A6BDD
:10A7A000496B33C048F60001D2EC43F000508C25D1
:10A7B00006013A6F015000018D2106013B6F0250E6
:10A7C00000018E2106013C6F035000018F2106011C
:10A7D0003D6F0F0E3A27000E3B233C233D233350A1
:10A7E0000F0DF3503A250001B86F000E06013B2112
:10A7F0000001B96F000E06013C210001BA6F000E86
:10A8000006013D210001BB6F040181D093C047F6D2
:10A8100092C046F691C045F690C044F606014B6BD7
:10A820004A6B496B30C048F60001D2EC43F000504F
:10A83000802506013A6F01500001812106013B6F1E
:10A8400002500001822106013C6F03500001832168
:10A8500006013D6F0F0E3A27000E3B233C233D239C
:10A8600030500F0DF3503A250001B86F000E06016D
:10A870003B210001B96F000E06013C210001BA6FB7
:10A88000000E06013D210001BB6F97C047F696C040
:10A8900046F695C045F694C044F606014B6B4A6BEC
:10A8A000496B31C048F60001D2EC43F000508425DA
:10A8B00006013A6F01500001852106013B6F0250ED
:10A8C0000001862106013C6F03500001872106012B
:10A8D0003D6F0F0E3A27000E3B233C233D233150A2
:10A8E0000F0DF3503A250001BC6F000E06013B210D
:10A8F0000001BD6F000E06013C210001BE6F000E7D
:10A9000006013D210001BF6F040101D00401375051
:10A91000070804E037500E08D8A4A7D00001B835C6
:10A9200006013A6F0001B93506013B6F0001BA35E7
:10A9300006013C6F0001BB3506013D6F3A373B37DE
:10A940003C373D373A373B373C373D373A373B3773
:10A950003C373D373A373B373C373D373A373B3763
:10A960003C373D37C00E3A17D8921B6AF2BE1B8E99
:10A97000F29E3DC6B7F63CC6B6F63BC6B5F63AC63D
:10A98000B4F6BB6BBA6B010EB96F400EB86F000125
:10A99000F3EC0AF01BBEF28E020E0601005C010110
:10A9A000526F000E060101580101536F200E060977
:10A9B0000F01366F52C137FF0F0136950001BC35CC
:10A9C00006013A6F0001BD3506013B6F0001BE353F
:10A9D00006013C6F0001BF3506013D6F3A373B373A
:10A9E0003C373D373A373B373C373D373A373B37D3
:10A9F0003C373D373A373B373C373D373A373B37C3
:10AA00003C373D37C00E3A17D8921B6AF2BE1B8EF8
:10AA1000F29E3DC6B7F63CC6B6F63BC6B5F63AC69C
:10AA2000B4F6BB6BBA6B010EB96F400EB86F000184
:10AA3000F3EC0AF01BBEF28E020E0601005C01016F
:10AA4000546F000E060101580101556F200E0609D2
:10AA50000F01336F54C134FF0F013395BA98BA9A7E
:10AA6000B988B98A248264D00401375003080CE005
:10AA70003750060809E03750050806E037500A0845
:10AA800003E037500C0855E10001B83506013A6F74
:10AA90000001B93506013B6F0001BA3506013C6F74
:10AAA0000001BB3506013D6F3A373B373C373D3738
:10AAB0003A373B373C373D373A373B373C373D3702
:10AAC0003A373B373C373D373A373B373C373D37F2
:10AAD000C00E3A17D8921B6AF2BE1B8EF29E3DC67C
:10AAE000B7F63CC6B6F63BC6B5F63AC6B4F6BB6B8F
:10AAF000BA6B010EB96F400EB86F0001F3EC0AF0AB
:10AB00001BBEF28E020E0601005C0101546F000EA6
:10AB1000060101580101556F200E06090F01336F20
:10AB200054C134FF0F013395BA9AB98A3395248200
:10AB300004015050FF0A3714FF0FF20FD8B046D36C
:10AB40000E0F0001A9EFE0F02488000E956E8C90A6
:10AB500003012EB904D0000100EC80F00301000EC7
:10AB6000966E8D8E0601826B0F0E816F0001EFECE9
:10AB70002EF0000E956E8C88D58E7B80040126D336
:10AB800037A407D024BCFED7B1900F01369533957A
:10AB900000012488000E956E8C9003012EB904D01C
:10ABA000000100EC80F00301000E966E8D8E060110
:10ABB000826B0F0E816F0001EFEC2EF0000E956E90
:10ABC0008C88D58E7B800F0133850401FFD2248AC7
:10ABD000000E956E8C9403012E9B1951F90F29E2FA
:10ABE000070F000192EFE0F02B9C2B982B9A0301AA
:10ABF00020D02B8C2B982B9A03011BD02B8C2B88CD
:10AC00002B9A03012E8B15D02B9C2B882B9A03019A
:10AC100010D02B8C2B882B9A03010BD02B9C2B98BC
:10AC20002B8A030106D02B8C2B982B8A030101D091
:10AC300003012EB922D12BBC04D02BB802D02BAAF1
:10AC400017D1026B016B006B0201FF6B0301116BEB
:10AC5000106B190E146F0201EA6BE96BE86BE76B7E
:10AC600003012E972E952BAC34D0020E306F2F6B34
:10AC70001B6AF2BE1B8EF29ECDC2B9F6CCC2B8F6EC
:10AC8000000181EC03F01BBEF28E03C0F2F202C0A1
:10AC9000F1F201C0F0F200C0EFF22B8E0201E68368
:10ACA000E69503012E93346B336B326B316B1B6A69
:10ACB000F2BE1B8EF29E00015EEC1CF01BBEF28EFB
:10ACC0001B6AF2BE1B8EF29E8FEC08F01BBEF28E4A
:10ACD00003012BA857D01B6AF2BE1B8EF29EA3C0A5
:10ACE000B1F6A2C0B0F60601B36B320EB26F00012E
:10ACF000C2EC13F01BBEF28E02C03BF601C03AF666
:10AD000006013D6BD0C23CF61B6AF2BE1B8EF29E62
:10AD10003DC6B1F6D0C2B0F6B36B640EB26F00019F
:10AD2000C2EC13F01BBEF28E015006013A5D030126
:10AD3000206F025006013B590301216F1B6AF2BECE
:10AD40001B8EF29E000100EC20F01BBEF28E020171
:10AD5000E6811B6AF2BE1B8EF29E000111EC1EF012
:10AD60001BBEF28E0301026B016B006B0201FF6BD5
:10AD70001B6AF2BE1B8EF29E000194EC21F01BBEFA
:10AD8000F28E03012BAA74D02E950201E681D351D5
:10AD9000D75D006ED451D859016ED551D959026E84
:10ADA000D651DA59036E1B6AF2BE1B8EF29EE8CFB3
:10ADB000BBF602C0BAF601C0B9F600C0B8F6000191
:10ADC0003DEC0BF01BBEF28E03C03DF602C03CF61C
:10ADD00001C03BF600C03AF61B6AF2BE1B8EF29E23
:10ADE000D2C2B9F6D1C2B8F681EC03F01BBEF28E26
:10ADF0001B6AF2BE1B8EF29E3DC6BBF63CC6BAF67F
:10AE00003BC6B9F63AC6B8F603C0BFF602C0BEF6F6
:10AE100001C0BDF600C0BCF69CEC03F01BBEF28E78
:10AE200003C038F302C037F301C036F300C035F376
:10AE30001B6AF2BE1B8EF29E11EC1EF01BBEF28E40
:10AE40000301026B016B006B0201FF6BDAC23CF382
:10AE5000D9C23BF3D8C23AF3D7C239F31B6AF2BE68
:10AE60001B8EF29E000159EC0BF01BBEF28E03010B
:10AE7000000100EC80F046D003012BBC04D02BB8BD
:10AE800002D02BAA41D0190E146F0201EA6BE96BB4
:10AE9000E86BE76B2A902BAC1CD003010A6B096BA3
:10AEA000086B076B2E93346B336B326B316B1B6A01
:10AEB000F2BE1B8EF29EF2C2B7F6F1C2B6F6F0C237
:10AEC000B5F6EFC2B4F600017EEC06F01BBEF28EC2
:10AED00002012BA80AD01B6AF2BE1B8EF29E000153
:10AEE00094EC21F01BBEF28E02012BAA0CD00301C0
:10AEF0002E851B6AF2BE1B8EF29E000159EC0BF0F0
:10AF00001BBEF28E020103010F013095060E326F57
:10AF10000301116B106BBA9CB98C0F013085000EC8
:10AF2000956E8C820601826B0F0E816F0001EFEC33
:10AF30002EF0000E956E8C8CCD806B84B9860F013F
:10AF40003D91BA96C5C03FFFC4C03EFF966E8D9E30
:10AF50003D8104013BD137A207D024BAFED7CD9062
:10AF60006B940F01399500012488000E956E8C902A
:10AF700003012EB904D0000100EC80F00301000EA3
:10AF8000966E8D8E0601826B0F0E816F0001EFECC5
:10AF90002EF0000E956E8C88D58E7B800F01338548
:10AFA000040114D1248C000E956E8C9E03012EB9E1
:10AFB00004D0000100EC80F00301000E966E8D8439
:10AFC0000601826B0F0E816F0001EFEC2EF0900EE8
:10AFD000946E8B84B1800F0136850401F7D02488EC
:10AFE000000E956E8C9003012EB904D0000100EC88
:10AFF00080F00301000E966E8D8E0601826B0F0E9F
:10B00000816F0001EFEC2EF0000E956E8C88D58ECE
:10B010007B800401DBD0248237A207D024BAFED77C
:10B02000CD906B940F01399500012488000E956E28
:10B030008C9003012EB904D0000100EC80F00301D4
:10B04000000E966E8D8E0601826B0F0E816F0001D1
:10B05000EFEC2EF0000E956E8C88D58E7B800F0164
:10B0600033850401B3D0248237A207D024BAFED797
:10B07000CD906B940F013995000137A407D024BC03
:10B08000FED7B1900F013695339500012488000E4C
:10B09000956E8C9003012EB904D0000100EC80F075
:10B0A0000301000E966E8D8E0601826B0F0E816F6E
:10B0B0000001EFEC2EF0000E956E8C88D58E7B8013
:10B0C0000F013685040182D0248237A407D024BC26
:10B0D000FED7B1900F01369533950001248A000EFA
:10B0E000956E8C9403012EB904D0000100EC80F021
:10B0F0000301000E956E8C820601826B0F0E816F2C
:10B100000001EFEC2EF0000E956E8C8CCD806B84E0
:10B110000F01338504015AD0248237A407D024BC00
:10B12000FED7B1900F013695339500012488000EAB
:10B13000956E8C9003012EB904D0000100EC80F0D4
:10B140000301000E966E8D8E0601826B0F0E816FCD
:10B150000001EFEC2EF0000E956E8C88D58E7B8072
:10B160000F013385040132D0248237A207D024BADC
:10B17000FED7CD906B940F013995000137A407D00D
:10B1800024BCFED7B1900F01369533950001248879
:10B19000000E956E8C9003012EB904D0000100ECD6
:10B1A00080F00301000E966E8D8E0601826B0F0EED
:10B1B000816F0001EFEC2EF0000E956E8C88D58E1D
:10B1C0007B800F013685040101D0040103012E9913
:10B1D00000010401E6D04B2D44D043A102D043AF7F
:10B1E00006D04391000155EC66F039D0040100010E
:10B1F000E3EF66F0015233E104014551461107E0E7
:10B20000466B456B000155EC66F029D00401000E39
:10B21000956E8C9E000100EC80F0000E966E8D8481
:10B220000601826B0F0E816F0001EFEC2EF0900E85
:10B23000946E8B84B1800F013685E10E0001C56FDD
:10B24000180EC46F0F013D91C5C03FFFC4C03EFF43
:10B25000BA96B986000E966E8D9E3D810001A0D0F3
:10B2600004014B5102083EE143A302D043AF06D094
:10B2700043930001A3EC6DF033D00401000112EF01
:10B280006EF001522DE104014551461107E0466B75
:10B29000456B0001A3EC6DF023D00401000E956E08
:10B2A0008C92956E8C94000100EC80F0000E956EEF
:10B2B0008C820601826B0F0E816F0001EFEC2EF085
:10B2C000000E956E8C8C0601826B300E816F000132
:10B2D000EFEC2EF001012B6B2A6B456B446B0001E8
:10B2E0005FD004014B5103085CE124A602D043AFB8
:10B2F00017D043BF0ED02A94020E4B6F00016A2D67
:10B3000004D0030E04014B6F00019AEC6EF006D0DE
:10B310000401249600019AEC6EF02A8441D00401C5
:10B32000030E4B6F000103EC6FF0015239E1010E87
:10B3300006013A6F3AC6D1F5345204E104016C5368
:10B3400018E10601000E956E8C94000100EC80F06F
:10B35000000E956E8C820601826B0F0E816F0001CC
:10B36000EFEC2EF0000E956E8C8CCD806B8418D097
:10B370000401000E956E8C92000100EC80F0000E2E
:10B38000956E8C840601826B0F0E816F0001EFECCD
:10B390002EF0000E956E8C8ACD800F01398500014C
:10B3A0000401000129D204014B6B9EC44EF09FC4DE
:10B3B0004FF0036A4F502C0F016E000E0322015014
:10B3C00006013A6F03C03BF6A0C43CF63BC6EAFF59
:10B3D0003AC6E9FF3CC6EFFF036A4F50300F016EDB
:10B3E000000E032201503A6F03C03BF6A1C43CF6A5
:10B3F0003BC6EAFF3AC6E9FF3CC6EFFFD8904F34A0
:10B40000036AA80F016E000E032201503A6F03C0B9
:10B410003BF6A2C43CF6A3C43DF63BC6EAFF3AC6DF
:10B42000E9FF3DC6ECFFED523CC6EFFFD8904F342C
:10B43000036AB00F016E000E032201503A6F03C081
:10B440003BF6A4C43CF6A5C43DF63BC6EAFF3AC6AB
:10B45000E9FF3DC6ECFFED523CC6EFFF03012E991C
:10B46000036A4F503C0FE96E000E0320EA6E020E95
:10B47000EF6E036A4F50380F016E000E0322015029
:10B4800006013A6F03C03BF6A6C43CF63BC6EAFF92
:10B490003AC6E9FF3CC6EFFFD8904F34036AA00FCD
:10B4A000016E000E032201503A6F03C03BF6A7C4A1
:10B4B0003CF6A8C43DF63BC6EAFF3AC6E9FF3DC6E6
:10B4C000ECFFED523CC6EFFFD8904F34036A780F83
:10B4D000016E000E032201503A6F03C03BF6A9C46F
:10B4E0003CF6AAC43DF63BC6EAFF3AC6E9FF3DC6B4
:10B4F000ECFFED523CC6EFFF4F50040DF350036AD2
:10B50000800F016E000E032201503A6F03C03BF61C
:10B51000ABC43CF6ACC43DF6ADC43EF6AEC43FF69B
:10B520003BC6EAFF3AC6E9FF3CC6EFFF3DC6ECFF6B
:10B530003EC6ECFF3FC6ECFFED52ED52ED524F50D0
:10B54000040DF350036A900F016E000E03220150A8
:10B550003A6F03C03BF6AFC43CF6B0C43DF6B1C48D
:10B560003EF6B2C43FF63BC6EAFF3AC6E9FF3CC628
:10B57000EFFF3DC6ECFF3EC6ECFF3FC6ECFFED52D1
:10B58000ED52ED52B3C4CCF2B4C4CDF2B5C4CEF298
:10B59000B6C4CFF2B7C4D0F2C0C4D1F20201D26BAC
:10B5A000B8C4D3F2B9C4D4F2BAC4D5F2BBC4D6F28B
:10B5B000BCC4D7F2BDC4D8F2BEC4D9F2BFC4DAF25B
:10B5C000C1C419F30401439F53934F5003080CE087
:10B5D0004FC083F60601846B866B290E856F0001D0
:10B5E00003EC2FF006D004014F50030801E129902D
:10B5F000000102D1E8C437F0E9C44FF0D8904F34CD
:10B60000036AA00F016E000E0322015006013A6F7B
:10B6100003C03BF6EAC43CF6EBC43DF63BC6EAFF8A
:10B620003AC6E9FF3DC6ECFFED523CC6EFFF000114
:10B63000E3D0010E04014B6F4CC5B7F24DC5B8F213
:10B640004EC5B9F24FC5BAF250C5BBF251C5BCF2F6
:10B6500052C5BDF253C5BEF254C5BFF255C5C0F2C6
:10B6600056C5C1F257C5C2F258C5C3F2BAC270F48A
:10B67000B9C26FF4BEC271F4C0C272F4439F539357
:10B680000001BAD068C5C2F269C5C3F2B5D09EC583
:10B690006AF0020E04014B6F00016A2D04D0030E04
:10B6A00004014B6F000129928BC5E4F18CC5E5F1D3
:10B6B0008DC5E6F18EC5E7F18FC53AF190C53BF136
:10B6C00091C54AF092C54BF093C54CF094C546F134
:10B6D00095C547F196C54AF197C54BF198C54DF010
:10B6E00099C54CF19AC54DF12A928AC53AF6000ED9
:10B6F00006013AB1010E000A01E02A829BC534F02E
:10B700000401439F53939CC56BF49DC56CF49FC586
:10B710006DF42A94000170D0B8C53AF1B9C53BF177
:10B72000BAC546F1BBC547F1BCC535F0BDC56AF425
:10B73000BEC56DF404016A5304E000013BEF75F0EF
:10B740000401355258E024B656D0030E4B6F000169
:10B750007CEC6DF001013D6B3C6B3F6B3E6B416BD4
:10B76000406B5C6A5D6A0001636B040143A305D012
:10B770000001A3EC6DF004014393000103EC6FF0B2
:10B78000010E06013A6F3AC6D1F52486345204E11F
:10B7900004016C5318E10601000E956E8C940001B3
:10B7A00000EC80F0000E956E8C820601826B0F0E0D
:10B7B000816F0001EFEC2EF0000E956E8C8CCD8029
:10B7C0006B8418D00401000E956E8C92000100EC81
:10B7D00080F0000E956E8C840601826B0F0E816FD7
:10B7E0000001EFEC2EF0000E956E8C8ACD800F01DB
:10B7F00039850001040100010301040143B302D0B3
:10B8000024A68FD04B51020855E124A452D0249491
:10B81000080E016EC250830B0110C26E000E016E45
:10B82000C150F80B0110C16E0601826B070E816FCB
:10B830000001EFEC2EF01B6AF2BE1B8EF29EBBECF9
:10B8400000F01BBEF28E02C0DBF001C0DAF01C0E6D
:10B85000016EC250830B0110C26E000E016EC1500A
:10B86000F80B0110C16E0601826B070E816F00019B
:10B87000EFEC2EF01B6AF2BE1B8EF29EBBEC00F0CA
:10B880001BBEF28E02C0DFF001C0DEF0040E060126
:10B890003A6F0001B3ECA6F03CC1C8F53DC1C9F553
:10B8A0003EC1CAF53FC1CBF540C1CCF541C1CDF594
:10B8B00004011CD04B51030819E11FA617D024A482
:10B8C00015D024941F96060E06013A6F0001B3ECC2
:10B8D000A6F048C1C8F549C1C9F53EC1CAF53FC186
:10B8E000CBF540C1CCF541C1CDF504015C5202E17C
:10B8F0005D520AE0010E06013A6F3AC6CEF5010E1E
:10B900003A6F3AC6CFF5040163C0D0F524A008D041
:10B9100024900E0E0601816F0001FFEC65F004011A
:10B920006CD343A167D12BA628D10201C251C45DBB
:10B9300006E1C351C55DD8A402D004011ED1C25195
:10B94000C65D06E1C351C75DD8A402D0040115D17C
:10B95000C3C2C7F2C2C2C6F21B6AF2BE1B8EF29EFF
:10B96000C3C2B1F6C2C2B0F60601B36B640EB26FC9
:10B970000001C2EC13F01BBEF28E02C03BF601C008
:10B980003AF61B6AF2BE1B8EF29E02C0B9F601C0E7
:10B99000B8F681EC03F01BBEF28ED8921B6AF2BEA1
:10B9A0001B8EF29E03C0BBF602C0BAF601C0B9F608
:10B9B00000C0B8F6CD0E0601BF6F2C0EBE6F7A0E1A
:10B9C000BD6F880EBC6F000169EC04F01BBEF28EE7
:10B9D00003C03DF602C03CF601C03BF600C03AF69B
:10B9E0001B6AF2BE1B8EF29E03C0BBF602C0BAF603
:10B9F00001C0B9F600C0B8F6A80E0601BF6FC60EAA
:10BA0000BE6F140EBD6F830EBC6F00019CEC03F083
:10BA10001BBEF28E1B6AF2BE1B8EF29E03C0B7F6EF
:10BA200002C0B6F601C0B5F600C0B4F64BEC04F0A7
:10BA30001BBEF28E02C037F101C036F10201C153C4
:10BA400073E01B6AF2BE1B8EF29EC3C2B1F6C2C285
:10BA5000B0F60601B36B640EB26F0001C2EC13F0D6
:10BA60001BBEF28E02C03BF601C03AF61B6AF2BE64
:10BA70001B8EF29E02C0B9F601C0B8F681EC03F04D
:10BA80001BBEF28ED8921B6AF2BE1B8EF29E03C0C2
:10BA9000BBF602C0BAF601C0B9F600C0B8F6CD0ECA
:10BAA0000601BF6F2C0EBE6F7A0EBD6F880EBC6F85
:10BAB000000169EC04F01BBEF28E03C03DF602C02B
:10BAC0003CF601C03BF600C03AF61B6AF2BE1B8E84
:10BAD000F29E03C0BBF602C0BAF601C0B9F600C0C0
:10BAE000B8F6A80E0601BF6FC60EBE6F140EBD6F6E
:10BAF000830EBC6F00019CEC03F01BBEF28E1B6A30
:10BB0000F2BE1B8EF29E03C0B7F602C0B6F601C0AD
:10BB1000B5F600C0B4F64BEC04F01BBEF28E02C0CA
:10BB200039F101C038F1020137C102F036C101F02C
:10BB30000232013202320132023201C075FF02329A
:10BB40000230300B006E7450CF0B0010746EC15376
:10BB500013E039C102F038C101F002320132023281
:10BB60000132023201C078FF02320230300B006E27
:10BB70007750CF0B0010776E04011FA802D024B4B9
:10BB800002D06E531FE01F982494050E06013A6FF1
:10BB90000001B3ECA6F0015214E12CC16EF52DC1E9
:10BBA0006FF530C170F531C171F534C172F535C131
:10BBB00073F56FC474F570C475F571C476F572C40D
:10BBC00077F504015EC078F506013A6B3AC679F55F
:10BBD00064C07AF524A00CD0249004016E5301E0D7
:10BBE0006E6B0D0E0601816F0001FFEC65F0060122
:10BBF00005D204013752D8B400D224A4F4D11FA432
:10BC0000F8D037B002D037A6F4D024941F9437A0D0
:10BC100077D006013A6B0001B3ECA6F001526EE159
:10BC2000EAC0F2F4EBC0F3F4ECC0F4F4EDC0F5F4C8
:10BC30001B6AF2BE1B8EF29E0601BB6BBA6B7A0EBC
:10BC4000B96F880EB86F0BC2BFF60AC2BEF609C242
:10BC5000BDF608C2BCF6000103EC06F01BBEF28E76
:10BC60001B6AF2BE1B8EF29E03C0B7F602C0B6F688
:10BC700001C0B5F600C0B4F64BEC04F01BBEF28E6A
:10BC800002C03BF601C03AF63AC602F53BC603F5E0
:10BC90001B6AF2BE1B8EF29E0601BB6BBA6B7A0E5C
:10BCA000B96F880EB86F0FC2BFF60EC2BEF60DC2D6
:10BCB000BDF60CC2BCF6000103EC06F01BBEF28E12
:10BCC0001B6AF2BE1B8EF29E03C0B7F602C0B6F628
:10BCD00001C0B5F600C0B4F64BEC04F01BBEF28E0A
:10BCE00002C03BF601C03AF63AC604F53BC605F57C
:10BCF0005AC012F55BC013F562C01AF579D0040181
:10BD000037A677D0030E06013A6F0001B3ECA6F018
:10BD100001526EE1EAC0FEF4EBC0FFF4ECC000F5A6
:10BD2000EDC001F51B6AF2BE1B8EF29E0601BB6BD5
:10BD3000BA6B7A0EB96F880EB86F0BC2BFF60AC223
:10BD4000BEF609C2BDF608C2BCF6000103EC06F05F
:10BD50001BBEF28E1B6AF2BE1B8EF29E03C0B7F6AC
:10BD600002C0B6F601C0B5F600C0B4F64BEC04F064
:10BD70001BBEF28E02C03BF601C03AF63AC60EF583
:10BD80003BC60FF51B6AF2BE1B8EF29E0601BB6B13
:10BD9000BA6B7A0EB96F880EB86F0FC2BFF60EC2BB
:10BDA000BEF60DC2BDF60CC2BCF6000103EC06F0F7
:10BDB0001BBEF28E1B6AF2BE1B8EF29E03C0B7F64C
:10BDC00002C0B6F601C0B5F600C0B4F64BEC04F004
:10BDD0001BBEF28E02C03BF601C03AF63AC610F521
:10BDE0003BC611F560C018F561C019F565C01DF5B9
:10BDF00004011FA67BD037A279D024941F96010E90
:10BE000006013A6F0001B3ECA6F001526EE1EEC0FC
:10BE1000F6F4EFC0F7F4F0C0F8F4F1C0F9F41B6ADF
:10BE2000F2BE1B8EF29E0601BB6BBA6B7A0EB96F27
:10BE3000880EB86F13C2BFF612C2BEF611C2BDF6AD
:10BE400010C2BCF6000103EC06F01BBEF28E1B6AAA
:10BE5000F2BE1B8EF29E03C0B7F602C0B6F601C05A
:10BE6000B5F600C0B4F64BEC04F01BBEF28E02C077
:10BE70003BF601C03AF63AC606F53BC607F51B6A23
:10BE8000F2BE1B8EF29E0601BB6BBA6B7A0EB96FC7
:10BE9000880EB86F17C2BFF616C2BEF615C2BDF641
:10BEA00014C2BCF6000103EC06F01BBEF28E1B6A46
:10BEB000F2BE1B8EF29E03C0B7F602C0B6F601C0FA
:10BEC000B5F600C0B4F64BEC04F01BBEF28E02C017
:10BED0003BF601C03AF63AC608F53BC609F55CC028
:10BEE00014F55DC015F563C01BF504011FA87BD0D8
:10BEF00037A479D024941F98020E06013A6F0001EE
:10BF0000B3ECA6F001526EE1F2C0FAF4F3C0FBF418
:10BF1000F4C0FCF4F5C0FDF41B6AF2BE1B8EF29E69
:10BF20000601BB6BBA6B7A0EB96F880EB86F1BC275
:10BF3000BFF61AC2BEF619C2BDF618C2BCF60001A1
:10BF400003EC06F01BBEF28E1B6AF2BE1B8EF29E45
:10BF500003C0B7F602C0B6F601C0B5F600C0B4F62D
:10BF60004BEC04F01BBEF28E02C03BF601C03AF669
:10BF70003AC60AF53BC60BF51B6AF2BE1B8EF29E53
:10BF80000601BB6BBA6B7A0EB96F880EB86F1FC211
:10BF9000BFF61EC2BEF61DC2BDF61CC2BCF6000135
:10BFA00003EC06F01BBEF28E1B6AF2BE1B8EF29EE5
:10BFB00003C0B7F602C0B6F601C0B5F600C0B4F6CD
:10BFC0004BEC04F01BBEF28E02C03BF601C03AF609
:10BFD0003AC60CF53BC60DF55EC016F55FC017F509
:10BFE00064C01CF5040124A008D024900C0E0601A6
:10BFF000816F0001FFEC65F00401060181B047D0BC
:10C000009BC439F604019C510601395D35E2010EED
:10C01000936E8A82036A3951730FE96E040E03200E
:10C02000EA6EEF50050817E3036A3951730FE96EA2
:10C03000040E0320EA6EEFCF44F6036A3951870FEE
:10C04000E96E040E0320EA6EEFCF45F6000129ECFD
:10C0500031F00DD00601036A3951730FE96E040EF9
:10C060000320EA6EEFCF81F6000175EC43F0040186
:10C070009B2B0601392BC6D7010E936E8A920401C1
:10C080009C519B5D04E3000143EC27F00401000197
:10C09000C6EFCFF00300E824F76AF736B70FF66E65
:10C0A000C00EF722010EF86EFB6E0A00F550FA6E14
:10C0B0000800F550F96E4CA054A05CA064A0E824E0
:10C0C000F76AF736DF0FF66EC00EF722010EF86E34
:10C0D000FB6E0A00F550FA6E0800F550F96E56A195
:10C0E00060A16AA176A180A18AA194A1E824F76A3F
:10C0F000F7360D0FF66EC10EF722010EF86EFB6ECD
:10C100000A00F550FA6E0800F550F96E82A40CA9E9
:10C1100086A604A60CA80CA90CA908A70CA98AA796
:10C120000CA904A5E824F76AF736450FF66EC10E90
:10C13000F722010EF86EFB6E0A00F550FA6E080049
:10C14000F550F96EE8ABF2ABFCAB08AC12AC1CAC32
:10C1500026ACE824F76AF736730FF66EC10EF722A5
:10C16000010EF86EFB6E0A00F550FA6E0800F550ED
:10C17000F96E48ABCEAB16B0A4AF18B1C8B068B179
:0EC18000DEAFCAB156AFCAB180ABCAB166B06D
:020000040030CA
:0E00000015C8787C01899100FFC0FFE0FF4029
:00000001FF
;PIC18F67K22
;CRC=51BC  CREATED="29-may.-26 11:16"
