:10000000C8EF23F0F36ED890F734F66EF746010E82
:10001000F716000EF86E380EF626000EF7220900CD
:10002000F5500900F626F550F722F350F626000E9B
:10003000F7220900F5501200080211021A022802E4
:100040002F0238024102530263026D0275028502DB
:100050009A02AF02C402D902EA02F70213032F0385
:100060004B03670383039F03BB03D703F303FF0320
:100070000A04150431043C04470453045B0462047D
:1000800070047B0484048F049704A204AA04B204BD
:10009000BB04BF04C404C904CB04D004D504DA04EF
:1000A000EB04FF0415051F052C053A05420546051E
:1000B0004A054E0552056305740585059705AD058E
:1000C000BA05CB05D805E505F1050006140622069C
:1000D0003B064C06660678067D06820687068C0679
:1000E000910696069B069F06A306A706AB06AF06DB
:1000F000B306B706BB06C606D606E606F60606072C
:1001000016072607360746075607660772077E0753
:100110008A079607A207AE07BA07C607D207DD0708
:10012000E307F90719084F086B088308AF08D008E0
:10013000EB08060921093C09570972098D09A8092C
:10014000C309DC09F5090E0A280A450A550A650A99
:10015000750A920AAB0ABF0AD50ADE0AE70AEB0A59
:10016000EF0AF50AF60AF70AFF0A070B100B1A0B3B
:10017000260B330B4F0B620B710B800B8F0B9E0BFF
:10018000AD0BBC0BCB0BF20B180C480C510C5B0CE1
:100190006C0C710C760C7B0C7F0C830C870C9E0C0A
:1001A000B50CBB0CC30CC40CC50CC60CCF0CD80CC6
:1001B000FF0C260D4F0D760D9D0DC40DC80DCC0DF9
:1001C000D60DE00DEA0DF40DFE0D130E280E3D0EBA
:1001D000460E5B0E700E850E9A0EAF0EC40EC80E44
:1001E000CC0ED00EE50EEE0EF70E000F090F120F1B
:1001F0001B0F240F2D0F360F3F0F480F510F550FB8
:10020000590F5F0F650F6F0F790F830F8D0F9A0FC7
:10021000A10FB60FCB0FE00FF50F181021102A1009
:1002200033103C1040104A1054105E105E105D10E8
:100230005C105B105A10591058105710561055107A
:1002400054104D4F4E4F504F4C4152200042495098
:100250004F4C4152202020004D4943524F434F52B2
:100260005249454E5445530053494D455452494116
:10027000004153494D4554524943410053494D456E
:1002800054524943412000454C454354524F455335
:1002900054494D554C4143494F4E00534953542006
:1002A0004D554C544950554C534F532000544845DC
:1002B00054412D42555253540047414C56414E49EA
:1002C00043410047414C56414E494341202B204D6C
:1002D0004943524F002020202020202043616E619E
:1002E0006C204120202020202020200020202020C1
:1002F00020202043616E616C20422020202020209D
:100300002020002020202020202043616E616C20CE
:1003100043202020202020202000202020202020DA
:1003200020506F696E7465722020202020202020CC
:100330000041434345534F2054524154414D494598
:100340004E544F004D454E55205052494E43495052
:10035000414C00202020202020202020436F6E666A
:10036000696775726163696F6E20202020202020EC
:10037000002020202020202020202047616C766152
:100380006E69636120202020202020202020002072
:1003900047616C76616E696361202B206D696372C1
:1003A0006F636F727269656E746573200020202020
:1003B0002020202020205472616E736372616E656C
:1003C000616C2020202020202020002020202020C0
:1003D000456C656374726F2D457374696D756C61DE
:1003E00063696F6E202020200020202020202053D1
:1003F000697374656D61204D756C746970756C738B
:100400006F7320202020002020202020202020206A
:100410002054686574612D42757273742020202009
:1004200020202020002020202020202020202020EC
:1004300050726573657473202020202020202020B6
:1004400020200020202020202020202020202020CC
:10045000546573742020202020202020202020207C
:1004600000434F4E46494755524143494F4E00497C
:100470006C756D696E6163696F6E2000536F6E6994
:10048000646F2020202020200020202020202020F9
:100490002056657273696F6E2046572F485720208B
:1004A00020202020202000436F6E747261737465D9
:1004B000202020004964696F6D61202020202020C9
:1004C0000056455253494F4E2046572F4857004338
:1004D0004F4E545241535445004944494F4D4120D9
:1004E0002000415649534F20414355535449434FEF
:1004F0002000494C554D494E4143494F4E2000493B
:100500006C696D697461646F2000414C494D454EC2
:10051000544143494F4E00434F4E4543544144419B
:1005200000444553434F4E4543544144410020430A
:1005300041524741444F2000454E204341524741DC
:100540002000496E74656E73696461640043617272
:100550006761005469656D706F0050756C736F73DF
:10056000006F686D00496D6564203D00566D6564DF
:10057000203D00526D6564203D004552524F52208F
:10058000444520454C454354524F444F0045525238
:100590004F52204445205452414E534953544F52D8
:1005A0004553004552524F522053495354454D41F3
:1005B000204445204D4544494441002020204552D7
:1005C000524F5220444500434F4D554E49434143FD
:1005D000494F4E455300542E206573746163696F13
:1005E0006E6172696F00542E207265706F736F00B8
:1005F00020204120200020204220200020204320D5
:1006000020002020502020002020202020204341B6
:100610004E414C204120202020200020202020205E
:100620002043414E414C2042202020202000202009
:100630002020202043414E414C20432020202020D8
:10064000007061726120656C206175746F6170610A
:100650006761646F0050726573696F6E6520656CC9
:1006600020626F746F6E2053544152540070617257
:100670006120636F6E74696E7561720041706167AD
:10068000616E646F2065717569706F2E2E2E004348
:100690004152474120434F4D504C45544100434146
:1006A00052474120454E20435552534F004F52432D
:1006B0004F204120534155524F4E004163656C65B8
:1006C000726F6D6574726F204E4F4B004150414701
:1006D000414E444F2054524154414D49454E544F90
:1006E0005300202020202041435449564F532E2EA2
:1006F0002E0020202020204D4F56494D49454E5474
:100700004F2042525553434F2020202000202020CC
:1007100020202020202044455445435441444F008C
:1007200020202020204552524F5220414C494D4517
:100730004E544143494F4E202020200020202020AD
:100740002020202054524154414D49454E544F00E1
:100750004D4158204120004D4158204220004D413C
:1007600058204320004D4158204142004D4158201F
:100770004143004D4158204243004D415820202024
:1007800000434320412000434320422000434320B4
:100790004320004343204142004343204143004360
:1007A00043204243004343202020002020202020DB
:1007B00000434F4449474F204552524F5200507218
:1007C0006573657420312020202020202020200007
:1007D0005072657365742032202020202020202054
:1007E0002000507265736574203320202020202063
:1007F0002020200050726573657420342020202052
:100800002020202020005072657365742035202040
:10081000202020202020200050726573657420362F
:100820002020202020202020200050726573657435
:1008300020372020202020202020200050726573A7
:100840006574203820202020202020202000507295
:10085000657365742039202020202020202020006E
:1008600050726573657420313020202020202020B4
:10087000200020566163696F202020202020200066
:1008800020456C656374726F202020202000204773
:10089000616C762020202020202020002047616CE1
:1008A000762B4D6963726F202000207444435320DF
:1008B000202020202020200020534D5020202020C8
:1008C00020202020200020546865746142757273D6
:1008D0007420200020456C656374726F2B4D4F446B
:1008E0002000204D6963726F2020202020202000EE
:1008F0005452414E534352414E45414C0050524593
:100900005345545300524547495354524F20455282
:10091000524F52455320455054452032002A2A2A2E
:100920002A2A2A2A2A2A2A2A2A2A2A2A2A2A2A2A27
:100930002A2A2A2A2A2A2A2A2A2A2A2A2A2A002D3E
:100940002D2D2D2D2D2D2D2D2D2D2D2D2D2D2D2DD7
:100950002D2D2D2D2D2D2D2D2D2D2D2D2D2D2D2DC7
:100960002D2D2D2D2D2D2D2D2D2D2D2D2D2D2D2DB7
:100970002D2D2D2D2D2D00436F646520202020204E
:100980002047656E6572616C2020202020506172C6
:100990006369616C00494E464F524D4520494E47B0
:1009A000454E494552494120455054452032004961
:1009B0006E666F2020202020202020202020202054
:1009C00020202020202020202047656E6572616C49
:1009D00020202020205061726369616C00436963AC
:1009E0006C6F7320626174657269613A2020202007
:1009F0002020202020202020202020202020200017
:100A0000566563657320656E63656E6469646F3AED
:100A1000202020202020202020202020005472612F
:100A200074616D69656E746F73204348413A20208C
:100A30002020202020202020200054726174616D2D
:100A400069656E746F73204348423A20202020204D
:100A50002020202020200054726174616D69656E31
:100A6000746F73204348433A202020202020202008
:100A70002020200054726174616D69656E746F731B
:100A800020506F696E7465723A202020202020204B
:100A90000054726174616D69656E746F7320476193
:100AA0006C763A2020202020202020202000547224
:100AB0006174616D69656E746F73204D6963726FE7
:100AC0003A202020202020202020005472617461D0
:100AD0006D69656E746F73205472616E73637261B9
:100AE0006E65616C3A20200054726174616D6965B5
:100AF0006E746F7320534D502F54423A20202020A3
:100B000020202020005469656D706F20457374614A
:100B100063696F6E6172696F204348413A2020001B
:100B20005469656D706F204573746163696F6E61A0
:100B300072696F204348423A2020005469656D7005
:100B40006F204573746163696F6E6172696F2043D2
:100B500048433A2020004D6F646F20746573742001
:100B600045505445203220686162696C6974616443
:100B70006F004D6F646F2074657374204550544549
:100B8000203220646573686162696C697461646FA6
:100B90000050726F746F636F6C6F2043616E616C95
:100BA00020410050726F746F636F6C6F2043616EF1
:100BB000616C20420050726F746F636F6C6F2043E2
:100BC000616E616C2043004552524F523A204D6F86
:100BD000646F207465737420646573686162696C06
:100BE000697461646F004552524F523A20436F6DF1
:100BF000616E646F20646573636F6E6F6369646FA9
:100C00000054656E73696F6E20656E206C612063A1
:100C1000617267613A2000436F727269656E746534
:100C200020656E206C612063617267613A20005418
:100C3000613D496C696D69742000475541524441DA
:100C4000522050520020455350200020454E47204E
:100C50000049736574203D2000485600202000564E
:100C60006F6C746167653A200043757272656E74CB
:100C70003A200043617061636974793A20005065DD
:100C80007263656E746167653A0054656D70657274
:100C900061747572653A20004379636C6520436F17
:100CA000756E743A202000436F727269656E7465C8
:100CB000206D65646964612064656C206571756987
:100CC000706F3A200053656C656363696F6E2064D2
:100CD000652063616E616C657300202020202043D5
:100CE000616E616C204120202020002020202020E7
:100CF00043616E616C2042202020200020202020B3
:100D00002043616E616C204320202020002020437E
:100D1000616E616C657320412079204220002020A3
:100D200043616E616C65732042207920432000206E
:100D30002043616E616C657320412079204320005F
:100D400043616E616C657320412C20422079204301
:100D50000020202020202020202020202020526140
:100D60006E676F2031302E2E383025202020202035
:100D70002020202020202020200020202020202093
:100D800020202020202052616E676F203130307586
:100D9000412E2E356D412020202020202020202093
:100DA0002000205F5F5F5F5F5F5F5F5F5F5F5F5F30
:100DB0005F5F5F5F5F5F5F5F5F5F5F5F5F5F5F5F43
:100DC0005F5F5F5F5F5F5F5F5F5F5F5F5F5F5F5F33
:100DD0005F5F5F00544558544F20475249530054B9
:100DE0004558544F204E4547524F0043617267614A
:100DF00020636F6D706C65746120656E20004D41DD
:100E000058205020004D4158205042004D4158205C
:100E100050430043432050200043432050420043AE
:100E200043205043004E4956454C204352495449B3
:100E3000434F2044452042415445524941002043FC
:100E4000415247554520454C20444953504F534942
:100E50005449564F20200051756564616E20002072
:100E6000736567756E646F73005461005464005459
:100E700072004D4F4E4F504F4C41522B004D4F4E34
:100E80004F504F4C41522D00202020202020202068
:100E9000496C756D696E6163696F6E206465207061
:100EA000616E74616C6C6120202020202020202045
:100EB00000202020202020202020436F6E747261AB
:100EC0007374652064652070616E74616C6C612060
:100ED0002020202020202020200020202020202032
:100EE00020204E6976656C206465207365EFBFBD78
:100EF000616C206163757374696361202020202018
:100F000020202020002020202020202020202053CE
:100F1000656C656363696F6E206465206964696FE1
:100F20006D61202020202020202020202000202053
:100F3000202020202020202020202052616E676F5A
:100F400020302E2E3130302520202020202020203F
:100F500020202020202000202020202020202020B1
:100F60002020202052616E676F2031302E2E3130CC
:100F7000302520202020202020202020202020007C
:100F8000546175746F005466696A6F00204550544F
:100F9000452020202020200020455054452B4D493D
:100FA00043524F002054444353204D41494E2000AA
:100FB000204C54502020202020202000204C54443D
:100FC00020202020202020002020202020204761D9
:100FD0006C76616E69636120202020202020002033
:100FE0002020204D6963726F636F727269656E7441
:100FF00065732020200020202047616C76616E6997
:101000006361202B206D6963726F2020004D4F4477
:10101000554C4143494F4E002020202020202020C5
:10102000204F464620202020202020202020002065
:10103000202020202020202020464D20202020205D
:1010400020202020200020202020202020202020C0
:10105000414D202020202020202020200020202062
:1010600020202020464D202B20414D2020202020D4
:101070002020200020202020202020202050574DFC
:101080002020202020202020202000202020202080
:101090002020464D202B2050574D2020202020205E
:1010A000200020464D20200020414D2020002050CF
:1010B000574D2000202020202020202020202020EC
:1010C00020202020202020202020004D4F44204F91
:1010D0004646202020004D4F4420464D2020202011
:1010E000004D4F4420464141202020004D4F4420D8
:1010F000414D20202020004D4F4420464D2B414D96
:1011000020004D4F442050574D202020004D4F448B
:1011100020464D2B50574D0054613D36303A30300B
:1011200020730054643D20303A30302073004E3D2F
:10113000203020202020202000493D202020323057
:10114000305B410050572D3D202020305B73005410
:10115000636F6D70005466696A6F002020204A201A
:101160003D200020202047203D20004D4F4E4F5075
:101170004F4C4152202B004D4F4E4F504F4C41523F
:10118000202D004249504F4C415220202020002069
:10119000202020202020202020200020202020206F
:1011A000202020202020202020002020202020205F
:1011B00020200020202047616C76616E69636120E9
:1011C0002B206D6963726F20200020202020205486
:1011D00072616E736372616E65616C2020202020E5
:1011E000002053697374656D61204D756C746920BE
:1011F00050756C736F73200020456C656374726F5B
:10120000657374696D756C6163696F6E2020002071
:1012100020202050726F6365736F206465206361C6
:1012200072676120696E636F72726563746F2E20DE
:101230002020200043414E414C20412020200043EB
:10124000414E414C20422020200043414E414C2041
:101250004320202000504F494E544552202020006A
:1012600044554D4D59002053504F542020202020EC
:101270002000205442202020202020202000204830
:10128000494220202020202020004C0000000000A7
:101290000000000000000000F36ED890F734F66EF6
:1012A000F746010EF716000EF86ECC0EF626120E5B
:1012B000F7220900F5500900F626F550F722F35001
:1012C000F626000EF7220900F5501200080211025E
:1012D0001A0228022F0238024102530263026D02F1
:1012E000750285029A02AF02C402D902EA02F7022D
:1012F00013032F034B03670383039F03BB03D7032E
:10130000F303FF030B04170433043F044B04570497
:101310005F04660474047F0488048D049504A004AB
:10132000A804B004B804BD04C004C504C704CC04B8
:10133000D104D604E404F3040B051B05260532058D
:1013400038053C054005440548055B056E058105EB
:101350009605AB05B505C405D505DF05EC05FC050F
:101360000F061F06360646065A0666066B06700608
:1013700075067A067F06840689068D06910695060F
:1013800099069D06A106A506A906B206C206D206C2
:10139000E206F20602071207220732074207520747
:1013A0005E076A07760782078E079A07A607B207C5
:1013B000BE07C907CF07E50705083B0857086F08B0
:1013C0009B08BC08D708F2080D09280943095E09E3
:1013D00079099409AF09C809E109FA09140A310A1F
:1013E000410A510A610A7E0A970AAB0AC10ACA0A6F
:1013F000D00AD40AD80ADE0ADF0AE00AE80AF00AAC
:10140000F90A030B0F0B1C0B380B490B5B0B6D0B15
:101410007F0B910BA30BB50BC70BED0B130C430C00
:101420004B0C540C650C6A0C6F0C740C780C7C0C17
:10143000800C950CA70CA60CB10CB20CB30CB40C20
:10144000BD0CC60CED0C140D3B0D620D890DB00DDD
:10145000B40DB80DC20DCC0DD60DE00DEA0DFF0D8B
:10146000140E290E320E470E5C0E710E860E9B0E68
:10147000B00EB40EB80EBC0ED10EDA0EE30EEC0EAA
:10148000F50EFE0E070F100F190F220F2B0F340F42
:101490003D0F410F450F4B0F510F5B0F650F6F0F46
:1014A000790F860F8D0FA20FB70FCC0FE10F04102D
:1014B0000D1016101F1028102C10361040104A1056
:1014C0004A10491048104710461045104410431068
:1014D0004210411040104D4F4E4F504F4C41522042
:1014E000004249504F4C4152202020004D49435268
:1014F0004F43555252454E545320200053594D4DA1
:1015000045545259004153594D4D45545249430099
:1015100053594D4D45545249432000454C45435481
:10152000524F2D5354494D554C4154494F4E004D47
:10153000554C544950554C53452053595354454DDF
:101540000054484554412D42555253540047414C94
:1015500056414E4943200047414C56414E49432095
:101560002B204D4943524F20002020202020204393
:1015700068616E6E656C20412020202020202000B4
:101580002020202020204368616E6E656C20422060
:1015900020202020202000202020202020436861BF
:1015A0006E6E656C2043202020202020200020200B
:1015B0002020202020506F696E746572202020202A
:1015C000202020200041434345535320545245419D
:1015D000544D454E542020004D41494E204D454E1E
:1015E00055202020202000202020202020202020E6
:1015F000436F6E66696775726174696F6E20202033
:1016000020202020002020202020202020202047D3
:10161000616C76616E6963202020202020202020CC
:1016200020200020202047616C76616E6963202BAA
:10163000206D6963726F63757272656E74732020BA
:10164000002020202020202020205472616E73630F
:1016500072616E69616C20202020202020200020F3
:101660002020202020456C656374726F2D537469AF
:101670006D756C6174696F6E202020200020202021
:10168000202020204D756C746950756C7365205353
:10169000797374656D2020202020002020202020D8
:1016A000202020202054686574612D427572737467
:1016B000202020202020202000202020202020204A
:1016C0002020202050726573657473202020202014
:1016D000202020202020002020202020202020202A
:1016E00020202020546573742020202020202020DA
:1016F0002020202000434F4E46494755524154492F
:101700004F4E00496C6C756D696E6174696F6E2027
:1017100000536F756E6420202020202020200020A0
:101720002020202020202046572F48572056657221
:1017300073696F6E202020202020202000436F6ED0
:1017400074726173742020202020004C616E6775D4
:1017500061676520202020200046572F48572056DB
:10176000455253494F4E00434F4E5452415354201B
:10177000004C414E47554147450041434F55535456
:101780004943205349474E414C00494C4C554D4923
:101790004E4154494F4E00556E6C696D69746564D5
:1017A0002000535550504C5900434F4E4E45435422
:1017B000454400444953434F4E4E4543544544002D
:1017C000204348415247454420004348415247493D
:1017D0004E472000496E74656E73697479004368E2
:1017E000617267650054696D650050756C7365734F
:1017F000006F686D00496D6564203D00566D65643D
:10180000203D00526D6564203D00454C45435452D7
:101810004F4445204552524F52005452414E534975
:1018200053544F52204552524F52004D454153554B
:1018300052454D454E542053595354454D4D204526
:1018400052524F52002020434F4D4D554E49434177
:1018500054494F4E532000202020204552524F52D1
:101860002020200053746174696F6E617279205476
:101870002E005265737420542E0020204120200039
:101880002020422020002020432020002020502023
:1018900020002020202020204348414E4E454C204F
:1018A00041202020202000202020202020434841CB
:1018B0004E4E454C20422020202020002020202079
:1018C00020204348414E4E454C20432020202020DC
:1018D00000666F7220746865206175746F20706F88
:1018E000776572206F666600507265737320746846
:1018F0006520737461727420627574746F6E007405
:101900006F20636F6E74696E7565005368757474CB
:10191000696E6720646F776E2E2E2E0042415454FC
:1019200045525920495320434841524745440043BA
:1019300048415247494E472E2E2E004F52434F20CA
:10194000544F20534155524F4E00416363656C65BF
:10195000726F6D65746572204E4F4B00534855543D
:1019600054494E4720444F574E2041435449564511
:10197000002020202054524541544D454E54532EB2
:101980002E2E002020202020414252555054204D20
:101990004F56454D454E5420202020002020202029
:1019A0002020202020444554454354454400202015
:1019B000202020504F57455220535550504C59200D
:1019C0002020200020202020202020204552524F7F
:1019D00052004D4158204120004D415820422000E6
:1019E0004D4158204320004D4158204142004D4177
:1019F00058204143004D4158204243004D4158205A
:101A00002020004343204120004343204220004344
:101A100043204320004343204142004343204143AD
:101A20000043432042430043432020200020202045
:101A30002020004552524F5220434F4445005072DF
:101A40006573657420312020202020202020200074
:101A500050726573657420322020202020202020C1
:101A600020005072657365742033202020202020D0
:101A700020202000507265736574203420202020BF
:101A800020202020200050726573657420352020AE
:101A9000202020202020200050726573657420369D
:101AA00020202020202020202000507265736574A3
:101AB0002037202020202020202020005072657315
:101AC0006574203820202020202020202000507203
:101AD00065736574203920202020202020202000DC
:101AE0005072657365742031302020202020202022
:101AF000200020456D7074792020202020202000B7
:101B000020456C656374726F2020202020002047E0
:101B1000616C762020202020202020002047616C4E
:101B2000762B4D6963726F2020002074444353204C
:101B30002020202020202000204D50532020202035
:101B40002020202020002054686574614275727343
:101B50007420200020456C656374726F2B4D4F44D8
:101B60002000204D6963726F20202020202020005B
:101B70005452414E534352414E49414C00505245FC
:101B80005345545300524547495354524F204552F0
:101B9000524F52455320455054452032002A2A2A9C
:101BA0002A2A2A2A2A2A2A2A2A2A2A2A2A2A2A2A95
:101BB0002A2A2A2A2A2A2A2A2A2A2A2A2A2A002DAC
:101BC0002D2D2D2D2D2D2D2D2D2D2D2D2D2D2D2D45
:101BD0002D2D2D2D2D2D2D2D2D2D2D2D2D2D2D2D35
:101BE0002D2D2D2D2D2D2D2D2D2D2D2D2D2D2D2D25
:101BF0002D2D2D2D2D2D00436F64652020202020BC
:101C00002047656E6572616C202020202050617233
:101C10006369616C00494E464F524D4520494E471D
:101C2000454E4945524941204550544520320049CE
:101C30006E666F20202020202020202020202020C1
:101C400020202020202020202047656E6572616CB6
:101C500020202020205061726369616C0043696319
:101C60006C6F7320626174657269613A2020202074
:101C70002020202020202020202020202020200084
:101C8000566563657320656E63656E6469646F3A5B
:101C9000202020202020202020202020005472619D
:101CA00074616D69656E746F73204348413A2020FA
:101CB0002020202020202020200054726174616D9B
:101CC00069656E746F73204348423A2020202020BB
:101CD0002020202020200054726174616D69656E9F
:101CE000746F73204348433A202020202020202076
:101CF0002020200054726174616D69656E746F7389
:101D000020506F696E7465723A20202020202020B8
:101D10000054726174616D69656E746F7320476100
:101D20006C763A2020202020202020202000547291
:101D30006174616D69656E746F73204D6963726F54
:101D40003A2020202020202020200054726174613D
:101D50006D69656E746F73205472616E7363726126
:101D60006E65616C3A20200054726174616D696522
:101D70006E746F7320534D502F54423A2020202010
:101D800020202020005469656D706F2045737461B8
:101D900063696F6E6172696F204348413A20200089
:101DA0005469656D706F204573746163696F6E610E
:101DB00072696F204348423A2020005469656D7073
:101DC0006F204573746163696F6E6172696F204340
:101DD00048433A2020004D6F646F2074657374206F
:101DE00045505445203220686162696C69746164B1
:101DF0006F004D6F646F20746573742045505445B7
:101E0000203220646573686162696C697461646F13
:101E10000050726F746F636F6C6F2043616E616C02
:101E200020410050726F746F636F6C6F2043616E5E
:101E3000616C20420050726F746F636F6C6F20434F
:101E4000616E616C2043004552524F523A204D6FF3
:101E5000646F207465737420646573686162696C73
:101E6000697461646F004552524F523A20436F6D5E
:101E7000616E646F20646573636F6E6F6369646F16
:101E80000054656E73696F6E20656E206C6120630F
:101E9000617267613A2000436F727269656E7465A2
:101EA00020656E206C612063617267613A20005486
:101EB000613D496C696D697420005341564520505D
:101EC000520020455350200020454E4720004973C2
:101ED0006574203D2000485600202000566F6C7429
:101EE0006167653A200043757272656E743A20002E
:101EF00043617061636974793A200050657263656B
:101F00006E746167653A0054656D706572617475D1
:101F100072653A20004379636C6520436F756E7477
:101F20003A202000436F727269656E7465206D659A
:101F3000646964612064656C2065717569706F3ACD
:101F400020004368616E6E656C732053656C656339
:101F500074696F6E0020202020204368616E6E65DA
:101F60006C204120202020200020202020204368B9
:101F7000616E6E656C2042202020202000202020F1
:101F800020204368616E6E656C2043202020202055
:101F90000020204368616E6E656C73204120616E85
:101FA000642042200020204368616E6E656C7320BF
:101FB0004220616E642043200020204368616E6EE1
:101FC000656C73204120616E64204320004368618A
:101FD0006E6E656C7320412C204220616E6420433C
:101FE000002020202020202020202020202052619E
:101FF0006E67652031302E2E38302520202020209D
:1020000020202020202020200020202020202020F0
:10201000202020202052616E6765203130307541CC
:102020002E2E356D41202020202020202020202011
:1020300000205F5F5F5F5F5F5F5F5F5F5F5F5F5F4E
:102040005F5F5F5F5F5F5F5F5F5F5F5F5F5F5F5FA0
:102050005F5F5F5F5F5F5F5F5F5F5F5F5F5F5F5F90
:102060005F5F0047524159205445585400424C414B
:10207000434B2054455854002046756C6C792063BE
:1020800068617267656420696E20004D4158205078
:1020900020004D4158205042004D415820504300EF
:1020A00043432050200043432050420043432050EC
:1020B0004300435249544943414C20424154544502
:1020C0005259204C4556454C002043484152474503
:1020D0002054484520444556494345200000736537
:1020E000636F6E6473206C65667400547300547182
:1020F000005472004D4F4E4F504F4C41522B004DEB
:102100004F4E4F504F4C41522D0020202020202078
:10211000202020202053637265656E20696C6C75E9
:102120006D696E6174696F6E202020202020202050
:1021300020200020202020202020202020202020BF
:1021400053637265656E20636F6E74726173742081
:10215000202020202020202020202000202020209F
:1021600020202020202041636F75737469632073E1
:1021700069676E616C206C6576656C20202020207C
:10218000202020200020202020202020202020206F
:102190004C616E67756167652073656C6563746912
:1021A0006F6E2020202020202020202020002020B2
:1021B000202020202020202020202052616E6765D2
:1021C00020302E2E313030252020202020202020AD
:1021D000202020202020002020202020202020201F
:1021E0002020202052616E67652031302E2E313044
:1021F00030252020202020202020202020202000EA
:10220000546175746F00547065726D0020455054B0
:10221000452020202020200020455054452B4D49AA
:1022200043524F002054444353204D41494E200017
:10223000204C54502020202020202000204C5444AA
:102240002020202020202000202020202020476146
:102250006C76616E696320202020202020200020E1
:10226000202020204D6963726F63757272656E74F1
:1022700020202020200020202047616C76616E699C
:1022800063202B206D6963726F202020004D4F4426
:10229000554C4154494F4E00202020202020202022
:1022A000204F4646202020202020202020200020D3
:1022B000202020202020202020464D2020202020CB
:1022C000202020202000202020202020202020202E
:1022D000414D2020202020202020202000202020D0
:1022E00020202020464D202B20414D202020202042
:1022F0002020200020202020202020202050574D6A
:1023000020202020202020202020002020202020ED
:102310002020464D202B2050574D202020202020CB
:10232000200020464D20200020414D20200020503C
:10233000574D200020202020202020202020202059
:1023400020202020202020202020004D4F44204FFE
:102350004646202020004D4F4420464D202020207E
:10236000004D4F4420464141202020004D4F442045
:10237000414D20202020004D4F4420464D2B414D03
:1023800020004D4F442050574D202020004D4F44F9
:1023900020464D2B50574D0054613D36303A303079
:1023A00020730054643D20303A30302073004E3D9D
:1023B000203020202020202000493D2020203230C5
:1023C000305B410050572D3D202020305B7300547E
:1023D000636F6D70005466697820002020204A20C9
:1023E0003D200020202047203D20004D4F4E4F50E3
:1023F0004F4C4152202B004D4F4E4F504F4C4152AD
:10240000202D004249504F4C4152202020200020D6
:1024100020202020202020202020002020202020DC
:1024200020202020202020202000202020202020CC
:1024300020200020202047616C76616E6963202B8C
:10244000206D6963726F20202000202020202054FE
:1024500072616E736372616E69616C20202020204E
:102460000020204D756C74692050756C7365205385
:10247000797374656D2020002020456C656374724B
:102480006F7374696D756C6174696F6E20200020C4
:10249000202020496E636F7272656374206C6F61D7
:1024A00064696E672070726F636573732E202020DD
:1024B000202020004348414E4E454C2041200043FF
:1024C00048414E4E454C204220004348414E4E4527
:1024D0004C20432000504F494E54455220202000AC
:1024E00044554D4D59002053504F5420202020205A
:1024F000200020544220202020202020200020489E
:10250000494220202020202020004C000000000014
:102510000000000000000000F76A2C0FF66E250E88
:10252000F722000EF86E0900F5501200494E49439B
:1025300049414C495A414E444F205052455345540D
:1025400053004341524741204445204441544F5396
:102550000000454E204D454D4F5249410000465523
:10256000454E5445205320256C7500004655454E78
:102570005445204D20256C7500004655454E544568
:10258000204C20256C7500004655454E544520587A
:102590004C20256C750049434F4E4F5320256C75D8
:1025A0000000494D4147454E20256C7500004944C7
:1025B000494F4D412043415354454C4C414E4F20CF
:1025C000256C75004F4B20256C7500004944494F20
:1025D0004D4120494E474C455320256C75004F4BCB
:1025E00020256C7500005472616E73666572656EAD
:1025F00063696120636F6D706C6574616461000074
:10260000DF51070B006EDF31016E013201321F0E08
:1026100001160150E125E96E000EE221EA6E016A21
:10262000012A002A01D00136002EFDD7E05303E035
:102630000150EF1203D0011E0150EF161200DD53BE
:1026400002E1000E01D0010EDEC0DFF0E06F0F0EE0
:10265000E26F890EE16FD4DFDEC0DFF0E06B0F0EBA
:10266000E26F920EE16FCCDFDE51050803E10590C9
:10267000DDB105801200EA6AE80EE96EEF500EE067
:10268000140E016E006A002EFED7012EFBD7BF0E7E
:10269000006E002EFED700D0EF2EF2D712008E0E65
:1026A000006EDEC001F0DDC002F0036A015209E1F4
:1026B00002C001F0026A080E005E015202E1006AE7
:1026C00008D0D89001BE04D0023601360006F9D7F2
:1026D000019E60EF24F0DD51D8B471D0006EE1515D
:1026E000D8B46DD0002604E3810E002668E204D041
:1026F0007F0E005E64E363E0DEC0E5F0E251E51BBF
:10270000DE8FE28FE051E403F4CFE7F0DF51E30323
:10271000F4CF03F0F3CFE6F0E403F350E727F450EF
:10272000E623000E0322E051E303F350E727F450C1
:10273000E623000E026A03220222DE51E403F35074
:10274000E627F4500322000E0222DE51E303F35089
:102750000326F4500222000E016A0122E051E20336
:10276000F350E627F4500322000E02220122DF512B
:10277000E203F3500326F4500222000E0122DE5140
:10278000E203F3500226F4500122002A01BE05D0D4
:10279000E6370336023601360006000EE6AF0AD0F1
:1027A000032A02220122015005E1025003E10350F5
:1027B00001E1002AE5BF018EE5AF019E04D0006A69
:1027C000016A026A036A70EF24F08E0E006EDD511A
:1027D000005EDEC002F0DFC001F0028E005209E0B0
:1027E000D890025202E1015204E002320132002E7E
:1027F000F7D7DEAF05D0011E021E012AD8B4022A87
:102800007AEF24F0F551F703F3CF01F0F4CF00F0A5
:10281000F803F3500026F651F703F3500020026E40
:102820001200200E956E8C92640EE86F24DF200E4D
:10283000956E8C82020EDF6F960EE86F1CDFDF2F25
:10284000FBD766EF14F0F85308E0200E956E8C84E9
:10285000006E016A026A036A03D0200E956E8C94A2
:102860001200F85308E0200E956E8C80006E016A0D
:10287000026A036A03D0200E956E8C9045EF14F027
:10288000F86BE1DFF6C0F8F0ECD7A19A679EF7C0CD
:102890006AFFA1AAFED7010EF86FD5DF1200F66B12
:1028A000300EF76FEDDFF66BAF0EF76FE9DF020E5C
:1028B000DF6F960EE86FDFDEDF2FFBD7CBEF15F073
:1028C000679A686A900E676E678AABD7F66B300EB0
:1028D000F76FD6DFF66B940EF76FD2DFF66BD10E83
:1028E000F76FCEDFF66B200EF76FCADF010EF66FC3
:1028F000080EF76FC5DF050EE86FBDDEF66B200E24
:10290000F76FBEDF010EF66F0B0EF76FB9DF0752E0
:1029100002E11C0E076EF66B810EF76FB1DF010E40
:10292000F66F07C0F7F0ACDF010EF66F040EF76F1D
:10293000A7DFF66BCA0EF76FA3DF010EF66FF76B1A
:102940009FDF010EF66F230EF76F9ADF010EF66F11
:10295000F76B96DFF66BA70EF76F92DFF66BBB0E89
:10296000F76F8EDF010EF66F020EF76F89DFF66BE1
:10297000BC0EF76F85DF010EF66F030EF76F80DF79
:10298000010EF66FF76F7CDF010EF66F020EF76F28
:1029900077DFF66B750EF76F73DF010EF66F100EB3
:1029A000F76F6EDF010EF66F9F0EF76F69DFF66B44
:1029B000150EF76F65DF010EF66F050EF76F60DF1E
:1029C000010EF66F540EF76F5BDFF66B5C0EF76F60
:1029D00057DF100EDD6FDD519E0815E3050EDE6F2B
:1029E000DE5153080EE3010EF66FF76B49DF010E5F
:1029F000F66FF76B45DF010EF66FF76B41DFDE2BED
:102A0000EFD7DD2BE8D7F66B250EF76F39DFF66BC6
:102A1000A90EF76F35DFF66B310EF76F31DFF66B0E
:102A2000320EF76F2DDF010EF66FF76F29DF010E03
:102A3000F66FF76B25DF010EF66F020EF76F20DFE2
:102A4000F66B340EF76F1CDFF66B200EF76F18DF96
:102A5000010EF66FF76B14DF010EF66F020EF76FC3
:102A60000FDF010EF66F040EF76F0ADF010EF66F2F
:102A7000060EF76F05DF010EF66F080EF76F00DF29
:102A8000010EF66F0A0EF76FFBDE010EF66F0C0EED
:102A9000F76FF6DE010EF66F0E0EF76FF1DE010E28
:102AA000F66F100EF76FECDE010EF66F120EF76F79
:102AB000E7DE010EF66F140EF76FE2DE010EF66F21
:102AC000160EF76FDDDE010EF66F180EF76FD8DE0B
:102AD000010EF66F1A0EF76FD3DE010EF66F1C0EA5
:102AE000F76FCEDE010EF66F1F0EF76FC9DEF66BC5
:102AF000210EF76FC5DE010EF66FF76BC1DE010E1A
:102B0000F66F020EF76FBCDE010EF66F040EF76F64
:102B1000B7DE010EF66F060EF76FB2DE010EF66F2E
:102B2000080EF76FADDE010EF66F0A0EF76FA8DE26
:102B3000010EF66F0C0EF76FA3DE010EF66F0E0E90
:102B4000F76F9EDE010EF66F100EF76F99DE010E25
:102B5000F66F120EF76F94DE010EF66F140EF76F1C
:102B60008FDE010EF66F160EF76F8ADE010EF66F1E
:102B7000180EF76F85DE010EF66F1A0EF76F80DE06
:102B8000010EF66F1C0EF76F7BDE010EF66F1F0E47
:102B9000F76F76DE84D6F7EF24F0200E956E8C9ECC
:102BA000956E8C86956E8C8EF9EF24F042C0EAFF0C
:102BB00041C0E9FFEDC0EFFFE92AD8B4EA2AEF6A85
:102BC000412AD8B4422A12000900F55210E0F6CF8B
:102BD000DDF0F7CFDEF0F8CFDFF0F5CFEDF0E6DF98
:102BE000DDC0F6FFDEC0F7FFDFC0F8FFEDD7120053
:102BF000F551000A07E0010A11E0030A1BE0010A8F
:102C000025E032D0376A010E366EFB0E356E346A1F
:102C1000080E3A6E386E020E396E31D0376A010EE8
:102C2000366EF80E356E346A080E3A6E386E020E45
:102C3000396E25D0376A010E366EEE0E356E346A67
:102C4000100E3A6E386E020E396E19D0376A010EC8
:102C5000366ED20E356E2A0E346E4B0E3A6E180E4C
:102C6000386E070E396E0BD0376A010E366EF80ECD
:102C7000356E346A080E3A6E386E020E396E57EFB2
:102C800016F0F7C001F0F6C000F0F667012A09005F
:102C9000F5CFEEFF002EFBD7012EF9D7F86A120010
:102CA000050EEA27100EEB27ECC0F5F0A1D7200E99
:102CB000E95DEF6FF06BF0C0F6F0EFC0F5F0F86B88
:102CC0003AC0F7F09FDD02C0F0F001C0EFF0F66B04
:102CD000300EF76FD5DDF66B750EF76FD1DD010E97
:102CE000F66FEBC0F7F0CCDD3850EB25F56F010E39
:102CF000F66FF5C0F7F0C4DDF66B150EF76FC0DDAB
:102D0000010EF66FEAC0F7F0BBDD3950EA25F56F2A
:102D1000010EF66FF5C0F7F0B3DDF66B5C0EF76FE2
:102D2000AFDDF0C0F3F0EFC0F2F03A50EF25016EE6
:102D3000000EF021036EF351035C54E303E10150F4
:102D4000F25D50E2F2513424006EF3513520016EF1
:102D5000000E3620026E000E3720036E02C0F8FF10
:102D600001C0F7FF00C0F6FFEA6AF50EE96EF76BE7
:102D7000010EF66F86DFF5C0F1F0F46BF451070831
:102D80001FE3F151800B0CE1EE5305E0010EF66FED
:102D9000F76976DD04D0010EF66FF76B71DD0CD0AC
:102DA000EE5305E0010EF66FF76B6ADD05D0010EFC
:102DB000F66FEDC0F7F064DDD890F137F42BDED775
:102DC000EC5103080BE0EE5305E0010EF66FF769D6
:102DD00057DD04D0010EF66FF76B52DDF22BD8B43D
:102DE000F32BA3D7F66B250EF76F4ADD14EF17F020
:102DF000E76BE751E125E96E000EE221EA6EEF5044
:102E000020E0E751E72BE125E96E000EE221EA6EB2
:102E1000EFCFE9F0E3C0EAF0E4C0EBF0E5C0ECF09E
:102E2000ED69E6C0EEF03CD7E553D8B403D0E551E8
:102E3000030803E13950E32703D0010E3924E327C7
:102E4000D8D71200F66B300EF76F1ADDF66B750EE1
:102E5000F76F16DD010EF66F100EF76F11DD010E24
:102E6000F66F9F0EF76F0CDDF66B150EF76F08DD32
:102E7000010EF66F050EF76F03DD010EF66F540EAF
:102E8000F76FFEDCF66B5C0EF76FFADC100EDD6F91
:102E9000DD519E0815E3050EDE6FDE5153080EE38B
:102EA000010EF66FF76BECDC010EF66FF76BE8DCEA
:102EB000010EF66FF76BE4DCDE2BEFD7DD2BE8D7E6
:102EC000F66B250EF76FDCDC1200E46BF250006E3F
:102ED000F29EE2C063FFE1C062FFE3C061FF7F9C3E
:102EE0007F9E7F840F01550E7E6EAA0E7E6E7F82BE
:102EF0007FB2FED77F940050F212050E0001E86FFA
:102F00003BEC13F0E4C001F01200E56BE4C0E6F026
:102F1000F250006EF29EE2C063FFE1C062FFE6C0C5
:102F200061FF7F9C7F9E7F840F01550E7E6EAA0EEF
:102F30007E6E7F827FB2FED77F940050F212050E24
:102F40000001E86F3BEC13F0010EE125E66F000E87
:102F5000E221E76FE3C0E8F0F250006EF29EE7C0B6
:102F600063FFE6C062FFE8C061FF7F9C7F9E7F84B5
:102F70000F01550E7E6EAA0E7E6E7F827FB2FED747
:102F80007F940050F212050E0001E86F3BEC13F045
:102F9000E5C001F012000900F6CFDEF0F7CFDFF058
:102FA000F8CFE0F0F5CFEDF001DEDEC0F6FFDFC0D8
:102FB000F7FFE0C0F8FFDD2FEED71200D8B203D044
:102FC000EA6AF50EE96E006A016A026A036AF56B45
:102FD000F66BF76BF86BF451F311F211F1112CE071
:102FE000200EF96FD890ED37EE37EF37F037F53721
:102FF000F637F737F837F451F85D08E1F351F75D2C
:1030000005E1F251F65D02E1F151F55D0FE3F15199
:10301000F55FF251D8A0F23DF65FF351D8A0F33D31
:10302000F75FF451D8A0F43DF85FD8800036013640
:1030300002360336F92FD6D7F5C0EFFFF6C0ECFF06
:10304000F7C0ECFFF8C0ECFF1200E950E56F3B0E53
:10305000EC6F9A0EEB6FCA0EEA6FE96B0A0EE76F20
:10306000D882EA6AE10EE96EE4C0F0F0E3C0EFF066
:10307000E2C0EEF0E1C0EDF0ECC0F4F0EBC0F3F034
:10308000EAC0F2F0E9C0F1F099DF015000520FE11F
:10309000E751010A0CE0E5510BE00F0BE75D01E0A1
:1030A0000CE2E5BF0AD0E5BD03D0200E02D0E56BEF
:1030B000300E002600C0EDF079DDD892ECC0F0F0C3
:1030C000EBC0EFF0EAC0EEF0E9C0EDF0F46BF36BAB
:1030D000F26B0A0EF16F72DF03C0ECF002C0EBF08E
:1030E00001C0EAF000C0E9F0E72FBAD71200EEC045
:1030F000F1F0F36BF46BF26BF36BF46B6A50EEC0B0
:103100006AFF6830FEE3EDC0F1F0F46BF26BF36B35
:10311000F46B6A50EDC06AFF6830FEE3ECC0F0F07B
:10312000F16BF26BF36B6A50ECC06AFF6830FEE340
:103130001200A20E676E688C200E956E8C9E6A50EF
:10314000030E6A6E6830FEE3EAC0EFF0E9C0EEF00D
:10315000E8C0EDF0E7C0ECF0CADF6A506A6A683098
:10316000FEE36ACFEBF0200E956E8C8EEBC001F083
:10317000EDEF18F0A20E676E688C200E956E8C9E97
:103180006A50060E6A6E6830FEE3200E956E8C8ED5
:10319000956E8C9E6A50020E6A6E6830FEE3E5C042
:1031A000EFF0E4C0EEF0E3C0EDF0E2C0ECF09FDF42
:1031B0006A50E6C06AFF6830FEE3200E956E8C8E82
:1031C000080EE86F3BEC13F0E5C0EAF0E4C0E9F06C
:1031D000E3C0E8F0E2C0E7F0ACD7E651015CCDE136
:1031E0001200E96BEA6B010EEB6FDA6AD96AEE6BDB
:1031F000E10EED6FEA6AE50EE96EEEC0E2FFEDC0AA
:10320000E1FFEBC0ECF0D890E550EE02F350E9237B
:10321000F450EA23EC2FF7D7E9C0DEFFEAC0E9F06B
:10322000EA6BD8B0EA2BED2BD8B4EE2BEB2BEB519D
:103230000508E0E11200E451016AE35D03E2E3C046
:1032400000F00CD0006A080EE56FE3370036E45159
:10325000005CD8B0006E0136E52FF7D712000150A0
:10326000E1C0E3F0640EE46FE6DF00C0E1F001507E
:10327000300E07E1E2A30CD0E2B70AD0E2B9200E8B
:1032800003D0E297E299E281012601C0EDF08EDCE5
:10329000E1C0E3F00A0EE46FCEDF00C0E1F00150C0
:1032A000300E06E1E2B708D0E2A106D0E2B9200E66
:1032B000012601C0EDF07ADC300EE127E1C0EDF02F
:1032C00075DCA4EF19F0E46BE36BE26B640EE16F65
:1032D000E0C0E8F0DFC0E7F0DEC0E6F0DDC0E5F01A
:1032E00080DF03C0E4F002C0E3F001C0E2F000C000
:1032F000E1F0D890036A026AE431016EE331006EB6
:10330000095C32E2E46BE36BE26B640EE16FE0C0F8
:10331000E8F0DFC0E7F0DEC0E6F0DDC0E5F061DF39
:1033200003C0E4F002C0E3F001C0E2F000C0E1F04D
:10333000D890E431E331096E426A0C0E416E09C047
:10334000E1F01B0EE26F8BD7200EED6F2FDC250E08
:10335000ED6F2CDCE26B0C0EE16F320EE36F780E3A
:10336000E46FE56BE66B44DD1200DEC0E0F0DDC02B
:10337000DFF0E0C003F0DFC0E9FFE0C0EAFFEF529A
:1033800004E0DF2BD8B4E02BF4D7DD51DF5D006E15
:10339000DE51E059036E00C001F0026E1200EACF68
:1033A000E9F0E9CFE8F0E239F009E46FE427E20F51
:1033B000E56F320FE76FE2510F0BE527E527E727AF
:1033C000E90FE66FE627E627E1390F0BE627E72747
:1033D000E637E737E71FE737E1510F0BE727E43719
:1033E000070EE36F0A0EE607E727FDE3E507E6278A
:1033F000FDE3E407E527FDE3E307E427FDE3EA6AED
:10340000E30EE96E070EE815E89DE926000EEA22B4
:10341000E950E70803E1EA5201E1E88DEF50006E60
:1034200008E1E8BD06D0E8B914D0E8B702D0200E14
:1034300003D0E887E899300E0026EACFE2F0E9CF22
:10344000E1F000C0EDF0D6EC15F0E2C0EAFFE1C01B
:10345000E9FFEE50E8ADDCD71200E76BE6C0E8F01C
:10346000F250006EF29EE2C063FFE1C062FFE8C06E
:1034700061FF7F9C7F9E7F840F01550E7E6EAA0E9A
:103480007E6E7F827FB2FED77F940050F212050ECF
:103490000001E86F3BEC13F0010EE125E86F000E30
:1034A000E221E96FE5C0EAF0F250006EF29EE9C059
:1034B00063FFE8C062FFEAC061FF7F9C7F9E7F845C
:1034C0000F01550E7E6EAA0E7E6E7F827FB2FED7F2
:1034D0007F940050F212050E0001E86F3BEC13F0F0
:1034E000020EE125E86F000EE221E96FE4C0EAF088
:1034F000F250006EF29EE9C063FFE8C062FFEAC0CE
:1035000061FF7F9C7F9E7F840F01550E7E6EAA0E09
:103510007E6E7F827FB2FED77F940050F212050E3E
:103520000001E86F3BEC13F0030EE125E86F000E9D
:10353000E221E96FE3C0EAF0F250006EF29EE9C0CA
:1035400063FFE8C062FFEAC061FF7F9C7F9E7F84CB
:103550000F01550E7E6EAA0E7E6E7F827FB2FED761
:103560007F940050F212050E0001E86F3BEC13F05F
:10357000E7C001F01200DE6BDD6BDE6B810EDD6FEC
:10358000DEC0E2F0DDC0E1F0E46B070EE36FBDDC0E
:10359000020EDD25DF6F000EDE21E06FE26FDFC07F
:1035A000E1F0E46B500EE36FB0DC020EDD25DF6F5F
:1035B000000EDE21E06F020EDF27000EE023E0C0E8
:1035C000E2F0DFC0E1F00A0EE36F7FDC020EDD25E2
:1035D000DF6F000EDE21E06F020EDF27000EE0231A
:1035E000010EDF27000EE023E0C0E2F0DFC0E1F0D3
:1035F000010EE36F6ADC030EDE6FB60EDD6FDEC018
:10360000E2F0DDC0E1F0020EE36F5FDCDE6B950EF1
:10361000DD6FDEC0E2F0DDC0E1F0E46B070EE36FCA
:1036200074DC020EDD25DF6F000EDE21E06FE26F3D
:10363000DFC0E1F0E46B500EE36F67DC020EDD25C6
:10364000DF6F000EDE21E06F020EDF27000EE023A9
:10365000E0C0E2F0DFC0E1F00A0EE36F36DC020EFC
:10366000DD25DF6F000EDE21E06F020EDF27000E8A
:10367000E023010EDF27000EE023E0C0E2F0DFC010
:10368000E1F0010EE36F21DC020EDD25DF6F000E9D
:10369000DE21E06F020EDF27000EE023010EDF27A0
:1036A000000EE023010EDF27000EE023E0C0E2F071
:1036B000DFC0E1F0E46B0A0EE36F27DC020EDD25CC
:1036C000DF6F000EDE21E06F020EDF27000EE02329
:1036D000010EDF27000EE023010EDF27000EE0239E
:1036E000020EDF27000EE023E0C0E2F0DFC0E1F0D1
:1036F000010EE46FE00EE36F08DC020EDD25DF6FE4
:10370000000EDE21E06F020EDF27000EE023010E27
:10371000DF27000EE023010EDF27000EE023020E5C
:10372000DF27000EE023020EDF27000EE023E0C0BB
:10373000E2F0DFC0E1F0010EE36F65EC17F0020E7E
:10374000DD25DF6F000EDE21E06F020EDF27000EA9
:10375000E023010EDF27000EE023010EDF27000E1D
:10376000E023020EDF27000EE023020EDF27000E0B
:10377000E023010EDF27000EE023E0C0E2F0DFC00F
:10378000E1F0030EE46F200EE36F85EC17F0020EFC
:10379000DD25DF6F000EDE21E06F020EDF27000E59
:1037A000E023010EDF27000EE023010EDF27000ECD
:1037B000E023020EDF27000EE023020EDF27000EBB
:1037C000E023010EDF27000EE023020EDF27000EAC
:1037D000E023E0C0E2F0DFC0E1F0E46B960EE36FBF
:1037E00085EC17F0030EDE6FB70EDD6FDEC0E2F082
:1037F000DDC0E1F0030EE36F65EC17F0DE6BF90E50
:10380000DD6FDEC0E2F0DDC0E1F0E46B280EE36FB7
:1038100085EC17F0020EDD25DF6F000EDE21E06F74
:10382000E26FDFC0E1F0040EE46FB00EE36F85ECF1
:1038300017F0020EDD25DF6F000EDE21E06F020EB5
:10384000DF27000EE023E0C0E2F0DFC0E1F0E46B30
:103850001E0EE36F85EC17F0020EDD25DF6F000E04
:10386000DE21E06F020EDF27000EE023020EDF27CD
:10387000000EE023E0C0E2F0DFC0E1F0E66BE56BB4
:10388000010EE46F5E0EE36FE8DD020EDD25DF6FF3
:10389000000EDE21E06F020EDF27000EE023020E95
:1038A000DF27000EE023040EDF27000EE023E0C038
:1038B000E2F0DFC0E1F0E36B65EC17F0020EDD250E
:1038C000DF6F000EDE21E06F020EDF27000EE02327
:1038D000020EDF27000EE023040EDF27000EE02398
:1038E000010EDF27000EE023E0C0E2F0DFC0E1F0D0
:1038F0000A0EE36F65EC17F0030EDE6FBC0EDD6F92
:10390000DEC0E2F0DDC0E1F0040EE36F65EC17F01D
:10391000010EDE6F710EDD6FDEC0E2F0DDC0E1F0A2
:10392000010EE36F65EC17F0010EDD25DF6F000E71
:10393000DE21E06FE26FDFC0E1F0010EE46FF40E14
:10394000E36F85EC17F0010EDD25DF6F000EDE2141
:10395000E06F020EDF27000EE023E0C0E2F0DFC0E0
:10396000E1F0E46B040EE36F85EC17F0010EDD254A
:10397000DF6F000EDE21E06F020EDF27000EE02376
:10398000020EDF27000EE023E0C0E2F0DFC0E1F02E
:103990000A0EE36F65EC17F0010EDD25DF6F000EF8
:1039A000DE21E06F020EDF27000EE023020EDF278C
:1039B000000EE023010EDF27000EE023E0C0E2F05E
:1039C000DFC0E1F00A0EE36F65EC17F0010EDD25B4
:1039D000DF6F000EDE21E06F020EDF27000EE02316
:1039E000020EDF27000EE023010EDF27000EE0238A
:1039F000010EDF27000EE023E0C0E2F0DFC0E1F0BF
:103A0000E46BC80EE36F85EC17F0010EDD25DF6F68
:103A1000000EDE21E06F020EDF27000EE023020E13
:103A2000DF27000EE023010EDF27000EE023010E4A
:103A3000DF27000EE023020EDF27000EE023E0C0A8
:103A4000E2F0DFC0E1F0280EE36F65EC17F0010E45
:103A5000DD25DF6F000EDE21E06F020EDF27000E96
:103A6000E023020EDF27000EE023010EDF27000E09
:103A7000E023010EDF27000EE023020EDF27000EF9
:103A8000E023010EDF27000EE023E0C0E2F0DFC0FC
:103A9000E1F00A0EE36F65EC17F0010EDD25DF6F34
:103AA000000EDE21E06F020EDF27000EE023020E83
:103AB000DF27000EE023010EDF27000EE023010EBA
:103AC000DF27000EE023020EDF27000EE023010EA9
:103AD000DF27000EE023010EDF27000EE023E0C009
:103AE000E2F0DFC0E1F0E46B020EE36F85EC17F06B
:103AF000030EDE6FC20EDD6FDEC0E2F0DDC0E1F06E
:103B0000050EE36F65EC17F0010EDE6F850EDD6FBD
:103B1000DEC0E2F0DDC0E1F0010EE36F65EC17F00E
:103B2000010EDD25DF6F000EDE21E06FE26FDFC0EA
:103B3000E1F0E46BFA0EE36F85EC17F0010EDD2582
:103B4000DF6F000EDE21E06F020EDF27000EE023A4
:103B5000E0C0E2F0DFC0E1F0E46BC80EE36F85EC9B
:103B600017F0010EDD25DF6F000EDE21E06F020E83
:103B7000DF27000EE023020EDF27000EE023E0C067
:103B8000E2F0DFC0E1F0050EE36F65EC17F0010E27
:103B9000DD25DF6F000EDE21E06F020EDF27000E55
:103BA000E023020EDF27000EE023010EDF27000EC8
:103BB000E023E0C0E2F0DFC0E1F0010EE36F65EC6E
:103BC00017F0010EDD25DF6F000EDE21E06F020E23
:103BD000DF27000EE023020EDF27000EE023010E98
:103BE000DF27000EE023010EDF27000EE023E0C0F8
:103BF000E2F0DFC0E1F0E46B320EE36F85EC17F02A
:103C0000010EDD25DF6F000EDE21E06F020EDF27E3
:103C1000000EE023020EDF27000EE023010EDF2757
:103C2000000EE023010EDF27000EE023020EDF2747
:103C3000000EE023E0C0E2F0DFC0E1F0010EE36F30
:103C400065EC17F0010EDD25DF6F000EDE21E06F61
:103C5000020EDF27000EE023020EDF27000EE02316
:103C6000010EDF27000EE023010EDF27000EE02308
:103C7000020EDF27000EE023010EDF27000EE023F7
:103C8000E0C0E2F0DFC0E1F0010EE36F65EC17F099
:103C9000010EDD25DF6F000EDE21E06F020EDF2753
:103CA000000EE023020EDF27000EE023010EDF27C7
:103CB000000EE023010EDF27000EE023020EDF27B7
:103CC000000EE023010EDF27000EE023010EDF27A8
:103CD000000EE023E0C0E2F0DFC0E1F0E46B910E03
:103CE000E36F85EC17F0030EDE6FC30EDD6FDEC0F1
:103CF000E2F0DDC0E1F0050EE36F65EC17F0010EB8
:103D0000DE6FE90EDD6FDEC0E2F0DDC0E1F0E46BF6
:103D1000050EE36F85EC17F0020EDD25DF6F000E58
:103D2000DE21E06FE26FDFC0E1F0E46B370EE36F9E
:103D300085EC17F0020EDD25DF6F000EDE21E06F4F
:103D4000020EDF27000EE023E0C0E2F0DFC0E1F06A
:103D5000050EE36F65EC17F0020EDD25DF6F000E38
:103D6000DE21E06F020EDF27000EE023010EDF27C9
:103D7000000EE023E0C0E2F0DFC0E1F0E46B0A0EE9
:103D8000E36F85EC17F0020EDD25DF6F000EDE21FC
:103D9000E06F020EDF27000EE023010EDF27000E8A
:103DA000E023020EDF27000EE023E0C0E2F0DFC0D8
:103DB000E1F0E46B640EE36F85EC17F0020EDD2595
:103DC000DF6F000EDE21E06F020EDF27000EE02322
:103DD000010EDF27000EE023020EDF27000EE02396
:103DE000020EDF27000EE023E0C0E2F0DFC0E1F0CA
:103DF000010EE36F65EC17F0020EDD25DF6F000E9C
:103E0000DE21E06F020EDF27000EE023010EDF2728
:103E1000000EE023020EDF27000EE023020EDF2754
:103E2000000EE023010EDF27000EE023E0C0E2F0E9
:103E3000DFC0E1F0010EE36F65EC17F0020EDD2547
:103E4000DF6F000EDE21E06F020EDF27000EE023A1
:103E5000010EDF27000EE023020EDF27000EE02315
:103E6000020EDF27000EE023010EDF27000EE02305
:103E7000010EDF27000EE023E0C0E2F0DFC0E1F03A
:103E8000E66BE56BE46BFA0EE36F2DEC1AF0020EB5
:103E9000DD25DF6F000EDE21E06F020EDF27000E52
:103EA000E023010EDF27000EE023020EDF27000EC5
:103EB000E023020EDF27000EE023010EDF27000EB5
:103EC000E023010EDF27000EE023040EDF27000EA3
:103ED000E023E0C0E2F0DFC0E1F0E66BE56BE46B0D
:103EE000FA0EE36F2DEC1AF0020EDD25DF6F000EE7
:103EF000DE21E06F020EDF27000EE023010EDF2738
:103F0000000EE023020EDF27000EE023020EDF2763
:103F1000000EE023010EDF27000EE023010EDF2755
:103F2000000EE023040EDF27000EE023040EDF273F
:103F3000000EE023E0C0E2F0DFC0E1F0E36B65ECEF
:103F400017F0020EDD25DF6F000EDE21E06F020E9E
:103F5000DF27000EE023010EDF27000EE023020E14
:103F6000DF27000EE023020EDF27000EE023010E04
:103F7000DF27000EE023010EDF27000EE023040EF2
:103F8000DF27000EE023040EDF27000EE023010EE2
:103F9000DF27000EE023E0C0E2F0DFC0E1F0E46BD9
:103FA000E36B85EC17F0020EDD25DF6F000EDE21DE
:103FB000E06F020EDF27000EE023010EDF27000E68
:103FC000E023020EDF27000EE023020EDF27000EA3
:103FD000E023010EDF27000EE023010EDF27000E95
:103FE000E023040EDF27000EE023040EDF27000E7F
:103FF000E023010EDF27000EE023020EDF27000E74
:10400000E023E0C0E2F0DFC0E1F0E46BE36B85ECBD
:1040100017F0020EDD25DF6F000EDE21E06F020ECD
:10402000DF27000EE023010EDF27000EE023020E43
:10403000DF27000EE023020EDF27000EE023010E33
:10404000DF27000EE023010EDF27000EE023040E21
:10405000DF27000EE023040EDF27000EE023010E11
:10406000DF27000EE023020EDF27000EE023020E02
:10407000DF27000EE023E0C0E2F0DFC0E1F0E36BF9
:1040800065EC17F0020EDD25DF6F000EDE21E06F1C
:10409000020EDF27000EE023010EDF27000EE023D3
:1040A000020EDF27000EE023020EDF27000EE023C2
:1040B000010EDF27000EE023010EDF27000EE023B4
:1040C000040EDF27000EE023040EDF27000EE0239E
:1040D000010EDF27000EE023020EDF27000EE02393
:1040E000020EDF27000EE023010EDF27000EE02383
:1040F000E0C0E2F0DFC0E1F0E66BE56BE46BE36BA0
:104100002DEC1AF0020EDD25DF6F000EDE21E06FD0
:10411000020EDF27000EE023010EDF27000EE02352
:10412000020EDF27000EE023020EDF27000EE02341
:10413000010EDF27000EE023010EDF27000EE02333
:10414000040EDF27000EE023040EDF27000EE0231D
:10415000010EDF27000EE023020EDF27000EE02312
:10416000020EDF27000EE023010EDF27000EE02302
:10417000040EDF27000EE023E0C0E2F0DFC0E1F034
:10418000E66BE56BE46BE36B2DEC1AF0020EDD25BC
:10419000DF6F000EDE21E06F020EDF27000EE0234E
:1041A000010EDF27000EE023020EDF27000EE023C2
:1041B000020EDF27000EE023010EDF27000EE023B2
:1041C000010EDF27000EE023040EDF27000EE023A0
:1041D000040EDF27000EE023010EDF27000EE02390
:1041E000020EDF27000EE023020EDF27000EE02381
:1041F000010EDF27000EE023040EDF27000EE02370
:10420000040EDF27000EE023E0C0E2F0DFC0E1F0A3
:10421000E36B65EC17F0030EDE6FC80EDD6FDEC0DA
:10422000E2F0DDC0E1F0010EE36F65EC17F0020E85
:10423000DE6F110EDD6FDEC0E2F0DDC0E1F0030ED7
:10424000E46FC00EE36F85EC17F0020EDD25DF6F23
:10425000000EDE21E06FE26FDFC0E1F0E46BE36BA4
:1042600085EC17F0020EDD25DF6F000EDE21E06F1A
:10427000020EDF27000EE023E0C0E2F0DFC0E1F035
:10428000010EE36F65EC17F0020EDD25DF6F000E07
:10429000DE21E06F020EDF27000EE023010EDF2794
:1042A000000EE023E0C0E2F0DFC0E1F0E46B0A0EB4
:1042B000E36F85EC17F0020EDD25DF6F000EDE21C7
:1042C000E06F020EDF27000EE023010EDF27000E55
:1042D000E023020EDF27000EE023E0C0E2F0DFC0A3
:1042E000E1F0E46B020EE36F85EC17F0020EDD25C2
:1042F000DF6F000EDE21E06F020EDF27000EE023ED
:10430000010EDF27000EE023020EDF27000EE02360
:10431000020EDF27000EE023E0C0E2F0DFC0E1F094
:10432000010EE36F65EC17F0020EDD25DF6F000E66
:10433000DE21E06F020EDF27000EE023010EDF27F3
:10434000000EE023020EDF27000EE023020EDF271F
:10435000000EE023010EDF27000EE023E0C0E2F0B4
:10436000DFC0E1F0010EE36F65EC17F0020EDD2512
:10437000DF6F000EDE21E06F020EDF27000EE0236C
:10438000010EDF27000EE023020EDF27000EE023E0
:10439000020EDF27000EE023010EDF27000EE023D0
:1043A000010EDF27000EE023E0C0E2F0DFC0E1F005
:1043B000E66BE56BE46BFA0EE36F2DEC1AF0020E80
:1043C000DD25DF6F000EDE21E06F020EDF27000E1D
:1043D000E023010EDF27000EE023020EDF27000E90
:1043E000E023020EDF27000EE023010EDF27000E80
:1043F000E023010EDF27000EE023040EDF27000E6E
:10440000E023E0C0E2F0DFC0E1F0E66BE56BE46BD7
:10441000FA0EE36F2DEC1AF0020EDD25DF6F000EB1
:10442000DE21E06F020EDF27000EE023010EDF2702
:10443000000EE023020EDF27000EE023020EDF272E
:10444000000EE023010EDF27000EE023010EDF2720
:10445000000EE023040EDF27000EE023040EDF270A
:10446000000EE023E0C0E2F0DFC0E1F0E36B65ECBA
:1044700017F0020EDD25DF6F000EDE21E06F020E69
:10448000DF27000EE023010EDF27000EE023020EDF
:10449000DF27000EE023020EDF27000EE023010ECF
:1044A000DF27000EE023010EDF27000EE023040EBD
:1044B000DF27000EE023040EDF27000EE023010EAD
:1044C000DF27000EE023E0C0E2F0DFC0E1F0E46BA4
:1044D000E36B85EC17F0020EDD25DF6F000EDE21A9
:1044E000E06F020EDF27000EE023010EDF27000E33
:1044F000E023020EDF27000EE023020EDF27000E6E
:10450000E023010EDF27000EE023010EDF27000E5F
:10451000E023040EDF27000EE023040EDF27000E49
:10452000E023010EDF27000EE023020EDF27000E3E
:10453000E023E0C0E2F0DFC0E1F0E46BE36B85EC88
:1045400017F0020EDD25DF6F000EDE21E06F020E98
:10455000DF27000EE023010EDF27000EE023020E0E
:10456000DF27000EE023020EDF27000EE023010EFE
:10457000DF27000EE023010EDF27000EE023040EEC
:10458000DF27000EE023040EDF27000EE023010EDC
:10459000DF27000EE023020EDF27000EE023020ECD
:1045A000DF27000EE023E0C0E2F0DFC0E1F0E36BC4
:1045B00065EC17F0020EDD25DF6F000EDE21E06FE7
:1045C000020EDF27000EE023010EDF27000EE0239E
:1045D000020EDF27000EE023020EDF27000EE0238D
:1045E000010EDF27000EE023010EDF27000EE0237F
:1045F000040EDF27000EE023040EDF27000EE02369
:10460000010EDF27000EE023020EDF27000EE0235D
:10461000020EDF27000EE023010EDF27000EE0234D
:10462000E0C0E2F0DFC0E1F0E66BE56BE46BE36B6A
:104630002DEC1AF0020EDD25DF6F000EDE21E06F9B
:10464000020EDF27000EE023010EDF27000EE0231D
:10465000020EDF27000EE023020EDF27000EE0230C
:10466000010EDF27000EE023010EDF27000EE023FE
:10467000040EDF27000EE023040EDF27000EE023E8
:10468000010EDF27000EE023020EDF27000EE023DD
:10469000020EDF27000EE023010EDF27000EE023CD
:1046A000040EDF27000EE023E0C0E2F0DFC0E1F0FF
:1046B000E66BE56BE46BE36B2DEC1AF0020EDD2587
:1046C000DF6F000EDE21E06F020EDF27000EE02319
:1046D000010EDF27000EE023020EDF27000EE0238D
:1046E000020EDF27000EE023010EDF27000EE0237D
:1046F000010EDF27000EE023040EDF27000EE0236B
:10470000040EDF27000EE023010EDF27000EE0235A
:10471000020EDF27000EE023020EDF27000EE0234B
:10472000010EDF27000EE023040EDF27000EE0233A
:10473000040EDF27000EE023E0C0E2F0DFC0E1F06E
:10474000E36B65EC17F0030EDE6FC90EDD6FDEC0A4
:10475000E2F0DDC0E1F0010EE36F65EC17F0020E50
:10476000DE6F390EDD6F030EDE6FCA0EDD6FDEC049
:10477000E2F0DDC0E1F0010EE36F65EC17F0030E2F
:10478000E26FF30EE16FE36965EC17F078EF2CF060
:10479000F86AD09E700ED36E400E9B6E646A046AF7
:1047A0006586820EAF6E060ED46EA60EAC6E900EAF
:1047B000AB6E0F012087150E1E6F010E1F6FA60E28
:1047C000216F900E226F05900F0E066E076A096A20
:1047D0000B6A0A6A336A326A316A306A3C6A490E85
:1047E0003B6E3E6A570E3D6E170E3F6E1E0E406EBC
:1047F000426A416A000E236F246F256FC196C198EB
:10480000C19A2E6B2F6B546B2A6A2B6A256B246B13
:10481000236B050E926E896A7F0E936E8A6A8B6A8D
:10482000200E956E8C6A830E966E8D6A7D0E976E45
:104830008E6AF40E986E8F6A0001DD6B110EDE6FCA
:104840001FEC13F0DD6B040EDE6F1FEC13F0DD6B5D
:10485000050EDE6F1FEC13F0C69AAB9E0F01229F70
:10486000F40E986E8F80D80E9412DE0E94169882F5
:10487000AB8E228F2669010E0001DD6F110EDE6FF7
:104880001FEC13F0020EDD6FFA0EE86F3BEC13F035
:10489000DD2FFAD7000E0609CA6EF90ECB6E830E15
:1048A000966E8D9A0C0E6E6E3F0E0F012C17000E39
:1048B0002C130BC0DEF00AC0DDF000014FEF13F047
:1048C00003C0E0F002C0DFF001C0DEF000C0DDF0A8
:1048D000E46BE36B100EE26F810EE16F6BEF13F090
:1048E00003C0E0F002C0DFF001C0DEF000C0DDF088
:1048F000E5EF13F002C0DEF001C0DDF0DE33DD33A2
:10490000DE33DD33DE33DDC06FFFDE33DE31300B0F
:10491000006E6E50CF0B00106E6E436A435002085B
:104920000CE38B8A7D0EE86F3BEC13F08B9A7D0EC7
:10493000E86F3BEC13F0432AF1D7010EDD6F040E54
:10494000DE6F1FEC13F0020EDD6FFA0EE86F3BEC2A
:1049500013F0DD2FFAD7010EDD6F050EDE6F1FECB1
:1049600013F0020EDD6FFA0EE86F3BEC13F0DD2F53
:10497000FAD7C68A7F0EC86E280EC66EC78EC79C31
:10498000678A830E966E8D980C0E0F01466FFC0E93
:104990002B17000E2B13040E2E6F2F6F546F6F6AA0
:1049A0006E50CF0B6E6E0001DE6B06C0DDF0DEC018
:1049B000F6F006C0F5F0F86B0A0EF76F02EC14F093
:1049C00002C0DEF001C0DDF0DE33DD33DE33DD3387
:1049D000DE33DDC047FFDE33DE31300B006E0F010A
:1049E0004651CF0B0010466F000160EF14F0CDEF81
:1049F00015F0426A0C0E416E420EF66E250EF76EF1
:104A0000000EF86EE4EC15F0E26B0C0EE16FE36B58
:104A1000E46B020EE56FE66BF8EC16F0426A0C0EE2
:104A2000416E520EF66E250EF76E000EF86EE4EC37
:104A300015F0E26B0C0EE16FE36B140EE46F020EE7
:104A4000E56FE66BF8EC16F0040EDD6FFA0EE86F1A
:104A50003BEC13F0DD2FFAD722EC17F0476A466AD9
:104A60000C0E456E600E446E516A506A4F6A4E6A73
:104A7000516A506A4F6A4E6A515219E1505217E119
:104A80004F50030814E34FC0DEF04EC0DDF04FC0BE
:104A9000E2F04EC0E1F0E36B65EC17F0010E4E263C
:104AA000D8B04F2AD8B4502AD8B4512AE5D7030E2B
:104AB000E26FED0EE16F280EE36F65EC17F0030E69
:104AC000E26FEE0EE16F280EE36F65EC17F0030E58
:104AD000E26FEF0EE16FE46BE36B85EC17F0030E12
:104AE000E26FF10EE16FE36B65EC17F0426A0C0EBA
:104AF000416E5E0EF66E250EF76E000EF86E090E14
:104B0000DD6FCBEC17F0410EE96E47C0E4F046C014
:104B1000E3F045C0E2F044C0E1F025EC18F0E26BB0
:104B20000C0EE16FE36BE46B020EE56FE66BF8ECE5
:104B300016F046C0DDF0E56BE46BE36BE26B46C05C
:104B4000E6F0BAEC18F045C0DDF0E56BE46BE36B22
:104B5000010EE26F45C0E6F0BAEC18F044C0DDF09B
:104B6000E56BE46BE36B020EE26F44C0E6F0BAEC77
:104B700018F0516A506A4F6A4E6A51524DE15052D4
:104B80004BE14F50040848E34E50DD6FFB0E4F24BD
:104B9000DE6F010E5020DF6F000E5120E06FDFC08E
:104BA000F8FFDEC0F7FFDDC0F6FFEA6AE10EE96E4E
:104BB000F76B010EF66F41EC16F047C0E5F046C00A
:104BC000E4F045C0E3F044C0E2F0E1C0E6F0BAEC46
:104BD00018F047C0E0F046C0DFF045C0DEF044C04A
:104BE000DDF063EC19F051C003F050C002F04FC08B
:104BF00001F04EC000F0010E4E26D8B04F2AD8B4B6
:104C0000502AD8B4512A010E4426D8B0452AD8B427
:104C1000462AD8B4472AB1D7426A0C0E416E4F0ECD
:104C2000ED6FD6EC15F04B0EED6FD6EC15F0E26B98
:104C30000C0EE16F320EE36FE46B020EE56FE66B74
:104C4000F8EC16F0426A0C0E416E6C0EF66E250EF4
:104C5000F76E000EF86E090EDD6FCBEC17F0410E0B
:104C6000E96E47C0E4F046C0E3F045C0E2F044C05E
:104C7000E1F025EC18F0E26B0C0EE16FE36B140E23
:104C8000E46F020EE56FE66BF8EC16F046C0DDF05F
:104C9000E56BE46BE36B030EE26F46C0E6F0BAEC43
:104CA00018F045C0DDF0E56BE46BE36B040EE26FDA
:104CB00045C0E6F0BAEC18F044C0DDF0E56BE46BFB
:104CC000E36B050EE26F44C0E6F0BAEC18F0516AEF
:104CD000506A4F6A4E6A51524DE150524BE14F506B
:104CE000020848E34E50DD6FF80E4F24DE6F010ED0
:104CF0005020DF6F000E5120E06FDFC0F8FFDEC0F4
:104D0000F7FFDDC0F6FFEA6AE10EE96EF76B010E10
:104D1000F66F41EC16F047C0E5F046C0E4F045C040
:104D2000E3F044C0E2F0E1C0E6F0BAEC18F047C0AE
:104D3000E0F046C0DFF045C0DEF044C0DDF063ECDB
:104D400019F051C003F050C002F04FC001F04EC046
:104D500000F0010E4E26D8B04F2AD8B4502AD8B44D
:104D6000512A010E4426D8B0452AD8B4462AD8B4D0
:104D7000472AB1D7426A0C0E416E4F0EED6FD6EC4A
:104D800015F04B0EED6FD6EC15F0E26B0C0EE16FEB
:104D9000320EE36F140EE46F020EE56FE66BF8EC73
:104DA00016F0426A0C0E416E7A0EF66E250EF76E04
:104DB000000EF86E090EDD6FCBEC17F0410EE96EB8
:104DC00047C0E4F046C0E3F045C0E2F044C0E1F083
:104DD00025EC18F0E26B0C0EE16FE36B280EE46F2C
:104DE000020EE56FE66BF8EC16F046C0DDF0E56B01
:104DF000E46BE36B060EE26F46C0E6F0BAEC18F027
:104E000045C0DDF0E56BE46BE36B070EE26F45C078
:104E1000E6F0BAEC18F044C0DDF0E56BE46BE36B50
:104E2000080EE26F44C0E6F0BAEC18F0516A506A1E
:104E30004F6A4E6A51524DE150524BE14F500908B2
:104E400048E34E50DD6FEE0E4F24DE6F010E502012
:104E5000DF6F000E5120E06FDFC0F8FFDEC0F7FF0C
:104E6000DDC0F6FFEA6AE10EE96EF76B010EF66F40
:104E700041EC16F047C0E5F046C0E4F045C0E3F071
:104E800044C0E2F0E1C0E6F0BAEC18F047C0E0F050
:104E900046C0DFF045C0DEF044C0DDF063EC19F041
:104EA00051C003F050C002F04FC001F04EC000F0FE
:104EB000010E4E26D8B04F2AD8B4502AD8B4512A61
:104EC000010E4426D8B0452AD8B4462AD8B4472A79
:104ED000B1D7426A0C0E416E4F0EED6FD6EC15F055
:104EE0004B0EED6FD6EC15F0E26B0C0EE16F320E4F
:104EF000E36F280EE46F020EE56FE66BF8EC16F038
:104F0000426A0C0E416E880EF66E250EF76E000E8C
:104F1000F86E0A0EDD6FCBEC17F0410EE96E47C05C
:104F2000E4F046C0E3F045C0E2F044C0E1F025EC17
:104F300018F0E26B0C0EE16FE36B3C0EE46F020EB7
:104F4000E56FE66BF8EC16F046C0DDF0E56BE46B60
:104F5000E36B090EE26F46C0E6F0BAEC18F045C00C
:104F6000DDF0E56BE46BE36B0A0EE26F45C0E6F043
:104F7000BAEC18F044C0DDF0E56BE46BE36B0B0EAC
:104F8000E26F44C0E6F0BAEC18F0516A506A4F6A1A
:104F90004E6A515252E1505250E14F501B084DE3BE
:104FA00003E14E50D40849E32A0E4E24DD6FD20EA1
:104FB0004F20DE6F010E5020DF6F000E5120E06F9A
:104FC000DFC0F8FFDEC0F7FFDDC0F6FFEA6AE10EE2
:104FD000E96EF76B010EF66F41EC16F047C0E5F095
:104FE00046C0E4F045C0E3F044C0E2F0E1C0E6F0C2
:104FF000BAEC18F047C0E0F046C0DFF045C0DEF084
:1050000044C0DDF063EC19F051C003F050C002F071
:105010004FC001F04EC000F0010E4E26D8B04F2A0E
:10502000D8B4502AD8B4512A010E4426D8B0452A03
:10503000D8B4462AD8B4472AACD7426A0C0E416E7F
:105040004F0EED6FD6EC15F04B0EED6FD6EC15F064
:10505000E26B0C0EE16F320EE36F3C0EE46F020E5A
:10506000E56FE66BF8EC16F0426A0C0E416E960E98
:10507000F66E250EF76E000EF86E070EDD6FCBECA8
:1050800017F0410EE96E47C0E4F046C0E3F045C0BA
:10509000E2F044C0E1F025EC18F0E26B0C0EE16F99
:1050A000E36B500EE46F020EE56FE66BF8EC16F062
:1050B00046C0DDF0E56BE46BE36B0C0EE26F46C0BF
:1050C000E6F0BAEC18F045C0DDF0E56BE46BE36B9D
:1050D0000D0EE26F45C0E6F0BAEC18F044C0DDF00A
:1050E000E56BE46BE36B0E0EE26F44C0E6F0BAECE6
:1050F00018F0516A506A4F6A4E6A515252E150524A
:1051000050E14F5003084DE303E14E505F0849E37F
:10511000CA0E4E24DD6FCE0E4F20DE6F010E5020E2
:10512000DF6F000E5120E06FDFC0F8FFDEC0F7FF39
:10513000DDC0F6FFEA6AE10EE96EF76B010EF66F6D
:1051400041EC16F047C0E5F046C0E4F045C0E3F09E
:1051500044C0E2F0E1C0E6F0BAEC18F047C0E0F07D
:1051600046C0DFF045C0DEF044C0DDF063EC19F06E
:1051700051C003F050C002F04FC001F04EC000F02B
:10518000010E4E26D8B04F2AD8B4502AD8B4512A8E
:10519000010E4426D8B0452AD8B4462AD8B4472AA6
:1051A000ACD7426A0C0E416E4F0EED6FD6EC15F087
:1051B0004B0EED6FD6EC15F0E26B0C0EE16F320E7C
:1051C000E36F500EE46F020EE56FE66BF8EC16F03D
:1051D000426A0C0E416EA20EF66E250EF76E000EA0
:1051E000F86E070EDD6FCBEC17F0410EE96E47C08D
:1051F000E4F046C0E3F045C0E2F044C0E1F025EC45
:1052000018F0E26B0C0EE16FE36B640EE46F020EBC
:10521000E56FE66BF8EC16F046C0DDF0E56BE46B8D
:10522000E36B0F0EE26F46C0E6F0BAEC18F045C033
:10523000DDF0E56BE46BE36B100EE26F45C0E6F06A
:10524000BAEC18F044C0DDF0E56BE46BE36B110ED3
:10525000E26F44C0E6F0BAEC18F0516A506A4F6A47
:105260004E6A515252E1505250E14F5019084DE3ED
:1052700003E14E50170849E3B20E4E24DD6FB50E20
:105280004F20DE6F010E5020DF6F000E5120E06FC7
:10529000DFC0F8FFDEC0F7FFDDC0F6FFEA6AE10E0F
:1052A000E96EF76B010EF66F41EC16F047C0E5F0C2
:1052B00046C0E4F045C0E3F044C0E2F0E1C0E6F0EF
:1052C000BAEC18F047C0E0F046C0DFF045C0DEF0B1
:1052D00044C0DDF063EC19F051C003F050C002F09F
:1052E0004FC001F04EC000F0010E4E26D8B04F2A3C
:1052F000D8B4502AD8B4512A010E4426D8B0452A31
:10530000D8B4462AD8B4472AACD7426A0C0E416EAC
:105310004F0EED6FD6EC15F04B0EED6FD6EC15F091
:10532000E26B0C0EE16F320EE36F640EE46F020E5F
:10533000E56FE66BF8EC16F022EC17F0426A0C0E03
:10534000416EAE0EF66E250EF76E000EF86E120E62
:10535000DD6FCBEC17F0410EE96E47C0E4F046C0BC
:10536000E3F045C0E2F044C0E1F025EC18F0E26B58
:105370000C0EE16FE36BE46B020EE56FE66BF8EC8D
:1053800016F0B66BBA6BB96BB86B120EB76FBE6B1B
:10539000BD6BBC6BBB6BBA53D8A43AD1B953D8A47C
:1053A00037D1B8510308D8A033D104E1B751200850
:1053B000D8A02ED146C0DDF0BAC0E5F0B9C0E4F007
:1053C000B8C0E3F0B7C0E2F046C0E6F0BAEC18F0BF
:1053D000010EB725DD6F000EB821DE6F000EB9217A
:1053E000DF6F000EBA21E06F45C0E1F0E56FDFC06E
:1053F000E4F0DEC0E3F0DDC0E2F045C0E6F0BAEC78
:1054000018F0020EB725DD6F000EB821DE6F000E1A
:10541000B921DF6F000EBA21E06F44C0E1F0E56F03
:10542000DFC0E4F0DEC0E3F0DDC0E2F044C0E6F04F
:10543000BAEC18F0BDC003F0BCC002F0BBC001F074
:10544000006ABBC0DEF000C0DDF0EA6A520EE96E11
:10545000BBC0F7FF005002EC00F00A000900F55055
:10546000EE6E0009FBE1DE6B520EDD6FB5EC19F05C
:1054700001C0B6F0516A506A4F6A4E6A51524EE10D
:1054800050524CE14F524AE1B6514E5C47E2BDC02A
:10549000E0F0BCC0DFF0BBC0DEF0DD6B4E50DD25C0
:1054A000006E4F50BB21016E5050BC21026E515016
:1054B000BD21036E01C0F7FF005002EC00F0DD6F6C
:1054C00047C0E5F046C0E4F045C0E3F044C0E2F078
:1054D000E66FBAEC18F047C0E0F046C0DFF045C018
:1054E000DEF044C0DDF063EC19F051C003F050C0B1
:1054F00002F04FC001F04EC000F0010E4E26D8B0B1
:105500004F2AD8B4502AD8B4512A010E4426D8B014
:10551000452AD8B4462AD8B4472AB0D7010EBB25AD
:10552000DD6F000EBC21DE6F000EBD21DF6F000EAF
:10553000BE21E06F426A0C0E416E030EE96EE0C0C0
:10554000E4F0DFC0E3F0DEC0E2F0DDC0E1F025EC26
:1055500018F02F0EED6FD6EC15F0020EE96E010E6D
:10556000E26F040EE16FCFEC19F0E26B0C0EE16F0D
:10557000E36B140EE46F020EE56FE66BF8EC16F0C9
:10558000010EBB25DD6F000EBC21DE6F000EBD21BC
:10559000DF6F000EBE21E06FDD5104082AE1DE2D31
:1055A00028D0DF5326E1E05324E1426A0C0E416E1D
:1055B000C40EF66E250EF76E000EF86E030EDD6F4C
:1055C000CBEC17F0410EE96EBAC0E4F0B9C0E3F0DD
:1055D000B8C0E2F0B7C0E1F025EC18F0E26B0C0EB9
:1055E000E16F370EE36FE46B020EE56FE66BF8ECEC
:1055F00016F0030EB727000EB823B923BA23010E05
:10560000BB27D8B0BC2BD8B4BD2BD8B4BE2BC3D6C7
:10561000426A0C0E416ECC0EF66E250EF76E000E31
:10562000F86E0E0EDD6FCBEC17F0410EE96E47C041
:10563000E4F046C0E3F045C0E2F044C0E1F025EC00
:1056400018F0E26B0C0EE16FE36B280EE46F020EB4
:10565000E56FE66BF8EC16F0C26BC16B040EC06F21
:105660002C0EBF6FC66BC56BC46BC36BC253D8A483
:1056700023D1C153D8A420D1C0510708D8A01CD130
:1056800004E1BF513A08D8A017D146C0DDF0C2C02E
:10569000E5F0C1C0E4F0C0C0E3F0BFC0E2F046C036
:1056A000E6F0BAEC18F0010EBF25DD6F000EC02148
:1056B000DE6F000EC121DF6F000EC221E06F45C01A
:1056C000E1F0E56FDFC0E4F0DEC0E3F0DDC0E2F062
:1056D00045C0E6F0BAEC18F0020EBF25DD6F000EF3
:1056E000C021DE6F000EC121DF6F000EC221E06F0E
:1056F00044C0E1F0E56FDFC0E4F0DEC0E3F0DDC000
:10570000E2F044C0E6F0BAEC18F0C5C003F0C4C043
:1057100002F0C3C001F0006AC3C0DEF000C0DDF0DB
:10572000EA6A520EE96EC3C0F7FF00504CEC09F074
:105730000A000900F550EE6E0009FBE1DE6B520E27
:10574000DD6FB5EC19F001C0B6F0516A506A4F6ACE
:105750004E6A51524EE150524CE14F524AE1B6511D
:105760004E5C47E2C5C0E0F0C4C0DFF0C3C0DEF06D
:10577000DD6B4E50DD25006E4F50C321016E505041
:10578000C421026E5150C521036E01C0F7FF0050C5
:105790004CEC09F0DD6F47C0E5F046C0E4F045C0D1
:1057A000E3F044C0E2F0E66FBAEC18F047C0E0F076
:1057B00046C0DFF045C0DEF044C0DDF063EC19F018
:1057C00051C003F050C002F04FC001F04EC000F0D5
:1057D000010E4E26D8B04F2AD8B4502AD8B4512A38
:1057E000010E4426D8B0452AD8B4462AD8B4472A50
:1057F000B0D7426A0C0E416E030EE96EC6C0E4F0EB
:10580000C5C0E3F0C4C0E2F0C3C0E1F025EC18F07D
:105810002F0EED6FD6EC15F0020EE96E010EE26F61
:10582000040EE16FCFEC19F0E26B0C0EE16FE36B4D
:105830003C0EE46F020EE56FE66BF8EC16F0C35118
:1058400004082BE1C42D29D0C55327E1C65325E117
:10585000426A0C0E416EDE0EF66E250EF76E000EDD
:10586000F86E030EDD6FCBEC17F0410EE96EC2C08F
:10587000E4F0C1C0E3F0C0C0E2F0BFC0E1F025EC4D
:1058800018F0E26B0C0EE16F370EE36F280EE46F39
:10589000020EE56FE66BF8EC16F0030EBF27000E64
:1058A000C023C123C223010EC327D8B0C42BD8B450
:1058B000C52BD8B4C62BDAD6EA6AC70EE96E160E27
:1058C000016EF76A000E8CEC12F00A000900F5CFA9
:1058D000EEFF012EFBD7E26BC70EE16FE36B500EBC
:1058E000E46F020EE56FE66BF8EC16F0BBEF1AF012
:1058F000426A0C0E416EE60EF66E250EF76E000E35
:10590000F86EE4EC15F0E26B0C0EE16FE36B780ED1
:0E591000E46FE56BE66BF8EC16F0EAD70300E7
:020000040001F9
:0EB5B20011111111111111111111111111119D
:10B5C000111111111111111111111111111111116B
:10B5D000111111111111111111111111111111115B
:10B5E0001111111111111111254111111111111107
:10B5F000111111111111111111111111111111113B
:10B60000111111111111111111111111111111112A
:10B61000111111111111111111111111111111111A
:10B62000111111111111111111111111111111110A
:10B6300011111111111111111111111111111111FA
:10B640004A9411111111111111111111111111112E
:10B6500011111111111111111111111111111111DA
:10B6600011111111111111111111111111111111CA
:10B6700011111111111111111111111111111111BA
:10B6800011111111111111111111111111111111AA
:10B6900011111111111111117994111111111111AF
:10B6A000111111111111111111111111111111118A
:10B6B000111111111111111111111111111111117A
:10B6C000111111111111111111111111111111116A
:10B6D000111111111111111111111111111111115A
:10B6E0001111111111111111111111111111111249
:10B6F0008982111111111111111111111111111151
:10B700001111111111111111111111111111111129
:10B710001111111111111111111111111111111119
:10B720001111111111111111111111111111111109
:10B7300011111111111111111111111111111111F9
:10B74000111111111111111399611111111111110F
:10B7500011111111111111111111111111111111D9
:10B7600011111111111111111111111111111111C9
:10B7700011111111111111111111111111111111B9
:10B7800011111111111111111111111111111111A9
:10B790001111111111111111111111111111111694
:10B7A00099411111111111111111111111111111D1
:10B7B0001111111111111111111111111111111179
:10B7C0001111111111111111111111111111111169
:10B7D0001111111111111111111111111111111159
:10B7E0001111111111111111111111111111111149
:10B7F000111111111111111899211111111111119A
:10B800001111111111111111111111111111111128
:10B810001111111111111111111111111111111118
:10B820001111111111111111111111111111111108
:10B8300011111111111111111111111111111111F8
:10B8400011111111111111111111111111111139C0
:10B850009711111111111111111111111111111152
:10B860001111119311111111111111111111111146
:10B8700011111111111111111111111111111111B8
:10B8800011111111111111111111111111111111A8
:10B890001111111111111111111111111111111198
:10B8A00011111111111111599511111111111111BC
:10B8B0001111111111111111111111CB75546111C7
:10B8C0001111111111111111111111111111111168
:10B8D0001111111111111111111111111111111158
:10B8E0001111111111111111111111111111111148
:10B8F00011111111111111111111111111111179D0
:10B9000093111111111111111111111111111111A5
:10B91000111111C9D8CB711111342111111111114B
:10B920001111111111111111111111111111111107
:10B9300011111111111111111111111111111111F7
:10B9400011111111111111111111111111111111E7
:10B95000111111111111117A8211111111111111FD
:10B960001221111111111111111111C7D5BE21117F
:10B9700019FFD411111111111111111111111111FE
:10B9800011111111111111111111111111111111A7
:10B990001111111111111111111111111111111197
:10B9A0001111111111111111111111111111112573
:10B9B000311111111111111148931111111111119E
:10B9C0001111118BA19A11117FFFFC11111111118D
:10B9D0001111111111111111111111111111111157
:10B9E0001111111111111111111111111111111147
:10B9F0001111111111111111111111111111111137
:10BA00001111111111111111111111111111111522
:10BA100099A51111111111111111111112B4111156
:10BA2000BFFFFF311111111111111111111111115C
:10BA300011111111111111111111111111111111F6
:10BA400011111111111111111111111111111111E6
:10BA500011111111111111111111111111111111D6
:10BA60001111111111111169996211111111111195
:10BA70001111111111111111DFFFFF4111111111DC
:10BA800011111111111111111111111111111111A6
:10BA90001111111111111111111111111111111196
:10BAA0001111111111111111111111111111111186
:10BAB00011111111111111111111111111112799D8
:10BAC00095111111111111111111111111111115DE
:10BAD000FFFFFFA1111111111111111111111111FC
:10BAE0001111111111111111111111111111111146
:10BAF0001111111111111111111111111111111136
:10BB00001111111111111111111111111111111125
:10BB100011111111111389994111111111111111E3
:10BB2000111111111111115EFE99CFF9211111118D
:10BB300011111111111111111111111111111111F5
:10BB400011111111111111111111111111111111E5
:10BB500011111111111111111111111111111111D5
:10BB60001111111122111111111111111149998382
:10BB70001111111111111111111111111128CEFFF3
:10BB8000B5AB77FFFDB41111111112678888888851
:10BB900088888875111111111111111111111111CC
:10BBA0001111111111111111111111111111111185
:10BBB0001111111111111111111235678884111110
:10BBC0001111111112899831111111111111111145
:10BBD0001111111111BFFFFE5FFFF89FFFFF31111F
:10BBE00011112DFFFFFFFFFFFFFFFFFF911111114B
:10BBF0001111111111111111111111342111111102
:10BC00001111111111111111111111111111111124
:10BC10001258999999941166311111111179721173
:10BC200011111111111111111111111113FFFFFA3D
:10BC30009FFFFF6FFFFF911111118FFFFFFFFFFFAC
:10BC4000FFFFFFFFE211111111111111111111115B
:10BC500011112CFFD3111111111111111111111109
:10BC6000115BBB511111111148999999998212993F
:10BC7000952111111123111111111111111111110E
:10BC80001111111114FFFFF8BFFFFF6FFFFF91119A
:10BC90001111BFFFFFFFFFFFFFFFFFFFE2111111B7
:10BCA000111111111111111111118FFFFA1111112F
:10BCB000111111111111111116E978E51111112647
:10BCC00099999999997114999973111111111111E7
:10BCD00011111111111111111111111111CFFFF5C4
:10BCE000EFFFFA8FFFFF41111111BFFFFFFFFFFFB1
:10BCF000FFFFFFFF8111111111111111111111110C
:10BD00001111BFFFFC11111111111111111111119C
:10BD10002D7C9C9C111112799999999999411699A8
:10BD200099993111111111111111111111111111D3
:10BD300011111111112ADB5BFFED96FFFEC51111E8
:10BD40001111BFFFFFA77777777777641111111172
:10BD500011111111111111111111AFFFFC1111115C
:10BD600011111111111111113E4DDB5E2111279995
:10BD7000999999999921289999972111111111113E
:10BD8000111111111111111111111111111368DF7C
:10BD9000E667AFFA321111111111BFFFFF611111E6
:10BDA0001111111111111111111111111111111183
:10BDB0001111AFFFFC1111111111111111111111FC
:10BDC0002E6B997D111169999999999999313999A0
:10BDD000996211111111111111111111111111117A
:10BDE00011111111116FFFFF6BFFFFB11111111133
:10BDF0001111BFFFFF61111111111111111116BCA9
:10BE000061116ACCB73111111145CFFFFD554111B8
:10BE100011111269BCCB841117E728E61114999906
:10BE20009999999999868999941113511111111120
:10BE300011111111111111111111111112FFFFFB2B
:10BE40008FFFFF41111111111111BFFFFF6111117E
:10BE50001111111111114FFFF43DFFFFFFF92111D5
:10BE600017FFFFFFFFFFF81111128FFFFFFFFFC544
:10BE7000117CCC61112899999999999999999998D6
:10BE800031114993111111111111111111111111C8
:10BE90001111111114FFFFF9BFFFFF311111111121
:10BEA0001111BFFFFF6111111111111111117FFF4C
:10BEB000F9DFFFFFFFFFC2111BFFFFFFFFFFFD11B7
:10BEC000113DFFFFFFFFFFFF8112211111599999C9
:10BED0009999999988999996111699971111111113
:10BEE00011111111111111111111111112EFFFF690
:10BEF0007FFFFD21111111111111BFFFFF722222CD
:10BF00002222211111118FFFFEFFFFFFFFFFFA1107
:10BF100017FFFFFFFFFFF81112EFFFFFFFFFFFFF0B
:10BF2000F811111111899999999999532224899895
:10BF30003379999931111111111111111111111137
:10BF400011111111115FFFA12BFFE411111111113A
:10BF50001111BFFFFFFEFFFFFFFFEE8111118FFFE9
:10BF6000FFFFC89DFFFFFF511145CFFFFD55411158
:10BF70001BFFFFFA4336DFFFFF5111111399999907
:10BF800099998311111127999999999A5111111120
:10BF9000111111111111111111111111111354114C
:10BFA00011452111111111111111BFFFFFFFFFFFE9
:10BFB000FFFFFFF411118FFFFFF611119FFFFFC16B
:10BFC0001111AFFFFC1111115FFFFF8111112CFF47
:10BFD000FFC111111599999999993111111112896E
:10BFE0009976666641111111444444555531111139
:10BFF0001111111111111111111111111111111131
:10C000001111BFFFFFFFFFFFFFFFFFF611118FFFB1
:10C01000FF9111111CFFFFF31111AFFFFC11111162
:10C02000AFFFFC11111113FFFFF41111169999992B
:10C030009996111111111149982111111111111411
:10C04000999999999A8211111111111111111111C6
:10C0500011111111111111111111BFFFFFFFFFFF7C
:10C06000FFFFFFF311118FFFFF31111115FFFFF5D6
:10C070001111AFFFFC111112EFFFF611111111BFD9
:10C08000FFF711111799999999931111111111280D
:10C0900098211111111111149999999999821111DD
:10C0A000111111111111111113311111111111115E
:10C0B0001111BFFFFFDBBBBBBBBBBA5111118FFF1F
:10C0C000FD11111112FFFFF81111AFFFFC11111436
:10C0D000FFFFFDDDDDDDDDFFFFF9111118999999F5
:10C0E000998211111111111799756666621111115A
:10C0F00045555554443111111112113212231113A7
:10C1000016912223112113213311BFFFFF61111159
:10C110001111111111118FFFFB11111111DFFFF915
:10C120001111AFFFFC111115FFFFFFFFFFFFFFFF14
:10C13000FFF911111899999999821111111111177B
:10C14000999999999211111111111111111111113E
:10C15000111929CB2BDC71AD969296ECB2929DA56C
:10C16000C921BFFFFF6111111111111111118FFFB1
:10C17000FB11111111DFFFF91111AFFFFC111116A5
:10C18000FFFFFFFFFFFFFFFFFFF5111117999999BF
:10C1900099931111111111289999999982111111DD
:10C1A0001111111111111111111B6B198C43B6A131
:10C1B0002782B7A1A7A6B126C731BFFFFF61111122
:10C1C0001111111111118FFFFC11111112EFFFF953
:10C1D0001111AFFFFC111115FFFFF7666666666669
:10C1E00066411111169999999996111111111149D8
:10C1F000999999998211111111111111111111119E
:10C20000111B6B2A7B31B6B246A2B78178A6B34226
:10C210006AB1BFFFFF6111111111111111118FFFCF
:10C22000FE21111113FFFFF71111AFFFFC111114C3
:10C23000FFFFF51111111111111111111599999992
:10C2400099993111111112899999999971111111B5
:10C250001111111111111111111928CA2921928CD2
:10C2600092B6866166928C94BC71BFFFFF6111111A
:10C270001111111111118FFFFF51111117FFFFF44F
:10C280001111AFFFFC111112EFFFFA11111111275B
:10C290008311111113999999999983111111279962
:10C2A000999999995111111111111111111111111E
:10C2B000111111211111111211121111111112115B
:10C2C0002211BFFFFF7233333333332211118FFF3B
:10C2D000FFC111112EFFFFE21111AFFFFC1111116F
:10C2E000AFFFFF51111112CFFF311111118999992F
:10C2F00099999853222489999999999931111111F1
:10C30000111111111111111111111111111111111D
:10C3100011111111111111111111BFFFFFFFFFFFB9
:10C32000FFFFFFFE71118FFFFFFB4225DFFFFF9133
:10C330001111BFFFFE3211114FFFFFF832237EFFB4
:10C34000FF71111111599999999999998899999908
:10C3500099999997111111111111111111111111AF
:10C3600011111111111111111111111111111111BD
:10C370001111BFFFFFFFFFFFFFFFFFFFF4118FFF52
:10C38000FFFFFEEFFFFFFF311111AFFFFFFED511E1
:10C3900018FFFFFFFEEFFFFFFF61111111289999B0
:10C3A0009999999999999999999999931111111123
:10C3B000111111111111111111111111111111116D
:10C3C000111111111111111111119FFFFFFFFFFF29
:10C3D000FFFFFFFFF5118FFFFFFFFFFFFFFFF711CB
:10C3E00011116FFFFFFFFC1111BFFFFFFFFFFFFFE8
:10C3F000FB111111111499999999999999999999F0
:10C400009999996111111111111111111111111134
:10C41000111111111111111111111111111111110C
:10C4200011114FFFFFFFFFFFFFFFFFFFF3118FFF12
:10C43000FE8FFFFFFFFF811111112DFFFFFFFB1189
:10C440001118FFFFFFFFFFFFA211111111116999D0
:10C4500099999999999999999999982111111111E5
:10C4600011111111111111111111111111111111BC
:10C470001111111111111111111115BDDDDDDDDDCC
:10C48000DDDDDDDC51118FFFFF25DFFFFFB4111172
:10C49000111113BFFFFFD411111139EFFFFFFD94EC
:10C4A000111111111111279999999999999999999E
:10C4B00099998311111111111111111111111111EA
:10C4C000111111111111111111111111111111115C
:10C4D00011111111111111111111111111118FFFE0
:10C4E000FF2114565311111111111113566421110A
:10C4F00011111123566531111111111111111279F8
:10C5000099999999999999999998311111111111AC
:10C51000111111111111111111111111111111110B
:10C5200011111111111111111111111111111111FB
:10C530001111111111118FFFFF2111111111111181
:10C5400011111111111111111111111111111111DB
:10C550001111111111111126999999999999999976
:10C5600099831111111111111111111111111111C1
:10C5700011111111111111111111111111111111AB
:10C5800011111111111111111111111111118FFF2F
:10C59000FF2111111111111111111111111111118D
:10C5A000111111111111111111111111111111117B
:10C5B00048999999999999999621111111111111E7
:10C5C000111111111111111111111111111111115B
:10C5D000111111111111111111111111111111114B
:10C5E0001111111111118FFFFF21111111111111D1
:10C5F000111111111111111111111111111111112B
:10C6000011111111111111111258999999999986B5
:10C6100031111111111111111111111111111111EA
:10C6200011111111111111111111111111111111FA
:10C6300011111111111111111111111111118FFF7E
:10C64000FF211111111111111111111111111111DC
:10C6500011111111111111111111111111111111CA
:10C6600011123578888764211111111111111111DE
:10C6700011111111111111111111111111111111AA
:10C68000111111111111111111111111111111119A
:10C690001111111111116FFFFE2111111111111141
:10C6A000111111111111111111111111111111117A
:10C6B0001111111111111111111111112211111159
:10C6C000111111111111111111111111111111115A
:10C6D000111111111111111111111111111111114A
:10C6E00011111111111111111111111111112CFF31
:10C6F000F711111111111111111111111111111144
:10C700001111111111111111111111111111111119
:10C710001111111111111111111111111111111109
:10C7200011111111111111111111111111111111F9
:10C7300011111111111111111111111111111111E9
:10C740001111111111111267411111111111111152
:10C7500011111111111111111111111111111111C9
:10C7600011111111111111111111111111111111B9
:10C7700011111111111111111111111111111111A9
:10C780001111111111111111111111111111111199
:10C790001111111111111111111111111111111189
:10C7A0001111111111111111111111111111111179
:10C7B0001111111111111111111111111111111169
:10C7C0001111111111111111111111111111111159
:10C7D0001111111111111111111111111111111149
:10C7E0001111111111111111111111111111111139
:10C7F0001111111111111111111111111111111129
:10C800001111111111111111111111111111111118
:10C810001111111111111111111111111111111108
:10C8200011111111111111111111111111111111F8
:10C8300011111111111111111111111111111111E8
:10C8400011111111111111111111111111111111D8
:10C8500011111111111111111111111111111111C8
:10C8600011111111111111111111111111111111B8
:10C8700011111111111111111111111111111111A8
:10C880001111111111111111111111111111111198
:10C890001111111111111111111111111111111188
:10C8A0001111111112211111111111222111221234
:10C8B0002111111112221122111111111221121123
:10C8C0001111111111111111111111111111111158
:10C8D0001111111111111111111111111111111148
:10C8E0001111111111111111111111111111111138
:10C8F00011113A2C511879112A24C3129BC8186AB5
:10C9000021197CBBB315BCCB89411765CBBA4CBB95
:10C91000B41199118CBC768114A21111111111114D
:10C9200011111111111111111111111111111111F7
:10C9300011111111111111111111111111111111E7
:10C94000111111111111111111113C2EC21B6C3159
:10C950005C19D716B12C4A6B513C7B22221226B2AD
:10C960002B511886A2224C226C12CC31B724D4D47D
:10C970001B6111111111111111111111111111114D
:10C980001111111111111111111111111111111197
:10C990001111111111111111111111111111111187
:10C9A00011113C3BA81B4971972B4B15D5222A67C7
:10C9B00091695B23311115B11B732986A2324C1189
:10C9C0005C178881A611C35B7B1111111111111124
:10C9D0001111111111111111111111111111111147
:10C9E0001111111111111111111111111111111137
:10C9F000111111111111111111113C3C3C3B45B1A8
:10CA0000C36A2C516BCA2A63C1A55EBBA21115B1C2
:10CA10001BDBBE86EBB94EBBE51B55C1ADACA11A05
:10CA2000E311111111111111111111111111111124
:10CA300011111111111111111111111111111111E6
:10CA400011111111111111111111111111111111D6
:10CA500011113C3C15BB41C6A1BCBD94312A9A6161
:10CA6000B6B16B11111115B11B611886A1114C32B1
:10CA70008A3EBBE4A8331115B11111111111111126
:10CA80001111111111111111111111111111111196
:10CA90001111111111111111111111111111111186
:10CAA000111111111111111111113C3C21AF419EB5
:10CAB00063C213C9B22A8A616E816B33321116B117
:10CAC0001B511886A2334C114B981189A6111116CF
:10CAD000B1111111111111111111111111111111A6
:10CAE0001111111111111111111111111111111136
:10CAF0001111111111111111111111111111111126
:10CB000011113929213B314C267111958BB91851DE
:10CB10002C414CBBB411148118411665CBBA591184
:10CB20002AA311398511111481111111111111113B
:10CB300011111111111111111111111111111111E5
:10CB400011111111111111111111111111111111D5
:10CB500011111111111111111111111111111111C5
:10CB600011111111122111111111111111111111A4
:10CB700011111111111111111111111111111111A5
:10CB80001111111111111111111111111111111195
:10CB90001111111111111111111111111111111185
:10CBA0001111111111111111111111111111111175
:10CBB0001111111111111111111111111111111165
:10CBC0001111111111111111111111111111111155
:10CBD0001111111111111111111111111111111145
:10CBE0001111111111111111111111111111111135
:10CBF0001111111111111111111111111111111125
:10CC00001111111111111111111111111111111114
:10CC10001111111111111111111111111111111104
:10CC200011111111111111111111111111111111F4
:10CC300011111111111111111111111111111111E4
:10CC400011111111111111111111111111111111D4
:10CC500011111111111111111111111111111111C4
:10CC600011112554241111111241111111136521B3
:10CC70001111122111111111111111111111111193
:10CC80001111111111111111111111111111111194
:10CC90001111111111111111111111111111111184
:10CCA0001111111111111111111111111111111174
:10CCB000111111111111111111114848443441344D
:10CCC00024624423412845432334266134234343CB
:10CCD0001111111111111111111111111111111144
:10CCE0001111111111111111111111111111111134
:10CCF0001111111111111111111111111111111124
:10CD00001111111111111111111111111111111113
:10CD10001111486746667575746468485115764701
:10CD20004676466576575858211111111111111187
:10CD300011111111111111111111111111111111E3
:10CD400011111111111111111111111111111111D3
:10CD500011111111111111111111111111111111C3
:10CD6000111111111111111111114727666357711A
:10CD700075656757112437667357555665572727CA
:10CD80002111111111111111111111111111111183
:10CD90001111111111111111111111111111111183
:10CDA0001111111111111111111111111111111173
:10CDB0001111111111111111111111111111111163
:10CDC0001111376645677357535566461115673419
:10CDD0008256546366362626211111111111111144
:10CDE0001111111111111111111111111111111133
:10CDF0001111111111111111111111111111111123
:10CE00001111111111111111111111111111111112
:10CE1000111111111111111111111121116311129F
:10CE2000111121111111211641121121121111118B
:10CE300011111111111111111111111111111111E2
:10CE400011111111111111111111111111111111D2
:10CE500011111111111111111111111111111111C2
:10CE600011111111111111111111111111111111B2
:10CE70001111111111211111111111111111111390
:10CE80001111111111111111111111111111111192
:10CE90001111111111111111111111111111111182
:10CEA0001111111111111111111111111111111172
:10CEB0001111111111111111111111111111111162
:10CEC00011111111111111111111000000003FFE7B
:10CED00020022002E002E002E002E002E002E002C2
:10CEE000200220023FFE00000000000000003FFE84
:10CEF0002002200AE00AE00AE00AE00AE00AE00A6A
:10CF0000200A20023FFE00000000000000003FFE5B
:10CF10002002202AE02AE02AE02AE02AE02AE02A69
:10CF2000202A20023FFE00000000000000003FFE1B
:10CF3000200220AAE0AAE0AAE0AAE0AAE0AAE0AAC9
:10CF400020AA20023FFE00000000000000003FFE7B
:10CF5000200222AAE2AAE2AAE2AAE2AAE2AAE2AA9B
:10CF600022AA20023FFE00000000000000003FFE59
:10CF700020022AAAEAAAEAAAEAAAEAAAEAAAEAAA43
:10CF80002AAA20023FFE000000000000018001806C
:10CF90000DB01DB81998300C300C300C300C18182E
:10CFA0001C380FF003C000000000FFFFFFFFC003AC
:10CFB000C183C183C183C183C183C183C183C003D2
:10CFC000C183C183C003FFFFFFFFFFFF8001800D0E
:10CFD000803D80FD83FD8FFDBFFDBFFD8FFD83FD87
:10CFE00080FD803D800D8001FFFFFFFF8001B001CB
:10CFF000BC01BF01BFC1BFF1BFFDBFFDBFF1BFC1DC
:10D00000BF01BC01B0018001FFFFFFFF8001BFFD38
:10D01000BFFD9FF99FF98FF18FF187E187E183C110
:10D0200083C1818181818001FFFFFFFF80018181B8
:10D03000818183C183C187E187E18FF18FF19FF9FE
:10D040009FF9BFFDBFFD8001FFFFFFFF8001B00D15
:10D05000B81D9C398E7187E183C183C187E18E71D0
:10D060009C39B81DB00D8001FFFFFFFF800186E1F4
:10D0700088E190F192FDA4FDA4FDA4FDA4FD92FD24
:10D0800090F188E186E18001FFFFFFFF800180E1F0
:10D0900080E180F1A2FD94FD88FD88FD94FDA2FD54
:10D0A00080F180E180E18001FFFFFFFF800181814D
:10D0B0009189881183C18661B42DB42D866183C1A5
:10D0C0008811918981818001FFFFFFFF80018181AB
:10D0D0009189881183C186E1B4EDB4ED86E183C105
:10D0E0008811918981818001FFFF0000000007E025
:10D0F00007E007E007E07FFE3FFC1FF80FF007E0C6
:10D1000003C00180000000000000FFFF80019FF9C4
:10D110009FF99FF980019FF99FF99FF99FF980017D
:10D120009FF99FF99FF98001FFFFFFFF8001BFF189
:10D13000B019B1DDB1DDB01DBFFDBFFDB00DB00D4B
:10D14000B00DB00DBFFD8001FFFF0000000000002A
:10D1500000000000000000000000000000000000CF
:10D1600000000000000000000000000000000000BF
:10D17000010802843E523C4A3E4A3E4A3C4A3E52E4
:10D180000284010800000000000000000000000010
:10D19000010002803E503C483E483E483C483E50DC
:10D1A00002800100000000000000000000000000FC
:10D1B000010002803E403C523E4C3E4C3C523E40C0
:10D1C00002800100000000000000FFFF8001800DD0
:10D1D00080198031802180418041A081B0819901F6
:10D1E0008D01860182018001FFFF00000000000028
:10D1F000000000000000000000000000000000002F
:10D2000000000000000000000000FFFF800183C15B
:10D2100087E18DB18181BDBDBDBDB18DB18DB18DB8
:10D22000B00DBFFDBFFD8001FFFF0000000000004A
:10D2300000000000000000000000000000000000EE
:10D2400000000000000000000000000000000000DE
:10D2500000000000000000000000000000000000CE
:10D2600000000000000000000000000000000000BE
:10D2700000000000000000000000000070000070CE
:10D28000000070000070000070000070000070006E
:10D29000007000007000007000007000007000005E
:10D2A000700000000000000000700000700000002E
:10D2B000000000000000000000000000000000006E
:10D2C00000000000000001DC0001DC0001DC0001C6
:10D2D000DC0001DC0001DC000000000000000000B8
:10D2E000000000000000000000000000000000003E
:10D2F000000000000000000000000000000000002E
:10D30000000000000000000000000000000000001D
:10D310000000738000738000E70000E70007FFC093
:10D3200007FFC001CE0001CE0001CE0001CE000FEC
:10D33000FF800FFF80039C00039C00039C000738C4
:10D34000000738000000000000000000000000009E
:10D3500000000000000000300000300000FC00036E
:10D36000FF0007B78007338007300007300007B0A1
:10D370000003F80000FE00003F000033800033800F
:10D3800007338007338003B70003FF0000FC000071
:10D39000300000300000000000000000000000002D
:10D3A000000000000000000F83801DC70038E70068
:10D3B00038EE0038EE0038FC0038FC001DF8000F95
:10D3C000BBE0003F70007E38007E3800EE3800EE93
:10D3D0003801CE3801C7700383E000000000000070
:10D3E000000000000000000000000000000000003D
:10D3F000000000FC0001FE0003CF0003870003874C
:10D400000001CE0001FC0000F80003F80007B8E0BE
:10D410000E1CE00E0FC00E0FC00E0780070FC007D6
:10D42000FFE001FCC0000000000000000000000060
:10D43000000000000000000000000000000070007C
:10D4400000700000700000700000700000700000AC
:10D4500000000000000000000000000000000000CC
:10D4600000000000000000000000000000000000BC
:10D4700000000000000000000000000000000000AC
:10D480000000000000000000000700000E00000C7B
:10D4900000001C00001800003800003800003000B8
:10D4A000007000007000007000007000007000004C
:10D4B00070000070000030000038000038000018D4
:10D4C00000001C00000C00000E000007000000001F
:10D4D00000000001C00000E00000600000700000DB
:10D4E0003000003800003800001800001C00001C4C
:10D4F00000001C00001C00001C00001C00001C00A0
:10D5000000180000380000380000300000700000F3
:10D51000600000E00001C0000000000000000038D2
:10D520000000380001FF0000FE00007C0000EE005B
:10D53000006C00000000000000000000000000007F
:10D5400000000000000000000000000000000000DB
:10D5500000000000000000000000000000000000CB
:10D5600000000000000000000000000000000000BB
:10D57000380000380000380000380000380007FF8D
:10D58000C007FFC000380000380000380000380035
:10D590000038000000000000000000000000000053
:10D5A000000000000000000000000000000000007B
:10D5B000000000000000000000000000000000006B
:10D5C000000000000000000000000000000000005B
:10D5D000000000000000000000000000000000004B
:10D5E00000007000007000003000003000003000CB
:10D5F00000600000000000000000000000000000CB
:10D60000000000000000000000000000000000001A
:10D610000000000000000000000000000000FE000C
:10D6200000FE0000000000000000000000000000FC
:10D6300000000000000000000000000000000000EA
:10D6400000000000000000000000000000000000DA
:10D6500000000000000000000000000000000000CA
:10D6600000000000000000000000000000000000BA
:10D6700000000000000000007000007000000000CA
:10D68000000000000000000000000000000000009A
:10D690000000000000000E00000E00001C00001C36
:10D6A00000001C000038000038000038000078003E
:10D6B00000700000700000700000E00000E000005A
:10D6C000E00001C00001C0000000000000000000F8
:10D6D000000000000000000000000000000000004A
:10D6E00000FC0001FE0003CF000387000703800752
:10D6F0000380070380070380070380070380070375
:10D700008007038007038003870003CF0001FE002A
:10D7100000FC00000000000000000000000000000D
:10D720000000000000000000000000001C00001CC1
:10D7300000003C0001FC0001FC00001C00001C007B
:10D74000001C00001C00001C00001C00001C00004D
:10D750001C00001C00001C00001C00001C0000003D
:10D7600000000000000000000000000000000000B9
:10D7700000000000000000FC0001FF0003C70007DC
:10D780000380070380000380000380000700000F70
:10D7900000001E00003C0000700001E00003C0001B
:10D7A00003800007FF8007FF8000000000000000EA
:10D7B0000000000000000000000000000000000069
:10D7C0000000FC0003FE00078F00070700000700B1
:10D7D000000700000E00007C00007E000007000033
:10D7E000038000038007038007038003870003FE94
:10D7F0000000FC000000000000000000000000002D
:10D80000000000000000000000000000000E00000A
:10D810001E00001E00003E00007E0000FE0001EE23
:10D820000001CE00038E00070E000F0E000FFF80D8
:10D830000FFF80000E00000E00000E00000E000022
:10D8400000000000000000000000000000000000D8
:10D850000000000000000001FF0001FF0001C00007
:10D8600001C00003C00003800003FC0003FF0003AD
:10D870008700000380000380000380070380070700
:10D8800080038F0003FE0000FC0000000000000089
:10D890000000000000000000000000000000000088
:10D8A0000000007E0001FF0003C780038380038027
:10D8B00000070000077C0007FF0007C7000707807C
:10D8C00007038007038007038003878003C70001E5
:10D8D000FE0000FC0000000000000000000000004E
:10D8E0000000000000000000000000000007FF80B2
:10D8F00007FF80000780000700000700000E0000FF
:10D900000E00001C00001C000038000038000078E9
:10D910000000700000700000E00000E00001C000A6
:10D9200000000000000000000000000000000000F7
:10D93000000000000000000000FC0001FE0003CF1A
:10D940000003870003870003870001FE0000FC003E
:10D9500001FE0003CF0007878007038007038007CD
:10D96000038003870003FF0000FC000000000000AC
:10D9700000000000000000000000000000000000A7
:10D9800000000000FC0001FE00038F000787000775
:10D990000380070380070380078380038F8003FFD2
:10D9A0008000FB80000380000700070700078F004E
:10D9B00003FE0001F800000000000000000000006D
:10D9C0000000000000000000000000000000000057
:10D9D00000000000000000000000000000007000D7
:10D9E00000700000000000000000000000000000C7
:10D9F0000000000000000000000000007000007047
:10DA00000000000000000000000000000000000016
:10DA10000000000000000000000000000000000006
:10DA20000000000000000000007000007000000016
:10DA300000000000000000000000000000000000E6
:10DA400000000000000000700000700000300000C6
:10DA50003000003000006000000000000000000006
:10DA600000000000000000000000000180000780AE
:10DA7000001F00007C0001F00003C00003C0000193
:10DA8000F000007C00001F00000780000180000003
:10DA90000000000000000000000000000000000086
:10DAA0000000000000000000000000000000000076
:10DAB000000000000000000000000000000003FF64
:10DAC0008003FF8000000000000000000003FF80D2
:10DAD00003FF8000000000000000000000000000C4
:10DAE0000000000000000000000000000000000036
:10DAF0000000000000000000000000000000000026
:10DB000003000003C00001F000007C00001F0000C3
:10DB10000780000780001F00007C0001F00003C0A8
:10DB200000030000000000000000000000000000F2
:10DB300000000000000000000000000000000000E5
:10DB4000000000000000F80003FE00038F0007073C
:10DB500000070700000700000700000E00001C007F
:10DB6000003800007000007000007000000000002D
:10DB700000000070000070000000000000000000C5
:10DB80000000000000000000000000000000000095
:10DB900000FF0003FFC007C1E00F00F01E00781C6B
:10DBA0007FB839FF9C39CF1C7B871C77871C770790
:10DBB0001C770F1C770E38770E38779EF073FFE0D6
:10DBC00039E7C03800001C00001E00000F818003F0
:10DBD000FFC000FF00000000000000007800007897
:10DBE0000000F80000FC0001FC0001CE0001CE00A6
:10DBF000038E0003870003870007FF8007FF800E66
:10DC000003C00E01C00E01C01C00E01C00E00000BB
:10DC10000000000000000000000000000000000004
:10DC200000000000000007FE0007FF800703C00798
:10DC300001C00701C00701C007038007FF0007FFFD
:10DC4000800701C00700E00700E00700E00700E0F0
:10DC50000703C007FFC007FF00000000000000002E
:10DC600000000000000000000000000000000000B4
:10DC70000000FE0003FF800783C00F01C00E00E01C
:10DC80001C00E01C00001C00001C00001C00001C0C
:10DC900000001C00E00E00E00F01C00783C003FF7E
:10DCA0008000FE00000000000000000000000000F6
:10DCB0000000000000000000000000000FFC000F4A
:10DCC000FF000E07800E03C00E01C00E00E00E0024
:10DCD000E00E00E00E00E00E00E00E00E00E00E0BE
:10DCE0000E01C00E03C00E07800FFF000FFC0000E6
:10DCF0000000000000000000000000000000000024
:10DD00000000000000000007FFE007FFE007000040
:10DD100007000007000007000007000007FFC0071A
:10DD2000FFC0070000070000070000070000070011
:10DD30000007000007FFE007FFE000000000000010
:10DD400000000000000000000000000000000000D3
:10DD5000000007FFC007FFC0070000070000070022
:10DD60000007000007000007FF8007FF8007000092
:10DD70000700000700000700000700000700000779
:10DD8000000007000000000000000000000000008C
:10DD90000000000000000000000000000000FF0084
:10DDA00003FF8007C3E00F00E00E00701E00701C30
:10DDB00000001C00001C0FF01C0FF01C00701E0067
:10DDC000700E00700F00F007C3F003FFF000FF704B
:10DDD0000000000000000000000000000000000043
:10DDE00000000000000000000E01C00E01C00E0186
:10DDF000C00E01C00E01C00E01C00E01C00FFFC059
:10DE00000FFFC00E01C00E01C00E01C00E01C00EFA
:10DE100001C00E01C00E01C00E01C00000000000D4
:10DE200000000000000000000000000000000000F2
:10DE30000000000070000070000070000070000022
:10DE40007000007000007000007000007000007032
:10DE50000000700000700000700000700000700092
:10DE600000700000700000000000000000000000D2
:10DE7000000000000000000000000000000000079B
:10DE8000000007000007000007000007000007006F
:10DE9000000700000700000700000700000700005F
:10DEA000070003870003870003CF0001FE0000FC8A
:10DEB0000000000000000000000000000000000062
:10DEC0000000000000000000000701E00703C00799
:10DED0000780070F00071E00073C0007780007F8BF
:10DEE0000007FC0007DC00078E000707000707801B
:10DEF0000703800701C00700E00700F000000000F2
:10DF00000000000000000000000000000000000011
:10DF100000000000038000038000038000038000F5
:10DF2000038000038000038000038000038000035F
:10DF300080000380000380000380000380000380D2
:10DF40000003FFC003FFC00000000000000000004D
:10DF50000000000000000000000000000000003C85
:10DF600001E03E03E03E03E03E03E03F07E03F0701
:10DF7000E03F07E03B8EE03B8EE03B8EE039DCE0AB
:10DF800039DCE039DCE038F8E038F8E038F8E0383F
:10DF900070E0000000000000000000000000000031
:10DFA000000000000000000000000F00E00F00E093
:10DFB0000F80E00FC0E00FC0E00EE0E00E70E00E5A
:10DFC00070E00E38E00E1CE00E1CE00E0EE00E07B6
:10DFD000E00E07E00E03E00E01E00E01E00000009D
:10DFE0000000000000000000000000000000000031
:10DFF000000000000001FE0007FF800F87C01E0127
:10E00000E01C00E03C00F038007038007038007010
:10E010003800703800703C00F01C00E01E01E00F7A
:10E0200087C007FF8001FE00000000000000000024
:10E0300000000000000000000000000000000000E0
:10E0400007FF0007FFC00701C00700E00700E00767
:10E0500000E00700E00701C007FFC007FF0007005E
:10E06000000700000700000700000700000700008D
:10E070000700000000000000000000000000000099
:10E08000000000000000000000000001FE0007FF8B
:10E09000800F87C01E01E01C00E03C00703800705B
:10E0A0003800703800703800703800703C0CF01C7C
:10E0B0001FE01E0FE00F87C007FFE001FEF0000029
:10E0C00060000000000000000000000000000000F0
:10E0D0000000000000000FFF000FFF800E03800E05
:10E0E00001C00E01C00E01C00E01C00E03800FFF63
:10E0F000800FFE000E0F000E03800E03800E01C085
:10E100000E01C00E01C00E00E00000000000000083
:10E1100000000000000000000000000000000000FF
:10E120000000FF0003FF800383C00701E00700E059
:10E1300007000003C00003FC0000FF800007C000D0
:10E1400001E00E00E00E00E00700E007C3C003FF9F
:10E150008000FF0000000000000000000000000040
:10E160000000000000000000000000000FFFE00FB2
:10E17000FFE00038000038000038000038000038A8
:10E180000000380000380000380000380000380077
:10E190000038000038000038000038000038000067
:10E1A000000000000000000000000000000000006F
:10E1B000000000000000000E01C00E01C00E01C0F2
:10E1C0000E01C00E01C00E01C00E01C00E01C00E36
:10E1D00001C00E01C00E01C00E01C00E01C00F0330
:10E1E000C007878003FF0001FE0000000000000060
:10E1F000000000000000000000000000000000001F
:10E2000000001C00E01C00E00E01C00E01C00F0366
:10E21000C007038007038003870003870003CF0044
:10E2200001CE0001CE0000FC0000FC0000FC00005C
:10E2300078000078000000000000000000000000EE
:10E2400000000000000000000000000000E0380EA8
:10E25000E07C0E707C1C707C1C70EE1C38EE383834
:10E26000EE3838EE3839C7381DC7701DC7701F83A8
:10E27000F00F83E00F83E00F83E00701C00701C0C8
:10E28000000000000000000000000000000000008E
:10E2900000000000000000000F00F00700E0038114
:10E2A000C001C38000E70000FE00007E00003C00CB
:10E2B000003C00007E0000E70001E70001C380038E
:10E2C00081C00700E00E00701E0078000000000012
:10E2D000000000000000000000000000000000003E
:10E2E0000000001C00700E00E00F01E00701C003F9
:10E2F000838001C70001EF0000FE00007C000038B1
:10E3000000003800003800003800003800003800F5
:10E31000003800003800000000000000000000008D
:10E32000000000000000000000000000000003FFEB
:10E33000C003FFC00003C0000380000700000E0000
:10E34000001E00001C0000380000700000F00000FB
:10E35000E00001C00003800007800007FFC007FF46
:10E36000C0000000000000000000000000000000ED
:10E37000000000000000000000007E00007E0000A1
:10E3800070000070000070000070000070000070ED
:10E39000000070000070000070000070000070004D
:10E3A000007000007000007000007000007000003D
:10E3B0007000007000007000007E00007E00000011
:10E3C0000000000001C00001C00000E00000E0000B
:10E3D00000E0000070000070000070000078000095
:10E3E0003800003800003800001C00001C00001C31
:10E3F00000000E00000E0000000000000000000001
:10E40000000000000000000000000000000000010B
:10E41000F80001F80000380000380000380000382B
:10E4200000003800003800003800003800003800D4
:10E4300000380000380000380000380000380000C4
:10E44000380000380000380000380000380001F8BB
:10E450000001F800000000000000007800007800D3
:10E4600000FC0000FC0001CE0001CE00038700008C
:10E47000000000000000000000000000000000009C
:10E48000000000000000000000000000000000008C
:10E49000000000000000000000000000000000007C
:10E4A000000000000000000000000000000000006C
:10E4B000000000000000000000000000000000005C
:10E4C000000000000000000000000000000000004C
:10E4D000000000000000000000000000000000003C
:10E4E000000FFFC00000000000000000000000005E
:10E4F00000F0000070000038000000000000000084
:10E50000000000000000000000000000000000000B
:10E5100000000000000000000000000000000000FB
:10E5200000000000000000000000000000000000EB
:10E5300000000000000000000000000000000000DB
:10E540000000000000000000000001FC0003FE00CD
:10E55000078F0007070000070001FF0003FF000707
:10E560008700070700070F0007FF0003FF000000F8
:10E57000000000000000000000000000000000009B
:10E5800000000000000003800003800003800003FF
:10E59000800003800003FE0003FF0003C7800383A5
:10E5A000C00381C00381C00381C00381C00383C055
:10E5B00003C78003FF0003FE00000000000000000E
:10E5C000000000000000000000000000000000004B
:10E5D000000000000000000000000000000000003B
:10E5E000007E0000FF8001E3C003C1C00380000380
:10E5F000800003800003800003C1C001E3C000FF6E
:10E6000080007E000000000000000000000000000C
:10E610000000000000000000000000000003800077
:10E62000038000038000038000038000FF8001FF5F
:10E630008003C78007838007038007038007038068
:10E6400007038007838003C78001FF8000FF8000ED
:10E6500000000000000000000000000000000000BA
:10E6600000000000000000000000000000000000AA
:10E6700000000000000000FE0001FF0003C780074B
:10E6800083C00701C007FFC007FFC0070000078164
:10E69000C003C3C001FF8000FE00000000000000B6
:10E6A000000000000000000000000000000000006A
:10E6B0000000003C00007C00007000007000007052
:10E6C0000001FC0001FC0000700000700000700000
:10E6D000007000007000007000007000007000000A
:10E6E000700000700000000000000000000000004A
:10E6F000000000000000000000000000000000001A
:10E7000000000000000000000000000000FF800189
:10E71000FF8003C780078380070380070380070308
:10E720008007038007838003C78001FF8000FF808C
:10E73000000380000380070780078F0003FF0001AC
:10E74000FC00000000000000038000038000038044
:10E750000003800003800003FC0003FE0003CF00E1
:10E7600003870003870003870003870003870003F4
:10E770008700038700038700038700000000000074
:10E780000000000000000000000000000000000089
:10E790000000000038000038000000000000000009
:10E7A0000000003800003800003800003800003851
:10E7B0000000380000380000380000380000380041
:10E7C00000380000380000000000000000000000D9
:10E7D0000000000000000000000000000000003801
:10E7E00000003800000000000000000000003800B9
:10E7F0000038000038000038000038000038000001
:10E8000038000038000038000038000038000038B8
:10E810000000380000380000380000380000F80020
:10E8200000F00000000000000001C00001C0000175
:10E83000C00001C00001C00001C38001C70001CEBB
:10E840000001DC0001F80001F80001FC0001CE002D
:10E8500001CF0001C70001C38001C3C00000000058
:10E8600000000000000000000000000000000000A8
:10E8700000000000003800003800003800003800B8
:10E880000038000038000038000038000038000070
:10E890003800003800003800003800003800003828
:10E8A00000003800003800000000000000000000F8
:10E8B0000000000000000000000000000000000058
:10E8C00000000000000000000000000000003FCF3A
:10E8D000803FFFC03CF9E03870E03870E03870E00D
:10E8E0003870E03870E03870E03870E03870E03848
:10E8F00070E00000000000000000000000000000C8
:10E900000000000000000000000000000000000007
:10E9100000000000000000000003FC0003FE0003F4
:10E92000CF00038700038700038700038700038766
:10E9300000038700038700038700038700000000AF
:10E9400000000000000000000000000000000000C7
:10E9500000000000000000000000000000000000B7
:10E960000000000000FE0001FF0003C7800783C015
:10E970000701C00701C00701C00701C00783C0032A
:10E98000C78001FF0000FE00000000000000000042
:10E990000000000000000000000000000000000077
:10E9A0000000000000000000000000000000000364
:10E9B000FE0003FF0003C7800383C00381C00381FF
:10E9C000C00381C00381C00383C003C78003FF006D
:10E9D00003FE000380000380000380000380000327
:10E9E0008000038000000000000000000000000024
:10E9F0000000000000000000000000FF8001FF8018
:10EA000003C780078380070380070380070380070D
:10EA1000038007838003C78001FF8000FF8000031D
:10EA200080000380000380000380000380000380D7
:10EA300000000000000000000000000000000000D6
:10EA40000000000000007F00007F000078000070E0
:10EA50000000700000700000700000700000700086
:10EA60000070000070000070000000000000000056
:10EA70000000000000000000000000000000000096
:10EA80000000000000000000000000000000000086
:10EA900000FE0001FF8003838003800003E000018B
:10EAA000FE00003F0000078000038003878001FF15
:10EAB0000000FE0000000000000000000000000058
:10EAC0000000000000000000000000000000000046
:10EAD000000000700000700000700001FC0001FCEC
:10EAE00000007000007000007000007000007000F6
:10EAF000007000007000007000007C00003C00000E
:10EB00000000000000000000000000000000000005
:10EB100000000000000000000000000000000000F5
:10EB20000000000000000387000387000387000344
:10EB3000870003870003870003870003870003879C
:10EB40000003CF0001FF0000FF00000000000000F4
:10EB500000000000000000000000000000000000B5
:10EB600000000000000000000000000000000000A5
:10EB70000007038007038003870003870003CF009B
:10EB800001CE0001CE0000FC0000FC000078000077
:10EB90007800007800000000000000000000000085
:10EBA0000000000000000000000000000000000065
:10EBB0000000000000000000000000003838383C71
:10EBC00038781C7C701C7C701E7CF00EEEE00EEE23
:10EBD000E00FEFE007C7C007C7C00783C00383800B
:10EBE0000000000000000000000000000000000025
:10EBF0000000000000000000000000000000000015
:10EC00000000000000000007878003870001CE009D
:10EC100000FC0000FC0000780000780000FC000010
:10EC2000FC0001CE00038700078780000000000081
:10EC300000000000000000000000000000000000D4
:10EC400000000000000000000000000000000000C4
:10EC5000000007038007038003870003870003CFBA
:10EC60000001CE0001CE0000FC0000FC0000780096
:10EC70000078000078000070000070000070000054
:10EC8000E00003E00003C0000000000000000000FE
:10EC90000000000000000000000000000003FF0072
:10ECA00003FF00000700000E00001C0000380000F9
:10ECB000700000E00001C00003800003FF0003FFBC
:10ECC0000000000000000000000000000000000044
:10ECD000000000000000000000000F00001F000006
:10ECE0001C00001C00001C00001C00001C00001C7C
:10ECF00000001C0000380000780000780000380098
:10ED0000001C00001C00001C00001C00001C000077
:10ED10001C00001C00001C00000F00000F00000081
:10ED20000000000000380000380000380000380003
:10ED300000380000380000380000380000380000BB
:10ED40003800003800003800003800003800003873
:10ED5000000038000038000038000038000038009B
:10ED600000380000380000380000000000000000FB
:10ED70007800007C00001C00001C00001C00001C2F
:10ED800000001C00001C00001C00000E00000F0012
:10ED9000000F00000E00001C00001C00001C000002
:10EDA0001C00001C00001C00001C00001C0000785F
:10EDB0000000780000000000000003E0C007F9C078
:10EDC000073FC0060F8000000000000000000000A8
:10EDD0000000000000000000000000000000000033
:10EDE0000000000000000000000000000000000023
:10EDF000000000000000000000000000000000FF14
:10EE00000000000000000000000000000000000002
:10EE10000000183C3C3C18181800181800000000AE
:10EE20000063636322000000000000000000000097
:10EE300000000036367F3636367F3636000000005A
:10EE40000C0C3E6361603E030343633E0C0C000008
:10EE500000000000006163060C183363000000002E
:10EE60000000001C36361C3B6E66663B000000004E
:10EE700000303030600000000000000000000000A2
:10EE800000000C18183030303018180C000000004A
:10EE90000000180C0C060606060C0C1800000000FA
:10EEA0000000000042663CFF3C664200000000009B
:10EEB00000000000181818FF1818180000000000C3
:10EEC00000000000000000000000181818300000CA
:10EED00000000000000000FF000000000000000033
:10EEE00000000000000000000000181800000000F2
:10EEF00000000103070E1C3870E0C0800000000015
:10EF000000003E6363636B6B6363633E000000005D
:10EF100000000C1C3C0C0C0C0C0C0C3F0000000006
:10EF200000003E6303060C183061637F00000000A0
:10EF300000003E6303031E030303633E0000000062
:10EF40000000060E1E3666667F06060F00000000F3
:10EF500000007F6060607E030363733E000000007A
:10EF600000001C3060607E636363633E000000004D
:10EF700000007F630306060C0C1818180000000040
:10EF800000003E6363633E636363633E0000000012
:10EF900000003E636363633F0303063C0000000020
:10EFA0000000000000181800000018180000000001
:10EFB00000000000001818000000181818300000A9
:10EFC000000000060C18306030180C06000000002D
:10EFD0000000000000007E00007E00000000000035
:10EFE0000000006030180C060C18306000000000B3
:10EFF00000003E6363060C0C0C000C0C00000000CB
:10F0000000003E63636F6B6B6E60603E000000004B
:10F010000000081C366363637F63636300000000C5
:10F0200000007E3333333E333333337E0000000041
:10F0300000001E33616060606061331E00000000EC
:10F0400000007C36333333333333367C000000002A
:10F0500000007F3331343C343031337F0000000016
:10F0600000007F3331343C34303030780000000011
:10F0700000001E336160606F6363371D0000000095
:10F080000000636363637F63636363630000000086
:10F0900000003C18181818181818183C0000000038
:10F0A00000000F06060606060666663C0000000025
:10F0B0000000733336363C363633337300000000BD
:10F0C00000007830303030303031337F00000000C5
:10F0D000000063777F6B636363636363000000001A
:10F0E00000006363737B7F6F6763636300000000EE
:10F0F00000001C36636363636363361C000000001A
:10F1000000007E3333333E30303030780000000072
:10F1100000003E6363636363636B6F3E060700003A
:10F1200000007E3333333E36363333730000000045
:10F1300000003E6363301C060363633E0000000072
:10F140000000FFDB991818181818183C0000000080
:10F1500000006363636363636363633E00000000F6
:10F16000000063636363636363361C080000000090
:10F17000000063636363636B6B7F363600000000DF
:10F180000000C3C3663C18183C66C3C300000000FF
:10F190000000C3C3C3663C181818183C00000000E8
:10F1A00000007F6343060C183061637F000000009D
:10F1B000000000000066666666667B6060606060F6
:10F1C000000080C0E070381C0E0703010000000042
:10F1D00070F888183060F8F80000000000000000A7
:10F1E000081C366300000000000000000000000062
:10F1F000000000000000000000000000FF00000010
:10F2000018180C00000000000000000000000000C2
:10F2100000000000003C46063E66663B0000000021
:10F2200000007030303C36333333336E0000000062
:10F2300000000000003E63606060633E000000006C
:10F2400000000E06061E36666666663B000000007D
:10F2500000000000003E63637E60633E000000002B
:10F2600000001C3632307C30303030780000000036
:10F2700000000000003B666666663E06663C0000D5
:10F280000000703030363B333333337300000000FE
:10F2900000000C0C001C0C0C0C0C0C1E00000000E0
:10F2A00000000606000E060606060666663C00001E
:10F2B00000007030303333363C36337300000000CA
:10F2C00000001C0C0C0C0C0C0C0C0C1E00000000A4
:10F2D00000000000006E7F6B6B6B6B6B000000002A
:10F2E00000000000006E333333333333000000007E
:10F2F00000000000003E63636363633E00000000A3
:10F3000000000000006E333333333E3030780000AD
:10F3100000000000003B666666663E06060F0000C1
:10F3200000000000006E3B333030307800000000F9
:10F3300000000000003E63380E03633E0000000042
:10F3400000000818187E181818181B0E000000007E
:10F3500000000000006666666666663B000000000E
:10F360000000000000636336361C1C08000000002B
:10F3700000000000006363636B6B7F3600000000D9
:10F38000000000000063361C1C1C366300000000F7
:10F39000000000000063636363633F03063C0000FA
:10F3A00000000000007F660C1830637F0000000042
:10F3B00000000E18181870181818180E0000000019
:10F3C000000018181818180018181818180000004D
:10F3D0000000701818180E18181818700000000097
:10F3E00000003B6E00000000000000000000000074
:10F3F0000070D8D87000000000000000000000007D
:10F400008040205088F8888800000000000000003C
:10F410000810205088F888880000000000000000D4
:10F4200000000000000000000000000000000000DC
:10F4300000000000000000000000000000000000CC
:10F4400000000000000000000000000000000000BC
:10F4500000000000000000000000000000000000AC
:10F46000000000000000000000000000000000009C
:10F47000000000000000000000000000000000008C
:10F48000804000F880F080F80000000000000000DC
:10F49000081000F880F080F8000000000000000074
:10F4A000000000000000000000000000000000005C
:10F4B000000000000000000000000000000000004C
:10F4C000000000000000000000000000000000003C
:10F4D00008107020202020700000000000000000B4
:10F4E000000000000000000000000000000000001C
:10F4F000000000000000000000000000000000000C
:10F5000000000000000000000000000000000000FB
:10F51000007000000000000000000000000000007B
:10F52000804070888888887000000000000000001B
:10F5300008107088888888700000000000000000B3
:10F5400000000000000000000000000000000000BB
:10F5500000000000000000000000000000000000AB
:10F56000000000000000000000000000000000009B
:10F57000000000000000000000000000000000008B
:10F58000000000000000000000000000000000007B
:10F59000000000000000000000000000000000006B
:10F5A0001020888888888870000000000000000013
:10F5B000000000000000000000000000000000004B
:10F5C000000000000000000000000000000000003B
:10F5D000000000000000000000000000000000002B
:10F5E000000000000000000000000000000000001B
:10F5F000000000000000000000000000000000000B
:10F6000000000000000000000000000000000000FA
:10F6100000000000000000000000000000000000EA
:10F6200000000000000000000000000000000000DA
:10F6300000000000000000000000000000000000CA
:10F6400000000000000000000000000000000000BA
:10F6500000000000000000000000000000000000AA
:10F66000000000000000000000000000000000009A
:10F67000000000000000000000000000000000008A
:10F68000000000000000000000000000000000007A
:10F69000000000000000000000000000000000006A
:10F6A000000000000000000000000000000000005A
:10F6B000000000000000000000000000000000004A
:10F6C000000000000000000000000000000000003A
:10F6D000000000000000000000000000000000002A
:10F6E000000000000000000000000000000000001A
:10F6F000000000000000000000000000000000000A
:10F7000000000000000000000000000000000000F9
:10F710000000001E006E333333333333000000002B
:10F7200000000000000000000000000000000000D9
:10F7300000000000000000000000000000000000C9
:10F7400000000000000000000000000000000000B9
:10F7500000000000000000000000000000000000A9
:10F760000000000000000000000000000000000099
:10F770000000000000000000000000000000000089
:10F780000000000000000000000000000000000079
:10F790000000000000000000000000000000000069
:10F7A0000000000000000000000000000000000059
:10F7B0000000000000000000000000000000000049
:10F7C0000000000000000000000000000000000039
:10F7D0000000000000000000000000000000000029
:10F7E0000000000000000000000000000000000019
:10F7F0000000000000000000000000000000000009
:10F800000000000000000000307878303000300048
:10F810006C6C6C00000000006C6CFE6CFE6C6C008C
:10F82000183E603C067C18000063660C18336300C9
:10F830001C361C3B6E663B00303060000000000050
:10F840000C18303030180C0030180C0C0C1830002C
:10F8500000663CFF3C660000003030FC30300000A9
:10F8600000000000001818300000007E00000000BA
:10F87000000000000018180003060C18306040005B
:10F880003E63636B63633E001838581818187E0097
:10F890003C66061C30667E003C66061C06663C0024
:10F8A0000E1E36667F060F007E607C0606663C00F4
:10F8B0001C30607C66663C007E66060C18181800DA
:10F8C0003C66663C66663C003C66663E060C38005C
:10F8D0000018180000181800001818000018183038
:10F8E0000C18306030180C0000007E00007E000014
:10F8F00030180C060C1830003C66060C1800180076
:10F900003E636F696F603E00183C66667E66660007
:10F910007E33333E33337E001E33606060331E001F
:10F920007C36333333367C007F31343C34317F00D6
:10F930007F31343C343078001E33606067331F0001
:10F940006666667E666666003C18181818183C00E5
:10F950000F06060666663C007333363C363373008A
:10F960007830303031337F0063777F7F6B636300A3
:10F9700063737B6F676363003E63636363633E002F
:10F980007E33333E303078003C6666666E3C0E0057
:10F990007E33333E363373003C6630180C663C00D1
:10F9A0007E5A181818183C006666666666667E0001
:10F9B00066666666663C18006363636B7F77630008
:10F9C0006363361C1C3663006666663C18183C0090
:10F9D0007F63460C19337F0000666666667B606055
:10F9E0006030180C0603010060902040F000000019
:10F9F000081C36630000000000000000000000FF4B
:10FA000018180C000000000000003C063E663B0099
:10FA100070303E3333336E0000003C6660663C005D
:10FA20000E063E6666663B0000003C667E603C005B
:10FA30001C3630783030780000003B66663E067C2D
:10FA40007030363B333373001800381818183C00F8
:10FA5000060006060666663C703033363C36730098
:10FA60003818181818183C000000667F7F6B630078
:10FA700000007C666666660000003C6666663C00C8
:10FA800000006E33333E307800003B66663E060F62
:10FA900000006E3B3330780000003E603C067C0086
:10FAA00008183E18181A0C000000666666663B00CF
:10FAB00000006666663C18000000636B7F7F3600BE
:10FAC000000063361C36630000006666663E067CF6
:10FAD00000007E4C18327E000E18187018180E00A8
:10FAE0000C0C0C000C0C0C007018180E1818700080
:10FAF0003B6E0000000000001C36361C00000000B9
:10FB00000000000000000000202020202000200035
:10FB100050505000000000005050F850F850500075
:10FB20002078A07028F02000C0C81020409818004D
:10FB300040A0A040A89068003030204000000000A5
:10FB400010204040402010004020101010204000A5
:10FB50000020A87070A82000002020F820200000BD
:10FB60000000000030302040000000F800000000DD
:10FB7000000000000030300000081020408000002D
:10FB8000708888A88888700020602020202070005D
:10FB9000708808708080F800F808103008887000BD
:10FBA00010305090F8101000F880F00808887000AD
:10FBB000384080F088887000F808081020408000E5
:10FBC0007088887088887000708888780810E000D5
:10FBD0000000200020000000000020002020400045
:10FBE00008102040201008000000F800F800000075
:10FBF00040201008102040007088083020002000AD
:10FC00007088A8B8B080780020508888F88888006C
:10FC1000F08888F08888F000708880808088700084
:10FC2000F08888888888F000F88080F08080F8006C
:10FC3000F88080F0808080007888808098887800C4
:10FC4000888888F88888880070202020202070000C
:10FC500038101010109060008890A0C0A09088000C
:10FC6000808080808080F80088D8A8A8A888880034
:10FC70008888C8A8988888007088888888887000D4
:10FC8000F08888F08080800070888888A89068005C
:10FC9000F08888F0A09088007088807008887000D4
:10FCA000F8A8202020202000888888888888700074
:10FCB0008888888888502000888888A8A8A850004C
:10FCC0008888502050888800888850202020200074
:10FCD000F80810704080F8000000888898E880805C
:10FCE000008040201008000060902040F0000000DC
:10FCF0002050880000000000000000000000F80014
:10FD0000606020100000000000006010709078001B
:10FD10008080B0C888C8B0000000708880887000FB
:10FD2000080868988898680000007088F88070005B
:10FD3000102820702020200000007098986808701B
:10FD40008080B0C888888800200060202020700053
:10FD50001000101010906000808090A0C0A0900053
:10FD600060202020202070000000D0A8A8A8A800B3
:10FD70000000B0C8888888000000708888887000FB
:10FD80000000B0C8C8B08080000068989868080873
:10FD90000000B0C880808000000078807008F0000B
:10FDA0002020F8202028100000008888889868000B
:10FDB000000088888850200000008888A8A850008B
:10FDC00000008850205088000000888878088870DB
:10FDD0000000F8102040F8001020204020201000E3
:10FDE0002020200020202000402020102020400043
:10FDF00040A810000000000070D8D870000000007B
:10FE00008040205088F888880810205088F888881A
:10FE100000000000000000000000000000000000E2
:10FE200000000000000000000000000000000000D2
:10FE300000000000000000000000000000000000C2
:10FE4000804000F880F080F8081000F880F080F81A
:10FE500000000000000000000000000000000000A2
:10FE6000000000000000000008107020202020701A
:10FE70000000000000000000000000000000000082
:10FE80000000000000000000007000000000000002
:10FE9000804070888888887008107088888888708A
:10FEA0000000000000000000000000000000000052
:10FEB0000000000000000000000000000000000042
:10FEC0000000000000000000000000000000000032
:10FED00010208888888888700000000000000000DA
:10FEE0000000000000000000000000000000000012
:10FEF0000000000000000000000000000000000002
:10FF000000000000000000000000000000000000F1
:10FF100000000000000000000000000000000000E1
:10FF200000000000000000000000000000000000D1
:10FF300000000000000000000000000000000000C1
:10FF400000000000000000000000000000000000B1
:10FF500000000000000000000000000000000000A1
:10FF60000000000000000000000000000000000091
:10FF70000000000000000000000000000000000081
:10FF800000000000000000007000B0C888888800F1
:10FF90000000000000000000000000000000000061
:10FFA0000000000000000000000000000000000051
:10FFB0000000000000000000000000000000000041
:10FFC0000000000000000000000000000000000031
:10FFD0000000000000000000000000000000000021
:10FFE0000000000000000000000000000000000011
:10FFF0000000000000000000000000000000000001
:020000040030CA
:0E00000015C8787C01899100FFC0FFE0FF4029
:00000001FF
;PIC18F67K22
;CRC=C2A3  CREATED="25-ago.-23 10:00"
