:1000000005EFD5F0120012008BEF00F000000000A9
:100010000000000000000000046ED8CF05F0E0CF23
:1000200006F00001E9CF0CF0EACF07F0E1CF08F0CD
:10003000E2CF09F0D9CF0AF0DACF0BF0F3CF12F00C
:10004000F4CF13F0FACF14F0F5CF15F0F6CF16F089
:10005000F7CF17F0F8CF18F0FBCF19F000C00EF073
:1000600001C00FF002C010F003C011F0A3AA3CEFD2
:1000700000F0A4BA0CEF03F0A0A242EF00F0A1B28E
:1000800074EF07F0F0A648EF00F0F0B015EF07F0BE
:10009000F2A64EEF00F0F2B08FEF07F0F0AA54EFA7
:1000A00000F0F0B429EF07F0B9AA5AEF00F0BABA9D
:1000B00070EF03F0B9AC60EF00F0BABC15EF05F0DB
:1000C0000EC000F00FC001F010C002F011C003F02C
:1000D0000CC0E9FF07C0EAFF078E08C0E1FF09C0B6
:1000E000E2FF0AC0D9FF0BC0DAFF12C0F3FF13C052
:1000F000F4FF14C0FAFF15C0F5FF16C0F6FF17C0D5
:10010000F7FF18C0F8FF19C0FBFF045006C0E0FF5E
:1001100005C0D8FF10001C6ED8CF1DF0E0CF1EF038
:100120000001E9CF24F0EACF1FF0E1CF20F0E2CFC9
:1001300021F0D9CF22F0DACF23F0F3CF2AF0F4CF99
:100140002BF0FACF2CF0F5CF2DF0F6CF2EF0F7CF25
:100150002FF0F8CF30F0FBCF31F000C026F001C017
:1001600027F002C028F003C029F0F2A8BBEF00F08E
:10017000F2B273EF06F026C000F027C001F028C0ED
:1001800002F029C003F024C0E9FF1FC0EAFF1F8E60
:1001900020C0E1FF21C0E2FF22C0D9FF23C0DAFF67
:1001A0002AC0F3FF2BC0F4FF2CC0FAFF2DC0F5FFCF
:1001B0002EC0F6FF2FC0F7FF30C0F8FF31C0FBFFA5
:1001C0001C501EC0E0FF1DC0D8FF1000F76AE00FF2
:1001D000F66E010EF722000EF86E0900F5501200BF
:1001E000202020202020202020202000F76A000F3F
:1001F000F66E020EF722000EF86E0900F55012009E
:100200002020202020202000F76A1C0FF66E020E0E
:10021000F722000EF86E0900F55012002020202071
:10022000202020202020202020200000F76A400FDE
:10023000F66E020EF722000EF86E0900F55012005D
:100240005472656E65730000ECCFFAFFECCFFBFFD4
:10025000ED52ED52EFCFE8FFF96E12004275696C76
:10026000643A20256C75202D20256C75202D2030BA
:1002700078254C58000049673D25356C755B410079
:1002800020203D2532753A25303275207300547296
:100290003D25327520730000496D3D25356C755B39
:1002A000410020203D2532753A25303275207300FB
:1002B00050573D25346C75205B730000513D253748
:1002C0006C75205B4300493D25356C75205B410012
:1002D00054613D2532753A253032752073005472D1
:1002E000653D25356C75207300005472733D2532D1
:1002F0007520730020202020202020636D5D0000E9
:100300006A3D25336C75205B412F636D5D0050574E
:100310003D25344C55205B7300004E503D25346C18
:10032000750053503D253475206D73004E423D25B8
:100330003475000053423D25346C75206D73000008
:100340004E543D253475000053543D2534752073BB
:10035000000049203D25354C55205B41000054618B
:100360003D2532753A2530327520730050573A20BA
:1003700025346C75205B5300463A2025356C75207A
:10038000487A000025354C55205B410025354C55F9
:10039000206D560025354C55206F686D00002535C1
:1003A0004C55206D4A0025354C55205B41002535C4
:1003B0004C55206D560025354C55206F686D00005A
:1003C0006A203D2025336C75205B412F636D5D00F5
:1003D000202020202020204620202025334C554856
:1003E0007A00466D696E202025336C75487A204668
:1003F0006D6178202025336C75487A0050572B208A
:1004000025334C552563730050572D2025334C550B
:100410002563730050576D696E2025334C55256355
:10042000730050576D61782025334C552563730058
:1004300025354C55206F686D000025354C55206DD5
:1004400056005461202532753A25303275005464C7
:10045000202532753A25303275002020204E202587
:10046000327500005057203D20256C75205B7300CD
:100470002020202020202020000049613D25356CCF
:1004800075205B41000020202020202020202020FB
:10049000200049703D25356C75205B41000020200F
:1004A0002020202020202020200049623D25356C7E
:1004B00075205B41000020202020202020202020CB
:1004C000200049633D25356C75205B4100002020EC
:1004D0002020202020202020200025354C55205B86
:1004E000410025354C55206D560025354C55206F63
:1004F000686D000051756564616E20254C75207330
:100500006567756E646F730025327520682025322B
:1005100075206D696E2000002020202020202020E2
:1005200020202020202020202020202020202020CB
:1005300020202020202020200000563A2025303482
:100540004C64206D5620493A202530344C64206D8F
:1005500041204261743A2025752025250000A4AA77
:10056000FED70F0122CF33F01DCF01F033A202D00E
:100570002299228900010EEF03F009017091036AAC
:100580006F51090FE96E070E0320EA6EEF50060166
:10059000F45D25E024E30501FA51050819E1FB2D7E
:1005A00017D0036A09016F51090FE96E070E032086
:1005B000EA6E020EEF240601F45D04E10901708188
:1005C00003D00601090170910701089306D00501C7
:1005D0000701089309017091070116D00601036A0B
:1005E00009016F51090FE96E070E0320EA6EEF5003
:1005F0000601F45D06E2070108830901709103D04A
:100600000601090170810701000E090170B1010E98
:10061000016E00013BEF03F05480A1D701C0F8F652
:100620000601F4530EE1F85114080AE3F451F42BD7
:10063000036AFA0FE96E050E0320EA6EF8C6EFFFB3
:1006400031D0F451F42B036AFA0FE96E050E032042
:10065000EA6EF8C6EFFFF451010824E2F8510D08E4
:1006600002E0F7A51FD0F785F8510A0817E1FAC58F
:100670006FF9000182D7015205E058880601F46B3A
:100680000BD00001070108B304D00601F46B5490AD
:100690000701089358980601F79504D0F8510D0802
:1006A00001E0F795A49A000160EF00F009016F5393
:1006B0000EE00101095302E10A5307E00C0E6E6ED1
:1006C000C66BC56BC46BC36B568608D009016E6AD6
:1006D00056960101C66BC56BC46BC36B000112005B
:1006E00056A62CD0010E0101C327D8B0C42BD8B414
:1006F000C52BD8B4C62BCA51C65D0CE317E1C9514E
:10070000C55D08E313E1C851C45D04E30FE1C351C3
:10071000C75D0CE3C6530AE1C55308E1C451120892
:100720000EE2FF0A03E1C351880809E2C66BC56BFC
:10073000C46BC36B09016F6B0001B8DF010156B8D0
:100740000FD1010E9327D8B0942BD8B4952BD8B4E1
:10075000962B010E8F27D8B0902BD8B4912BD8B4FC
:10076000922B010EBF27D8B0C02BD8B4C12BD8B460
:10077000C22B010EB327D8B0B42BD8B4B52BD8B444
:10078000B62BCE51B65D2AE30BE1CD51B55D26E324
:1007900007E1CC51B45D22E303E1CB51B35D1EE32D
:1007A000B66BB56BB46BB36B070108B10DD081BCF0
:1007B0000BD00101CE6BCD6BCC6B640ECB6FF40E06
:1007C000986E8F760BD0070108A102D081AC00D0C3
:1007D0000101CE6BCD6BCC6B0A0ECB6FC2530AE11D
:1007E000C15308E1C0510A080AE2FF0A03E1BF5100
:1007F000B80805E2C26BC16BC06BBF6B56920001BB
:100800006B5179080BE06B51830808E06B518D0840
:1008100005E06B51B50802E0875320E0010E0101AD
:100820009727D8B0982BD8B4992BD8B49A2B9A5331
:100830000AE1995308E198510A080FE2FF0A03E11F
:100840009751B8080AE29A6B996B986B976B54AA08
:1008500002D056BA02D05188518C000187530CE166
:1008600058BC0AD058BE08D00601F7A102D000013A
:1008700003D04FAA76D000016453D8A402D0060159
:1008800070D058BE04D00601F7A157D000014FAA7E
:1008900007D0030E01018C6FE40E8B6F3BD000017B
:1008A000000E4FB8010E006ED89000360050036A5B
:1008B000130FE96E010E0320EA6EECCF70F9ED52D2
:1008C000EFCF6FF90901705320E16F5103081DE369
:1008D000000E4FB8010E006ED89000360050036A2B
:1008E000130FE96E010E0320EA6EECCF70F9ED52A2
:1008F000EFCF6FF96F5302E1705307E0030E010170
:100900008C6FCA0E8B6F06D00901030E01018C6F2C
:10091000E10E8B6F925309E1915307E18C51905D89
:100920000AE303E18B518F5D06E34E82926B916B7C
:10093000906B8F6B518C14D00601010192530AE128
:10094000915308E1905102080BE2FF0A03E18F5135
:10095000E00806E24E82926B916B906B8F6B518C2C
:100960000601BA9A000160EF00F0000E81B2010E9C
:10097000016EE2EF04F009016FC9E9FF70C9EAFFF7
:10098000ECCF74F9ED52EFCF73F9D8907335026E56
:10099000743570C9EAFF6FC9E9FFEC6EED5202C011
:1009A000EFFF6FC971F970C972F970C903F06FC9AF
:1009B000E9FF70C9EAFFECCF74F9ED52EFCF73F99C
:1009C0000001D3D709017351011074C903F072C932
:1009D000EAFF71C9E9FF74C9ECFFED52EF6E000147
:1009E00012000901716B70C903F06FC9E9FF70C98A
:1009F000EAFFECCF73F9ED52EFCF72F9C00E72132C
:100A00000F0E73137251C0080BE1733D09D0010E34
:100A1000716F6FC9E9FF70C9EAFFEC68ED52EF68CA
:100A200071C901F0000127EF05F0692B69510F082A
:100A300024E3010E0901706F070E6F6F00019BDF49
:100A4000010E0901706F070E6F6F0001CAD74E9437
:100A500001B04E844EA410D04EA603D0010E6A6F92
:100A600002D0020E6A6F010108690769B99CF09013
:100A7000F086F19A5180000108D0696B0101086984
:100A80000769B99CF086F19A0001BA9C60EF00F00A
:100A90008E0E006E79C901F078C902F0036A015226
:100AA00009E102C001F0026A080E005E015202E193
:100AB000006A08D0D89001BE04D002360136000684
:100AC000F9D7019E120009017851D8B471D0006E97
:100AD0007C51D8B46DD0002604E3810E002668E274
:100AE00004D07F0E005E64E363E079C980F97D5134
:100AF000801B798F7D8F7B517F03F4CF82F97A51F0
:100B00007E03F4CF03F0F3CF81F97F03F350822704
:100B1000F4508123000E03227B517E03F350822781
:100B2000F4508123000E026A0322022279517F03CE
:100B3000F3508127F4500322000E022279517E03E4
:100B4000F3500326F4500222000E016A01227B5169
:100B50007D03F3508127F4500322000E022201226C
:100B60007A517D03F3500326F4500222000E012235
:100B700079517D03F3500226F4500122002A01BE70
:100B800005D081370336023601360006000E81AFEC
:100B90000AD0032A02220122015005E1025003E19A
:100BA000035001E1002A80BF018E80AF019E04D076
:100BB000006A016A026A036A000112008E0E006E6A
:100BC00009017851005E79C902F07AC901F0028EFC
:100BD000005209E0D890025202E1015204E00232D0
:100BE0000132002EF7D779AF05D0011E021E012A6F
:100BF000D8B4022A000112000901755341E0010135
:100C0000095302E10A533AE00AC179F909C178F9B6
:100C100000013EDF03C07BF902C07AF901C079F917
:100C200000C078F909017F6B7E6B100E7D6F810E1D
:100C30007C6F000148DF03C07BF902C07AF901C074
:100C400079F900C078F9BADF02C077F901C076F906
:100C500077C902F076C901F0023201320232013264
:100C6000023201C06FFF02320230300B006E6E5054
:100C7000CF0B00106E6E0C0E6E6E010103D00901D9
:100C80006E6A010100011200090EEA6E790EE96E2A
:100C9000EF500EE0140E016E006A002EFED7012EFA
:100CA000FBD7BF0E006E002EFED700D0EF2EF2D77E
:100CB00012008B948B840901786B010E776F785149
:100CC000765D0FE303E17751755D0BE3010E796FFC
:100CD0000001DADF8B948B840901772BD8B4782B51
:100CE000EED700011200F298F2926B51790814E0ED
:100CF0006B51830811E06B518D080EE06B51B50804
:100D00000BE06B517B0808E06B518F0805E06B51DD
:100D1000B70802E087533EE0000E4FB8010E006EA8
:100D2000D89000360050036A130FE96E010E0320BD
:100D3000EA6EECCF76F9ED52EFCF75F909017553F4
:100D40000BE1765309E100016B517908D8B402D068
:100D5000090102D04FA80CD001017F530DE180534F
:100D60000BE100016B518308D8B402D0010104D01B
:100D70000601F79B04D001010601F78B578656B296
:100D800007D057B405D0050E00016A6F57840601DD
:100D900042D0000181B03AD04EB005D0010E090119
:100DA000756F000129DF0901766B010E756F000177
:100DB00080DF01015B2BD8B45C2B5C51020811E28F
:100DC000FF0A03E15B51E8080CE24EA005D04E900B
:100DD00000016B6B03D001014E80000117D015D0CC
:100DE00001014EB011D0000187530FE16B6B01017F
:100DF000AA6BA96B74C1A8F173C1A7F1746B736B73
:100E0000766B756B4F8C518C0001C4D70901756BE3
:100E10000001F2DE060101015C6B5B6BF292F2886D
:100E2000F19CF2920001BBEF00F081A403D04E864A
:100E30004E9802D04E964E88696B010E0901706F74
:100E4000070E6F6F000197DDF096B98CF09060EFA0
:100E500000F0F09AF0940101D66BD56BD46BD36B94
:100E6000B36AB26AA08285BC09D09A6B996B986B01
:100E7000976B030E00016A6F34D0010185BA09D067
:100E80009A6B996B986B976B040E00016A6F29D06F
:100E900001019A6B996B986B976B85B605D0010E23
:100EA00000016A6F1ED0010185B405D0020E000159
:100EB0006A6F17D0010185A802D084B20BD056B258
:100EC00008D0050E00016A6F0101C26BC16BC06BD7
:100ED000BF6B06D0519EF094F08AF196A092A19239
:100EE0000001F09460EF00F0B36AB26A010E0101F4
:100EF000D327D8B0D42BD8B4D52BD8B4D62BD6532F
:100F000007E1D55305E1D45303E1D3510B0803E2C4
:100F1000518EA092A192A192000160EF00F0F29692
:100F200081CF6EF0F2906EBD0CD081A804D04EB08F
:100F300002D04E8C05D081BA02D04E8A01D0F28602
:100F400001D0F286F29060EF00F025303375207901
:100F50002025303375008B948B841200FCDF080150
:100F6000DA6BD96BDA51D85D0CE303E1D951D75D67
:100F700008E3050E006E002EFED7D92BD8B4DA2B6D
:100F8000F1D700011200F2CFD7F8F29E636AD6C8FB
:100F900062FF7F9C7F9E7F8061500801D7BFF28EE9
:100FA000010FD86FF250006EF29E636AD6C862FFDE
:100FB000D8C861FF7F9C7F9E7F840F01550E7E6E97
:100FC000AA0E7E6E7F820050F2127FB2FED77F940F
:100FD0000801D86B640ED76F0001C0DF0501E65130
:100FE0000801D625D76F0501E6510801D625D86F2F
:100FF000F2CFD9F8F29E636AD8C862FF7F9C7F9EC9
:101000007F806150D9BFF28E010FD86FF250006E11
:10101000F29E636AD7C862FFD8C861FF7F9C7F9E3B
:101020007F840F01550E7E6EAA0E7E6E7F82005069
:10103000F2127FB2FED77F940801D86B640ED76F8F
:1010400000018CDF12000801E951070B006EE93145
:10105000016E013201321F0E01160150EB25E96EBF
:10106000000EEC21EA6E016A012A002A01D0013645
:10107000002EFDD7EA5303E00150EF1203D0011E0A
:101080000150EF16000112000801E75302E1000EC3
:1010900001D0010EE8C8E9F8EA6F0F0EEC6F890E77
:1010A000EB6F0001D0DFE8C8E9F80801EA6B0F0E2A
:1010B000EC6F920EEB6F0001C6DF12000801D26BDD
:1010C000D251130812E3036AD251270FE96E070EBB
:1010D0000320EA6EEF6A036AD2513B0FE96E070EF6
:1010E0000320EA6EEF6AD22BEBD707014F6B506BF0
:1010F000516B00011200F2CFDEF8F29EDDC863FFF3
:10110000DCC862FF7F9C7F9E7F8061500801DEBF4C
:10111000F28E016E00011200F2CFDEF8F29EDDC801
:1011200063FFDCC862FF7F9C7F9E7F806150080167
:10113000DEBFF28EDF6F010EDC25E06F000EDD21D9
:10114000E16FF2CFE2F8F29EE1C863FFE0C862FF10
:101150007F9C7F9E7F806150E2BFF28EE06FDFC890
:1011600003F0E051016E0350026E0001120008010D
:10117000DD6BF250006EF29EDBC863FFDAC862FFDF
:10118000DCC861FF7F9C7F9E7F840F01550E7E6EC1
:10119000AA0E7E6E7F820050F2127FB2FED77F943D
:1011A0001B6AF2BE1B8EF29E050E0901796F0001CB
:1011B0006BDD1BBEF28E0801DDC801F000011200DC
:1011C0000801DF6BDEC8E0F8F250006EF29EDCC86A
:1011D00063FFDBC862FFE0C861FF7F9C7F9E7F8466
:1011E0000F01550E7E6EAA0E7E6E7F820050F212A7
:1011F0007FB2FED77F941B6AF2BE1B8EF29E050E55
:101200000901796F000140DD1BBEF28E010E08015D
:10121000DB25E06F000EDC21E16FDDC8E2F8F25063
:10122000006EF29EE1C863FFE0C862FFE2C861FFA2
:101230007F9C7F9E7F840F01550E7E6EAA0E7E6E70
:101240007F820050F2127FB2FED77F941B6AF2BEFB
:101250001B8EF29E050E0901796F000115DD1BBE84
:10126000F28E0801DFC801F000011200030E080130
:10127000DD6FED0EDC6F00013EDF01C07BF0030E81
:101280000801DD6FEE0EDC6F000135DF01C07CF080
:10129000030E0801DD6FEF0EDC6F00013DDF02C0C1
:1012A0000AF101C009F1030E0801DD6FF10EDC6FD8
:1012B000000121DF01C08BF07B3D2ED0280E7B6F1B
:1012C0007C6F01010A6B096B00018B6B030E080137
:1012D000DB6FED0EDA6F7BC0DCF8000148DF030E38
:1012E0000801DB6FEE0EDA6F7CC0DCF800013FDF37
:1012F000030E0801DC6FEF0EDB6F0AC1DEF809C1D7
:10130000DDF800015DDF030E0801DB6FF10EDA6F1F
:101310008BC0DCF800012BDF0AEFDAF0200E956EAF
:101320008C9E956E8C86956E8C8E95EFDAF068C9E2
:101330006BF909016D6B6E6B6C6B6D6B6E6B6A504C
:1013400068C96AFF6830FEE367C96BF96E6B6C6B46
:101350006D6B6E6B6A5067C96AFF6830FEE366C9E1
:101360006AF96B6B6C6B6D6B6A5066C96AFF6830AB
:10137000FEE30001D0EF09F0A20E676E688C200E2C
:10138000956E8C9E6A50030E6A6E6830FEE364C9E7
:1013900069F963C968F962C967F961C966F9C7D7AC
:1013A0006A506A6A6830FEE36ACF65F9200E956E6E
:1013B0008C8E090165C901F000011200D8B204D079
:1013C000090EEA6E180EE96E006A016A026A036A83
:1013D0000901186B196B1A6B1B6B1751161115113C
:1013E00014112CE0200E1C6FD890103711371237D3
:1013F0001337183719371A371B3717511B5D08E198
:1014000016511A5D05E11551195D02E11451185D7F
:101410000FE31451185F1551D8A0153D195F1651EF
:10142000D8A0163D1A5F1751D8A0173D1B5FD88072
:1014300000360136023603361C2FD6D718C9EFFF07
:1014400019C9ECFF1AC9ECFF1BC9ECFF000112001F
:101450000901606B616B010E626FDA6AD96A090E6D
:10146000656F580E646F090EEA6E5C0EE96E65C911
:10147000E2FF64C9E1FF62C963F9D890E550EE026A
:10148000F3506023F4506123632FF7D760C9DEFF68
:1014900061C960F9616BD8B0612B642BD8B4652B3E
:1014A000622B62510508DFE100011200B60E006EEA
:1014B000036A026A016A0801F851F911FA11FB1175
:1014C00002E1006A0DD0D89001BE09D0F837F93793
:1014D000FA37FB37033602360136002EF4D7019E69
:1014E0000001120009012351D8B4A5D02F6F275154
:1014F000D8B4A1D02F5F05E37F0E2F27D8B09BD0A3
:1015000006D0810E2F5FD8A096D0D8B494D02FC922
:1015100000F0016A026A036A2E6B24C92DF92D8F2F
:1015200025C92CF926C92BF9190E2F6F2A512B5FCB
:101530000DE2010E2C5F0AE22D5F08E22E5F06E24B
:101540002E2B2D2B2C2B2A512B2728D029512C5FC9
:1015500012E2010E2D5F0FE22E5F0DE22E2B2D2BDE
:1015600029512C272A512B2719E32C2B17E12D2B3E
:1015700015E12E2B13D0285180092D5F0EE2010EAC
:101580002E5F0BE22E2B285180092D2729512C2765
:10159000E9E32D2BE7E12E2BE5D703802F2F01D098
:1015A0000BD0D8902B372C372D372E37D8900336C9
:1015B000023601363037BAD730A106D0D890013282
:1015C00002320332303302D0000635E030BF1ED085
:1015D000D8902B372C372D372E372A512B5F07E227
:1015E000010E2C5F04E22D5F02E22E5F1AE3295107
:1015F0002C5F05E2010E2D5F02E22E5F12E32851FF
:1016000080092D5F03E2010E2E5F0BE3032A09E13F
:10161000022A07E1012A05E1002A0DE00132023227
:10162000033224C92FF928512F1B2FAF02D0018E6E
:1016300006D0019E04D0006A016A026A036A0001B2
:1016400012000801CE5316E00C0E6E6E380E6F6E4F
:101650006E50CF0B10096E6E0101CA6BC96B070E7D
:10166000C86FD00EC76FC66BC56BC46BC36B568695
:1016700004D008016E6A56960101000112000801AB
:10168000CE6BCE51020820E38B801B6AF2BE1B8E0C
:10169000F29E0901766BFA0E756F000159EC06F0A7
:1016A0001BBEF28E8B901B6AF2BE1B8EF29E09014E
:1016B000766BFA0E756F000159EC06F01BBEF28EC8
:1016C00004000801CE2BDDD70001120009010A51E8
:1016D0000C03F3CF01F0F4CF00F00D03F35000261C
:1016E0000B510C03F3500020026E0001120033DC9A
:1016F000B00E676E3F0E68168394090159A183905E
:1017000059B18380A19A679E5AC96AFFA1AAFED7E0
:10171000838400011200B00E676E3F0E6816090147
:10172000596B300E5A6F0001E2DF0901596B750EDB
:101730005A6F0001DCDF010E0901596F100E5A6F5C
:101740000001D5DF010E0901596F9F0E5A6F00018C
:10175000CEDF0901596B150E5A6F0001C8DF010E6B
:101760000901596F050E5A6F0001C1DF010E090111
:10177000596F540E5A6F0001BADF0901596B5C0EA4
:101780005A6F0001B4DF100E0901006F00519E086E
:101790001BE3050E016F0151530814E3010E596F4D
:1017A0005A6B0001A4DF010E0901596F5A6B000149
:1017B0009EDF010E0901596F5A6B000198DF090184
:1017C000012BE9D7002BE2D7596B250E5A6F000188
:1017D0008EDF5780120055C964F954C963F953C9A3
:1017E00062F952C961F9C8DD01C05AF9010E090157
:1017F00052255D6F000E53215E6F000E54215F6F06
:10180000000E5521606F646F5FC963F95EC962F9AC
:101810005DC961F90001B0DD01C05BF9020E09018B
:1018200052255D6F000E53215E6F000E54215F6FD5
:10183000000E5521606F646F5FC963F95EC962F97C
:101840005DC961F9000198DD01C05CF90901596BBE
:101850005AC958F95BC957F95CC956F956C900F01D
:1018600057C901F058C902F059C903F0000112002C
:10187000B00E676E3F0E68160501F96BF86BF76BDB
:10188000F66B09015851000A000108E0010A32E034
:10189000030A5DE0010AD8B487D0B4D00901646BB3
:1018A000636B626B616B000167DD01C059F909016F
:1018B000646B636B626B010E616F00015DDD01C0E3
:1018C0005AF90901646B636B626B020E616F000170
:1018D00053DD0501F96B59C9F8F55AC9F7F501C08F
:1018E000F6F5080EEE6F030EEF6F080EEC6F020EAA
:1018F000ED6FB3D00901646B636B626B030E616FB4
:1019000000013ADD01C059F90901646B636B626B38
:10191000040E616F000130DD01C05AF90901646BEA
:10192000636B626B050E616F000126DD0501F96BCB
:1019300059C9F8F55AC9F7F501C0F6F5080EEE6F6A
:10194000030EEF6F080EEC6F020EED6F86D00901EB
:10195000646B636B626B060E616F00010DDD01C08D
:1019600059F90901646B636B626B070E616F0001CB
:1019700003DD01C05AF90901646B636B626B080EE9
:10198000616F0001F9DC0501F96B59C9F8F55AC915
:10199000F7F501C0F6F5100EEE6F040EEF6F100EA6
:1019A000EC6F020EED6F59D00901646B636B626BD3
:1019B000090E616F0001E0DC01C059F90901646B97
:1019C000636B626B0A0E616F0001D6DC01C05AF9CD
:1019D0000901646B636B626B0B0E616F0001CCDC01
:1019E0000501F96B59C9F8F55AC9F7F501C0F6F5C3
:1019F0004B0EEE6F640EEF6F180EEC6F070EED6F6F
:101A00002CD000010901646B636B626B616B000198
:101A1000B3DC01C059F90901646B636B626B010EA1
:101A2000616F0001A9DC01C05AF90901646B636BA5
:101A3000626B020E616F00019FDC0501F96B59C9F1
:101A4000F8F55AC9F7F501C0F6F5080EEE6F030E6A
:101A5000EF6F080EEC6F020EED6F00013DEF0DF021
:101A6000B00E676E3F0E6816050E09014F27100E67
:101A7000502751C958F90001FBD609014E51C00B3E
:101A8000C00809E1600E4E5D0501F06FF16BF26B6D
:101A9000F36B08D00901200E4E5D0501F06FF16B6C
:101AA000F26BF36B09015151030819E1F3C55BF9BE
:101AB000F2C55AF9F1C559F9F0C558F95F6B5E6B7B
:101AC0005D6BEEC55CF90001C3DC03C0F3F502C039
:101AD000F2F501C0F1F500C0F0F510D009010501E3
:101AE000EF510901586F09E0D8900501F037F1373F
:101AF000F237F3370901582FF7D700010501F651E6
:101B0000F027F751F123F851F223F951F32309019A
:101B1000596B300E5A6F0001EADD0901596B750EE1
:101B20005A6F0001E4DD010E0901596F50C95AF9DD
:101B30000001DDDD0501EC5109015025586F010E52
:101B4000596F58C95AF90001D2DD0901596B150EB8
:101B50005A6F0001CCDD010E0901596F4FC95AF9C6
:101B60000001C5DD0501ED5109014F25586F010E3A
:101B7000596F58C95AF90001BADD0901596B5C0E59
:101B80005A6F0001B4DD0501EE51F02502013F6FEF
:101B9000000E0501F1210201406F000E0501F22146
:101BA0000201416F000E0501F3210201426FF3C5EE
:101BB00057F9F2C556F9F1C555F9F0C554F90901BF
:101BC00057510201425DD8A06ED015E1090156516E
:101BD0000201415DD8A067D00EE109015551020113
:101BE000405D61E308E13F510901545DD8A002D096
:101BF000020159D0020157C964F956C963F955C9A0
:101C000062F954C961F90001BCEC09F001C0F4F5B6
:101C10000501F56BF551070829E3F451800B11E13B
:101C20000901535307E0010E596F5A6900015FDD46
:101C300006D00901010E596F5A6B000158DD11D011
:101C400005010901535307E0010E596F5A6B00015A
:101C50004EDD07D00901010E596F52C95AF9000132
:101C600046DDD8900501F437F52BD4D70901515141
:101C700003080FE0535307E0010E596F5A69000142
:101C800036DD06D00901010E596F5A6B00012FDDB8
:101C90000901010E5427D8B0552BD8B4562BD8B40F
:101CA000572B8ED702010901596B250E5A6F00017F
:101CB0001EDD1200B00E676E3F0E68160901086B3C
:101CC000120E0501E82509014D6F000E0501E921FD
:101CD00009014E6F000E0501EA2109014F6F000E48
:101CE0000501EB210901506FD8900235026E0335D2
:101CF000036E02C000F0016E026A036A00504D27B5
:101D000001504E2302504F230350502302514D25C2
:101D10003B6F03514E213C6F000E4F213D6F000E73
:101D200050213E6F3EC955F93DC954F93CC953F99C
:101D30003BC952F900014FDD03C042F902C041F92D
:101D400001C040F900C03FF9030E09013B254D6F6A
:101D5000000E3C214E6F000E3D214F6F000E3E21C4
:101D6000506F556F4FC954F94EC953F94DC952F9C7
:101D7000000131DD03C046F902C045F901C044F954
:101D800000C043F909013F51435D476F4051445939
:101D9000486F42C94CF941C94BF940C94AF93FC99A
:101DA00049F94C51465D32E30BE14B51455D2EE361
:101DB00007E14A51445D2AE303E14351495D26E2CC
:101DC0000851082B036A090F016E090E032201C096
:101DD0004DF903C04EF94CC964F94BC963F94AC9BE
:101DE00062F949C961F90001BCEC09F04EC9EAFF8A
:101DF0004DC9E9FF01C0EFFF010E09014927D8B025
:101E00004A2BD8B44B2BD8B44C2BCBD7086B4853A8
:101E100003E14751085D26E20851082B036A090FC8
:101E2000E96E090E0320EA6EEFCF4EF904C94FF9AF
:101E300005C950F906C951F9526907C953F900019A
:101E40000FDE0901065303E00651030805E1050111
:101E5000ED510901042705D0010E0501ED25090109
:101E60000427D5D700011200B00E676E3F0E68162A
:101E700009010F6B0F510925E96E000E0A21EA6E68
:101E8000EF5025E00F510F2B0925E96E000E0A21B6
:101E9000EA6EEFCF4EF90BC94FF90CC950F90DC9D5
:101EA00051F952690EC953F90001DADD09010D53E8
:101EB00003E00D51030805E10501ED5109010B2770
:101EC00005D0010E0501ED2509010B27D3D700012F
:101ED000120009010A51016A095D03E209C900F013
:101EE0000CD0006A080E0B6F093700360A51005CEF
:101EF000D8B0006E01360B2FF7D700011200C1C811
:101F0000EAFFC0C8E9FF090110C9EFFFE92AD8B408
:101F1000EA2AEF6A0801C02BD8B4C12B00011200D5
:101F2000015007C909F9640E09010A6F0001D1DFE8
:101F300000C007F90150300E08E1090108A30FD0D5
:101F400008B70DD008B9200E04D0090108970899E8
:101F50000881012601C010F90001D1DF090107C97C
:101F600009F90A0E0A6F0001B4DF00C007F9015039
:101F7000300E08E1090108B70AD008A108D008B955
:101F8000200E0001012601C010F9B9DF0901300E51
:101F9000072707C910F90001B2DF1200B00E676E03
:101FA0003F0E6816050E09010B27100E0C27596B02
:101FB000300E5A6F000177EC0BF00901596B750E6A
:101FC0005A6F000177EC0BF0010E0901596F0CC933
:101FD0005AF9000177EC0BF0100E09010C25FF0FE8
:101FE000186F010E596F18C95AF9000177EC0BF000
:101FF0000901596B150E5A6F000177EC0BF0010EB9
:102000000901596F0BC95AF9000177EC0BF0050E65
:1020100009010B25186F010E596F18C95AF90001F3
:1020200077EC0BF00901596B5C0E5A6F000177ECED
:102030000BF00901646B636B626B0C0E616F000146
:10204000BCEC09F001C018F90901646B636B626BA9
:102050000D0E616F0001BCEC09F001C019F9090116
:10206000646B636B626B0E0E616F0001BCEC09F078
:102070000901126B18C911F919C910F901C00FF93A
:102080001B6B1A6B196B0A35006E1935016E1A3508
:10209000026E1B35036E00360136023603360036FB
:1020A0000136023603360036013602360336003674
:1020B000013602360336E00E001600500F2701509D
:1020C00010230250112303501223136B12C917F966
:1020D00011C916F910C915F90FC914F9200E0F25E9
:1020E000006E000E1021016E000E1121026E000E16
:1020F0001221036E1751035C54E30BE11651025C8D
:1021000050E307E11551015C4CE303E10050145D1D
:1021100048E217C964F916C963F915C962F914C907
:1021200061F90001BCEC09F001C00EF90501F56B85
:10213000F551070819E309010E51800B08E1010E62
:10214000596F5A6B000177EC0BF008D00901010EB2
:10215000596F0DC95AF9000177EC0BF0D8900901BD
:102160000E370501F52BE4D7090113A110D0135345
:102170000EE0010E596F5A6B000177EC0BF0010E67
:102180000901596F5A6B000177EC0BF00901132B11
:10219000010E1427D8B0152BD8B4162BD8B4172B92
:1021A0009DD7596B250E5A6F000177EC0BF0E7EFC6
:1021B00010F0B00E676E3F0E681607C90AF908C91D
:1021C0000BF909C90CF909010D690001E7D61200E4
:1021D000090E0901076F4A0E086F5A0E096F0001B8
:1021E000E8DF1200140E0901076F4A0E086F5A0E3D
:1021F000096F0001DEDF25EF12F0080E0901076FFD
:102200004A0E086F140E096F0001D3DF1200140E7E
:102210000901076F4A0E086F140E096F0001C9DF2C
:102220001200120E0901076F4A0E086F5A0E096F4D
:102230000001BFDF5FEF12F01B6AF2BE1B8EF29E41
:102240000901796B6FC078F9000148EC05F01BBEFD
:10225000F28E03C00AF902C009F901C008F900C0F2
:1022600007F91B6AF2BE1B8EF29E0901796B70C0E2
:1022700078F9000148EC05F01BBEF28E0AC926F978
:1022800009C925F908C924F907C923F903C02AF99E
:1022900002C029F901C028F900C027F972EC0AF040
:1022A00003C00AF902C009F901C008F900C007F922
:1022B0001B6AF2BE1B8EF29E03C07BF902C07AF944
:1022C00001C079F900C078F909017F6B7E6B480E77
:1022D0007D6F850E7C6F000163EC05F01BBEF28EF6
:1022E0001B6AF2BE1B8EF29E03C07BF902C07AF914
:1022F00001C079F900C078F9DEEC05F01BBEF28E62
:1023000001C000F909010051630802E2640E006F88
:1023100051A43ED051A615D0200E016F026F036F5D
:10232000046F056F066B090E0A6F010E096F450EEB
:102330000B6F040E0C6F0D6B00C90EF9000194DDDC
:10234000090151B624D0010E0801C16FDB0EC06F28
:1023500000C907F9130E0901086F0001E1DD200E25
:102360000901106F0001CBDD250E0901106F00017E
:10237000C6DD010E09010A6FDB0E096F450E0B6FFA
:10238000040E0C6F0D6B0E6B00016EDD090124D085
:10239000010E0801C16FDB0EC06F00C907F9130EF3
:1023A0000901086F0001BCDD200E0901106F00015A
:1023B000A6DD250E0901106F0001A1DD010E090146
:1023C0000A6FDB0E096F450E0B6F040E0C6F0D6B61
:1023D0000E6B000149DD0901420E00018F6F0901FA
:1023E000005109080BE2400E00018F6F09010051F6
:1023F000630804E23E0E00018F6F090101010953D9
:1024000007E10A5305E1170E00018D6F0ED001019F
:102410000A5308E10951310805E3160E00018D6FDA
:1024200004D00101150E00018D6F8DC007F98FC01A
:1024300008F90901096B0001BCDE6B5163080AE36E
:10244000C7DE6B510A0801E1CDD6D7DE6B5301E13F
:10245000DEDE42D06B5179080AE06B517B0807E061
:102460006B51830804E06B51850801E0C6DE6B51B7
:10247000780825E06B51790822E06B517B081FE05A
:102480006B5182081CE06B51830819E06B51850881
:1024900016E06B518C0813E06B518D0810E06B5106
:1024A0008E080DE06B518F080AE06B51B40807E00D
:1024B0006B51B50804E06B51B70801E0B2D66B511F
:1024C0008C0809E06B518D0806E06B518E0803E023
:1024D0006B518F0801E17CDE1200B00E676E3F0E7B
:1024E00068160901086B120E0501E82509014D6FF8
:1024F000000E0501E92109014E6F000E0501EA21D8
:1025000009014F6F000E0501EB210901506FD890B2
:102510000135026E0235036E02C000F0016E026AE0
:10252000036A00504D2701504E2302504F230350A1
:10253000502301514D253B6F02514E213C6F000E3F
:102540004F213D6F000E50213E6F3EC955F93DC9E8
:1025500054F93CC953F93BC952F90001EBEC0BF0BB
:1025600003C042F902C041F901C040F900C03FF97F
:10257000030E09013B254D6F000E3C214E6F000EEE
:102580003D214F6F000E3E21506F556F4FC954F9DA
:102590004EC953F94DC952F90001EBEC0BF003C0E1
:1025A00046F902C045F901C044F900C043F90901E8
:1025B0003F51435D476F40514459486F42C94CF900
:1025C00041C94BF940C94AF93FC949F94C51465DE7
:1025D00032E30BE14B51455D2EE307E14A51445D87
:1025E0002AE303E14351495D26E20851082B036ABF
:1025F000090F016E090E032201C04DF903C04EF907
:102600004CC964F94BC963F94AC962F949C961F90E
:102610000001BCEC09F04EC9EAFF4DC9E9FF01C059
:10262000EFFF010E09014927D8B04A2BD8B44B2B34
:10263000D8B44C2BCBD7086B485303E14751085D06
:1026400028E20851082B036A090FE96E090E0320DE
:10265000EA6EEFCF4EF903C94FF904C950F905C925
:1026600051F906C952F907C953F9000130EC0DF0D0
:102670000901055303E00551030805E10501ED518A
:102680000901032705D0010E0501ED2509010327E6
:10269000D3D70001120051ACE7D06C5302E14FAC2C
:1026A00017D04F9C8BEC0BF00901036B100E026FDF
:1026B000046B056B020E066F076B00015AEC0EF0FF
:1026C000886B826B4F9EBF6B0601F46B57940001C1
:1026D000B3DD0101A7530AE1A85308E1A95306E1BC
:1026E000AA5304E1AA6BA96BA86BA76BAA5307E1D5
:1026F000A95305E1A85303E1A751050805E2AA6B18
:10270000A96BA86B050EA76FA75306E1A85304E1B8
:10271000A95302E1AA5302E0000E01D0010E080104
:10272000D96F0901036B180E026F070E046F190EA3
:10273000056F066BD9C807F900015AEC0EF00101CC
:10274000A72D06D0A85304E1A95302E1AA5302E041
:10275000000E01D0010E0801DA6F0901026B130EA1
:10276000016F070E036F270E046F056B85C006F916
:10277000DAC807F90001B1DE0101A751020806E13C
:10278000A85304E1A95302E1AA5302E0000E01D0CC
:10279000010E0801D96F0901036B140E026F070EB9
:1027A000046F350E056F066BD9C807F900015AECA6
:1027B0000EF00101A751030806E1A85304E1A95353
:1027C00002E1AA5302E0000E01D0010E0801DA6F07
:1027D0000901026B150E016F070E036F430E046FA4
:1027E000056B85C006F9DAC807F9000176DE01013C
:1027F000A751040806E1A85304E1A95302E1AA5332
:1028000002E0000E01D0010E0801DA6F0901026B2F
:10281000160E016F070E036F510E046F056B85C016
:1028200006F9DAC807F9000158DE0101A7510508C9
:1028300006E1A85304E1A95302E1AA5302E0000E05
:1028400001D0010E0801D96F0901036B110E026F4F
:10285000070E046F5F0E056F066BD9C807F90001FC
:102860005AEC0EF06BC06CF0519C000E016E120021
:10287000200E0801DAA9300EDB6FD9C800F0D9AFFD
:1028800008D0001E002A00C0D9F82D0EDB6FDA8FA9
:10289000DA810150D9C809F9640E09010A6F0001F3
:1028A00069EC0FF000C0D9F8300E01240801DC6F8C
:1028B000D9C809F90A0E09010A6F000169EC0FF085
:1028C000300E00240801DE6F300E0124DD6FDBC8FE
:1028D00000F0300EDC5D04E0DA83DABFDA8512D076
:1028E000DBC8DCF8200EDB6F300EDD5D04E0DA8142
:1028F000DABFDA8307D0D8A4DA8104E1DCC8DDF8D6
:10290000200EDC6FDAB505D0DAB308D0DAB10BD01F
:102910000FD0DBC810F900017FEC0FF0DCC810F914
:1029200000017FEC0FF0DDC810F900017FEC0FF023
:10293000DEC810F900017FEC0FF01200EACF0EF9AB
:10294000E9CF0DF909010739F009096F0927E20FED
:102950000A6F320F0C6F07510F0B0A270A270C273B
:10296000E90F0B6F0B270B2706390F0B0B270C27D3
:102970000B370C370C1F0C3706510F0B0C27093780
:10298000070E086F0A0E0B070C27FDE30A070B273B
:10299000FDE309070A27FDE308070927FDE3090E00
:1029A000EA6E080EE96E070E0D150D9DE926000E64
:1029B000EA22E9500C0804E1EA50090801E10D8D12
:1029C000EF50006E08E10DBD06D00DB916D00DB761
:1029D00002D0200E03D00D870D99300E0026EACFCD
:1029E00007F9E9CF06F900C010F900017FEC0FF0FC
:1029F00007C9EAFF06C9E9FF0901EE500DADD9D7B5
:102A000000011200C69E9E96FBC8C9FF020EC6BEFC
:102A100005D09EA6FED7000EC5BC010E016E1200A9
:102A2000C69CC586C5B6FED700B0C59A00A0C58AAB
:102A3000C588C5B8FED7C9CF01F01200C580C5B0A2
:102A4000FED7AA0E0801FB6F0001DCDF012C01D0CC
:102A50003CD0DAC8FBF8D6DFD9C8FBF8D3DF0801D1
:102A6000FB6B0001CFDFC584C5B4FED7C580C5B000
:102A7000FED7AA0E0801FB6F0001C4DF0801FB6B43
:102A80000001C0DFC582C5B2FED7AB0E0801FB6FE7
:102A90000001B8DF010E006EC3DF0801DC6B01C06E
:102AA000DBF8006A0001BCDF0801DE6B01C0DDF865
:102AB000C584C5B4FED7DDC8DEF8DD6BDD51DB13A0
:102AC000DE51DC13549E07D00001430E0801DC6F79
:102AD000210EDB6F548EDBC801F0DCC802F0000170
:102AE0001200080E0801D96FDA6B0001A7DF02504F
:102AF0002EEF17F00900F6CF07F9F7CF08F9F8CF56
:102B000009F9F5CF10F97FEC0FF007C9F6FF08C9F6
:102B1000F7FF09C9F8FF0901062F01D002D0000113
:102B2000E9D7000112000801DCBF12D00F0E006EC1
:102B3000DB3900160A0E005C03E2300E002602D0DC
:102B4000DC51002600C010F900017FEC0FF00801F5
:102B50000F0EDB170A0EDB5D02E2300E02D0DC9FA7
:102B6000DC51DB27DBC810F900017FEC0FF012000D
:102B7000B00E676E3F0E681609010A6B0A510325F5
:102B8000E96E000E0421EA6EEF5027E00A510A2B8D
:102B90000325E96E000E0421EA6EEFCF4EF905C958
:102BA0004FF906C950F907C951F908C952F909C9BD
:102BB00053F9000130EC0DF00901075303E0075110
:102BC000030805E10501ED510901052705D0010EB6
:102BD0000501ED2509010527D1D7000112006C512F
:102BE0000A080EE08BEC0BF00901036B1A0E026F62
:102BF000046B056B020E066F076B00015AEC0EF0BA
:102C000051AC83D11CEC11F00101AA5307E1A95387
:102C100005E1A85303E1A751020805E2AA6BA96BDD
:102C2000A86B030EA76F0901036B1B0E026F040E46
:102C3000046F1E0E056F010E066F076B00015AEC44
:102C40000EF0010E0801C16FDB0EC06F7BC0D9F81A
:102C5000130EDA6F00010CDE250E0901106F000162
:102C60007FEC0FF0200E0901106F00017FEC0FF0D8
:102C70000101A75306E1A85304E1A95302E1AA53B5
:102C800002E0000E01D0010E0801DB6F010E090108
:102C90000A6FDB0E096F330E0B6F1E0E0C6F010EE9
:102CA0000D6FDBC80EF9000134EC0FF00901036B66
:102CB0001E0E026F040E046F2C0E056F010E066FC0
:102CC000076B00015AEC0EF0010E0801C16FDB0E1C
:102CD000C06F7CC0D9F8130EDA6F0001C9DD250E74
:102CE0000901106F00017FEC0FF0200E0901106F39
:102CF00000017FEC0FF00101A72D06D0A85304E1DD
:102D0000A95302E1AA5302E0000E01D0010E08010E
:102D1000DB6F010E09010A6FDB0E096F330E0B6FBB
:102D20002C0E0C6F010E0D6FDBC80EF9000134EC98
:102D30000FF00901036B1C0E026F040E046F3A0EB4
:102D4000056F010E066F076B00015AEC0EF0010EC5
:102D50000801C16FDB0EC06F020EE96E0AC107F9F0
:102D600009C106F90001EADD250E0901106F000115
:102D70007FEC0FF0200E0901106F00017FEC0FF0C7
:102D80000101A751020806E1A85304E1A95302E199
:102D9000AA5302E0000E01D0010E0801DB6F010E04
:102DA00009010A6FDB0E096F330E0B6F3A0E0C6FC1
:102DB000010E0D6FDBC80EF9000134EC0FF00901B4
:102DC000036B1F0E026F040E046F480E056F010E99
:102DD000066F076B00015AEC0EF0930E8C6F8B534D
:102DE00002E1920E8C6F0101A751030806E1A8537E
:102DF00004E1A95302E1AA5302E0000E01D0010E42
:102E00000801DA6F0901036B8CC002F9330E046FFD
:102E1000480E056F010E066FDAC807F900015AEC7B
:102E20000EF009010A6B3F0E096F150E0B6F620E53
:102E30000C6F020E0D6F0E6B000134EC0FF00901E8
:102E40000A6B340E096F2B0E0B6F620E0C6F020EA5
:102E50000D6F0E6B000134EC0FF043D602C0DAF8B0
:102E600001C0D9F8010E0801C16FDB0EC06F5C0E06
:102E7000F66E020EF76E000EF86E070E0901066F71
:102E8000000138DE100EE96E4BC007F94AC006F9A2
:102E900055DD660EF66E020EF76E000EF86E030E2E
:102EA0000901066F000126DE100EE96E4DC007F91C
:102EB0004CC006F943DD6C0EF66E020EF76E000E86
:102EC000F86E050E0901066F000114DEDAC8DBF8A2
:102ED000370E0801DC6F000126DED9C8DBF8370E9B
:102EE0000801DC6F00011FDE010E0901046FDB0E1B
:102EF000036F0F0E056F780E066F076B85C008F91C
:102F0000096B000135DE6BC06CF0519C000E016E48
:102F10001200016A026A006A036A0901135102E1A0
:102F2000125118E0100E146FD89010371137003678
:102F300003361351035C02E11251005C07E31251A6
:102F4000005ED8A003061351035ED8800136023616
:102F5000142FEAD70001120009010D51B6080D6FB8
:102F6000036A0EC911F90E8FD8900E330F33103348
:102F700003320232013200320D2FF6D711AF0BD0DF
:102F8000001E011E021E031E002AD8B4012AD8B456
:102F9000022AD8B4032A000112000801F16BF06B79
:102FA000EF6BEE6B01015A6B596B000E4FB8010EBF
:102FB000036A740FE96E000E0320EA6EEF52D8B474
:102FC000A8D01B6AF2BE1B8EF29EEDC879F9ECC840
:102FD00078F9000148EC05F01BBEF28E03C0F5F84D
:102FE00002C0F4F801C0F3F800C0F2F81B6AF2BEA8
:102FF0001B8EF29E03C07BF902C07AF901C079F9F9
:1030000000C078F909017F6B7E6B480E7D6F840EDE
:103010007C6F000163EC05F01BBEF28E03C0F5F877
:1030200002C0F4F801C0F3F800C0F2F8000E4FB887
:10303000010E036A740FE96E000E0320EA6EEF5072
:103040001B6AF2BE1B8EF29E0901796B786F00013C
:1030500048EC05F01BBEF28E1B6AF2BE1B8EF29E80
:10306000F5C87BF9F4C87AF9F3C879F9F2C878F9A8
:1030700003C07FF902C07EF901C07DF900C07CF970
:1030800063EC05F01BBEF28E03C0F5F802C0F4F845
:1030900001C0F3F800C0F2F803C026F902C025F918
:1030A00001C024F900C023F909012A6B296B286BA0
:1030B000800E276F000172EC0AF01B6AF2BE1B8EB5
:1030C000F29E03C07BF902C07AF901C079F900C011
:1030D00078F9DEEC05F01BBEF28E02C05AF101C099
:1030E00059F1000E4FB8010E036A740FE96E000E1D
:1030F0000320EA6EEFCF12F95AC111F959C110F944
:103100000901136B000105DF02C062F101C061F12A
:1031100001011B6AF2BE1B8EF29EEDC879F9ECC864
:1031200078F9000148EC05F01BBEF28E03C0F5F8FB
:1031300002C0F4F801C0F3F800C0F2F81B6AF2BE56
:103140001B8EF29E03C07BF902C07AF901C079F9A7
:1031500000C078F909017F6B7E6B480E7D6F840E8D
:103160007C6F000163EC05F01BBEF28E03C0F5F826
:1031700002C0F4F801C0F3F800C0F2F8000E4FB836
:10318000010E006ED89000360050036A130FE96EEE
:10319000010E0320EA6EECCF03F0ED52EF501B6AF4
:1031A000F2BE1B8EF29E0901786F03C079F900010F
:1031B00048EC05F01BBEF28E1B6AF2BE1B8EF29E1F
:1031C000F5C87BF9F4C87AF9F3C879F9F2C878F947
:1031D00003C07FF902C07EF901C07DF900C07CF90F
:1031E00063EC05F01BBEF28E03C0F1F802C0F0F8EC
:1031F00001C0EFF800C0EEF8F1C810F9F0C80FF9FF
:10320000EFC80EF9EEC80DF9A7DE1200F9C800F9F3
:103210000801FD510901001B00AF06D0D894D890D9
:103220000801F9BFD88045D0F9C800F9FCC801F9F8
:103230000801F8510901015F09E000BF02D008014F
:1032400038D0D850010AD86E080133D0FDC801F932
:103250000801F9510901015F09E000BF02D008012E
:1032600028D0D850010AD86E080123D0FEC801F931
:103270000801FA510901015F09E000BF02D008010D
:1032800018D0D850010AD86E080113D0FFC801F930
:103290000801FB510901015F0AE000BF02D00801EB
:1032A00008D0D850010AD86E080103D00901D8907F
:1032B000080100011200F1C8FBF8F0C8FAF8EFC8E5
:1032C000F9F8EEC8F8F856EC0AF003C0FBF802C0B3
:1032D000FAF801C0F9F800C0F8F8F3C80BF9F2C821
:1032E0000AF909010D6B320E0C6F000166EC0BF050
:1032F00002C003F001501B6AF2BE1B8EF29E090150
:10330000786F02C079F9000148EC05F01BBEF28E1F
:10331000FBC826F9FAC825F9F9C824F9F8C823F931
:1033200003C02AF902C029F901C028F900C027F911
:1033300072EC0AF003C0F7F802C0F6F801C0F5F825
:1033400000C0F4F8F7C8FBF8F6C8FAF8F5C8F9F8C1
:10335000F4C8F8F80801FF6BFE6BFD6BFC6B000115
:1033600055DF01E206E10801F76BF66BF56BF46BD4
:1033700000011B6AF2BE1B8EF29EF7C87BF9F6C8ED
:103380007AF9F5C879F9F4C878F9DEEC05F01BBED6
:10339000F28E02501200E9500901086F3B0E0F6FC8
:1033A0009A0E0E6FCA0E0D6F0C6B0A0E0A6FD88242
:1033B000090EEA6E040EE96E07C913F906C912F97F
:1033C00005C911F904C910F90FC917F90EC916F981
:1033D0000DC915F90CC914F90001DEEC09F0015012
:1033E000005213E109010A51010AD8A402D00001D8
:1033F0000CD008510CE00F0B0A5D01E010E208BF91
:103400000ED008BD04D0200E03D00901086B300E89
:10341000002600C010F900017FEC0FF00901D892DE
:103420000FC913F90EC912F90DC911F90CC910F918
:10343000176B166B156B0A0E146F0001DEEC09F0AA
:1034400003C00FF902C00EF901C00DF900C00CF95C
:1034500009010A2FACD7000112001B6AF2BE1B8EB5
:10346000F29E05C979F904C978F948EC05F01BBE4C
:10347000F28E03C026F902C025F901C024F900C06C
:1034800023F909012A6B296B700E286F840E276FB0
:10349000000172EC0AF003C00BF902C00AF901C086
:1034A00009F900C008F91B6AF2BE1B8EF29E07C91B
:1034B00079F906C978F948EC05F01BBEF28E03C015
:1034C00026F902C025F901C024F900C023F9090139
:1034D0002A6B296B700E286F840E276F000172EC27
:1034E0000AF003C00FF902C00EF901C00DF900C0C7
:1034F0000CF91B6AF2BE1B8EF29E0BC97BF90AC93E
:103500007AF909C979F908C978F9DEEC05F01BBE2A
:10351000F28E01C077F005C911F904C910F909014B
:10352000136B3C0E126F0001F4DC00C078F01B6AD4
:10353000F2BE1B8EF29E0FC97BF90EC97AF90DC936
:1035400079F90CC978F9DEEC05F01BBEF28E01C0EA
:1035500079F007C911F906C910F90901136B3C0E7E
:10356000126F0001D6DC00C07AF012000901196B5D
:10357000186B176B166B1D6B1C6B1B6B1A6B1E6B22
:103580000F510B5D1E6F00016B5114080CE06B5165
:10359000770803E26B51800806E26B518B0809E261
:1035A0006B51940806E30901155302E10BC91EF99A
:1035B00000011B6AF2BE1B8EF29E0901796B1EC9C7
:1035C00078F9000148EC05F01BBEF28E03C022F929
:1035D00002C021F901C020F900C01FF903C026F97B
:1035E00002C025F901C024F900C023F909012A6BA2
:1035F000240E296F740E286F920E276F000172EC53
:103600000AF003C019F902C018F901C017F900C087
:1036100016F91B6AF2BE1B8EF29E14C979F913C902
:1036200078F948EC05F01BBEF28E1B6AF2BE1B8EC9
:10363000F29E19C97BF918C97AF917C979F916C91F
:1036400078F903C07FF902C07EF901C07DF900C09E
:103650007CF963EC05F01BBEF28E03C022F902C0B8
:1036600021F901C020F900C01FF91B6AF2BE1B8EB0
:10367000F29E03C07BF902C07AF901C079F900C05B
:1036800078F909017F6B7E6B480E7D6F850E7C6F2C
:10369000000163EC05F01BBEF28E03C01DF902C0F1
:1036A0001CF901C01BF900C01AF91AC900F01BC9A6
:1036B00001F01CC902F01DC903F01200E950090114
:1036C000056F0451076F22E01B6AF2BE1B8EF29E4B
:1036D00003C97BF902C97AF901C979F900C978F9F6
:1036E0007F6B7E6B200E7D6F820E7C6F000163EC22
:1036F00005F01BBEF28E03C003F902C002F901C03F
:1037000001F900C000F90901072FDED703C910F93C
:1037100002C90FF901C90EF900C90DF900011CDC3D
:1037200003C003F902C002F901C001F900C000F9A9
:10373000090103AF0DD00507058B001F011F021FF4
:10374000031F002BD8B4012BD8B4022BD8B4032B01
:103750003B0E0C6F9A0E0B6FCA0E0A6F096B0A0EA6
:10376000076F0451D8B4052BD882090EEA6EE96AB6
:1037700003C913F902C912F901C911F900C910F9F5
:103780000CC917F90BC916F90AC915F909C914F9B1
:103790000001DEEC09F00150005213E10901042997
:1037A000075DD8A402D000010CD005510DE00F0B2D
:1037B000075D01E044E205BF42D005BD05D0200E03
:1037C00037D0200E0901051705AB0FD0059B04511A
:1037D000D8A405070050056F2D0E106F00017FEC77
:1037E0000FF009010551006E056B0451075D0DE1F5
:1037F0000050056F2E0E106F00017FEC0FF00901D5
:103800000551006E200E0517000E300E05AB10D0CE
:10381000059B0451D8A405070050056F2D0E106FAD
:1038200000017FEC0FF009010551006E056B300EB1
:10383000002600C010F900017FEC0FF00901D892BA
:103840000CC913F90BC912F90AC911F909C910F900
:10385000176B166B156B0A0E146F0001DEEC09F086
:1038600003C00CF902C00BF901C00AF900C009F944
:103870000901072F79D7000112000801D99151AC35
:103880004BEF22F000016C51140833E00101326B60
:10389000010E316F00018BEC0BF00901036B0A0E76
:1038A000026F046B056B020E066F076B00015AEC8A
:1038B0000EF0CE6B6C5178081CE0000E4FB8010E74
:1038C000006ED89000360050036A0F0FE96E010EAB
:1038D0000320EA6EECCFEDF8ED52EFCFECF8CDEC33
:1038E00017F003C0A6F102C0A5F101C0A4F100C009
:1038F000A3F16C517808D8A49DD0646B0701046BC8
:103900004F960001616BCC2D01D002D0010E616F8A
:10391000589E4F9A01019E6B9D6B9C6B9B6B000E9A
:103920004FB8010E006ED89000360050036A130F96
:10393000016E010E032201C0EAF8080103C0EBF892
:10394000000E4FB8010E006ED89000360050036A8A
:103950000F0FE96E010E0320EA6EECCFF3F8ED5283
:10396000EFCFF2F8A6C1F1F8A5C1F0F8A4C1EFF8C5
:10397000A3C1EEF800019FDCEBC8EAFFEAC8E9FF4B
:1039800002C0ECFFED5201C0EFFF000E4FB8010E78
:10399000006ED89000360050036A130FE96E010ED6
:1039A0000320EA6EECCFEBF8ED52EFCFEAF8080116
:1039B000EA5307E1EB5305E10101486B476B25D062
:1039C0000801000E4FB8010E006ED890003600506E
:1039D000036A130FE96E010E0320EA6EECCFEBF8D9
:1039E000ED52EFCFEAF8000E4FB8010E036A740FE4
:1039F000E96E000E0320EA6EEF50EA250101476FE1
:103A0000000E0801EB210101486F5951A3259B6F5E
:103A10005A51A4219C6F000EA5219D6F000EA62176
:103A20009E6F0601F79B0101AE6BAD6BAC6BCCC01A
:103A3000ABF100010101AA5307E1A95305E1A85325
:103A400003E1A751090805E2AA6BA96BA86B0A0E4E
:103A5000A76FA7530AE1A85308E1A95306E1AA53A7
:103A600004E1AA6BA96BA86BA76B00011CEC11F019
:103A7000CC5105E0010A08E0030A0BE00ED0C80EA5
:103A80008C6F020EBF6F09D0C90E8C6F080EBF6F0E
:103A900004D0CA0E8C6F030EBF6F0101A75306E15D
:103AA000A85304E1A95302E1AA5302E0000E01D099
:103AB000010E0801EB6F0901036B8CC002F9040EC3
:103AC000046F120E056F010E066FEBC807F90001B7
:103AD0005AEC0EF00801DD6BDC6BDB6BDA6BD99115
:103AE0000001CC2D03D00801D98100010801D9B112
:103AF00014D001015951A3250801DA6F01015A516F
:103B0000A4210801DB6F000E0101A5210801DC6F73
:103B1000000E0101A6210801DD6F010EC16FDB0E51
:103B2000C06F510E0901106F00017FEC0FF03D0EC8
:103B30000901106F00017FEC0FF0060EE96EDDC881
:103B400007F9DCC806F9DBC805F9DAC804F923DC93
:103B50005B0E0901106F00017FEC0FF0430E0901AD
:103B6000106F00017FEC0FF0010E0901046FDB0EF6
:103B7000036F040E056F1E0E066F010E076F85C0E2
:103B800008F9096B0001B8EC15F00801DF6BDE6B7A
:103B9000D9B11ED0000E4FB8010E006ED89000367D
:103BA0000050036A0F0FE96E010E0320EA6EECCF9E
:103BB0000BF9ED52EFCF0AF909010D6B320E0C6FC4
:103BC000000166EC0BF002C0DFF801C0DEF808016E
:103BD000010EC16FDB0EC06F760EF66E020EF76E31
:103BE000000EF86E030E0901066F00017AEC15F065
:103BF000000EE96EDFC807F9DEC806F99EEC14F086
:103C00005B0E0901106F00017FEC0FF0410E0901FE
:103C1000106F00017FEC0FF0000E0801D9B1010E0A
:103C2000036A840FE96E000E0320EA6EEFCFECF812
:103C30000101A72D06D0A85304E1A95302E1AA531C
:103C400002E0000E01D0010E0801ED6F010E090126
:103C5000046FDB0E036F290E056F1E0E066F010E3B
:103C6000076FECC808F9EDC809F90001B8EC15F0C8
:103C7000000E4FB8010E006ED89000360050036A57
:103C8000130FE96E010E0320EA6EECCF05F9ED5239
:103C9000EFCF04F90901076B066B00012DEC1AF058
:103CA0000801D9A104D00001776B786B0801010EDF
:103CB000C16FDB0EC06F800EF66E020EF76E000E47
:103CC000F86E030E0901066F00017AEC15F077C05B
:103CD00007F9110E0901086F000190EC0FF03A0E80
:103CE0000901106F00017FEC0FF078C007F9010E99
:103CF0000901086F000190EC0FF0200E0901106F10
:103D000000017FEC0FF0730E0901106F00017FECD2
:103D10000FF0000E0801D9B1010E036A840FE96E9D
:103D2000000E0320EA6EEFCFECF80101A751020864
:103D300006E1A85304E1A95302E1AA5302E0000EF0
:103D400001D0010E0801ED6F010E0901046FDB0EB9
:103D5000036F040E056F2C0E066F010E076FECC883
:103D600008F9EDC809F90001B8EC15F0000E0801DA
:103D7000D9B1010E036A840FE96E000E0320EA6ECA
:103D8000EFCFEAF80101A751020806E1A85304E1C8
:103D9000A95302E1AA5302E0000E01D0010E08016E
:103DA000EB6F0901026BB60E016F040E036F2C0E50
:103DB000046F010E056FEAC806F9EBC807F90001A8
:103DC0006DEC12F0000E4FB8010E006ED890003668
:103DD0000050036A130FE96E010E0320EA6EECCF68
:103DE000EBF8ED52EFCFEAF80801EA5323E1EB5389
:103DF00021E1D9B11FD00101A751020806E1A85362
:103E000004E1A95302E1AA5302E0000E01D0010E21
:103E10000801EA6F0901036B900E026F040E046F34
:103E20002C0E056F010E066FEAC807F900015AEC67
:103E30000EF00801000E4FB8010E036A740FE96E10
:103E4000000E0320EA6EEFCFEAF8010EC16FDB0E21
:103E5000C06F8E0EF66E020EF76E000EF86E030E39
:103E60000901066F00017AEC15F0EAC807F9110E96
:103E70000901086F000190EC0FF0200E0901106F8E
:103E800000017FEC0FF0730E0901106F00017FEC51
:103E90000FF00101A751030806E1A85304E1A9535B
:103EA00002E1AA5302E0000E01D0010E0801EC6FFE
:103EB000010E09010A6FDB0E096F290E0B6F2C0E24
:103EC0000C6F010E0D6FECC80EF9000134EC0FF011
:103ED0000801D9910001CC2D01D017D0000E4FB8A8
:103EE000010E006ED89000360050036A130FE96E81
:103EF000010E0320EA6EECCFEBF8ED52EFCFEAF8BB
:103F00000801EA5304E1EB5302E10801D981E30E11
:103F100000018C6F57AA02D0E20E8C6F000E0801D0
:103F2000D9B1010E036A840FE96E000E0320EA6E18
:103F3000EFCFEBF80101A751040806E1A85304E113
:103F4000A95302E1AA5302E0000E01D0010E0801BC
:103F5000EC6F0901026B8CC001F9040E036F3A0E7D
:103F6000046F010E056FEBC806F9ECC807F90001F4
:103F70006DEC12F00801E36BE26B480EE16F850E09
:103F8000E06FD9910001CC5303E10801D981000110
:103F90000801D9B12ED0ED6BEC6B34C1EBF833C115
:103FA000EAF8F16BF06B34C1EFF833C1EEF8EDC80D
:103FB0000EF9ECC80DF934C10CF933C10BF9F1C895
:103FC00012F9F0C811F934C110F933C10FF936C133
:103FD00014F935C113F963C015F90001B6EC1AF0F4
:103FE00003C0E3F802C0E2F801C0E1F800C0E0F865
:103FF0000801010EC16FDB0EC06F470E0901106F83
:1040000000017FEC0FF03D0E0901106F00017FEC05
:104010000FF0020EE96EE3C803F9E2C802F9E1C845
:1040200001F9E0C800F90901046F00015EEC1BF022
:10403000250E0901106F00017FEC0FF0200E090121
:10404000106F00017FEC0FF0200E0901106F0001CE
:104050007FEC0FF0010E0901046FDB0E036F290ED8
:10406000056F3A0E066F010E076F85C008F9096BE0
:104070000001B8EC15F00801E56BE46BD9B110D084
:104080000CC10BF90BC10AF909010D6B320E0C6F53
:10409000000166EC0BF002C0E5F801C0E4F808018D
:1040A000010EC16FDB0EC06F980EF66E020EF76E3A
:1040B000000EF86E030E0901066F00017AEC15F090
:1040C000000EE96EE5C807F9E4C806F99EEC14F0A5
:1040D0005B0E0901106F00017FEC0FF0410E09012A
:1040E000106F00017FEC0FF0000E0801D9B1010E36
:1040F000036A840FE96E000E0320EA6EEFCFECF83E
:104100000101A751050806E1A85304E1A95302E102
:10411000AA5302E0000E01D0010E0801ED6F010E5E
:104120000901046FDB0E036F040E056F480E066F66
:10413000010E076FECC808F9EDC809F90001B8ECE9
:1041400015F00EC105F90DC104F90901076B066BE5
:1041500000012DEC1AF00801D9A104D00001776B01
:10416000786B0801010EC16FDB0EC06FA20EF66EF8
:10417000020EF76E000EF86E030E0901066F0001C5
:104180007AEC15F077C007F9110E0901086F0001EC
:1041900090EC0FF03A0E0901106F00017FEC0FF068
:1041A00078C007F9010E0901086F000190EC0FF0CB
:1041B000200E0901106F00017FEC0FF0730E090152
:1041C000106F00017FEC0FF0000E0801D9B1010E55
:1041D000036A840FE96E000E0320EA6EEFCFECF85D
:1041E0000101A751060806E1A85304E1A95302E121
:1041F000AA5302E0000E01D0010E0801ED6F010E7E
:104200000901046FDB0E036F290E056F480E066F60
:10421000010E076FECC808F9EDC809F90001B8EC08
:1042200015F0000E0801D9B1010E036A840FE96E82
:10423000000E0320EA6EEFCFEAF80101A75106084D
:1042400006E1A85304E1A95302E1AA5302E0000EDB
:1042500001D0010E0801EB6F0901026BB60E016F70
:10426000290E036F480E046F010E056FEAC806F9A8
:10427000EBC807F900016DEC12F0010E8C6F63536F
:1042800008E1BA0E8C6F0701205304E1B90E00015A
:104290008C6F0701000E0801D9B1010E036A840F6B
:1042A000E96E000E0320EA6EEFCFEBF80101A75193
:1042B000070806E1A85304E1A95302E1AA5302E06A
:1042C000000E01D0010E0801EC6F0901026B8CC0D9
:1042D00001F9040E036F560E046F010E056FEBC853
:1042E00006F9ECC807F900016DEC12F00801E76B64
:1042F000E66BD9B104D034C1E7F833C1E6F8010E5A
:10430000C16FDB0EC06FB00EF66E020EF76E000EC0
:10431000F86E030E0901066F00017AEC15F0010E2C
:10432000E96EE7C807F9E6C806F99EEC14F0B70E87
:10433000F66E020EF76E000EF86E030E0901066FA0
:1043400000017AEC15F0000E0801D9B1010E036AE4
:10435000840FE96E000E0320EA6EEFCFECF8010146
:10436000A751080806E1A85304E1A95302E1AA53A2
:1043700002E0000E01D0010E0801ED6F010E0901EF
:10438000046FDB0E036F290E056F560E066F010ECC
:10439000076FECC808F9EDC809F90001B8EC15F091
:1043A0000801E96BE86BD9B104D036C1E9F835C131
:1043B000E8F8010EC16FDB0EC06F460E0901106FE9
:1043C00000017FEC0FF03D0E0901106F00017FEC42
:1043D0000FF0010EE96EE9C807F9E8C806F99EEC8E
:1043E00014F0480E0901106F00017FEC0FF07A0EF7
:1043F0000901106F00017FEC0FF0000E0801D9B128
:10440000010E036A840FE96E000E0320EA6EEFCFFF
:10441000ECF80101A751090806E1A85304E1A953EA
:1044200002E1AA5302E0000E01D0010E0801ED6F77
:10443000010E0901046FDB0E036F040E056F640E9D
:10444000066F010E076FECC808F9EDC809F9000105
:10445000B8EC15F00101A7510A0806E1A85304E1E0
:10446000A95302E1AA5302E0000E01D0010E080197
:10447000EA6F0901036B910E026F040E046F730E55
:10448000056F010E066FEAC807F900015AEC0EF03D
:104490006BC06CF00801519C000E016E000112000F
:1044A0000801DF6BDE6BDD6BDC6B0101846B836B02
:1044B000826B816B0001C05303E1C153D8B4AED00D
:1044C000C253D8B4ABD01B6AF2BE1B8EF29EDBC8BF
:1044D00079F9DAC878F948EC05F01BBEF28E03C012
:1044E000E3F802C0E2F801C0E1F800C0E0F81B6A9E
:1044F000F2BE1B8EF29E03C07BF902C07AF901C0A6
:1045000079F900C078F909017F6B7E6B480E7D6FE9
:10451000840E7C6F000163EC05F01BBEF28E03C0BD
:10452000E3F802C0E2F801C0E1F800C0E0F8C251CF
:10453000C025016E000EC121036E01501B6AF2BE40
:104540001B8EF29E0901786F03C079F9000148ECD7
:1045500005F01BBEF28E1B6AF2BE1B8EF29EE3C8F4
:104560007BF9E2C87AF9E1C879F9E0C878F903C0C3
:104570007FF902C07EF901C07DF900C07CF963ECCF
:1045800005F01BBEF28E03C0E3F802C0E2F801C0E2
:10459000E1F800C0E0F803C026F902C025F901C027
:1045A00024F900C023F909012A6B296B286B800EBE
:1045B000276F000172EC0AF003C010F902C00FF976
:1045C00001C00EF900C00DF9ACEC17F003C084F186
:1045D00002C083F101C082F100C081F1C251C02547
:1045E000016E000EC121036E01C0E0F80801E16F09
:1045F000D89284C113F983C112F982C111F981C122
:1046000010F90901176B166B156F01C014F9000141
:10461000DEEC09F001C086F100C085F11B6AF2BE34
:104620001B8EF29EDBC879F9DAC878F948EC05F000
:104630001BBEF28E03C0E3F802C0E2F801C0E1F84D
:1046400000C0E0F81B6AF2BE1B8EF29E03C07BF92D
:1046500002C07AF901C079F900C078F909017F6BCD
:104660007E6B480E7D6F840E7C6F000163EC05F05D
:104670001BBEF28E03C0E3F802C0E2F801C0E1F80D
:1046800000C0E0F81B6AF2BE1B8EF29E80C179F971
:104690007FC178F948EC05F01BBEF28E1B6AF2BEB2
:1046A0001B8EF29EE3C87BF9E2C87AF9E1C879F97A
:1046B000E0C878F903C07FF902C07EF901C07DF936
:1046C00000C07CF963EC05F01BBEF28E03C0DFF87E
:1046D00002C0DEF801C0DDF800C0DCF8DFC810F968
:1046E000DEC80FF9DDC80EF9DCC80DF9ACEC17F027
:1046F00012000900F55211E0F6CF00F9F7CF01F9E9
:10470000F8CF02F9F5CF10F97FEC0FF000C9F6FFF2
:1047100001C9F7FF02C9F8FFECD712000801D991CF
:1047200051AC54D300016C511E0822E08BEC0BF00D
:104730000901036B720E026F046B056B020E066FAC
:10474000076B00015AEC0EF06C5182080DE07EC13F
:10475000DBF87DC1DAF8A4DE03C0BAF102C0B9F11A
:1047600001C0B8F100C0B7F1040EBF6F010ECE6FEB
:104770001CEC11F06C51820823E1646B0701046B9F
:104780004F960601F7914F9A01017F5305E180533F
:1047900003E1486B476B0AD00001C05101017F253E
:1047A000476F0001C15101018021486F0601F79B4D
:1047B0000101AE6BAD6B7EC1ACF17DC1ABF100010F
:1047C0001CEC11F00101AA5307E1A95305E1A8531C
:1047D00003E1A751060805E2AA6BA96BA86B070EB7
:1047E000A76FAA530CE1A9530AE1A85308E1A75106
:1047F000010805E3AA6BA96BA86B010EA76F08015E
:10480000D99101017F5305E1805303E10801D9816A
:1048100001018151B7250801DA6F01018251B821E8
:104820000801DB6F01018351B9210801DC6F01012F
:104830008451BA210801DD6F010EC16FDB0EC06F1C
:10484000510E0901106F00017FEC0FF03D0E0901C0
:10485000106F00017FEC0FF0070EE96EDDC807F95D
:10486000DCC806F9DBC805F9DAC804F9CBEC19F0A5
:10487000C20EF66E020EF76E000EF86E030E090100
:10488000066F00017AEC15F0010E0901046FDB0ED2
:10489000036F040E056F1E0E066F010E076F85C0B5
:1048A00008F9096B0001B8EC15F07EC10BF97DC168
:1048B0000AF909010D6B320E0C6F000166EC0BF06A
:1048C00002C0DBF801C0DAF8010E0801C16FDB0E8F
:1048D000C06F490E0901106F00017FEC0FF03D0E13
:1048E0000901106F00017FEC0FF0000EE96EDBC8CC
:1048F00007F9DAC806F99EEC14F0CC0EF66E020E3B
:10490000F76E000EF86E030E0901066F00017AECD7
:1049100015F00101A72D06D0A85304E1A95302E127
:10492000AA5302E0000E01D0010E0801DC6F010E57
:1049300009010A6FDB0E096F290E0B6F1E0E0C6F3B
:10494000010E0D6FDCC80EF9000134EC0FF0E30E20
:104950008C6F57AC02D0E20E8C6F000E0801D9B1FB
:10496000010E036A840FE96E000E0320EA6EEFCF9A
:10497000DBF80101A751020806E1A85304E1A9539D
:1049800002E1AA5302E0000E01D0010E0801DC6F23
:104990000901026B8CC001F9040E036F2C0E046F29
:1049A000010E056FDBC806F9DCC807F900016DECE4
:1049B00012F080C105F97FC104F90901076B066B8C
:1049C00000012DEC1AF0010E0801C16FDB0EC06F63
:1049D000D00EF66E020EF76E000EF86E030E090191
:1049E000066F00017AEC15F077C007F9110E090186
:1049F000086F000190EC0FF03A0E0901106F0001F2
:104A00007FEC0FF078C007F9010E0901086F000173
:104A100090EC0FF0200E0901106F00017FEC0FF0F9
:104A2000730E0901106F00017FEC0FF00101A75117
:104A3000030806E1A85304E1A95302E1AA5302E0E6
:104A4000000E01D0010E0801DC6F010E09010A6F92
:104A5000DB0E096F290E0B6F2C0E0C6F010E0D6F04
:104A6000DCC80EF9000134EC0FF001017F5320E1A6
:104A700080531EE1A751030806E1A85304E1A9539E
:104A800002E1AA5302E0000E01D0010E0801DA6F24
:104A90000901036B900E026F290E046F2C0E056F37
:104AA000010E066FDAC807F900015AEC0EF0010199
:104AB000010E0801C16FDB0EC06FDE0EF66E020E36
:104AC000F76E000EF86E040E0901066F00017AEC15
:104AD00015F0000EE96EC1C007F9C0C006F99EECE2
:104AE00014F0200E0901106F00017FEC0FF0730E1F
:104AF0000901106F00017FEC0FF00101A7510408BC
:104B000006E1A85304E1A95302E1AA5302E0000E12
:104B100001D0010E0801DC6F010E09010A6FDB0EE6
:104B2000096F040E0B6F3A0E0C6F010E0D6FDCC88F
:104B30000EF9000134EC0FF0010E0801C16FDB0E1D
:104B4000C06FEA0EF66E020EF76E000EF86E040EDF
:104B50000901066F00017AEC15F0C2C007F9110EC9
:104B60000901086F000190EC0FF0200E0901106F91
:104B700000017FEC0FF0730E0901106F00017FEC54
:104B80000FF00101A751050806E1A85304E1A9535C
:104B900002E1AA5302E0000E01D0010E0801DC6F11
:104BA000010E09010A6FDB0E096F290E0B6F3A0E19
:104BB0000C6F010E0D6FDCC80EF9000134EC0FF024
:104BC000010E0801C16FDB0EC06F530E0901106F9B
:104BD00000017FEC0FF03D0E0901106F00017FEC2A
:104BE0000FF0020EE96EC6C003F9C5C002F9C4C0D9
:104BF00001F9C3C000F9010E0901046F00015EEC68
:104C00001BF0020E0801C16F170EC06FF40EF66E96
:104C1000020EF76E000EF86E00016BDD0101A75168
:104C2000060806E1A85304E1A95302E1AA5302E0F1
:104C3000000E01D0010E0801DC6F020E09010A6F9F
:104C4000170E096F290E0B6F480E0C6F010E0D6FBA
:104C5000DCC80EF9000134EC0FF00101A751060881
:104C600006E1A85304E1A95302E1AA5302E0000EB1
:104C700001D0010E0801DC6F010E09010A6FDB0E85
:104C8000096F290E0B6F480E0C6F010E0D6FDCC8FB
:104C90000EF9000134EC0FF07EC10BF97DC10AF969
:104CA00009010D6B320E0C6F000166EC0BF002C0B7
:104CB000DBF801C0DAF81B6AF2BE1B8EF29E02C05E
:104CC00079F901C078F948EC05F01BBEF28E03C0FB
:104CD00026F902C025F901C024F900C023F9C6C095
:104CE0002AF9C5C029F9C4C028F9C3C027F972EC54
:104CF0000AF003C010F902C00FF901C00EF900C09C
:104D00000DF9ACEC17F003C0BEF102C0BDF101C05B
:104D1000BCF100C0BBF1010E0801C16FDB0EC06F1A
:104D20006A0E0901106F00017FEC0FF03D0E0901C2
:104D3000106F00017FEC0FF0030EE96EBEC107F9A2
:104D4000BDC106F9BCC105F9BBC104F9CBEC19F032
:104D5000060EF66E030EF76E000EF86E070E0901D2
:104D6000066F00017AEC15F0010E0901046FDB0EED
:104D7000036F040E056F480E066F010E076F85C0A6
:104D800008F9096B0001B8EC15F00101A7510708FB
:104D900006E1A85304E1A95302E1AA5302E0000E80
:104DA00001D0010E0801DA6F0901036B910E026F49
:104DB000040E046F730E056F010E066FDAC807F953
:104DC00000015AEC0EF06BC06CF00801519C000E13
:104DD000016E00011200800ED8A202D00901111B41
:104DE0000901166B176B0DC915F91151151B0C51E3
:104DF000D8B4E0D0146F14C900F01051D8B4E3D087
:104E0000145FD8B483D03EE311C91AF91A8F12C9BE
:104E100019F913C918F9176BD8901A3319331833C5
:104E20001733142FF8D715AF03D01681E0D01691A1
:104E300014911689090EEA6E0F0EE96EEBD01699E1
:104E400015BF0AD014A113D01A33193318331733EE
:104E5000002AD8B4C7D00BD01ABF0CD0D8901737BF
:104E6000183719371A370006D8B4BCD0F5D7168DC5
:104E70006DD0169D0DC915F915AF02D01A8FABD0A4
:104E80001A9FA9D010C914F914C900F00C51145F6D
:104E90000DC91AF91A8F0EC919F90FC918F9176B2C
:104EA000D8901A33193318331733142FF8D715AF96
:104EB00003D016839CD016931491168B090EEA6EBC
:104EC000130EE96EA7D0169B15BF0AD014A113D0FC
:104ED0001A33193318331733002AD8B483D00BD0C0
:104EE0001ABF0CD0D8901737183719371A37000661
:104EF000D8B478D0F5D7168F29D0169F11C915F9D7
:104F000015AF02D01A8F67D01A9F65D011C91AF950
:104F10001A8F12C919F913C918F915AF04D01A9FBD
:104F2000168565D01695176B1491090EEA6E0F0E53
:104F3000E96E70D015BF1CD00DC915F914A106D0AB
:104F40001A33193318331733002A4CE017AF0BD03C
:104F5000182B09E1192B07E11A2B05E11A33193334
:104F60001833002A3FE016BD84D716BFC6D71CD021
:104F7000800E1A1B1AAF04D03AD011C915F90AD005
:104F80000DC915F91A5306E1195304E1185302E14A
:104F9000006A21D01ABF08D0D890173718371937B0
:104FA0001A37002EF7D71ED015AF02D01A8F13D0A4
:104FB0001A9F11D010C900F011C91AF912C919F9B4
:104FC00013C918F908D00CC900F00DC91AF90EC997
:104FD00019F90FC918F91AC901F019C902F018C94D
:104FE00003F034D0006A016A026A036A2FD0176B9B
:104FF000181F191F1A1F171F172B05E1182B03E184
:10500000192B01E11A2B16B112D716B354D716B5C6
:1050100089D7B3D7EF50182705E3192B03E11A2BD3
:10502000D8B41481ED52EF50192703E31A2BD8B4EA
:105030001481ED52EF50EFBE01D0800A1A27D8B08C
:10504000148116B9FCD616BB3ED774D700011200E6
:105050001B6AF2BE1B8EF29EE7C879F9E6C878F9A2
:1050600048EC05F01BBEF28E03C026F902C025F9FC
:1050700001C024F900C023F909012A6B296B480EED
:10508000286F840E276F000172EC0AF003C0EBF862
:1050900002C0EAF801C0E9F800C0E8F8D89203C0FD
:1050A0000FF902C00EF901C00DF900C00CF9090199
:1050B000136B126B116B7E0E106F00018CDE1B6A7E
:1050C000F2BE1B8EF29E03C07BF902C07AF901C0CA
:1050D00079F900C078F9DEEC05F01BBEF28E02C053
:1050E000E9F801C0E8F802C00BF901C00AF90901AA
:1050F0000D6B320E0C6F000166EC0BF002C003F07A
:1051000002C002F012001B6AF2BE1B8EF29EE7C8BC
:1051100079F9E6C878F948EC05F01BBEF28E03C0B9
:1051200026F902C025F901C024F900C023F90901BC
:105130002A6B296B200E286F820E276F000172ECFC
:105140000AF003C0EBF802C0EAF801C0E9F800C0B9
:10515000E8F8D89203C00FF902C00EF901C00DF9AA
:1051600000C00CF90901136B126B116B7E0E106FEE
:10517000000131DE1B6AF2BE1B8EF29E03C07BF97A
:1051800002C07AF901C079F900C078F9DEEC05F0C7
:105190001BBEF28E02C0E9F801C0E8F802C00BF9AC
:1051A00001C00AF909010D6B0A0E0C6F000166ECD3
:1051B0000BF002C003F002C002F012001B6AF2BE44
:1051C0001B8EF29EE7C879F9E6C878F948EC05F03D
:1051D0001BBEF28E03C026F902C025F901C024F9D6
:1051E00000C023F909012A6B296B286B7F0E276FFA
:1051F000000172EC0AF003C0EBF802C0EAF801C04B
:10520000E9F800C0E8F8D89203C00FF902C00EF91F
:1052100001C00DF900C00CF90901136B126B116B81
:105220007E0E106F0001D7DD1B6AF2BE1B8EF29E50
:1052300003C07BF902C07AF901C079F900C078F99E
:10524000DEEC05F01BBEF28E02C0E9F801C0E8F802
:10525000080101C001F002C002F00001120051ACCF
:10526000D6EF30F00801DF9100016C5150083EE0AC
:105270000601F79B00016C51530805E00101326BF8
:10528000010E316F00018BEC0BF00901036B070E6F
:10529000026F046B056B020E066F076B00015AEC80
:1052A0000EF0050EBF6F020ECE6F6C51B4080DE10B
:1052B0000101AE6BAD6B4FC2ACF14EC2ABF1AA6B4C
:1052C000A96BA86B080EA76F00010101A751080880
:1052D0000CE1A8530AE1A95308E1AA5306E1AE6B19
:1052E000AD6B4FC2ACF14EC2ABF100010101AA534C
:1052F00007E1A95305E1A85303E1A7510A0805E214
:10530000AA6BA96BA86B0A0EA76FAA530CE1A9534D
:105310000AE1A85308E1A751080805E3AA6BA96BA5
:10532000A86B080EA76F00011CEC11F0010E8C6F2A
:105330000101A75306E1A85304E1A95302E1AA53CE
:1053400002E0000E01D0010E0801E66F0901026BB8
:105350008CC001F9040E036F1E0E046F010E056F61
:1053600085C006F9E6C807F900016DEC12F0010EE0
:105370000801C16FDB0EC06F0E0EF66E030EF76EE6
:10538000000EF86E030E0901066F00017AEC15F0AD
:10539000010EE96E45C207F944C206F99EEC14F00D
:1053A000150EF66E030EF76E000EF86E030E090171
:1053B000066F00017AEC15F00101A72D06D0A85365
:1053C00004E1A95302E1AA5302E0000E01D0010E4C
:1053D0000801E76F010E0901046FDB0E036F290E50
:1053E000056F1E0E066F010E076F85C008F9E7C82E
:1053F00009F90001B8EC15F0010E0801C16FDB0ED0
:10540000C06F1A0EF66E030EF76E000EF86E030EE6
:105410000901066F00017AEC15F0010EE96E47C232
:1054200007F946C206F99EEC14F00101A7510208E3
:1054300006E1A85304E1A95302E1AA5302E0000ED9
:1054400001D0010E0801E76F010E0901046FDB0EA8
:10545000036F040E056F2C0E066F010E076F85C0DB
:1054600008F9E7C809F90001B8EC15F045C211F9CF
:1054700044C210F9030E0901136FE80E126F000108
:1054800089EC17F002C003F001501B6AF2BE1B8EBC
:10549000F29E0901786F02C079F9000148EC05F02D
:1054A0001BBEF28E03C0DEF802C0DDF801C0DCF8DE
:1054B00000C0DBF8020143532DE0D89044350801C9
:1054C000E46F020145350801E56FE8CF11F9E4C842
:1054D00010F9030E0901136FE80E126F000189EC39
:1054E00017F002C003F001501B6AF2BE1B8EF29E41
:1054F0000901786F02C079F9000148EC05F01BBE84
:10550000F28E03C0DEF802C0DDF801C0DCF800C096
:10551000DBF802011B6AF2BE1B8EF29EDEC87BF92D
:10552000DDC87AF9DCC879F9DBC878F90001DEEC6E
:1055300005F01BBEF28E010E08010124D96F000E8A
:105540000220DA6FDEC8FBF8DDC8FAF8DCC8F9F82B
:10555000DBC8F8F8FF6BFE6BFD6B7F0EFC6F000184
:1055600006EC19F005E30801DA6B010ED96F0001B2
:105570000801DA5305E1020148510801D95D02E34F
:10558000D9C848F2E06BDF910201475306E146516A
:10559000010803E30801DF8102010801DFB102D045
:1055A00048C2E0F8010EC16FDB0EC06F220EF66E2E
:1055B000030EF76E000EF86E030E0901066F000170
:1055C0007AEC15F0010E0801E46F200E0901106F4E
:1055D00000017FEC0FF00801E42FF7D7E0C807F9CE
:1055E000130E0901086F000190EC0FF0280EF66E03
:1055F000030EF76E000EF86E030E0901066F000130
:105600007AEC15F00101A751030806E1A85304E163
:10561000A95302E1AA5302E0000E01D0010E0801D5
:10562000E76F010E0901046FDB0E036F290E056F92
:105630002C0E066F010E076F85C008F9E7C809F93F
:105640000001B8EC15F0010E0801C16FDB0EC06F50
:105650002C0EF66E030EF76E000EF86E030E0901A7
:10566000066F00017AEC15F0010E0801E46F200EC0
:105670000901106F00017FEC0FF00801E42FF7D74C
:1056800049C207F9130E0901086F000190EC0FF0F1
:105690000101A751040806E1A85304E1A95302E15E
:1056A000AA5302E0000E01D0010E0801E76F010EBF
:1056B0000901046FDB0E036F040E056F3A0E066FCF
:1056C000010E076F85C008F9E7C809F90001B8ECB9
:1056D00015F0010E0201465D0801E46F000E0201A3
:1056E00047590801E56FE8CF0BF9E4C80AF9090149
:1056F0000D6B48C20CF9000166EC0BF002C0E5F836
:1057000001C0E4F845C211F944C210F9030E0901C1
:10571000136FE80E126F000189EC17F002C003F05E
:1057200001500801E425016EE551032201501B6A76
:10573000F2BE1B8EF29E0901786F03C079F9000159
:1057400048EC05F01BBEF28E03C0DEF802C0DDF8A7
:1057500001C0DCF800C0DBF8020143534CE0010E4D
:10576000465D0801E46F000E020147590801E56F2C
:10577000E8CF0BF9E4C80AF909010D6B48C20CF92E
:10578000000166EC0BF002C0E5F801C0E4F8D89027
:10579000020144350801E66F020145350801E76F53
:1057A000E8CF11F9E6C810F9030E0901136FE80EEE
:1057B000126F000189EC17F002C003F001500801DC
:1057C000E425016EE551032201501B6AF2BE1B8ED7
:1057D000F29E0901786F03C079F9000148EC05F0E9
:1057E0001BBEF28E03C0DEF802C0DDF801C0DCF89B
:1057F00000C0DBF802010801DA6B320ED96FFB6BD7
:10580000FA6B480EF96F840EF86FDEC8FFF8DDC83A
:10581000FEF8DCC8FDF8DBC8FCF8000106EC19F066
:1058200002E2D8A410D11B6AF2BE1B8EF29EDEC823
:105830007BF9DDC87AF9DCC879F9DBC878F9DEECE8
:1058400005F01BBEF28E02C0E5F801C0E4F802C00C
:10585000E7F801C0E6F828EC28F002C0DAF801C049
:10586000D9F81B6AF2BE1B8EF29EDEC87BF9DDC83A
:105870007AF9DCC879F9DBC878F9DEEC05F01BBEF3
:10588000F28E02C0E5F801C0E4F802C0E7F801C0FA
:10589000E6F828EC28F002C0E5F801C0E4F81B6A3D
:1058A000F2BE1B8EF29E02C079F901C078F948EC75
:1058B00005F01BBEF28E03C0FBF802C0FAF801C06F
:1058C000F9F800C0F8F8DEC8FFF8DDC8FEF8DCC85B
:1058D000FDF8DBC8FCF806EC19F001E222E11B6AD6
:1058E000F2BE1B8EF29EDEC87BF9DDC87AF9DCC8F9
:1058F00079F9DBC878F9DEEC05F01BBEF28E02C048
:10590000E5F801C0E4F802C0E7F801C0E6F828ECC9
:1059100028F0320E08010124D96F000E0220DA6F40
:105920000001DEC8FBF8DDC8FAF8DCC8F9F8DBC80E
:10593000F8F80801FF6BFE6B7A0EFD6F880EFC6FA6
:10594000000106EC19F0D8A07ED01B6AF2BE1B8EB7
:10595000F29EDEC87BF9DDC87AF9DCC879F9DBC8CC
:1059600078F9DEEC05F01BBEF28E02C0E5F801C04E
:10597000E4F802C0E7F801C0E6F883EC28F002C0C2
:10598000DAF801C0D9F81B6AF2BE1B8EF29EDEC89F
:105990007BF9DDC87AF9DCC879F9DBC878F9DEEC87
:1059A00005F01BBEF28E02C0E5F801C0E4F802C0AB
:1059B000E7F801C0E6F883EC28F002C0E5F801C082
:1059C000E4F81B6AF2BE1B8EF29E02C079F901C098
:1059D00078F948EC05F01BBEF28E03C0FBF802C05C
:1059E000FAF801C0F9F800C0F8F8DEC8FFF8DDC821
:1059F000FEF8DCC8FDF8DBC8FCF806EC19F001E2A3
:105A000022E11B6AF2BE1B8EF29EDEC87BF9DDC866
:105A10007AF9DCC879F9DBC878F9DEEC05F01BBE51
:105A2000F28E02C0E5F801C0E4F802C0E7F801C058
:105A3000E6F883EC28F00A0E08010124D96F000E65
:105A40000220DA6F000102014B510801DA5D0AE31E
:105A500005E102014A510801D95D04E3DAC84BF2BD
:105A6000D9C84AF2E26BE16BDF91020149510108AA
:105A700003E30801DF8102010801DFB104D04BC25A
:105A8000E2F84AC2E1F8010EC16FDB0EC06F340EBE
:105A9000F66E030EF76E000EF86E030E0901066F28
:105AA00000017AEC15F0010EE96EE2C807F9E1C8D1
:105AB00006F99EEC14F03B0EF66E030EF76E000E28
:105AC000F86E030E0901066F00017AEC15F0010172
:105AD000A751050806E1A85304E1A95302E1AA531E
:105AE00002E0000E01D0010E0801E76F010E09016E
:105AF000046FDB0E036F290E056F3A0E066F010E61
:105B0000076F85C008F9E7C809F90001B8EC15F07E
:105B1000010E0801C16FDB0EC06F400EF66E030E62
:105B2000F76E000EF86E030E0901066F00017AECA5
:105B300015F0010E0801E46F200E0901106F00013D
:105B40007FEC0FF00801E42FF7D74CC207F9130ED2
:105B50000901086F000190EC0FF00101A751060840
:105B600006E1A85304E1A95302E1AA5302E0000EA2
:105B700001D0010E0801E76F010E0901046FDB0E71
:105B8000036F040E056F480E066F010E076F85C088
:105B900008F9E7C809F90001B8EC15F0010E020197
:105BA000495D0801E56F09010B6B0A6F4BC20DF9E6
:105BB0004AC20CF9000166EC0BF002C0E5F801C026
:105BC000E4F8010E0201465D0801E66F000E0201D5
:105BD00047590801E76FE8CF0BF9E6C80AF9090150
:105BE0000D6B48C20CF9000166EC0BF002C003F02B
:105BF00001500801E4270250E52345C211F944C2CF
:105C000010F9030E0901136FE80E126F000189EC01
:105C100017F002C003F001500801E4270250E52309
:105C2000E5C811F9E4C810F9030E0901136FE80E75
:105C3000126F000189EC17F002C003F001501B6ADB
:105C4000F2BE1B8EF29E0901786F02C079F9000145
:105C500048EC05F01BBEF28E03C0DEF802C0DDF892
:105C600001C0DCF800C0DBF8020143536FE0010E15
:105C7000495D0801E56F09010B6B0A6F4BC20DF915
:105C80004AC20CF9000166EC0BF002C0E5F801C055
:105C9000E4F8010E0201465D0801E66F000E020104
:105CA00047590801E76FE8CF0BF9E6C80AF909017F
:105CB0000D6B48C20CF9000166EC0BF002C003F05A
:105CC00001500801E4270250E523D8900201443531
:105CD0000801E66F020145350801E76FE8CF11F9C9
:105CE000E6C810F9030E0901136FE80E126F0001E8
:105CF00089EC17F002C003F001500801E4270250BC
:105D0000E523E5C811F9E4C810F9030E0901136F82
:105D1000E80E126F000189EC17F002C003F0015089
:105D20001B6AF2BE1B8EF29E0901786F02C079F9E0
:105D3000000148EC05F01BBEF28E03C0DEF802C085
:105D4000DDF801C0DCF800C0DBF802010801DA6B05
:105D5000010ED96FFB6BFA6BF96B7F0EF86FDEC823
:105D6000FFF8DDC8FEF8DCC8FDF8DBC8FCF8000170
:105D700006EC19F002E2D8A47ED01B6AF2BE1B8E9C
:105D8000F29EDEC87BF9DDC87AF9DCC879F9DBC898
:105D900078F9DEEC05F01BBEF28E02C0E5F801C01A
:105DA000E4F802C0E7F801C0E6F8DEEC28F002C033
:105DB000DAF801C0D9F81B6AF2BE1B8EF29EDEC86B
:105DC0007BF9DDC87AF9DCC879F9DBC878F9DEEC53
:105DD00005F01BBEF28E02C0E5F801C0E4F802C077
:105DE000E7F801C0E6F8DEEC28F002C0E5F801C0F3
:105DF000E4F81B6AF2BE1B8EF29E02C079F901C064
:105E000078F948EC05F01BBEF28E03C0FBF802C027
:105E1000FAF801C0F9F800C0F8F8DEC8FFF8DDC8EC
:105E2000FEF8DCC8FDF8DBC8FCF806EC19F001E26E
:105E300022E11B6AF2BE1B8EF29EDEC87BF9DDC832
:105E40007AF9DCC879F9DBC878F9DEEC05F01BBE1D
:105E5000F28E02C0E5F801C0E4F802C0E7F801C024
:105E6000E6F8DEEC28F0010E08010124D96F000EDF
:105E70000220DA6F00010801DA5305E102014D51F9
:105E80000801D95D02E3D9C84DF24DC2E3F8DF91B4
:105E900002014C51010803E30801DF8102010801FE
:105EA000DFA103D0E36BD9C84DF2010EC16FDB0E49
:105EB000C06F480EF66E030EF76E000EF86E030EFE
:105EC0000901066F00017AEC15F0010E0801E46F7C
:105ED000200E0901106F00017FEC0FF00801E42F84
:105EE000F7D7E3C807F9130E0901086F000190EC1A
:105EF0000FF0200E0901106F00017FEC0FF0730E00
:105F00000901106F00017FEC0FF00101A751070894
:105F100006E1A85304E1A95302E1AA5302E0000EEE
:105F200001D0010E0801E76F010E0901046FDB0EBD
:105F3000036F290E056F480E066F010E076F85C0AF
:105F400008F9E7C809F90001B8EC15F04FC20BF9E0
:105F50004EC20AF909010D6B640E0C6F000166EC6C
:105F60000BF002C0E5F801C0E4F8010E0801C16FB2
:105F7000DB0EC06F520EF66E030EF76E000EF86E5B
:105F8000030E0901066F00017AEC15F0000EE96EB0
:105F9000E5C807F9E4C806F99EEC14F0590EF66E50
:105FA000030EF76E000EF86E030E0901066F000176
:105FB0007AEC15F00101A751080806E1A85304E1A5
:105FC000A95302E1AA5302E0000E01D0010E08011C
:105FD000E66F010E09010A6FDB0E096F040E0B6FED
:105FE000560E0C6F010E0D6FE6C80EF9000134EC71
:105FF0000FF00801E56B4DC2E4F8036A4CC2E6F805
:1060000003C0E7F8E5C80BF94DC20AF903C00DF962
:106010004CC20CF9000166EC0BF002C0E5F801C0BF
:10602000E4F80801E76B49C2E6F8010EE65D006E90
:10603000000EE759036E00C0E6F8E76F4BC20BF99C
:106040004AC20AF9E8CF0DF900C00CF9000166EC6C
:106050000BF002C0E7F801C0E6F80801E96B48C29E
:10606000E8F8010E0201465D006E000E4759036E0E
:1060700000C0EAF80801EB6FE9C80BF948C20AF959
:10608000E8CF0DF900C00CF9000166EC0BF002C07E
:1060900003F001500801E6270250E723E7C811F991
:1060A000E6C810F9030E0901136FE80E126F000124
:1060B00089EC17F001500801E4270250E523020E95
:1060C000E4250201506F000E0801E5210201516F25
:1060D00051C205F950C204F90901076B066B0001B2
:1060E0002DEC1AF0010E0801C16FDB0EC06F5E0EC1
:1060F000F66E030EF76E000EF86E030E0901066FC2
:1061000000017AEC15F077C007F9110E0901086F4C
:10611000000190EC0FF03A0E0901106F00017FECC6
:106120000FF078C007F9010E0901086F000190EC2B
:106130000FF0200E0901106F00017FEC0FF0730EBD
:106140000901106F00017FEC0FF0010E0901046FCF
:10615000DB0E036F290E056F560E066F010E076FDB
:1061600085C008F9096B0001B8EC15F00101A751D1
:106170000A0806E1A85304E1A95302E1AA5302E088
:10618000000E01D0010E0801E46F0901036B910EAE
:10619000026F040E046F730E056F010E066FE4C8E4
:1061A00007F900015AEC0EF06BC06CF0519C000E28
:1061B000016E12001A0E0901076F4A0E086F5A0E7F
:1061C000096F0001D9EC10F01200EC0ECE25080189
:1061D000D96F0101A75306E1A85304E1A95302E1D5
:1061E000AA5302E0000E01D0010E0801DA6F090186
:1061F000036BD9C802F9050E046F120E056F010E6C
:10620000066FDAC807F900015AEC0EF00101A72D5C
:1062100006D0A85304E1A95302E1AA5302E0000EFC
:1062200001D0010E0801D96F0901036B5F0E026FE7
:10623000050E046F280E056F066BD9C807F900011B
:106240005AEC0EF00101A751020806E1A85304E13F
:10625000A95302E1AA5302E0000E01D0010E080189
:10626000D96F0901036B600E026F050E046F330EC8
:10627000056F066BD9C807F900015AEC0EF0010151
:10628000A751030806E1A85304E1A95302E1AA5368
:1062900002E0000E01D0010E0801D96F0901036B65
:1062A000610E026F050E046F3E0E056F066BD9C8B6
:1062B00007F900015AEC0EF0CE5103082BE0CE5145
:1062C000060DF350020F036AA70FE96E000E0320BC
:1062D000EA6E690EEF240801D96F0101A751030886
:1062E00006E1A85304E1A95302E1AA5302E0000E1B
:1062F00001D0010E0801DA6F0901036BD9C802F958
:10630000280E046F3E0E056F066BDAC807F9000110
:106310005AEC0EF00101A751040806E1A85304E16C
:10632000A95302E1AA5302E0000E01D0010E0801B8
:10633000D96F0901036B620E026F050E046F490EDF
:10634000056F066BD9C807F900015AEC0EF0CE5163
:10635000060DF350030F036AA70FE96E000E03202A
:10636000EA6E690EEF240801D96F0101A7510408F4
:1063700006E1A85304E1A95302E1AA5302E0000E8A
:1063800001D0010E0801DA6F0901036BD9C802F9C7
:10639000280E046F490E056F066BDAC807F9000175
:1063A0005AEC0EF00101A751050806E1A85304E1DB
:1063B000A95302E1AA5302E0000E01D0010E080128
:1063C000D96F0901036B630E026F050E046F540E43
:1063D000056F066BD9C807F900015AEC0EF0CE51D3
:1063E000060DF350040F036AA70FE96E000E032099
:1063F000EA6E690EEF240801D96F0101A751050863
:1064000006E1A85304E1A95302E1AA5302E0000EF9
:1064100001D0010E0801DA6F0901036BD9C802F936
:10642000280E046F540E056F066BDAC807F90001D9
:106430005AEC0EF00101A751060806E1A85304E149
:10644000A95302E1AA5302E0000E01D0010E080197
:10645000D96F0901036B640E026F050E046F5F0EA6
:10646000056F066BD9C807F900015AEC0EF0CE5142
:10647000060DF350050F036AA70FE96E000E032007
:10648000EA6E690EEF240801D96F0101A7510608D1
:1064900006E1A85304E1A95302E1AA5302E0000E69
:1064A00001D0010E0801DA6F0901036BD9C802F9A6
:1064B000280E046F5F0E056F066BDAC807F900013E
:1064C0005AEC0EF0CE51FC0F19E2040FD7EF32F068
:1064D000C30E8C6FC40E8D6F11D0C50E8C6F690EFC
:1064E000AE258D6F0BD0F70E8C6FF80E8D6F06D02A
:1064F000C60E8C6FC70E8D6FF60E8E6FCE510308D1
:106500001DE10101A751030806E1A85304E1A953C5
:1065100002E1AA5302E0000E01D0010E0801DA6F79
:106520000901036B8EC002F9280E046F3E0E056F41
:10653000066BDAC807F900015AEC0EF00101A72D2D
:1065400006D0A85304E1A95302E1AA5302E0000EC9
:1065500001D0010E0801DA6F0901036B8CC002F94A
:10656000280E046F056F066BDAC807F900015AECB4
:106570000EF00101A751020806E1A85304E1A95356
:1065800002E1AA5302E0000E01D0010E0801DA6F09
:106590000901036B8DC002F9280E046F330E056FDD
:1065A000066BDAC807F900015AEC0EF01200E82475
:1065B000F76AF736CF0FF66E650EF722000EF86E0B
:1065C000FB6E0A00F550FA6E0800F550F96ED064C3
:1065D000DA64E664F06451AC3AD06C515A0802E1D6
:1065E00054A80FD054988BEC0BF00901036B730E79
:1065F000026F046B056B020E066F076B00015AEC0D
:106600000EF01CEC11F0D6DD010ECE6F0101AA5385
:106610000CE1A9530AE1A85308E1A751010805E3D9
:10662000AA6BA96BA86B010EA76FAA5307E1A95328
:1066300005E1A85303E1A751060805E2AA6BA96B7F
:10664000A86B060EA76F0001C0DD6BC06CF0519CFB
:10665000000E016E120051AC5DD06C515B0822E05F
:106660008BEC0BF00901036B730E026F046B056B6F
:10667000020E066F076B00015AEC0EF00901036B66
:106680009E0E026F0A0E046F240E056F020E066F37
:10669000076B00015AEC0EF00101AA6BA96BA86B05
:1066A000A76B00011CEC11F085DD0101A7530AE185
:1066B000A85308E1A95306E1AA5304E1AA6BA96B08
:1066C000A86BA76BAA5307E1A95305E1A85303E1FF
:1066D000A751060805E2AA6BA96BA86B060EA76F67
:1066E0009F0EA7250801D96F000E0101A8210801FE
:1066F000DA6FE8CF03F9D9C802F90C0E0901046F6B
:10670000460E056F010E066F076B00015AEC0EF086
:106710006BC06CF0519C000E016E1200130E09014B
:10672000076F4A0E086F5A0E096F0001D9EC10F07E
:10673000D5EF33F051AC95D06C515C0833E08BEC65
:106740000BF00901036B730E026F046B056B020EF5
:10675000066F076B00015AEC0EF0CE51FC0F22E2DF
:10676000040F35EF34F00101AA6BA96BA86B030E7F
:10677000A76F000117D00101AA6BA96BA86B020ECD
:10678000A76F00010FD00101AA6BA96BA86B030EC4
:10679000A76F000107D00101AA6BA96BA86B040EBB
:1067A000A76F00011CEC11F0B9D7CE51FC0F46E2E7
:1067B000040F49EF34F00101AA530CE1A9530AE197
:1067C000A85308E1A751030805E3AA6BA96BA86BBE
:1067D000030EA76F000132D00101AA530CE1A953A7
:1067E0000AE1A85308E1A751020805E3AA6BA96BC7
:1067F000A86B020EA76F000121D00101AA530CE182
:10680000A9530AE1A85308E1A751030805E3AA6BBD
:10681000A96BA86B030EA76F000110D00101AA534A
:106820000CE1A9530AE1A85308E1A751040805E3C4
:10683000AA6BA96BA86B040EA76F00010101AA53F4
:1068400007E1A95305E1A85303E1A751060805E2B2
:10685000AA6BA96BA86B060EA76F0001B6DC6BC014
:106860006CF0519C000E016E1200E824F76AF736B6
:106870008B0FF66E680EF722000EF86EFB6E0A00A4
:10688000F550FA6E0800F550F96E66677667866710
:106890009667E824F76AF736B30FF66E680EF722AC
:1068A000000EF86EFB6E0A00F550FA6E0800F55007
:1068B000F96EB667D867FA671C680801E86BE76B82
:1068C000E7C87CF87D6BE86BE76BE7C87EF87F6B09
:1068D000E86BE76BE7C880F8816BE76BE7C882F885
:1068E000E76BE7C883F8E76BE7C884F8E76BE7C8AE
:1068F00085F80001926B936B996B0101186B176B14
:106900001A6B196B1C6B1B6B0601F7BB09D057B6D2
:1069100007D00101DA6BD96BD86BD76B579606019C
:10692000559200011200090102910701515101081D
:1069300015E20901036B070151510901035D0DE2E5
:10694000036A0351270FE96E070E0320EA6E015117
:10695000EF5C01E10281032BEED70701000E090174
:1069600002B1010E016E0001120000C901F9DBDF66
:10697000015215E1036A07015151270FE96E070E15
:106980000320EA6E00C9EFFF5151512B036A3B0F00
:10699000E96E070E0320EA6EEF6A502B0001120029
:1069A000140E0901076F4A0E086F140E096F0001DB
:1069B000D9EC10F01200140E0901076F4A0E086F8F
:1069C0005A0E096F0001D9EC10F012001B6AF2BEDA
:1069D0001B8EF29E03C979F902C978F948EC05F0DB
:1069E0001BBEF28E03C026F902C025F901C024F9AE
:1069F00000C023F909012A6B296B480E286F840E09
:106A0000276F000172EC0AF003C007F902C006F913
:106A100001C005F900C004F9D89203C00FF902C003
:106A20000EF901C00DF900C00CF90901136B126BCE
:106A3000116B7E0E106F0001EBEC26F01B6AF2BEAC
:106A40001B8EF29E03C07BF902C07AF901C079F96E
:106A500000C078F9DEEC05F01BBEF28E02C005F92D
:106A600001C004F902C00BF901C00AF909010D6B5C
:106A7000320E0C6F000166EC0BF002C003F002C096
:106A800002F012000101CA6BC96BC869DC0EC76F46
:106A90001B6AF2BE1B8EF29E010E09016F6F000190
:106AA00056EC03F01BBEF28E12000101CA6BC96BDB
:106AB000070EC86FD00EC76F1B6AF2BE1B8EF29E08
:106AC000010E09016F6F000156EC03F01BBEF28E40
:106AD00012000801F06BEF6BF051EE5D1EE303E175
:106AE000ED51EF5D1AE2F26BF16BF25103080CE32A
:106AF00003E1F151B50808E3050E006E002EFED744
:106B0000F12BD8B4F22BF1D704000001ABEC07F065
:106B10000801EF2BD8B4F02BDFD7000112000801D9
:106B2000F66BF76BF96BF86BC580C5B0FED7D890E4
:106B3000F4354009FA6FFB6F000102EC15F00152C9
:106B40003CE10801F55306E0FB6B000102EC15F097
:106B500005D00801FB6B000102EC15F0C582C5B23F
:106B6000FED7D8900801F4354109FA6FFB6F000198
:106B700002EC15F00801F55312E0010E006E000161
:106B800010EC15F001C0F6F8006A10EC15F001C029
:106B9000F7F8F7C8F9F8F6C8F8F80AD00801006A5B
:106BA000000110EC15F00801F96B01C0F8F80001C4
:106BB000C584C5B4FED7549E01D0548E0801F8C8D0
:106BC00001F0F9C802F000011200C580C5B0FED77F
:106BD000D8900801F6354009F86FFB6F000102EC10
:106BE00015F0015222E10801F75307E0020EFB6F96
:106BF000000102EC15F006D00801010EFB6F000148
:106C000002EC15F0F4C8FBF802EC15F00801F7539C
:106C100006E0F5C8FBF8000102EC15F00801C58498
:106C2000C5B4FED7549E03D00001548E0801000164
:106C30001200010E0801EA6FE96BEB6BEC6BE85197
:106C4000040815E1E75304E0830E966E8D8403D0AB
:106C5000830E966E8D86EE6B640EED6F000139DF4C
:106C6000830E966E8D94966E8D9659D00801F46BB6
:106C7000010EF56F000153DF080102C0EBF8E85187
:106C8000FC0F31E2040F000190EF36F00801E753EA
:106C900004E0EA6B040EE96F03D0EA6B400EE96F83
:106CA00022D00801E75304E0EA6B080EE96F03D035
:106CB000EA6B200EE96F17D00801E75304E0EA6B96
:106CC000100EE96F03D0EA6B800EE96F0CD008015B
:106CD000E75304E0EA6B020EE96F03D0EA6B010EA2
:106CE000E96F01D00801E9C8ECF8ECC8F4F8EBC88A
:106CF000F5F8F66B010EF76F000167DF0801EE6B28
:106D0000640EED6F0001E5DE0801EC6BECC8F4F8F1
:106D1000EBC8F5F8F66B010EF76F000156DF1200B5
:106D2000E824F76AF736410FF66E6D0EF722000E73
:106D3000F86EFB6E0A00F550FA6E0800F550F96E19
:106D40008C6CA26CB86CCE6C030E0801EB6FEA6B16
:106D5000010EED6FEC6BAA0EEF6FEE6BD890E9357C
:106D6000F06FF16BD8B0F12BF26BF36BE75304E1EA
:106D7000D890ED33EC3305D0E85303E1D890EC37ED
:106D8000ED37EC6BF051006E05E0D890EC37ED3745
:106D9000002EFBD7F051006E05E0D890EA37EB37B4
:106DA000002EFBD7EA1FEB1FF46B010EF56F0001FD
:106DB000B6DE02C0EFF801C0EEF80801EA51EE17A6
:106DC000EB51EF17EE51EC13EF51ED13ECC8F3F864
:106DD000EDC8F2F8F3C8F4F8F2C8F5F8F66B010E56
:106DE000F76F0001F2DE12000801E76B010EE86F99
:106DF000000144EC08F00801E76BE86B000119DFC3
:106E00000801E76BE86B030EE96F00019DDF646B1F
:106E10000701046B0801E76BE7C896F8589E4F9A84
:106E20000601F7BB58D00001CC2D01D049D04F96B8
:106E3000616B01019E6B9D6B9C6B9B6B000E4FB851
:106E4000010E006ED89000360050036A130FE96EF1
:106E5000010E0320EA6EECCFE8F8ED52EFCFE7F831
:106E60000801E75307E1E85305E10101486B476B6F
:106E700025D00801000E4FB8010E006ED8900036E4
:106E80000050036A130FE96E010E0320EA6EECCF87
:106E9000E8F8ED52EFCFE7F8000E4FB8010E036AA5
:106EA000740FE96E000E0320EA6EEF50E725010132
:106EB000476F000E0801E8210101486F0BD0000167
:106EC0004F96010E616F765101010D25476F000E3F
:106ED0000E21486F06015192F799F46BF795589877
:106EE000F993FA6B0001E9DC518C0701216B080171
:106EF000E76BE7C853F8E76BE7C872F800011200C8
:106F000051AC05EF3FF06C51780804E16B51790802
:106F100001E1D3DC0101306B320E2F6F00016C51A7
:106F2000140806E1616BCC2D02D0010E616F5796FB
:106F30006C517B0814E1615307E107012153D8A488
:106F400002D000010CD000011B6AF2BE1B8EF29E23
:106F500009016F6B000156EC03F01BBEF28E61530A
:106F6000D8A4CFD06C517B08D8A4CBD00701215333
:106F7000D8B402D00001C5D000018BEC0BF06153F6
:106F8000D8A488D0000E4FB8010E006ED8900036FD
:106F90000050036A130FE96E010E0320EA6EECCF76
:106FA000E8F8ED52EFCFE7F80801E75315E1E853B1
:106FB00013E1000E4FB8010E006ED890003600505D
:106FC000036A130FE96E010E0320EA6EECCF48F15D
:106FD000ED52EFCF47F125D0000E4FB8010E006EF5
:106FE000D89000360050036A130FE96E010E03209B
:106FF000EA6EECCFE8F8ED52EFCFE7F8000E4FB8AD
:10700000010E036A740FE96E000E0320EA6EEF5062
:10701000E7250101476F000E0801E8210101486FD3
:10702000080148C105F947C104F90901076B066B5E
:1070300000012DEC1AF0020E0801C16F170EC06F8F
:10704000020EE76F200E0901106F00017FEC0FF0B8
:107050000801E72FF7D7000EE96E0901076B066BF1
:1070600000019EEC14F0000E4FB8010E006ED89097
:1070700000360050036A0F0FE96E010E0320EA6E1E
:107080000101AA6BA96BECCFA8F1ED52EFCFA7F1EC
:107090001BD000010101AA6BA96B0CC1A8F10BC1A7
:1070A000A7F10001765101010D25476F000E0E2159
:1070B000486F48C105F947C104F90901076B066B20
:1070C00000012DEC1AF00101186B176B1A6B196B8C
:1070D0001C6B1B6B0601F7BB07D00101DA6BD96B88
:1070E000D86BD76B5796060117C17CF818C17DF88D
:1070F0001BC180F81CC181F819C17EF81AC17FF844
:1071000000016C517B0803E06C51790805E16B517B
:10711000780802E18BEC0BF051AC02D01CEC11F0C2
:107120006B517B08D8B467EF3EF06B5178084AE1A9
:107130000101186B176B1A6B196B1C6B1B6B06012B
:10714000F7BB07D00101DA6BD96BD86BD76B5796B9
:10715000060117C17CF818C17DF81BC180F81CC15D
:1071600081F819C17EF81AC17FF8F7BB0ED0010172
:107170005951A3259B6F5A51A4219C6F000EA52144
:107180009D6F000EA6219E6F0601000E4FB8010EE6
:10719000006ED89000360050036A0F0FE96E010EA2
:1071A0000320EA6EECCF0BF9ED52EFCF0AF909019B
:1071B0000D6B320E0C6F000166EC0BF002C05EF13D
:1071C00001C05DF16C517808D8B487D16C51790851
:1071D000D8B483D18BEC0BF06153D8A4A9D00701AC
:1071E00021531EE000016C517B08D8B402D0070186
:1071F00017D0000E4FB8010E006ED8900036005028
:10720000036A0F0FE96E010E0320EA6E0101AA6BFB
:10721000A96BECCFA8F1ED52EFCFA7F187D0070112
:10722000000E4FB8010E006ED89000360050036A71
:10723000130FE96E010E0320EA6EECCFE8F8ED5271
:10724000EFCFE7F80801E75315E1E85313E1000E2B
:107250004FB8010E006ED89000360050036A130F2D
:10726000E96E010E0320EA6EECCF48F1ED52EFCF4C
:1072700047F125D0000E4FB8010E006ED8900036B1
:107280000050036A130FE96E010E0320EA6EECCF83
:10729000E8F8ED52EFCFE7F8000E4FB8010E036AA1
:1072A000740FE96E000E0320EA6EEF50E72501012E
:1072B000476F000E0801E8210101486F080148C12D
:1072C00005F947C104F90901076B066B00012DECB4
:1072D0001AF0020E0801C16F170EC06F020EE76FA1
:1072E000200E0901106F00017FEC0FF00801E72F5D
:1072F000F7D7000EE96E0901076B066B00019EECE3
:1073000014F0000E4FB8010E006ED89000360050F9
:10731000036A0F0FE96E010E0320EA6E0101AA6BEA
:10732000A96BECCFA8F1ED52EFCFA7F11BD0000174
:107330000101AA6BA96B0CC1A8F10BC1A7F1000157
:10734000765101010D25476F000E0E21486F48C18F
:1073500005F947C104F90901076B066B00012DEC23
:107360001AF0010100011CEC11F06C517808D8B43E
:10737000B4D06C517908D8B4B0D06C517B08D8B473
:10738000ACD001015951A325006E5A51A421016EC0
:10739000000EA521026E000EA62100C03FF801C01C
:1073A00040F802C041F8E8CF42F8000E4FB8010E95
:1073B000006ED89000360050036A0F0FE96E010E80
:1073C0000320EA6EECCF44F8ED52EFCF43F808010A
:1073D000000E4FB8010E036A740FE96E000E032011
:1073E000EA6EEF50E86BE76F456F466B0BC148F8EC
:1073F0000CC149F833C14AF834C14BF876C04CF897
:1074000035C14DF836C14EF863C04FF820C751F86A
:10741000CCC052F807011F6B1FC750F8010159512A
:10742000A3259B6F5A51A4219C6F000EA5219D6F2F
:10743000000EA6219E6F000E4FB8010E006ED89070
:1074400000360050036A0F0FE96E010E0320EA6E4A
:10745000ECCF0BF9ED52EFCF0AF909010D6B320EAB
:107460000C6F000166EC0BF002C05EF101C05DF133
:107470000701076B060E0901006F0001B5EC34F03F
:10748000020E0601FF6F0001CC2D04D0030E060191
:10749000FF6F00010801E86BE76BE7C86CF86D6BE4
:1074A0000101186B176B1A6B196B1C6B1B6B0601B8
:1074B000F7BB06D00101DA6BD96BD86BD76B06012D
:1074C00017C17CF818C17DF81BC180F81CC181F878
:1074D00019C17EF81AC17FF800016C5179084BE19F
:1074E0006B51780848E10601F7AB23D000016153E6
:1074F00009E00101AA6BA96B0CC1A8F10BC1A7F1AE
:1075000016D00001000E4FB8010E006ED890003664
:107510000050036A0F0FE96E010E0320EA6E0101AD
:10752000AA6BA96BECCFA8F1ED52EFCFA7F122D057
:1075300006010001615309E00101AA6BA96B0CC1AE
:10754000A8F10BC1A7F116D00001000E4FB8010E33
:10755000006ED89000360050036A0F0FE96E010EDE
:107560000320EA6E0101AA6BA96BECCFA8F1ED52E2
:10757000EFCFA7F100016C51780803E16B51790856
:1075800006E06C517B0807E16B51790804E1D0EC0F
:1075900034F0DBEC34F0CC5303E1090E8C6F07D0F0
:1075A000CC2D03D0020E8C6F02D00A0E8C6F090115
:1075B000036B8CC002F9046B056B020E066F076B40
:1075C00000015AEC0EF085C862F06251615D02E084
:1075D0005DEC34F018C103F917C102F9E6EC34F0A0
:1075E00002C0E8F801C0E7F8010E0801C16FF90E0A
:1075F000C06F000EE96E02C007F901C006F9000174
:107600009EEC14F0010E09010A6FF90E096F0B6B65
:10761000280E0C6F030E0D6F0E6B000134EC0FF093
:107620000901036B2B0E026F020E046F1A0E056F19
:10763000066B076B00015AEC0EF05B0E0801DB6F66
:10764000410EDC6FDD6B080E09010A6FDB0E096F5E
:10765000240E0B6F370E0C6F0D6B0E6B000134ECAC
:107660000FF06153D8A4A7D0CC2D01D0A4D0080E20
:10767000EA6EDB0EE96E0C0E016EF76A000EE6ECA8
:1076800000F00A000900F5CFEEFF012EFBD7080E2F
:1076900009010A6FDB0E096F290E0B6F1A0E0C6FB2
:1076A000010E0D6F0E6B000134EC0FF0080EEA6E48
:1076B000DB0EE96E0C0E016EF76A000EE6EC00F0D0
:1076C0000A000900F5CFEEFF012EFBD7080E0901D5
:1076D0000A6FDB0E096F290E0B6F2C0E0C6F010E5B
:1076E0000D6F0E6B000134EC0FF00901036B2C0ED3
:1076F000026F290E046F1A0E056F066B076B0001EF
:107700005AEC0EF001015951A3250801E76F010160
:107710005A51A4210801E86F000E0101A5210801BA
:10772000E96F000E0101A6210801EA6F01019B51DA
:107730000801E75F01019C510801E85B01019D51CF
:107740000801E95B01019E510801EA5B020EC16F6D
:10775000170EC06F070EE96EEAC807F9E9C806F907
:10776000E8C805F9E7C804F90001CBEC19F05B0E95
:107770000801DB6F430EDC6FDD6B080E09010A6F39
:10778000DB0E096F440E0B6F370E0C6F0D6B0E6B1B
:10779000000134EC0FF0020E09010A6F170E096F99
:1077A0002D0E0B6F2C0E0C6F020E0D6F0E6B000169
:1077B00034EC0FF0B0D0200E0801DB6FDC6FDD6F12
:1077C000DE6FDF6FE06B080E09010A6FDB0E096FD9
:1077D000290E0B6F1A0E0C6F0D6B0E6B000134EC43
:1077E0000FF0080EEA6EDB0EE96E080E016EF76A06
:1077F000000EF6EC00F00A000900F5CFEEFF012EB6
:10780000FBD7080E09010A6FDB0E096F2D0E0B6FF7
:107810002C0E0C6F020E0D6F0E6B000134EC0FF08E
:10782000200E0801DB6FDC6FDD6B080E09010A6FAB
:10783000DB0E096F440E0B6F370E0C6F0D6B0E6B6A
:10784000000134EC0FF0020E0801C16F170EC06F7B
:107850006C0EF66E030EF76E000EF86E040E090144
:10786000066F00017AEC15F0010EE96E34C107F9DC
:1078700033C106F99EEC14F0740EF66E030EF76E2B
:10788000000EF86E030E0901066F00017AEC15F088
:10789000020E09010A6F170E096F290E0B6F1A0EDF
:1078A0000C6F010E0D6F0E6B000134EC0FF0020E29
:1078B0000801C16F170EC06F780EF66E030EF76EDB
:1078C000000EF86E030E0901066F00017AEC15F048
:1078D000000EE96E36C107F935C106F99EEC14F0C9
:1078E0007F0EF66E030EF76E000EF86E030E0901A2
:1078F000066F00017AEC15F0020E09010A6F170EEF
:10790000096F290E0B6F2C0E0C6F010E0D6F0E6B95
:10791000000134EC0FF048C105F947C104F9090131
:10792000076B066B00012DEC1AF00901036B2D0E9D
:10793000026F020E046F500E056F066B076B00019D
:107940005AEC0EF0010E0801C16FDB0EC06F77C05C
:1079500007F9110E0901086F000190EC0FF03A0EC3
:107960000901106F00017FEC0FF078C007F9010EDC
:107970000901086F000190EC0FF0010E09010A6F78
:10798000DB0E096F0B6B5E0E0C6F030E0D6F0E6B33
:10799000000134EC0FF07CC817F17DC818F17EC8E7
:1079A00019F17FC81AF180C81BF181C81CF161531D
:1079B00021E0D890633507012011000A000105E09D
:1079C000010A06E0030A07E008D0E60E8C6F05D036
:1079D000E70E8C6F02D0E80E8C6F0901036B8CC030
:1079E00002F92C0E046F4B0E056F066B076B00013E
:1079F0005AEC0EF00901036B940E026F2C0E046F0B
:107A0000550E056F066B076B00015AEC0EF0AAC10C
:107A10005BF9A9C15AF9A8C159F9A7C158F90901D7
:107A20005F6B5E6B30C15DF92FC15CF9000128EC22
:107A30000AF003C0EAF802C0E9F801C0E8F800C0A3
:107A4000E7F8010E0801C16FDB0EC06F050EE96E8D
:107A500003C007F902C006F901C005F900C004F926
:107A60000001CBEC19F0880EF66E030EF76E000ED7
:107A7000F86E030E0901066F00017AEC15F0010E95
:107A800009010A6FDB0E096F390E0B6F550E0C6F73
:107A90000D6B0E6B000134EC0FF00901036B310E1E
:107AA000026F2C0E046F5F0E056F066B076B0001F3
:107AB0005AEC0EF0010E0801C16FDB0EC06F000E14
:107AC000E96E1AC107F919C106F900019EEC14F01C
:107AD000900EF66E030EF76E000EF86E030E09019F
:107AE000066F00017AEC15F0010E09010A6FDB0E3A
:107AF000096F390E0B6F5F0E0C6F0D6B0E6B000173
:107B000034EC0FF00901036B320E026F2C0E046F80
:107B1000690E056F066B076B00015AEC0EF0010E43
:107B20000801C16FDB0EC06F000EE96E1CC107F9C2
:107B30001BC106F900019EEC14F0980EF66E030EC0
:107B4000F76E000EF86E040E0901066F00017AEC64
:107B500015F0010E09010A6FDB0E096F390E0B6F6C
:107B6000690E0C6F0D6B0E6B000134EC0FF061535E
:107B700024E1CC2D01D021D0E40E8C6F010E080140
:107B8000C16FDB0EC06F050EE96EDAC107F9D9C10E
:107B900006F9D8C105F9D7C104F90001CBEC19F0F9
:107BA000A20EF66E030EF76E000EF86E030E0901BC
:107BB000066F00017AEC15F04CD0E50E8C6F0901D0
:107BC0000E6B0D6B34C10CF933C10BF9126B116BD9
:107BD00034C110F933C10FF936C114F935C113F9A5
:107BE00063C015F90001B6EC1AF003C0EAF802C050
:107BF000E9F801C0E8F800C0E7F8010E0801C16F1C
:107C0000DB0EC06F020EE96E03C003F902C002F979
:107C100001C001F900C000F90901046F00015EEC28
:107C20001BF0200E0901106F00017FEC0FF0200EF9
:107C30000901106F00017FEC0FF0250E0901106F94
:107C400000017FEC0FF0200E0901106F00017FECA6
:107C50000FF00901036B8CC002F92C0E046F730E38
:107C6000056F066B076B00015AEC0EF0010E09015F
:107C70000A6FDB0E096F390E0B6F730E0C6F0D6BF5
:107C80000E6B000134EC0FF001011A5126080AE2D4
:107C9000FF0A03E119510F0805E2950E00018C6FF0
:107CA00004D00101960E00018C6F0901036B8CC09A
:107CB00002F9460E046F3F0E056F020E066F076B4A
:107CC00000015AEC0EF06BC06CF0519C9ED06C51D0
:107CD0007B0802E08BEC0BF048C105F947C104F9C1
:107CE0000901076B066B00012DEC1AF077C0D9F87B
:107CF00078C0DAF8615311E1CC2D01D00ED0090E15
:107D00008C6F0701215305E0000142EC35F004D0EF
:107D10000701000155EC35F004D0020E8C6F42ECE7
:107D200035F00901036B8CC002F9046B056B020E80
:107D3000066F076B00015AEC0EF00901036B330E5E
:107D4000026F0A0E046F320E056F020E066F076B8C
:107D500000015AEC0EF061531EE107012153D8B423
:107D600002D0000118D0548A0801E76BE86B0001CB
:107D700019EC36F0020E0801EE6FBC0EED6F00013B
:107D800069EC35F0F4EC36F0780E6B6F8BEC0BF0A1
:107D9000518C549A38D00901036B380E026F1D0EB6
:107DA000046F550E056F066B076B00015AEC0EF061
:107DB000010E0801C16FDB0EC06FD9C807F9110EA3
:107DC0000901086F000190EC0FF03A0E0901106FE5
:107DD00000017FEC0FF0DAC807F9010E0901086F06
:107DE000000190EC0FF0010E09010A6FDB0E096F24
:107DF0001E0E0B6F5F0E0C6F020E0D6F0E6B0001EF
:107E000034EC0FF0519C6BC06CF0000E016E120050
:107E10000801E66BE56BE5C87CF87D6BE66BE56B0E
:107E2000E5C87EF87F6BE66BE56BE5C880F8816B93
:107E3000E56BE5C882F8E56BE5C883F8E56BE5C856
:107E400084F80001926B936B996B0101186B176BAF
:107E50001A6B196B1C6B1B6B559200011200080109
:107E6000E76B010EE86F000144EC08F00801E76BD6
:107E7000E86B000119EC36F00801E76BE86B030EC4
:107E8000E96F0001A4EC36F0646B0701046B080194
:107E9000E56BE5C896F80601F791F7BB25D04F963C
:107EA0000101A26BA16BA06B9F6B7F5305E1805317
:107EB00003E1486B476B17D00001C05101017F25DA
:107EC0000801E56F0001C151010180210801E66F41
:107ED0000001C2510801E5250101476F000E0801AC
:107EE000E6210101486F06015192F799F46BF7956D
:107EF000589807011E6B0801E56BE5C871F806018B
:107F0000F993FA6B000184DF518C120051AC3FEF02
:107F100044F06C51820804E16B51830801E178DF81
:107F20000101306B320E2F6F00016C511E0802E10F
:107F3000616BCC6B6C5185085FE18BEC0BF0010140
:107F40007F5307E1805305E180C148F17FC147F1CC
:107F500017D00001C05101017F250801E56F000124
:107F6000C151010180210801E66F0001C2510801E1
:107F7000E5250101476F000E0801E6210101486F68
:107F800048C105F947C104F90901076B066B0001F7
:107F90002DEC1AF0020E0801C16F170EC06F020E11
:107FA000E56F200E0901106F00017FEC0FF0080152
:107FB000E52FF7D7000EE96E0901076B066B00018C
:107FC0009EEC14F00101AA6BA96B7EC1A8F17DC1E2
:107FD000A7F11E6B1D6B206B1F6B226B216B1DC1EC
:107FE0007CF81EC17DF821C180F822C181F81FC133
:107FF0007EF820C17FF800016C51850803E06C51C8
:10800000830805E16B51820802E18BEC0BF051AC67
:1080100002D01CEC11F06B51820803E1FDEC10F072
:1080200005D06B51830802E107EC11F06B51850814
:10803000D8B405EF44F06B51820833E101011E6BA7
:108040001D6B206B1F6B226B216B1DC17CF81EC149
:108050007DF821C180F822C181F81FC17EF820C1BE
:108060007FF80601F7BB0ED001018151B7259F6F44
:108070008251B821A06F8351B921A16F8451BA21D7
:10808000A26F06017EC10BF97DC10AF909010D6BD2
:10809000320E0C6F000166EC0BF002C060F101C003
:1080A0005FF16C518208D8B4DAD06C518308D8B42F
:1080B000D6D08BEC0BF001017F5307E1805305E133
:1080C00080C148F17FC147F117D00001C0510101C3
:1080D0007F250801E56F0001C151010180210801E0
:1080E000E66F0001C2510801E5250101476F000E4E
:1080F0000801E6210101486F48C105F947C104F9AB
:108100000901076B066B00012DEC1AF0020E080145
:10811000C16F170EC06F020EE56F200E0901106FC0
:1081200000017FEC0FF00801E52FF7D7000EE96E94
:108130000901076B066B00019EEC14F00101AA6BAC
:10814000A96B7EC1A8F17DC1A7F100011CEC11F063
:108150006C518208D8B483D06C518308D8B47FD0D6
:108160006C5185087CE001018151B725006E825178
:10817000B821016E8351B921026E8451BA2100C029
:108180003FF801C040F802C041F8E8CF42F87DC195
:1081900043F87EC144F8C0C045F8C1C046F8C2C02B
:1081A00047F80801E66BE56BE5C848F8496BE66BF4
:1081B000E56BE5C84AF84B6BE56BE5C84CF8E66B38
:1081C000E56BE5C84DF84E6BE56BE5C84FF8CCC0E4
:1081D00052F8010E07011F6F1FC750F801018151AE
:1081E000B7259F6F8251B821A06F8351B921A16F2C
:1081F0008451BA21A26F7EC10BF97DC10AF9090130
:108200000D6B320E0C6F000166EC0BF002C060F1DA
:1082100001C05FF10701076B060E0901006F000145
:10822000B5EC34F0040E0601FF6F0801E66BE56B58
:10823000E5C86CF86D6B01011E6B1D6B206B1F6B2D
:10824000226B216B1DC17CF81EC17DF821C180F815
:1082500022C181F81FC17EF820C17FF800016C5156
:1082600083080BE16B51820808E10101AA6BA96B3D
:108270007EC1A8F17DC1A7F100016C51820803E124
:108280006B51830806E06C51850807E16B51830848
:1082900004E1D0EC34F0DBEC34F00901036B720E36
:1082A000026F046B056B020E066F076B00015AEC40
:1082B0000EF01EC103F91DC102F9E6EC34F002C054
:1082C000E6F801C0E5F8010E0801C16FF90EC06FB4
:1082D000000EE96E02C007F901C006F900019EEC2C
:1082E00014F0010E09010A6FF90E096F0B6B280ECD
:1082F0000C6F030E0D6F0E6B000134EC0FF00901D3
:10830000036B2B0E026F020E046F1A0E056F066BC5
:10831000076B00015AEC0EF05B0E0801D96F410E9D
:10832000DA6FDB6B080E09010A6FD90E096F240E94
:108330000B6F370E0C6F0D6B0E6B000134EC0FF0F2
:10834000080EEA6ED90EE96E0C0E016EF76A000E89
:10835000E6EC00F00A000900F5CFEEFF012EFBD796
:10836000080E09010A6FD90E096F290E0B6F1A0E3C
:108370000C6F010E0D6F0E6B000134EC0FF0080E48
:10838000EA6ED90EE96E0C0E016EF76A000EE6EC8D
:1083900000F00A000900F5CFEEFF012EFBD7080E12
:1083A00009010A6FD90E096F290E0B6F2C0E0C6F85
:1083B000010E0D6F0E6B000134EC0FF00901036B21
:1083C0002C0E026F290E046F1A0E056F066B076BD9
:1083D00000015AEC0EF00101B75181250801E56F4B
:1083E0000101B85182210801E66F0101B9518321D1
:1083F0000801E76F0101BA5184210801E86F01010A
:108400009F510801E55F0101A0510801E65B0101F0
:10841000A1510801E75B0101A2510801E85B020ECE
:10842000C16F170EC06F070EE96EE8C807F9E7C8FD
:1084300006F9E6C805F9E5C804F90001CBEC19F026
:108440005B0E0801D96F430EDA6FDB6B080E090172
:108450000A6FD90E096F440E0B6F370E0C6F0D6B40
:108460000E6B000134EC0FF0020E09010A6F170EBB
:10847000096F2D0E0B6F2C0E0C6F020E0D6F0E6B15
:10848000000134EC0FF048C105F947C104F90901B6
:10849000076B066B00012DEC1AF00901036B2D0E22
:1084A000026F020E046F500E056F066B076B000122
:1084B0005AEC0EF0775163081CE2010E0801C16FFF
:1084C000DB0EC06F77C007F9130E0901086F0001BA
:1084D00090EC0FF03A0E0901106F00017FEC0FF0E5
:1084E00078C007F9010E0901086F000190EC0FF048
:1084F00021D0010E0801C16FDB0EC06F77C007F9F4
:10850000110E0901086F000190EC0FF03A0E0901FD
:10851000106F00017FEC0FF078C007F9010E090120
:10852000086F000190EC0FF0200E0901106F0001A0
:108530007FEC0FF0010E09010A6FDB0E096F0B6B68
:108540005E0E0C6F030E0D6F0E6B000134EC0FF01E
:108550007CC81DF17DC81EF17EC81FF17FC820F1C7
:1085600080C821F181C822F11EC103F91DC102F9A1
:10857000E6EC34F002C0E6F801C0E5F81B6AF2BE92
:108580001B8EF29E02C079F901C078F948EC05F023
:108590001BBEF28E03C026F902C025F901C024F9E2
:1085A00000C023F9C6C02AF9C5C029F9C4C028F9FA
:1085B000C3C027F972EC0AF003C010F902C00FF92A
:1085C00001C00EF900C00DF9ACEC17F003C0BEF10C
:1085D00002C0BDF101C0BCF100C0BBF10901036BD9
:1085E000940E026F2A0E046F550E056F066B076B13
:1085F00000015AEC0EF0AAC15BF9A9C15AF9A8C151
:1086000059F9A7C158F909015F6B5E6B30C15DF97B
:108610002FC15CF9000128EC0AF003C0E8F802C0A1
:10862000E7F801C0E6F800C0E5F8010E0801C16FE7
:10863000DB0EC06F050EE96E03C007F902C006F934
:1086400001C005F900C004F90001CBEC19F0AA0E35
:10865000F66E030EF76E000EF86E030E0901066F3C
:1086600000017AEC15F0010E09010A6FDB0E096FAB
:10867000370E0B6F550E0C6F0D6B0E6B000134EC4B
:108680000FF00901036B310E026F2A0E046F5F0EAB
:10869000056F066B076B00015AEC0EF0010E080126
:1086A000C16FDB0EC06F000EE96E20C107F91FC15C
:1086B00006F900019EEC14F0B20EF66E030EF76E92
:1086C000000EF86E030E0901066F00017AEC15F03A
:1086D000010E09010A6FDB0E096F370E0B6F5F0E7B
:1086E0000C6F0D6B0E6B000134EC0FF00901036B86
:1086F000320E026F2A0E046F690E056F066B076B50
:1087000000015AEC0EF0010E0801C16FDB0EC06FC4
:10871000000EE96E22C107F921C106F900019EECA5
:1087200014F0BA0EF66E030EF76E000EF86E040E1D
:108730000901066F00017AEC15F0010E09010A6FBC
:10874000DB0E096F370E0B6F690E0C6F0D6B0E6B26
:10875000000134EC0FF0010E0801C16FDB0EC06F99
:10876000C00EF66E030EF76E000EF86E040E0901D1
:10877000066F00017AEC15F0030EE96EBEC107F931
:10878000BDC106F9BCC105F9BBC104F9CBEC19F0B8
:10879000C80EF66E030EF76E000EF86E070E090196
:1087A000066F00017AEC15F0010E09010A6FDB0E6D
:1087B000096F2A0E0B6F730E0C6F0D6B0E6B0001A1
:1087C00034EC0FF00101205126080AE2FF0A03E110
:1087D0001F510F0805E2950E00018C6F04D00101B6
:1087E000960E00018C6F0901036B8CC002F9460ED6
:1087F000046F3F0E056F020E066F076B00015AEC07
:108800000EF06BC06CF0519C3AD06C51850802E0C0
:108810008BEC0BF0548A55EC35F00901036B720EAA
:10882000026F046B056B020E066F076B00015AECBA
:108830000EF00901036B330E026F0A0E046F320E45
:10884000056F020E066F076B00015AEC0EF008016F
:10885000E76BE86B000119EC36F0050E0801EE6FCE
:10886000DC0EED6F000169EC35F0820E6B6F2FECC2
:108870003FF08BEC0BF0549A6BC06CF0518C000EF7
:10888000016E12000901016B006B00C9A6F7070118
:10889000A76B0901016B006B00C9A8F70701A96B61
:1088A0000901016B006B00C9B6F70701B76B09013D
:1088B000016B006B00C9B8F70701B96B0901006BC8
:1088C00000C9C6F7006B00C9C7F7006B00C9CEF737
:1088D0000001906B916B986B559012000901016B30
:1088E000006B00C9AAF70701AB6B0901016B006BB4
:1088F00000C9ACF70701AD6B0901016B006B00C942
:10890000BAF70701BB6B0901016B006B00C9BCF72B
:108910000701BD6B0901006B00C9C8F7006B00C9F6
:10892000C9F7006B00C9CFF70001926B936B996B8D
:10893000559212000901016B006B00C9AEF70701E7
:10894000AF6B0901016B006B00C9B0F70701B16B98
:108950000901016B006B00C9BEF70701BF6B09017C
:10896000016B006B00C9C0F70701C16B0901006B07
:1089700000C9CAF7006B00C9CBF7006B00C9D0F77C
:108980000001946B956B9A6B559412000901016B71
:10899000006B00C9B2F70701B36B0901016B006BF3
:1089A00000C9B4F70701B56B0901016B006B00C981
:1089B000C2F70701C36B0901016B006B00C9C4F763
:1089C0000701C56B0901006B00C9CCF7006B00C93A
:1089D000CDF7006B00C9D1F70001966B976B9B6BCD
:1089E0005596120009010B6B0A6B096B086B075354
:1089F0000AE1065308E10551020824E2FF0A03E1F7
:108A00000451E7081FE2D89207C913F906C912F901
:108A100005C911F904C910F9176B166B030E156F10
:108A2000E80E146F0001DEEC09F003C00BF902C080
:108A30000AF901C009F900C008F96D0E0201356F8D
:108A40000CD0090107C90BF906C90AF905C909F9CA
:108A500004C908F95B0E0201356F08C900F009C9A5
:108A600001F00AC902F00BC903F0000112001B6AF1
:108A7000F2BE1B8EF29E07C979F906C978F948EC57
:108A800005F01BBEF28E03C026F902C025F901C015
:108A900024F900C023F909012A6B296B480E286FBD
:108AA000850E276F000172EC0AF003C00BF902C0BB
:108AB0000AF901C009F900C008F9D89203C00FF9FA
:108AC00002C00EF901C00DF900C00CF90901136BC9
:108AD000126B116B7E0E106F0001EBEC26F01B6A1F
:108AE000F2BE1B8EF29E03C07BF902C07AF901C070
:108AF00079F900C078F9DEEC05F01BBEF28E02C0F9
:108B000009F901C008F902C00BF901C00AF909010D
:108B10000D6B640E0C6F000166EC0BF002C003F0ED
:108B200002C002F0BAEF49F051AC0AEF52F01CEC6F
:108B300011F06C518C0810E16B518D080DE18251E0
:108B4000FC0F0AE2040F0EEF52F09CDE05D0C6DEE9
:108B500003D0F0DE01D01ADF6B518F08D8B45EEF7E
:108B60004FF06C518F080BE11B6AF2BE1B8EF29E18
:108B700009016F6B000156EC03F01BBEF28E010180
:108B8000306B320E2F6F00016C51290810E18BEC15
:108B90000BF00901036B060E026F046B056B020EEE
:108BA000066F076B00015AEC0EF01CEC11F06C51D3
:108BB0008C08D8B4ACD16C518D08D8B4A8D16C5104
:108BC0008E08D8B4A4D16C512908D8B4A0D18BECAC
:108BD0000BF00901036B060E026F046B056B020EAE
:108BE000066F076B00015AEC0EF06C518F08D8B479
:108BF00082D06C51280807E16B518D08D8B47BD026
:108C00006B518E0878E08251030868E0D890823575
:108C1000036A470F016E010E032201C000F909012A
:108C200003C001F9D89000018235036AF70FE96E9D
:108C3000000E0320EA6EECCF03F9ED52EFCF02F9FC
:108C4000020E09010225016E000E032101C9EAFF8F
:108C500000C9E9FFEC6EED5201C0EFFFD8900001B2
:108C60008235036A4F0F016E010E0322090103C012
:108C700001F9D89000018235036AFF0FE96E000EFA
:108C80000320EA6EECCF03F0ED52EFCF02F90901B9
:108C900001C9EAFF01C0E9FF03C0ECFFED5202C9C0
:108CA000EFFF036A000182517F0F016E000E032265
:108CB000090103C001F9036A00018251650FE96EE1
:108CC000000E0320EA6EEFCF02F9090101C9EAFFA5
:108CD00001C0E9FF02C9EFFF0FD00001D890823533
:108CE000036A470FE96E010E0320EA6E0E0EEC6E6A
:108CF000ED52100EEF6E090100011CEC11F06C51E9
:108D00008F08D8B404D16C51280808E16B518D0844
:108D1000D8B4FDD06B518E08D8B4F9D088C052F7C2
:108D200082C053F7036A8251590FE96E000E032087
:108D3000EA6EEFCF54F70901036A000182515D0F1B
:108D4000E96E000E0320EA6EEFCF55F70901D890C7
:108D500000018235036AF70FE96E000E0320EA6E08
:108D6000ECCF57F7ED52EFCF56F70901D89000013D
:108D70008235036AFF0FE96E000E0320EA6EECCF26
:108D800059F7ED52EFCF58F70901036A00018251FC
:108D9000650FE96E000E0320EA6EEFCF5AF7090166
:108DA000D89000018235036A390FE96E010E032065
:108DB000EA6EECCF5CF7ED52EFCF5BF70901D8908C
:108DC00000018235036ACF0FE96E000E0320EA6EC0
:108DD000ECCF5EF7ED52EFCF5DF709010001825154
:108DE000040DF350036AD70FE96E000E0320EA6EFC
:108DF000EFCF5FF7ECCF60F7ECCF61F7ECCF62F726
:108E00008251040DF350036AE70FE96E000E032050
:108E1000EA6EEFCF63F7ECCF64F7ECCF65F7ECCFFA
:108E200066F757C267F758C268F759C269F75AC25E
:108E30006AF75BC26BF75CC26CF75DC26DF75EC22E
:108E40006EF75FC26FF760C270F761C271F762C2FE
:108E500072F763C273F764C274F7CDC075F7090186
:108E6000006B00C976F70701076B080E0901006F58
:108E70000001B5EC34F00601FF6BD890000182359B
:108E8000036A390FE96E010E0320EA6EECCF9FF7FB
:108E9000ED52EFCF9EF70901D89000018235036AA9
:108EA000200F016E000E0322090103C0EAFF01C07A
:108EB000E9FFEC6AED52EF6A036A00018251280F64
:108EC000016E000E032201500901006F03C001F979
:108ED000A60E0025026F070E0121036F046B03C964
:108EE000EAFF02C9E9FF04C9EEFFD890000182350C
:108EF000036A390FE96E010E0320EA6E0101AA6BC5
:108F0000A96BECCFA8F1ED52EFCFA7F10001D890FB
:108F10008235036A470FE96E010E0320EA6EECCF3B
:108F200005F9ED52EFCF04F9D8908235036A4F0F5F
:108F3000E96E010E0320EA6EECCF07F9ED52EFCF98
:108F400006F92DEC1AF04FBE03D03A0E8C6F02D00A
:108F50003D0E8C6F825305E08251030802E0000E43
:108F600001D0010E0901016F036B8CC002F9030EE1
:108F7000046F160E056F020E066F01C907F9000196
:108F80005AEC0EF0822D01D002D0000E01D0010E5D
:108F90000901006F036B3B0E026F1D0E046F160E6E
:108FA000056F020E066F00C907F900015AEC0EF0BA
:108FB0008251020802E0000E01D0010E0901006F8B
:108FC000036B3C0E026F350E046F160E056F020E1A
:108FD000066F00C907F900015AEC0EF0CD2D09D03B
:108FE000CD51040806E1CD51060803E1CD51020838
:108FF00032E0D8908235036ACF0FE96E000E03206D
:10900000EA6EECCF01F9ED52EFCF00F9010E080145
:10901000C16FDB0EC06FD00EF66E030EF76E000E42
:10902000F86E0B0E0901066F00017AEC15F0020EC6
:10903000E96E01C907F900C906F99EEC14F0480E63
:109040000901106F00017FEC0FF07A0E0901106F1B
:1090500000017FEC0FF0CD2D01D009D0CD510408D7
:1090600006E0CD51060803E0CD51020839E1010EBA
:109070000801C16FDB0EC06FE20EF66E030EF76ED5
:10908000000EF86E060E0901066F00017AEC15F06D
:10909000020EE96E58C207F957C206F99EEC14F0A9
:1090A000EC0EF66E030EF76E000EF86E090E090157
:1090B000066F00017AEC15F0020EE96E5AC207F94C
:1090C00059C206F99EEC14F0480E0901106F000118
:1090D0007FEC0FF07A0E0901106F00017FEC0FF0AA
:1090E000010E09010A6FDB0E096F110E0B6F280EBE
:1090F0000C6F0D6B0E6B000134EC0FF08251030806
:10910000D8B41DD1CD51060804E1CD510508D8B41D
:1091100082D08251040DF350036AD70FE96E000E1E
:109120000320EA6EEFCF04F9ECCF05F9ECCF06F996
:10913000ECCF07F957DC03C003F902C002F901C004
:1091400001F900C000F9010E0801C16FDB0EC06F0C
:10915000FC0EF66E030EF76E000EF86E040E09019B
:10916000066F00017AEC15F0030EE96E03C907F9EA
:1091700002C906F901C905F900C904F9CBEC19F0D7
:1091800035C210F97FEC0FF0730E0901106F00016A
:109190007FEC0FF08251040DF350036AE70FE96E84
:1091A000000E0320EA6EEFCF04F9ECCF05F9ECCF07
:1091B00006F9ECCF07F916DC03C003F902C002F987
:1091C00001C001F900C000F9010E0801C16FF90EDC
:1091D000C06F080EF66E040EF76E000EF86E040EE9
:1091E0000901066F00017AEC15F0030EE96E03C960
:1091F00007F902C906F901C905F900C904F9CBEC60
:1092000019F035C210F97FEC0FF0730E0901106FE1
:1092100000017FEC0FF0CD51060803E0CD510508A9
:1092200072E15FC207F95EC206F95DC205F95CC270
:1092300004F9F2EC44F003C003F902C002F901C0E2
:1092400001F900C000F9010E0801C16FF90EC06FED
:10925000140EF66E040EF76E000EF86E060E09017F
:10926000066F00017AEC15F0030EE96E03C907F9E9
:1092700002C906F901C905F900C904F9CBEC19F0D6
:1092800035C210F97FEC0FF0730E0901106F000169
:109290007FEC0FF063C207F962C206F961C205F9FB
:1092A00060C204F9F2EC44F003C003F902C002F911
:1092B00001C001F900C000F9010E0801C16FDB0E09
:1092C000C06F220EF66E040EF76E000EF86E060EDC
:1092D0000901066F00017AEC15F0030EE96E03C96F
:1092E00007F902C906F901C905F900C904F9CBEC6F
:1092F00019F035C210F97FEC0FF0730E0901106FF1
:1093000000017FEC0FF0010E09010A6FDB0E096FFF
:10931000110E0B6F320E0C6F0D6B0E6B000134ECE7
:109320000FF0010E09010A6FF90E096F290E0B6F7C
:10933000320E0C6F0D6B0E6B000134EC0FF082518E
:10934000040DF3500901016B006FA60E0025026F9A
:10935000070E0121036F03C9E2FF02C9E1FFE6CF57
:1093600004F9E6CF05F905C907F904C906F90001B2
:1093700037EF45F002C042F101C041F1010E006E2D
:109380008251016E04E0D8900036012EFCD70050C7
:109390008715D8B40BD1D8908235036A390FE96E9E
:1093A000010E0320EA6EECCF0BF9ED52EFCF0AF974
:1093B00009010D6B320E0C6F000166EC0BF002C060
:1093C00003F001500101415D04E10350425DD8B456
:1093D00090D00901026B300E016F120E036F3C0E2C
:1093E000046F010E056F85C006F9076B00016DEC77
:1093F00012F0010E0801C16FDB0EC06F000EE96EA6
:1094000042C107F941C106F900019EEC14F05B0E60
:109410000901106F00017FEC0FF0410E0901106F80
:1094200000017FEC0FF0010E0901046FDB0E036FEA
:10943000210E056F3C0E066F010E076F85C008F9FF
:10944000096B0001B8EC15F00901026B940E016F75
:10945000120E036F460E046F010E056F84C006F9ED
:10946000076B00016DEC12F0D8908235036A390F5A
:10947000E96E010E0320EA6EECCF0BF9ED52EFCF4F
:109480000AF909010D6B320E0C6F000166EC0BF04E
:1094900002C001F901C000F9010E0801C16FDB0E25
:1094A000C06F000EE96E02C007F901C006F90001A5
:1094B0009EEC14F05B0E0901106F00017FEC0FF0C1
:1094C000410E0901106F00017FEC0FF0010E090140
:1094D000046FDB0E036F210E056F460E066F010E43
:1094E000076F84C008F9096B0001B8EC15F05DD076
:1094F00001010901026B300E016F120E036F3C0E69
:10950000046F010E056F84C006F9076B00016DEC56
:1095100012F0010E0801C16FDB0EC06F000EE96E84
:1095200042C107F941C106F900019EEC14F05B0E3F
:109530000901106F00017FEC0FF0410E0901106F5F
:1095400000017FEC0FF0010E0901046FDB0E036FC9
:10955000210E056F3C0E066F010E076F84C008F9DF
:10956000096B0001B8EC15F0080EEA6EDD0EE96E2D
:109570000F0E016EF76A000E04EC01F00A000900FC
:10958000F5CFEEFF012EFBD7080E0901046FDD0EAB
:10959000036F120E056F460E066F010E076F84C033
:1095A00008F9096B0001B8EC15F05BD00901026BFA
:1095B000300E016F120E036F3C0E046F010E056F2B
:1095C00084C006F9076B00016DEC12F0010E080172
:1095D000C16FDB0EC06F000EE96E0901076B066BF1
:1095E00000019EEC14F05B0E0901106F00017FEC8E
:1095F0000FF0410E0901106F00017FEC0FF0010E1A
:109600000901046FDB0E036F210E056F3C0E066F20
:10961000010E076F84C008F9096B0001B8EC15F062
:10962000080EEA6EEC0EE96E0F0E016EF76A000E80
:1096300004EC01F00A000900F5CFEEFF012EFBD784
:10964000080E0901046FEC0E036F120E056F460E33
:10965000066F010E076F84C008F9096B0001B8ECB2
:1096600015F00801FE6BFD6BFC6BFB6B000182517A
:109670000308D8B41AD1CD5303E0CD51030843E118
:109680008251040DF350036AD70FE96E000E0320D8
:10969000EA6EEFCF0BF9ECCF0CF9ECCF0DF9ECCF74
:1096A0000EF98251040DF350036AE70FE96E000EC4
:1096B0000320EA6EEFCF0FF9ECCF10F9ECCF11F9E0
:1096C000ECCF12F9D8908235036ACF0FE96E000E05
:1096D0000320EA6EECCF14F9ED52EFCF13F9036AD1
:1096E00082515D0FE96E000E0320EA6EEFCF15F98F
:1096F000B6EC1AF003C0FEF802C0FDF801C0FCF899
:1097000000C0FBF89DD0CD2D01D006D0CD5104086E
:1097100003E0CD5102083AE18251040DF350036A8F
:10972000D70FE96E000E0320EA6EEFCF0BF9ECCFF6
:109730000CF9ECCF0DF9ECCF0EF98251040DF3507A
:10974000036AE70FE96E000E0320EA6EEFCF0FF910
:10975000ECCF10F9ECCF11F9ECCF12F9036A82517A
:109760005D0FE96E000E0320EA6EEFCF15F95AC2C5
:1097700014F959C213F9B6EC1AF003C0FEF802C08E
:10978000FDF801C0FCF800C0FBF85AD0CD51060826
:1097900026E1036A82515D0FE96E000E0320EA6E36
:1097A000EFCF15F963C20EF962C20DF961C20CF96F
:1097B00060C20BF90901126B116B106B0F6B5AC26F
:1097C00014F959C213F90001B6EC1AF003C0FEF8FF
:1097D00002C0FDF801C0FCF800C0FBF831D0CD514B
:1097E00005082EE1D8908235036ACF0FE96E000E8E
:1097F0000320EA6EECCF14F9ED52EFCF13F9036AB0
:1098000082515D0FE96E000E0320EA6EEFCF15F96D
:1098100063C20EF962C20DF961C20CF960C20BF9A4
:109820000901126B116B106B0F6B0001B6EC1AF093
:1098300003C0FEF802C0FDF801C0FCF800C0FBF850
:10984000010E0801C16FDB0EC06F470E0901106FDA
:1098500000017FEC0FF0200E0901106F00017FEC7A
:109860000FF0020EE96EFEC803F9FDC802F9FCC84C
:1098700001F9FBC800F9010E0901046F00015EEC5B
:109880001BF0250E0901106F00017FEC0FF0010E97
:1098900009010A6FDB0E096F2C0E0B6F600E0C6F47
:1098A0000D6B0E6B000134EC0FF0B6C700F9B7C7B3
:1098B00001F90901056B046B01C903F900C902F93B
:1098C000EACF07F9E9CF06F905C95BF904C95AF9E6
:1098D00003C959F902C958F95F6B5E6B030E5D6FDE
:1098E000E80E5C6F000128EC0AF007C9EAFF06C920
:1098F000E9FF03C005F902C004F901C003F900C083
:1099000002F9A6C708F9A7C709F9EACF0BF9E9CF09
:109910000AF9D89205C913F904C912F903C911F952
:1099200002C910F90901176B166B09C915F908C9A5
:1099300014F90001DEEC09F00BC9EAFF0AC9E9FFDE
:1099400001C024F100C023F1BAC700F9BBC701F977
:109950000901056B046B01C903F900C902F9EACFDB
:1099600007F9E9CF06F905C95BF904C95AF903C932
:1099700059F902C958F95F6B5E6B030E5D6FE80E13
:109980005C6F000128EC0AF007C9EAFF06C9E9FF8D
:1099900003C005F902C004F901C003F900C002F9CF
:1099A000AAC708F9ABC709F9EACF0BF9E9CF0AF959
:1099B000D89205C913F904C912F903C911F902C9EA
:1099C00010F90901176B166B09C915F908C914F9C3
:1099D0000001DEEC09F00BC9EAFF0AC9E9FF01C08A
:1099E00026F100C025F1BEC700F9BFC701F9090182
:1099F000056B046B01C903F900C902F9EACF07F945
:109A0000E9CF06F905C95BF904C95AF903C959F93F
:109A100002C958F95F6B5E6B030E5D6FE80E5C6FF9
:109A2000000128EC0AF007C9EAFF06C9E9FF03C0F4
:109A300005F902C004F901C003F900C002F9AEC77C
:109A400008F9AFC709F9EACF0BF9E9CF0AF9D892BB
:109A500005C913F904C912F903C911F902C910F9AA
:109A60000901176B166B09C915F908C914F900012A
:109A7000DEEC09F00BC9EAFF0AC9E9FF01C028F1D1
:109A800000C027F1C2C700F9C3C701F90901056B7E
:109A9000046B01C903F900C902F9EACF07F9E9CF5C
:109AA00006F905C95BF904C95AF903C959F902C98C
:109AB00058F95F6B5E6B030E5D6FE80E5C6F000123
:109AC00028EC0AF007C9EAFF06C9E9FF03C005F957
:109AD00002C004F901C003F900C002F9B2C708F9D5
:109AE000B3C709F9EACF0BF9E9CF0AF9D89205C94A
:109AF00013F904C912F903C911F902C910F90901CE
:109B0000176B166B09C915F908C914F90001DEECC9
:109B100009F00BC9EAFF0AC9E9FF01C02AF100C038
:109B200029F1010E006E8251016E04E0D8900036DA
:109B3000012EFCD70050871529E1D8908235036AA1
:109B4000230FE96E010E0320EA6EEC6AED52EF6A14
:109B50008251040DF350036A100F0901006F000ECB
:109B60000320016FA60E0025026F070E0121036F6F
:109B7000056B046B03C9EAFF02C9E9FF04C9EEFFE4
:109B8000090EEA6E030EE96EEF6A00010901036B2C
:109B9000320E026F020E046F550E056F066B076BD7
:109BA00000015AEC0EF0D8908235036A230FE96E5B
:109BB000010E0320EA6EECCF07F9ED52EFCF06F964
:109BC000010E0801C16FDB0EC06F000EE96E0001CF
:109BD0009EEC14F0340EF66E040EF76E000EF86E66
:109BE000040E0901066F00017AEC15F0010E09015F
:109BF0000A6FDB0E096F110E0B6F550E0C6F0D6B9C
:109C00000E6B000134EC0FF00901036B310E026F93
:109C10002B0E046F550E056F066B076B00015AEC97
:109C20000EF08251040DF350036A100F0901006F0A
:109C3000000E0320016F010E0801C16FDB0EC06F23
:109C4000A60E09010025026F070E0121036F03C94B
:109C5000E2FF02C9E1FFE6CF04F9E6CF05F9000E05
:109C6000E96E05C907F904C906F900019EEC14F074
:109C70003E0EF66E040EF76E000EF86E030E09012E
:109C8000066F00017AEC15F0010E09010A6FDB0E78
:109C9000096F390E0B6F550E0C6F0D6B0E6B0001BB
:109CA00034EC0FF08251040DF350036A100F0901D8
:109CB000006F000E0320016FA60E0025026F070E35
:109CC0000121036F03C9E2FF02C9E1FFE6CF04F9F6
:109CD000E6CF05F9055126080AE2FF0A03E104511F
:109CE0000F0805E2950E00018C6F04D00901960E55
:109CF00000018C6F0901036B8CC002F9460E046FE2
:109D00002D0E056F020E066F076B00015AEC0EF068
:109D1000010E0801C16FDB0EC06F420EF66E040E1D
:109D2000F76E000EF86E030E0901066F00017AEC63
:109D300015F077C007F9110E0901086F000190ECCA
:109D40000FF03A0E0901106F00017FEC0FF078C0A0
:109D500007F9010E0901086F000190EC0FF0825124
:109D600003084AE0010E0801C16FF90EC06F4E0EE4
:109D7000F66E040EF76E000EF86E030E0901066F04
:109D800000017AEC15F079C007F9110E0901086F8E
:109D9000000190EC0FF03A0E0901106F00017FEC0A
:109DA0000FF07AC007F9010E0901086F000190EC6D
:109DB0000FF0036A82517F0FE96E000E0320EA6EF6
:109DC000EFCF00F9020E0801C16F170EC06F5A0ED7
:109DD000F66E040EF76E000EF86E050E0901066FA2
:109DE00000017AEC15F000C907F9110E0901086F9E
:109DF000000190EC0FF037D0010E0801C16FF90E91
:109E0000C06F640EF66E040EF76E000EF86E050E4F
:109E10000901066F00017AEC15F0410EE96EE6C00B
:109E200007F9E5C006F9E4C005F9E3C004F9CBEC95
:109E300019F06C0EF66E040EF76E000EF86E030E3F
:109E40000901066F00017AEC15F0020E0801C16FDE
:109E5000170EC06F700EF66E040EF76E000EF86EE1
:109E6000000179EC23F0010E09010A6FDB0E096F86
:109E7000040E0B6F600E0C6F0D6B0E6B000134EC5B
:109E80000FF0010E09010A6FF90E096F180E0B6F22
:109E9000600E0C6F0D6B0E6B000134EC0FF0020EB8
:109EA00009010A6F170E096F380E0B6F600E0C6FE9
:109EB0000D6B0E6B000134EC0FF0E4D06C518F0889
:109EC00004E08BEC0BF042EC35F050A004D008011C
:109ED000FF6B0DD0000150A205D0010E0801FF6FED
:109EE00006D0000150A404D0020E0801FF6F00014B
:109EF000D8900801FF35036A470FE96E010E032071
:109F0000EA6EECCF05F9ED52EFCF04F9D890FF35AA
:109F1000036A4F0FE96E010E0320EA6EECCF07F9DA
:109F2000ED52EFCF06F900012DEC1AF077C0D9F809
:109F300078C0DAF879C0DBF87AC0DCF80901036B85
:109F4000380E026F060E046F550E056F066B076B19
:109F500000015AEC0EF00901036B390E026F260E58
:109F6000046F550E056F066B076B00015AEC0EF07F
:109F70000901036B060E026F046B056B020E066F80
:109F8000076B00015AEC0EF00901036B330E026FF0
:109F90000A0E046F320E056F020E066F076B00018A
:109FA0005AEC0EF050A003D03E0E8C6F09D050A298
:109FB00003D03F0E8C6F04D050A402D0400E8C6FA3
:109FC0000901036B8CC002F90A0E046F400E056F85
:109FD000020E066F076B00015AEC0EF0010E08012D
:109FE000C16FDB0EC06FD9C807F9110E0901086FE8
:109FF000000190EC0FF03A0E0901106F00017FECA8
:10A000000FF0DAC807F9010E0901086F000190ECA2
:10A010000FF0010E09010A6FDB0E096F0C0E0B6FBA
:10A020005F0E0C6F020E0D6F0E6B000134EC0FF023
:10A03000010E0801C16FDB0EC06FDBC807F9110EFE
:10A040000901086F000190EC0FF03A0E0901106F42
:10A0500000017FEC0FF0DCC807F9010E0901086F61
:10A06000000190EC0FF0010E09010A6FDB0E096F81
:10A07000250E0B6F5F0E0C6F020E0D6F0E6B000145
:10A0800034EC0FF00901036BA80E026F046B6B0E2A
:10A09000056F066B076B00015AEC0EF04FBE6ED0D9
:10A0A00087A134D0A6C700F9A7C701F901C903F9F0
:10A0B00000C902F9E6EC34F002C003F901C002F96C
:10A0C000010E0801C16FDB0EC06F7A0EF66E040E32
:10A0D000F76E000EF86E030E0901066F00017AECB0
:10A0E00015F0000EE96E03C907F902C906F99EECE6
:10A0F00014F0810EF66E040EF76E000EF86E030E6D
:10A100000901066F00017AEC15F020D0010E08015C
:10A11000C16FDB0EC06F860EF66E040EF76E000E7A
:10A12000F86E000179EC23F00901016B006B00C9A6
:10A13000B6F70701B76B0901016B006B00C9A6F701
:10A140000701A76B0101246B236B000187A102D0DB
:10A15000825302E0000E01D0010E0901026F010ED0
:10A160000A6FDB0E096F030E0B6F760E0C6F0D6B13
:10A1700002C90EF9000134EC0FF06ED087A734D07D
:10A18000B2C700F9B3C701F901C903F900C902F95F
:10A19000E6EC34F002C003F901C002F9010E080137
:10A1A000C16FDB0EC06F920EF66E040EF76E000EDE
:10A1B000F86E030E0901066F00017AEC15F0000E2F
:10A1C000E96E03C907F902C906F99EEC14F0990E6D
:10A1D000F66E040EF76E000EF86E030E0901066FA0
:10A1E00000017AEC15F020D0010E0801C16FDB0EE2
:10A1F000C06F9E0EF66E040EF76E000EF86E000134
:10A2000079EC23F00901016B006B00C9C2F707016B
:10A21000C36B0901016B006B00C9B2F70701B36B97
:10A2200001012A6B296B000187A703D08251030823
:10A2300002E0000E01D0010E0901026F010E0A6F4B
:10A24000DB0E096F030E0B6F760E0C6F0D6B02C9E0
:10A250000EF9000134EC0FF087A334D0AAC700F93F
:10A26000ABC701F901C903F900C902F9E6EC34F002
:10A2700002C003F901C002F9010E0801C16FDB0E33
:10A28000C06FAA0EF66E040EF76E000EF86E030E87
:10A290000901066F00017AEC15F0000EE96E03C9A2
:10A2A00007F902C906F99EEC14F0B10EF66E040E21
:10A2B000F76E000EF86E030E0901066F00017AECCE
:10A2C00015F020D0010E0801C16FDB0EC06FB60E75
:10A2D000F66E040EF76E000EF86E000179EC23F0B6
:10A2E0000901016B006B00C9BAF70701BB6B0901DB
:10A2F000016B006B00C9AAF70701AB6B0101266B6C
:10A30000256B000187A303D0822D01D002D0000E5F
:10A3100001D0010E0901026F010E0A6FDB0E096FF9
:10A320001C0E0B6F760E0C6F0D6B02C90EF900013F
:10A3300034EC0FF087A534D0AEC700F9AFC701F9F0
:10A3400001C903F900C902F9E6EC34F002C003F9CF
:10A3500001C002F9010E0801C16FDB0EC06FC20E11
:10A36000F66E040EF76E000EF86E030E0901066F0E
:10A3700000017AEC15F0000EE96E03C907F902C975
:10A3800006F99EEC14F0C90EF66E040EF76E000E80
:10A39000F86E030E0901066F00017AEC15F020D06B
:10A3A000010E0801C16FDB0EC06FCE0EF66E040EFB
:10A3B000F76E000EF86E000179EC23F00901016BD5
:10A3C000006B00C9BEF70701BF6B0901016B006B91
:10A3D00000C9AEF70701AF6B0101286B276B0001C5
:10A3E00087A503D08251020802E0000E01D0010EC1
:10A3F0000901026F010E0A6FDB0E096F350E0B6F3C
:10A40000760E0C6F0D6B02C90EF9000134EC0FF0E3
:10A410006BC06CF0519C000E016E1200E824F76ACC
:10A42000F7363D0FF66EA40EF722000EF86EFB6EA7
:10A430000A00F550FA6E0800F550F96E4A8B4E8B03
:10A44000528B568B0601F7BB08D047C224F746C291
:10A4500023F749C225F74CC226F723C728F824C79B
:10A4600029F825C72AF826C72BF80801E36BE26B09
:10A47000E2C822F8236BE36BE26BE2C824F8256B99
:10A48000E36BE26BE2C826F8276BE26BE2C82CF8BC
:10A49000E26BE2C82DF8E26BE2C82EF80001946B83
:10A4A000956B9A6B0701226B26C756F20101886BE8
:10A4B000876B566B556B586B576B559450940601D0
:10A4C000FA6BF96B0001120051AC3AD36C51B4082D
:10A4D00009E16B51B50806E10601F79B0101566BD6
:10A4E000556B00016B51B708D8B4C1D26C51B70895
:10A4F0000BE11B6AF2BE1B8EF29E09016F6B00011D
:10A5000056EC03F01BBEF28E6C51B40823E06C5184
:10A51000B50820E08BEC0BF00901036B070E026F0E
:10A52000046B056B020E066F076B00015AEC0EF010
:10A530006C51B70809E00101AA6BA96B4FC2A8F1E1
:10A540004EC2A7F100017EDF51C248F150C247F16F
:10A550001CEC11F06B51B40801E174DF6B51B408CD
:10A5600003E1FDEC10F005D06B51B50802E107ECFA
:10A5700011F048C105F947C104F90901076B066BE1
:10A5800000012DEC1AF00901036B2B0E026F020E75
:10A59000046F1A0E056F066B076B00015AEC0EF084
:10A5A0005B0E0801DB6F410EDC6FDD6B080E0901ED
:10A5B0000A6FDB0E096F240E0B6F370E0C6F0D6BDD
:10A5C0000E6B000134EC0FF024C855F125C856F18C
:10A5D00026C857F127C858F122C887F123C888F147
:10A5E00028C823F729C824F72AC825F72BC826F737
:10A5F0000701265302E1010E226F1B6AF2BE1B8E79
:10A60000F29E56C179F955C178F9000148EC05F080
:10A610001BBEF28E03C026F902C025F901C024F941
:10A6200000C023F909012A6B296B7A0E286F880E66
:10A63000276F000172EC0AF003C0E5F802C0E4F8ED
:10A6400001C0E3F800C0E2F81B6AF2BE1B8EF29E66
:10A6500058C179F957C178F948EC05F01BBEF28E64
:10A660001B6AF2BE1B8EF29EE5C87BF9E4C87AF93C
:10A67000E3C879F9E2C878F903C07FF902C07EF92E
:10A6800001C07DF900C07CF963EC05F01BBEF28EC1
:10A6900003C0E5F802C0E4F801C0E3F800C0E2F846
:10A6A0000801FB6B400EFA6F1C0EF96F8C0EF86FF1
:10A6B00003C0FFF802C0FEF801C0FDF800C0FCF8BE
:10A6C000000106EC19F001E203E1950E8C6F02D057
:10A6D000960E8C6F0901036B8CC002F9460E046F55
:10A6E0002D0E056F020E066F076B00015AEC0EF07F
:10A6F0006C51500833E16B51B40830E144C200F8AA
:10A7000045C201F846C202F847C203F848C204F83D
:10A710004AC205F84BC206F849C207F84DC208F80C
:10A720004CC209F843C20AF84EC20BF84FC20CF8EB
:10A730000201556B546B536B910E526F0701076BFF
:10A740000A0E0901006F0001B5EC34F0010E06019C
:10A75000FF6F4EC21CF84FC21DF800016C51B408C7
:10A7600003E16B51B50806E06C51B70812E16B517B
:10A77000B5080FE1050E02014E25526F000E4F2164
:10A78000536F546BD8B0522B556B0001D0EC34F0A2
:10A7900058960101555302E156530CE0050E020193
:10A7A0004E25526F000E4F21536F546BD8B0522B71
:10A7B000556B0101020156510701265D03E026C7D2
:10A7C00056F2589656C103F955C102F90001E6EC5C
:10A7D00034F002C0E3F801C0E2F8010E0801C16FD5
:10A7E000DB0EC06F000EE96E02C007F901C006F96A
:10A7F00000019EEC14F0010E09010A6FDB0E096FD7
:10A800000B6B280E0C6F030E0D6F0E6B000134ECFA
:10A810000FF00901036B940E026F2B0E046F570E9D
:10A82000056F066B076B00015AEC0EF04FC20BF977
:10A830004EC20AF909010D6B640E0C6F000166EC43
:10A840000BF002C0E3F801C0E2F8010E0801C16F8D
:10A85000DB0EC06F000EE96E02C007F901C006F9F9
:10A8600000019EEC14F0DE0EF66E040EF76E000E84
:10A87000F86E030E0901066F00017AEC15F0010E67
:10A8800009010A6FDB0E096F370E0B6F570E0C6F45
:10A890000D6B0E6B000134EC0FF00901036B310EF0
:10A8A000026F2B0E046F610E056F066B076B0001C4
:10A8B0005AEC0EF0010E0801C16FDB0EC06F000EE6
:10A8C000E96E88C107F987C106F900019EEC14F012
:10A8D000E60EF66E040EF76E000EF86E030E09011A
:10A8E000066F00017AEC15F0010E09010A6FDB0E0C
:10A8F000096F370E0B6F610E0C6F0D6B0E6B000145
:10A9000034EC0FF00901036B320E026F2B0E046F53
:10A910006B0E056F066B076B00015AEC0EF0010E13
:10A920000801C16FDB0EC06F000EE96E58C107F958
:10A9300057C106F900019EEC14F0EE0EF66E040EFF
:10A94000F76E000EF86E040E0901066F00017AEC36
:10A9500015F0010E09010A6FDB0E096F370E0B6F40
:10A960006B0E0C6F0D6B0E6B000134EC0FF0080ECC
:10A97000EA6EDB0EE96E070E016EF76A000E16EC4A
:10A9800001F00A000900F5CFEEFF012EFBD7080EFB
:10A9900009010A6FDB0E096F2C0E0B6F1A0E0C6F7C
:10A9A0000D6B0E6B000134EC0FF0010E0801C16F4E
:10A9B000DB0EC06F26C707F9130E0901086F0001EF
:10A9C00090EC0FF0010E09010A6FDB0E096F280EE3
:10A9D0000B6F0C6F030E0D6F0E6B000134EC0FF05C
:10A9E00048C105F947C104F90901076B066B00016D
:10A9F0002DEC1AF00901036B2D0E026F020E046F8D
:10AA0000500E056F066B076B00015AEC0EF0010E3D
:10AA10000801C16FDB0EC06F77C007F9110E090185
:10AA2000086F000190EC0FF03A0E0901106F000161
:10AA30007FEC0FF078C007F9010E0901086F0001E3
:10AA400090EC0FF0200E0901106F00017FEC0FF069
:10AA5000010E09010A6FDB0E096F0B6B5E0E0C6FA6
:10AA6000030E0D6F0E6B000134EC0FF067D06C51CC
:10AA7000B70804E08BEC0BF042EC35F048C105F967
:10AA800047C104F90901076B066B00012DEC1AF0B0
:10AA900077C0D9F878C0DAF80901036B380E026F75
:10AAA000190E046F550E056F066B076B00015AEC0B
:10AAB0000EF00901036B070E026F0A0E046F056B9F
:10AAC000020E066F076B00015AEC0EF00901036BD2
:10AAD000330E026F0A0E046F320E056F020E066F00
:10AAE000076B00015AEC0EF0010E0801C16FDB0E7E
:10AAF000C06FD9C807F9110E0901086F000190EC69
:10AB00000FF03A0E0901106F00017FEC0FF0DAC868
:10AB100007F9010E0901086F000190EC0FF0010E1A
:10AB200009010A6FDB0E096F1D0E0B6F5F0E0C6FB4
:10AB3000020E0D6F0E6B000134EC0FF06BC06CF069
:10AB4000519C000E016E12006C51C80804E08BECA1
:10AB50000BF06CC06DF0C00ED88001018F5508015C
:10AB6000DD6F270E010190550801DE6F090E01010E
:10AB700091550801DF6F000E010192550801E06F49
:10AB8000FB6FDFC8FAF8DEC8F9F8DDC8F8F8000195
:10AB900056EC0AF01B6AF2BE1B8EF29E03C07BF9D4
:10ABA00002C07AF901C079F900C078F96F0E090185
:10ABB0007F6F120E7E6F030E7D6F750E7C6F00012E
:10ABC00063EC05F01BBEF28E03C010F902C00FF952
:10ABD00001C00EF900C00DF9ACEC17F003C0DCF8B1
:10ABE00002C0DBF801C0DAF800C0D9F8010E080194
:10ABF000C16FDB0EC06FF40EF66E040EF76E000E22
:10AC0000F86E070E0901066F00017AEC15F0410E8F
:10AC1000E96EDCC807F9DBC806F9DAC805F9D9C856
:10AC200004F9CBEC19F0FE0EF66E040EF76E000E72
:10AC3000F86E090E0901066F00017AEC15F0010E9D
:10AC400009010A6FDB0E096F0A0E0B6F1E0E0C6FE7
:10AC5000020E0D6F0E6B000134EC0FF00901036B57
:10AC6000410E026F0A0E046F320E056F020E066F60
:10AC7000076B00015AEC0EF00901036B420E026FE4
:10AC8000046B5A0E056F020E066F076B00015AEC3B
:10AC90000EF00901036B430E026F0F0E046F6E0E70
:10ACA000056F020E066F076B00015AEC0EF00101F2
:10ACB000AA6BA96BA86BA76B6BC06CF0000E016E42
:10ACC000000112006C51C90802E08BEC0BF0090185
:10ACD000036B440E026F0F0E046F320E056F020EEF
:10ACE000066F076B00015AEC0EF06BC06CF0000EA3
:10ACF000016E12000801E76BE66BE86BE551E85D59
:10AD00003EE254BE3CD0C580C5B0FED7AA0EFB6F54
:10AD1000000102EC15F0012C01D02DD00801E85102
:10AD2000E425EB6FFB6F000102EC15F0C582C5B2A4
:10AD3000FED7AB0E0801FB6F000102EC15F0006AB4
:10AD400010EC15F00801EA6B01C0E9F8C584C5B440
:10AD5000FED7E851080DF3CF00F0005205E0D8907F
:10AD6000E937EA37002EFBD7E951E627EA51E72316
:10AD7000549E03D00001548E0801E82BBFD7E6C8CB
:10AD800001F0E7C802F000011200020E0801E46FB2
:10AD9000E56F0001AFDF02501200F7DF0150120033
:10ADA0000E0E0801E46F020EE56F0001A3DF0250F2
:10ADB000DBEF56F0F5D702C0E1F80801E06B020EB8
:10ADC000E117E05303E1E151020802E0000E01D077
:10ADD000010E016E0001AAEF57F01A0E0801E46F90
:10ADE000020EE56F000186DF0250B4EF57F0080E47
:10ADF0000801E46F020EE56F00017CDF02C0E1F89C
:10AE000001C0E0F80801E0C801F0E1C802F000016B
:10AE100095EF59F00A0E0801E46F020EE56F00018C
:10AE200069DF02C0E3F801C0E2F80801E2C801F0FE
:10AE3000E3C802F000019AEF59F0EACFEDF8E9CF4C
:10AE4000ECF80801E6AF08D0EC8FECA9EC2BE51F7D
:10AE5000E61FE52BD8B4E62BE639F009E86FE827C2
:10AE6000E20FE96F320FEB6FE6510F0BE927E9278D
:10AE7000EB27E90FEA6FEA27EA27E5390F0BEA2704
:10AE8000EB27EA37EB37EB1FEB37E5510F0BEB27DF
:10AE9000E837070EE76F0A0EEA07EB27FDE3E9073D
:10AEA000EA27FDE3E807E927FDE3E707E827FDE3F5
:10AEB000080EEA6EE70EE96E070EEC15EC9DED52FA
:10AEC000EC1507E1ECB9EE52ECB903D0200E006EA0
:10AED00021D0E926000EEA22E950EB0804E1EA500D
:10AEE000080801E1EC8DEF50006E08E1ECBD06D0E2
:10AEF000ECB91ED0ECB702D0200E0BD0ECAF06D0D0
:10AF00002D0E006EED50EC9DEC9F04D0EC87EC997B
:10AF1000300E0026EACFE6F8E9CFE5F800C010F9D8
:10AF200000017FEC0FF0E6C8EAFFE5C8E9FF080181
:10AF3000EE50ECADD1D7000112000801DD6BDE6BE5
:10AF400000012BDF01C0DFF86C51CC0802E08BEC74
:10AF50000BF030D7015205E0450E8C6F8B908B8A39
:10AF60002FD1460E8C6F39D702C0E1F801C0E0F84E
:10AF70001B6AF2BE1B8EF29E02C079F901C078F9FD
:10AF800048EC05F01BBEF28E03C026F902C025F97D
:10AF900001C024F900C023F909012A6B296B700E46
:10AFA000286F840E276F000172EC0AF003C0DCF8F2
:10AFB00002C0DBF801C0DAF800C0D9F81B6AF2BEA3
:10AFC0001B8EF29EDCC87BF9DBC87AF9DAC879F906
:10AFD000D9C878F9DEEC05F01BBEF28E01C0DEF8B0
:10AFE0001B6AF2BE1B8EF29E0901796BDEC878F9EE
:10AFF000000148EC05F01BBEF28ED882DCC80FF9C8
:10B00000DBC80EF9DAC80DF9D9C80CF903C013F979
:10B0100002C012F901C011F900C010F9EBEC26F0E2
:10B0200003C0E3F802C0E2F801C0E1F800C0E0F8B4
:10B030001B6AF2BE1B8EF29E03C07BF902C07AF936
:10B0400001C079F900C078F909017F6B7E6B700E41
:10B050007D6F840E7C6F000163EC05F01BBEF28EE9
:10B060001B6AF2BE1B8EF29E03C07BF902C07AF906
:10B0700001C079F900C078F9DEEC05F01BBEF28E54
:10B0800001C0DDF80901036BAB0E026F090E046FFE
:10B09000640E056F066B076B00015AEC0EF0010E93
:10B0A0000801C16FDB0EC06FDEC807F9110E090180
:10B0B000086F000190EC0FF00B0EF66E050EF76EA8
:10B0C000000EF86E030E0901066F00017AEC15F010
:10B0D000DDC807F9110E0901086F000190EC0FF0AF
:10B0E000110EF66E050EF76E000EF86E050E0901D4
:10B0F000066F00017AEC15F0010E09010A6FDB0EF4
:10B10000096F2E0E0B6F640E0C6F0D6B0E6B000132
:10B1100034EC0FF00801DE5123081EE2000135DE99
:10B1200002C0E1F801C0E0F80801E15315E1E05187
:10B13000390812E38B908B8A0901036BF00E026FC2
:10B14000090E046F640E056F066B076B00015AEC65
:10B150000EF0450E8C6F0801DE5143080CE2000131
:10B1600014DE02C0E1F801C0E0F80801E15308E193
:10B17000E0513A0805E3000170510801DF5D1BE36F
:10B180000001712BD8B4722B7251020805E2FF0A3C
:10B1900008E17151E80805E370510801DF5D0AE339
:10B1A00000018B908B8ADFC870F0726B716B450E5B
:10B1B0008C6F080106D00001726B716B8B808B8ADB
:10B1C0000801000170510801DF5D02E3DFC870F083
:10B1D0000901036B8CC002F90F0E046F0A0E056F94
:10B1E000020E066F076B00015AEC0EF01B6AF2BEEE
:10B1F0001B8EF29E0901796BDFC878F9000148ECDB
:10B2000005F01BBEF28E03C0E3F802C0E2F801C0F5
:10B21000E1F800C0E0F81B6AF2BE1B8EF29E090145
:10B22000796B70C078F9000148EC05F01BBEF28E16
:10B23000E3C826F9E2C825F9E1C824F9E0C823F9F2
:10B2400003C02AF902C029F901C028F900C027F972
:10B2500072EC0AF003C0E3F802C0E2F801C0E1F8C2
:10B2600000C0E0F81B6AF2BE1B8EF29E03C07BF9A1
:10B2700002C07AF901C079F900C078F909017F6B41
:10B280007E6B480E7D6F850E7C6F000163EC05F0D0
:10B290001BBEF28E1B6AF2BE1B8EF29E03C07BF9B0
:10B2A00002C07AF901C079F900C078F9DEEC05F046
:10B2B0001BBEF28E01C0E0F8010E0801C16FDB0E6B
:10B2C000C06F01C007F91B0E0901086F000190EC67
:10B2D0000FF0200E0901106F00017FEC0FF0250E1A
:10B2E0000901106F00017FEC0FF0010E09010A6FD8
:10B2F000DB0E096F190E0B6F280E0C6F030E0D6F0E
:10B300000E6B000134EC0FF0010E0801C16FDB0E73
:10B31000C06F180EF66E050EF76E000EF86E000187
:10B3200079EC23F085BC58D062D502C0E1F801C0A9
:10B33000E0F870D502C0E3F801C0E2F82EDD01C0EC
:10B34000E4F8010E0801C16FDB0EC06F3A0EF66E15
:10B35000050EF76E000EF86E030E0901066F000170
:10B360007AEC15F00A0EE96EE1C8E6F8E0C8E5F8F7
:10B3700064DD420EF66E050EF76E000EF86E070ED7
:10B380000901066F00017AEC15F00A0EE96EE3C8B8
:10B39000E6F8E2C8E5F851DD4E0EF66E050EF76EE2
:10B3A000000EF86E090E0901066F00017AEC15F027
:10B3B000E4C807F91B0E0901086F000190EC0FF0BB
:10B3C000200E0901106F00017FEC0FF0250E09011E
:10B3D000106F00017FEC0FF0010E09010A6FDB0E08
:10B3E000096F090E0B6F500E0C6F0D6B0E6B000189
:10B3F00034EC0FF06BC06CF0000E016E120008010F
:10B40000E76B010EE86F000144EC08F00801E76B00
:10B41000030EE86F000119EC36F00801E76BE86BEA
:10B42000E96B0001A4EC36F05094646B589C080161
:10B43000DA6BD96BD9C8AEF70701AF6B0801DA6BCD
:10B44000D96BD9C8B0F70701B16B0801DA6BD96BBA
:10B45000D9C8BEF70701BF6B0801DA6BD96BD9C831
:10B46000C0F70701C16B0601F7BB07D00101AA6B4A
:10B47000A96BA86B010EA76F06015192F995FA6BA3
:10B48000000122EC52F0518C120087532AE1060190
:10B49000F7AB02D0000125D00801E76B010EE86F81
:10B4A000000144EC08F0646B0801DA6BD96BD9C871
:10B4B000A6F70701A76B0801DA6BD96BD9C8A8F703
:10B4C0000701A96B0801DA6BD96BD9C8B6F7070178
:10B4D000B76B0801DA6BD96BD9C8B8F70701B96B3C
:10B4E000000101013A5100080FE2FF0A03E139515E
:10B4F00022080AE2010E3A6F220E396FAA6BA96B7D
:10B50000010EA86F220EA76F5192000189910801C8
:10B51000E76B010EE86F000119EC36F00801E76BEC
:10B52000E86B020EE96F0001A4EC36F050900701C1
:10B53000006B0801D96BD9C892F80601F991FA6B32
:10B540000001906B916B986B649142EC44F05692C1
:10B55000518C120087532AE10601F7AB02D000019B
:10B5600025D00801E76B010EE86F000144EC08F0FC
:10B57000646B0801DA6BD96BD9C8AAF70701AB6B0A
:10B580000801DA6BD96BD9C8ACF70701AD6B0801BC
:10B59000DA6BD96BD9C8BAF70701BB6B0801DA6B54
:10B5A000D96BD9C8BCF70701BD6B000101013C5143
:10B5B00000080FE2FF0A03E13B5122080AE2010EF4
:10B5C0003C6F220E3B6FAA6BA96B010EA86F220E77
:10B5D000A76F5192000189930801E76B020EE86F93
:10B5E000000119EC36F00801E76BE86B010EE96F1A
:10B5F0000001A4EC36F050920701016B0801D96BF1
:10B60000D9C893F80601F993FA6B0001926B936B1A
:10B61000996B64936EEC44F05692518C12008753F0
:10B620002AE10601F7AB02D0000125D00801E76B43
:10B63000010EE86F000144EC08F0646B0801DA6B5E
:10B64000D96BD9C8AEF70701AF6B0801DA6BD96BBC
:10B65000D9C8B0F70701B16B0801DA6BD96BD9C84B
:10B66000BEF70701BF6B0801DA6BD96BD9C8C0F709
:10B670000701C16B000101013E5100080FE2FF0A02
:10B6800003E13D5122080AE2010E3E6F220E3D6F9A
:10B69000AA6BA96B010EA86F220EA76F5192000131
:10B6A00089950801E76B030EE86F000119EC36F08D
:10B6B0000801E76BE86BE96B0001A4EC36F05094ED
:10B6C0000701026B0801D96BD9C894F80601F995F6
:10B6D000FA6B0001946B956B9A6B64959AEC44F04D
:10B6E0005692518C12008751010A15E0030A15E0A9
:10B6F000060A15E0070A15E0050A16E0030A17E036
:10B70000020A18E00F0A1AE0020A1BE0060A1DE00E
:10B71000020A1FE023D0B9DE24D01CDF22D07FDF55
:10B7200020D0B3DE17DF1DD015DF79DF1AD0ADDEF4
:10B7300076DF17D0AADE0EDF72DF13D0A6DE6497A5
:10B7400010D008DFA2DE64970CD09FDE68DF64971C
:10B7500008D09BDEFFDE63DF649703D096DEFADE5F
:10B760005EDF876B896B518C12000601F7BB07D037
:10B770000001616BCC2D02D0010E616F0601010149
:10B780000C51000809E2FF0A03E10B51220804E210
:10B79000010E0C6F220E0B6F0001F4EC36F012005C
:10B7A0000801D96BD951060810E3E76BD9C8E8F84E
:10B7B000000119EC36F00801EE6B640EED6F00012C
:10B7C00069EC35F00801D92BEDD700011200080112
:10B7D000D96BD95103080BE3010EE76FE86FD9C8A5
:10B7E000E9F80001A4EC36F00801D92BF2D70001EA
:10B7F00012000101CA6BC96B070EC86FD00EC76F6C
:10B800001B6AF2BE1B8EF29E010E09016F6F0001D2
:10B8100056EC03F01BBEF28E1200F40E986E8F8071
:10B820000801EE6B320EED6F000169EC35F0F40E9D
:10B83000986E8F9012000801D96BD95103080BE361
:10B84000E76B010EE86FD9C8E9F80001A4EC36F007
:10B850000801D92BF2D7000112008BEC0BF051BA82
:10B8600022D0519A646B0801E76B010EE86F00016A
:10B8700044EC08F06C51B30803E2C1DD589C12D0CF
:10B88000875303E16C518B0802E22DDF0BD06C5122
:10B89000810803E22FEC3FF005D06C51770802E2FB
:10B8A00064DF589E7DDF93DF0901036B5E0E026F3C
:10B8B000140E046F320E056F010E066F076B000148
:10B8C0005AEC0EF051A80ED0010E0801C16FDB0E2C
:10B8D000C06F020E0901076F030E086F000190ECA4
:10B8E0000FF00DD0010E0801C16FDB0EC06F010E0D
:10B8F0000901076F030E086F000190EC0FF0010EB5
:10B9000009010A6FDB0E096F210E0B6F460E0C6FDB
:10B91000010E0D6F0E6B000134EC0FF06ADF7DDF5E
:10B920000B0E0801EE6FB80EED6F000169EC35F0FB
:10B930000601F46B00017FDF000E016E12008BEC3C
:10B940000BF00901036B5E0E026F140E046F320ED2
:10B95000056F010E066F076B00015AEC0EF0010E29
:10B960000801C16FDB0EC06FCAC007F9030E0901E1
:10B97000086F000190EC0FF0010E09010A6FDB0E59
:10B98000096F210E0B6F460E0C6F010E0D6F0E6BC3
:10B99000000134EC0FF0875302E0A5DE08D06C51B3
:10B9A000B30803E22CDD589C02D0DFDE589E0FDF87
:10B9B000F7DE1FDF32DF0B0E0801EE6FB80EED6F02
:10B9C000000169EC35F037DF000E016E12008BECE0
:10B9D0000BF00901036B5E0E026F140E046F320E42
:10B9E000056F010E066F076B00015AEC0EF0010E99
:10B9F0000801C16FDB0EC06FCAC007F9030E090151
:10BA0000086F000190EC0FF0010E09010A6FDB0EC8
:10BA1000096F210E0B6F460E0C6F010E0D6F0E6B32
:10BA2000000134EC0FF05794000E016E1200C90EA5
:10BA30006B6F09010B6B6BC00AF90D6B040E0C6F79
:10BA4000000166EC0BF002C003F00150860F006E9F
:10BA5000020E0220016E026AD8B0002A036A02C0F8
:10BA6000D1F8E8CFD0F800C0CFF8EA6E00C0E9FF07
:10BA700024EC01F001C07EF0F40E986E8F90F096E9
:10BA8000F09AB99AB99CF090F0948150BA9ABA9C05
:10BA90000F01339530950801E76B010EE86F000147
:10BAA00044EC08F07DDE04000801CE6BCE510308A3
:10BAB00013E3E76BE86BCEC8E9F80001A4EC36F0BD
:10BAC0000801E76B010EE86FCEC8E9F80001A4ECAD
:10BAD00036F00801CE2BEAD700018BEC0BF0040006
:10BAE0006F6A6E50CF0B6E6E0F01476B4651CF0BD6
:10BAF000466F6E6A466BC290B59CB59EC69A679AB1
:10BB0000AB9E229F0801E76B040EE86F000144EC36
:10BB100008F00801E76B050EE86F000144EC08F03F
:10BB20001B6AF2BE1B8EF29E0901766BC80E756F02
:10BB3000000159EC06F01BBEF28E830E966E8D94BA
:10BB4000966E8D967D0E976E8E92976E8E9EF40EEB
:10BB5000986E8F90200E956E8C90956E8C92956E4F
:10BB60008C94956E8C96956E8C98956E8C9C956E3B
:10BB70008C9E8B9A8B908B928B940D0E926E8992E9
:10BB8000926E8998926E899A830E966E8D9CF40EB1
:10BB9000986E8F96830E966E8D98966E8D9A939E64
:10BBA000C80E92167F0E936E8A9E0D0E926E899C21
:10BBB000926E899E270E941698928B968B98F40E0F
:10BBC000986E8F928B9C8B9EF2864E8056961B6A47
:10BBD000F2BE1B8EF29E09016F6B000156EC03F062
:10BBE0001BBEF28E12006F51590804E3010E016E64
:10BBF00005D004D0000E80A0010E016E1200C58099
:10BC0000C5B0FED7D8900801D0354009D26FFB6F80
:10BC1000000102EC15F0015227E10801D15307E0C1
:10BC2000060EFB6F000102EC15F006D00801030EB2
:10BC3000FB6F000102EC15F00801D1530BE0CEC8F8
:10BC4000FBF8000102EC15F0CFC8FBF802EC15F090
:10BC500006D00801CEC8FBF8000102EC15F0C5843F
:10BC6000C5B4FED7549E01D0548EF1EFDBF0200E08
:10BC7000956E8C920801EE6B640EED6F000169EC1D
:10BC800035F0200E956E8C82010E0801EE6F2C0EA1
:10BC9000ED6F000169EC35F06FEF5EF0B00E676E8E
:10BCA0003F0E68160901596B300E5A6F000177EC90
:10BCB0000BF00901596BAF0E5A6F000177EC0BF0D6
:10BCC000010E0801EE6F2C0EED6F000169EC35F0EE
:10BCD000EEEF60F0B00E676E3F0E6816C8D7090130
:10BCE000596B300E5A6F000177EC0BF00901596B5C
:10BCF000940E5A6F000177EC0BF00901596BD10ECD
:10BD00005A6F000177EC0BF00901596B200E5A6F46
:10BD1000000177EC0BF0010E0901596F080E5A6F04
:10BD2000000177EC0BF00801EE6B050EED6F0001E2
:10BD300069EC35F00901596B200E5A6F000177EC60
:10BD40000BF0010E0901596F0B0E5A6F000177ECD1
:10BD50000BF07C5302E11C0E7C6F0901596B810EC4
:10BD60005A6F000177EC0BF01B6AF2BE1B8EF29E3D
:10BD70000901796B7CC078F9000148EC05F01BBE25
:10BD8000F28E1B6AF2BE1B8EF29E03C07BF902C0CC
:10BD90007AF901C079F900C078F9AE0E09017F6F18
:10BDA000470E7E6F210E7D6F7E0E7C6F000163EC6F
:10BDB00005F01BBEF28E1B6AF2BE1B8EF29E03C004
:10BDC0007BF902C07AF901C079F900C078F9DEEC9C
:10BDD00005F01BBEF28E01C0D0F8010E0901596FAB
:10BDE00001C05AF9000177EC0BF0010E0901596FFF
:10BDF000040E5A6F000177EC0BF00901596BCA0E63
:10BE00005A6F000177EC0BF0010E0901596F5A6B64
:10BE1000000177EC0BF0010E0901596F230E5A6FE8
:10BE2000000177EC0BF0010E0901596F5A6B00010C
:10BE300077EC0BF00901596BA70E5A6F000177ECF4
:10BE40000BF00901596BBB0E5A6F000177EC0BF038
:10BE5000010E0901596F020E5A6F000177EC0BF0C9
:10BE60000901596BBC0E5A6F000177EC0BF0010E03
:10BE70000901596F030E5A6F000177EC0BF0010EA8
:10BE80000901596F5A6F000177EC0BF0010E09019F
:10BE9000596F020E5A6F000177EC0BF00901596BD4
:10BEA000750E5A6F000177EC0BF0010E0901596F06
:10BEB000100E5A6F000177EC0BF0010E0901596F5B
:10BEC0009F0E5A6F000177EC0BF00901596B150EAC
:10BED0005A6F000177EC0BF0010E0901596F050E46
:10BEE0005A6F000177EC0BF0010E0901596F540EE7
:10BEF0005A6F000177EC0BF00901596B5C0E5A6F19
:10BF0000000177EC0BF0100E0801CE6FCE519E08A9
:10BF10001FE3050ECF6FCF51530818E3010E09013F
:10BF2000596F5A6B000177EC0BF0010E0901596F44
:10BF30005A6B000177EC0BF0010E0901596F5A6B37
:10BF4000000177EC0BF00801CF2BE5D7CE2BDED725
:10BF50000901596B250E5A6F000177EC0BF00901AE
:10BF6000596BA90E5A6F000177EC0BF00901596B60
:10BF7000310E5A6F000177EC0BF00901596B320E4C
:10BF80005A6F000177EC0BF0010E0901596F5A6FDF
:10BF9000000177EC0BF0010E0901596F5A6B00019B
:10BFA00077EC0BF0010E0901596F020E5A6F000178
:10BFB00077EC0BF00901596B340E5A6F000177ECE6
:10BFC0000BF00901596B200E5A6F000177EC0BF052
:10BFD000010E0901596F5A6B000177EC0BF0010E4D
:10BFE0000901596F020E5A6F000177EC0BF0010E38
:10BFF0000901596F040E5A6F000177EC0BF0010E26
:10C000000901596F060E5A6F000177EC0BF0010E13
:10C010000901596F080E5A6F000177EC0BF0010E01
:10C020000901596F0A0E5A6F000177EC0BF0010EEF
:10C030000901596F0C0E5A6F000177EC0BF0010EDD
:10C040000901596F0E0E5A6F000177EC0BF0010ECB
:10C050000901596F100E5A6F000177EC0BF0010EB9
:10C060000901596F120E5A6F000177EC0BF0010EA7
:10C070000901596F140E5A6F000177EC0BF0010E95
:10C080000901596F160E5A6F000177EC0BF0010E83
:10C090000901596F180E5A6F000177EC0BF0010E71
:10C0A0000901596F1A0E5A6F000177EC0BF0010E5F
:10C0B0000901596F1C0E5A6F000177EC0BF0010E4D
:10C0C0000901596F1F0E5A6F000177EC0BF009013F
:10C0D000596B210E5A6F000177EC0BF0010E09012C
:10C0E000596F5A6B000177EC0BF0010E0901596F83
:10C0F000020E5A6F000177EC0BF0010E0901596F27
:10C10000040E5A6F000177EC0BF0010E0901596F14
:10C11000060E5A6F000177EC0BF0010E0901596F02
:10C12000080E5A6F000177EC0BF0010E0901596FF0
:10C130000A0E5A6F000177EC0BF0010E0901596FDE
:10C140000C0E5A6F000177EC0BF0010E0901596FCC
:10C150000E0E5A6F000177EC0BF0010E0901596FBA
:10C16000100E5A6F000177EC0BF0010E0901596FA8
:10C17000120E5A6F000177EC0BF0010E0901596F96
:10C18000140E5A6F000177EC0BF0010E0901596F84
:10C19000160E5A6F000177EC0BF0010E0901596F72
:10C1A000180E5A6F000177EC0BF0010E0901596F60
:10C1B0001A0E5A6F000177EC0BF0010E0901596F4E
:10C1C0001C0E5A6F000177EC0BF0010E0901596F3C
:10C1D0001F0E5A6F000177EC0BF060D551EFDCF0C9
:10C1E000050E0801D027100ED1270901646B636B7F
:10C1F000626B0F0E616F0001BCEC09F001C0DEF84C
:10C200000901646B636B626B100E616F0001BCEC23
:10C2100009F001C0DFF80901646B636B626B110EFA
:10C22000616F0001BCEC09F00501F36BDEC8F2F5AB
:10C23000DFC8F1F501C0F0F50901596B300E5A6FF6
:10C24000000177EC0BF00901596B750E5A6F000174
:10C2500077EC0BF0010E0901596FD1C85AF90001B2
:10C2600077EC0BF00801D151D225DE6F000ED321FF
:10C27000DF6F010EDE5F000EDF5B010E0901596FFB
:10C28000DEC85AF9000177EC0BF00901596B150E65
:10C290005A6F000177EC0BF0010E0901596FD0C8FD
:10C2A0005AF9000177EC0BF0D8900801D435DE6F15
:10C2B000D535DF6FE8CF11F9DEC810F90901136B2E
:10C2C000030E126F000189EC17F002C003F0015059
:10C2D0000801D025DE6F000E0220DF6F010E09017C
:10C2E000596FDEC85AF9000177EC0BF00901596B60
:10C2F0005C0E5A6F000177EC0BF0F3C5D9F8F2C56C
:10C30000D8F8F1C5D7F8F0C5D6F80801DD6BDC6BBD
:10C31000DB6B010EDA6FD3C80BF9D2C80AF9D5C8A6
:10C320000DF9D4C80CF9000166EC0BF002C003F063
:10C3300001500501F025006E0250F121016E000E42
:10C34000F221026E000EF321036E0801D951035C45
:10C35000D8A08BD00EE1D851025CD8A086D009E1DC
:10C36000D751015CD8A081D004E10050D65DD8B08F
:10C370007CD0D9C864F9D8C863F9D7C862F9D6C8DF
:10C3800061F90001BCEC09F001C0F4F50501F451BC
:10C39000F00B0801DE6F010E0901596FDEC85AF972
:10C3A000000177EC0BF00501F4510F0B006E003823
:10C3B0000801DE6FF00EDE17010E0901596FDEC8AD
:10C3C0005AF9000177EC0BF0D882080EEA6EDE0E07
:10C3D000E96EDDC813F9DCC812F9DBC811F9DAC857
:10C3E00010F90901176B166BD5C815F9D4C814F9E3
:10C3F0000001DEEC09F0E1C8E5F8E0C8E4F8DFC8C8
:10C40000E3F8DEC8E2F80801E25316E1E35314E171
:10C41000E45312E1E55310E1DA5306E1DB5304E1A2
:10C42000DC5302E1DD5308E0010E0901596F5A6B3C
:10C43000000177EC0BF00801D9C803F0D8C802F06E
:10C44000D7C801F0D6C800F0010ED627D8B0D72B38
:10C45000D8B4D82BD8B4D92B010EDA27D8B0DB2B1F
:10C46000D8B4DC2BD8B4DD2B56D7000172EFDCF04A
:10C470000801D06BC580C5B0FED73A0EFB6F000136
:10C4800002EC15F0015217E1CFC8FBF802EC15F0F1
:10C49000C582C5B2FED73B0E0801FB6F000102EC5E
:10C4A00015F0006A10EC15F001C0D0F8C584C5B4D1
:10C4B000FED7549E01D0548E0801D0C801F000016F
:10C4C0001200C580C5B0FED73A0E0801FB6F00010F
:10C4D00002EC15F0012C01D00DD0D0C8FBF802EC15
:10C4E00015F0D1C8FBF802EC15F0C584C5B4FED731
:10C4F000549E01D0548E12007F0EC86E280EC66E58
:10C50000C78EC79C0D0E0801CF6F0001B1DF01C0BF
:10C51000CEF80801CE511A0803E0000E016E5ED07D
:10C520002B0ED06F400ED16F0001CBDF2B0E080118
:10C53000CF6F00019DDF01BCF9D72A0E0801D06F33
:10C54000040ED16F0001BDDF0E0E0801D06F120E78
:10C55000D16F0001B6DF1D0E0801D06F1E0ED16F26
:10C560000001AFDF1F0E0801D06F300ED16F000148
:10C57000A8DF200E0801D06F050ED16F0001A1DFEA
:10C580000F0E0801D06F010ED16F00019ADF2B0E44
:10C590000801D06F120ED16F000193DF2D0E08013C
:10C5A000D06F200ED16F00018CDF2E0E0801D06FEE
:10C5B000200ED16F000185DF2A0E0801CF6F000128
:10C5C00057DF015001090801CF6F2A0ED06FCFC885
:10C5D000D1F8000176DF010E016E0801000174EF51
:10C5E000DCF06F51590804E3010E016E05D004D050
:10C5F000000E80A4010E016E1200040E07010A6FE6
:10C600000B6F0C6F080E0D6F050E0E6F1A0E0F6F6D
:10C610000B0E106F280E116F080E126F110E136F94
:10C62000060E146F300E156F110E166F0E0E176F6B
:10C63000050E186F0D0E196F090E1A6F1B6F040E81
:10C640001C6F0001F1EFDCF00801CE81D26BD16BE1
:10C65000D06BCF6B400E016EC250830B0110C26EC7
:10C66000000E016EC150F80B0110C16EC2B2FED7B0
:10C67000C282C2B2FED7C3CFCFF8C4CFD0F8D16B3D
:10C68000D26BC2B2FED7D26BD16BD06BCF6BD36BF8
:10C69000D35118081CE3400E016EC250830B0110E9
:10C6A000C26E000E016EC150F80B0110C16EC2B215
:10C6B000FED7C282C2B2FED7C350CF27C450D02308
:10C6C000000ED123D223C2B2FED7D32BE1D7D8920A
:10C6D000D2C813F9D1C812F9D0C811F9CFC810F9CE
:10C6E0000901176B166B156B190E146F0001DEEC48
:10C6F00009F003C0D2F802C0D1F801C0D0F800C0E0
:10C70000CFF81B6AF2BE1B8EF29E8EC179F98DC1E5
:10C7100078F948EC05F01BBEF28E03C026F902C082
:10C7200025F901C024F900C023F909012A6B296BFE
:10C73000286B8B0E276F000172EC0AF003C0D7F84C
:10C7400002C0D6F801C0D5F800C0D4F8D2C8FBF8B2
:10C75000D1C8FAF8D0C8F9F8CFC8F8F856EC0AF002
:10C760001B6AF2BE1B8EF29E03C07BF902C07AF9EF
:10C7700001C079F900C078F9D7C87FF9D6C87EF929
:10C78000D5C87DF9D4C87CF963EC05F01BBEF28EE8
:10C7900003C010F902C00FF901C00EF900C00DF975
:10C7A000ACEC17F003C0D2F802C0D1F801C0D0F849
:10C7B00000C0CFF8D8900801CF37D037D137D23763
:10C7C000D2C8FBF8D1C8FAF8D0C8F9F8CFC8F8F841
:10C7D000000156EC0AF003C0FBF802C0FAF801C0F1
:10C7E000F9F800C0F8F80801FF6BC00EFE6F5A0E92
:10C7F000FD6F8A0EFC6F000106EC19F01EE2D2C834
:10C80000FBF8D1C8FAF8D0C8F9F8CFC8F8F856EC58
:10C810000AF00801FB6B800EFA6F3B0EF96F8B0E6E
:10C82000F86F03C0FFF802C0FEF801C0FDF800C0B9
:10C83000FCF8000106EC19F003E30801CE910001B9
:10C84000000E0801CEB1010E016E000112000400BD
:10C85000F40E986E8F80F096F09AB99AB99CF09089
:10C86000F0948150BA9ABA9C0F01339530956F6A53
:10C870006E50CF0B6E6E476B4651CF0B466F6E6A94
:10C88000466BAB9E229F0801E76B050EE86F000127
:10C8900044EC08F00801EE6BC80EED6F000169EC86
:10C8A00035F00400830E966E8D94966E8D967D0EF7
:10C8B000976E8E92976E8E9E8B9A8B908B940D0EA8
:10C8C000926E8992926E899A830E966E8D9C966E68
:10C8D0008D98966E8D9A7F0E936E8A9E0D0E926E37
:10C8E000899C926E899EF40E986E8F928B9C8B9E83
:10C8F00004004E8A8B80CC0E6B6F09010B6B6BC0F2
:10C900000AF90D6B040E0C6F000166EC0BF002C00F
:10C9100003F00150860F006E020E0220016E026AC3
:10C92000D8B0002A036A02C0D0F8E8CFCFF800C020
:10C93000CEF8EA6E00C0E9FF24EC01F001C07EF001
:10C940004CEFDDF0010E0801D96FDA6B00011EEC2F
:10C9500015F00250B0EF64F00801CE910001F2D75B
:10C9600002C0D0F801C0CFF80801CF5303E1D02DA9
:10C9700001D0CE81000ECEB1010E016E0001120079
:10C980000501E6510801CE03F3CFCFF80501E651CA
:10C990000801CE03F350160FCF5D1FE2F250006E78
:10C9A000F29E636ACFC862FF616A7F9C7F9E7F842C
:10C9B0000F01550E7E6EAA0E7E6E7F820050F2121F
:10C9C0007FB2FED77F940801D86B640ED76F000149
:10C9D000AEEC07F00801CF2BD9D7000112000501FA
:10C9E000E7510801CE03F3502D0FCF6F0501E7513A
:10C9F0000801CE03F3504B0FCF5D1FE2F250006EE3
:10CA0000F29E636ACFC862FF616A7F9C7F9E7F84CB
:10CA10000F01550E7E6EAA0E7E6E7F820050F212BE
:10CA20007FB2FED77F940801D86B640ED76F0001E8
:10CA3000AEEC07F00801CF2BD9D700011200080196
:10CA4000CE6B00019DDF0801CE6B0001C8DF010E37
:10CA50000801CE6F000194DF010E0801CE6F0001C6
:10CA6000BEDF5CEFDEF0010E0801CE6F000188DF53
:10CA7000010E0801CE6F0001B2DF9DEFDEF0A4A829
:10CA8000FED70F011C6F000112000801E751FF0AD9
:10CA9000010F016E000112000801E591E66B010E25
:10CAA000E45DED0FD8B0C9EF6AF0130F0001D0EFCD
:10CAB0006AF00801E581C9EF6AF00801E581C9EF74
:10CAC0006AF052C7E7F80801E751E62753C7E7F8CD
:10CAD000E751E62754C7E7F8E751E62755C7E7F8D7
:10CAE000E751E62756C7E7F857C7E8F8E751E627C2
:10CAF00056C7E7F857C7E8F8E851E62758C7E7F8F8
:10CB000059C7E8F8E751E62758C7E7F859C7E8F8E2
:10CB1000E851E6275AC7E7F8E751E6275BC7E7F889
:10CB20005CC7E8F8E751E6275BC7E7F85CC7E8F8B9
:10CB3000E851E6275DC7E7F85EC7E8F8E751E62762
:10CB40005DC7E7F85EC7E8F8E851E6275FC7E7F892
:10CB500060C7E8F861C7E9F862C7EAF8E751E62775
:10CB60005FC7E7F860C7E8F861C7E9F862C7EAF8A5
:10CB7000E851E6275FC7E7F860C7E8F861C7E9F85A
:10CB800062C7EAF8E951E6275FC7E7F860C7E8F847
:10CB900061C7E9F862C7EAF8EA51E62763C7E7F830
:10CBA00064C7E8F865C7E9F866C7EAF8E751E62719
:10CBB00063C7E7F864C7E8F865C7E9F866C7EAF845
:10CBC000E851E62763C7E7F864C7E8F865C7E9F8FE
:10CBD00066C7EAF8E951E62763C7E7F864C7E8F8EB
:10CBE00065C7E9F866C7EAF8EA51E62767C7E7F8D4
:10CBF00068C7E8F8E751E62767C7E7F868C7E8F8C5
:10CC0000E851E62769C7E7F86AC7E8F8E751E62779
:10CC100069C7E7F86AC7E8F8E851E6276BC7E7F89D
:10CC2000E751E6276CC7E7F86DC7E8F86EC7E9F883
:10CC30006FC7EAF8E751E6276CC7E7F86DC7E8F871
:10CC40006EC7E9F86FC7EAF8E851E6276CC7E7F85E
:10CC50006DC7E8F86EC7E9F86FC7EAF8E951E6274B
:10CC60006CC7E7F86DC7E8F86EC7E9F86FC7EAF870
:10CC7000EA51E62770C7E7F871C7E8F872C7E9F824
:10CC800073C7EAF8E751E62770C7E7F871C7E8F815
:10CC900072C7E9F873C7EAF8E851E62770C7E7F802
:10CCA00071C7E8F872C7E9F873C7EAF8E951E627EF
:10CCB00070C7E7F871C7E8F872C7E9F873C7EAF810
:10CCC000EA51E62774C7E7F8E751E62775C7E7F8A2
:10CCD000E751E627E35310E0E6C8E7F80001D5DEA8
:10CCE00001C0E7F876C7E8F80801E851E75D02E01F
:10CCF000E59101D0E5810AD0E6C8E7F80001C5DE7C
:10CD000001C0E7F8E7C876F70801E581C9EF6AF0E6
:10CD10009CC7E7F80801E751E6279DC7E7F8E75108
:10CD2000E6279EC7E7F89FC7E8F8E751E6279EC7C2
:10CD3000E7F89FC7E8F8E851E627E35310E0E6C8B4
:10CD4000E7F80001A2DE01C0E7F8A0C7E8F8080193
:10CD5000E851E75D02E0E59101D0E5810AD0E6C83F
:10CD6000E7F8000192DE01C0E7F8E7C8A0F7080184
:10CD7000E581C9EF6AF000C8E7F801C8E8F80801E2
:10CD8000E751E62700C8E7F801C8E8F8E851E627C8
:10CD900002C8E7F803C8E8F8E751E62702C8E7F851
:10CDA00003C8E8F8E851E62704C8E7F8E751E627A2
:10CDB00005C8E7F806C8E8F8E751E62705C8E7F828
:10CDC00006C8E8F8E851E62707C8E7F8E751E6277C
:10CDD00008C8E7F8E751E62709C8E7F8E751E6276A
:10CDE0000AC8E7F8E751E6270BC8E7F80CC8E8F8E7
:10CDF000E751E6270BC8E7F80CC8E8F8E851E62742
:10CE0000E35310E0E6C8E7F800013FDE01C0E7F8B1
:10CE10000DC8E8F80801E851E75D02E0E59101D0AE
:10CE2000E5810AD0E6C8E7F800012FDE01C0E7F887
:10CE3000E7C80DF80801E581ACD31CC8E7F81DC8A8
:10CE4000E8F80801E751E6271CC8E7F81DC8E8F82C
:10CE5000E851E627E35310E0E6C8E7F8000115DEE5
:10CE600001C0E7F81EC8E8F80801E851E75D02E0F4
:10CE7000E59101D0E5810AD0E6C8E7F8000105DEBA
:10CE800001C0E7F8E7C81EF80801E58182D33EC873
:10CE9000E7F80801E751E6273FC8E7F840C8E8F897
:10CEA00041C8E9F842C8EAF8E751E6273FC8E7F881
:10CEB00040C8E8F841C8E9F842C8EAF8E851E6276E
:10CEC0003FC8E7F840C8E8F841C8E9F842C8EAF8BE
:10CED000E951E6273FC8E7F840C8E8F841C8E9F853
:10CEE00042C8EAF8EA51E62743C8E7F844C8E8F838
:10CEF000E751E62743C8E7F844C8E8F8E851E627D1
:10CF000045C8E7F846C8E8F8E751E62745C8E7F816
:10CF100046C8E8F8E851E62747C8E7F8E751E627AA
:10CF200048C8E7F849C8E8F8E751E62748C8E7F8ED
:10CF300049C8E8F8E851E6274AC8E7F84BC8E8F8D6
:10CF4000E751E6274AC8E7F84BC8E8F8E851E62772
:10CF50004CC8E7F8E751E6274DC8E7F84EC8E8F8AF
:10CF6000E751E6274DC8E7F84EC8E8F8E851E6274C
:10CF70004FC8E7F8E751E62750C8E7F8E751E6273A
:10CF800051C8E7F8E751E62753C8E7F8E751E62725
:10CF900052C8E7F8E751E627E35310E0E6C8E7F8A0
:10CFA000000173DD01C0E7F854C8E8F80801E85152
:10CFB000E75D02E0E59101D0E5810AD0E6C8E7F837
:10CFC000000163DD01C0E7F8E7C854F80801E58116
:10CFD000E0D26CC8E7F86DC8E8F80801E751E62729
:10CFE0006CC8E7F86DC8E8F8E851E6276EC8E7F8BE
:10CFF0006FC8E8F8E751E6276EC8E7F86FC8E8F8A9
:10D00000E851E62770C8E7F8E751E62771C8E7F866
:10D01000E751E62772C8E7F8E751E627E35310E047
:10D02000E6C8E7F8000131DD01C0E7F873C8E8F8A9
:10D030000801E851E75D02E0E59101D0E5810AD001
:10D04000E6C8E7F8000121DD01C0E7F8E7C873F89A
:10D050000801E5819ED2A6C7E7F8A7C7E8F808014E
:10D06000E751E627A6C7E7F8A7C7E8F8E851E6279B
:10D07000A8C7E7F8A9C7E8F8E751E627A8C7E7F87F
:10D08000A9C7E8F8E851E627AAC7E7F8ABC7E8F868
:10D09000E751E627AAC7E7F8ABC7E8F8E851E62763
:10D0A000ACC7E7F8ADC7E8F8E751E627ACC7E7F843
:10D0B000ADC7E8F8E851E627AEC7E7F8AFC7E8F82C
:10D0C000E751E627AEC7E7F8AFC7E8F8E851E6272B
:10D0D000B0C7E7F8B1C7E8F8E751E627B0C7E7F807
:10D0E000B1C7E8F8E851E627B2C7E7F8B3C7E8F8F0
:10D0F000E751E627B2C7E7F8B3C7E8F8E851E627F3
:10D10000B4C7E7F8B5C7E8F8E751E627B4C7E7F8CA
:10D11000B5C7E8F8E851E627B6C7E7F8B7C7E8F8B3
:10D12000E751E627B6C7E7F8B7C7E8F8E851E627BA
:10D13000B8C7E7F8B9C7E8F8E751E627B8C7E7F88E
:10D14000B9C7E8F8E851E627BAC7E7F8BBC7E8F877
:10D15000E751E627BAC7E7F8BBC7E8F8E851E62782
:10D16000BCC7E7F8BDC7E8F8E751E627BCC7E7F852
:10D17000BDC7E8F8E851E627BEC7E7F8BFC7E8F83B
:10D18000E751E627BEC7E7F8BFC7E8F8E851E6274A
:10D19000C0C7E7F8C1C7E8F8E751E627C0C7E7F816
:10D1A000C1C7E8F8E851E627C2C7E7F8C3C7E8F8FF
:10D1B000E751E627C2C7E7F8C3C7E8F8E851E62712
:10D1C000C4C7E7F8C5C7E8F8E751E627C4C7E7F8DA
:10D1D000C5C7E8F8E851E627C6C7E7F8E751E627EC
:10D1E000C7C7E7F8E751E627C8C7E7F8E751E627DA
:10D1F000C9C7E7F8E751E627CAC7E7F8E751E627C6
:10D20000CBC7E7F8E751E627CCC7E7F8E751E627B1
:10D21000CDC7E7F8E751E627CEC7E7F8E751E6279D
:10D22000CFC7E7F8E751E627D0C7E7F8E751E62789
:10D23000D1C7E7F8E751E627E35310E0E6C8E7F87F
:10D24000000123DC01C0E7F8D2C7E8F80801E85183
:10D25000E75D02E0E59101D0E5810AD0E6C8E7F894
:10D26000000113DC01C0E7F8E7C8D2F70801E58147
:10D2700090D122C8E7F823C8E8F80801E751E6276B
:10D2800022C8E7F823C8E8F8E851E62724C8E7F8F9
:10D2900025C8E8F8E751E62724C8E7F825C8E8F8E4
:10D2A000E851E62726C8E7F827C8E8F8E751E62757
:10D2B00026C8E7F827C8E8F8E851E62728C8E7F8BD
:10D2C00029C8E8F8E751E62728C8E7F829C8E8F8A8
:10D2D000E851E6272AC8E7F8E751E6272BC8E7F820
:10D2E000E751E6272CC8E7F8E751E6272DC8E7F80D
:10D2F000E751E6272EC8E7F8E751E627E35311E0A8
:10D30000E6C8E7F8000145EC65F001C0E7F82FC872
:10D31000E8F80801E851E75D02E0E59101D0E58118
:10D320000BD0E6C8E7F8000145EC65F001C0E7F86E
:10D33000E7C82FF80801E5812CD17CC8E7F87DC843
:10D34000E8F80801E751E6277CC8E7F87DC8E8F867
:10D35000E851E6277EC8E7F87FC8E8F8E751E627F6
:10D360007EC8E7F87FC8E8F8E851E62780C8E7F804
:10D3700081C8E8F8E751E62780C8E7F881C8E8F8EF
:10D38000E851E62782C8E7F8E751E62783C8E7F8BF
:10D39000E751E62784C8E7F8E751E62785C8E7F8AC
:10D3A000E751E627E35311E0E6C8E7F8000145EC52
:10D3B00065F001C0E7F886C8E8F80801E851E75DC4
:10D3C00002E0E59101D0E5810BD0E6C8E7F8000165
:10D3D00045EC65F001C0E7F8E7C886F80801E5818B
:10D3E000D8D00801E581D5D00801E581D2D0080167
:10D3F000E581CFD00801E581CCD00801E581C9D015
:10D4000092C8E7F80801E751E62793C8E7F8E75123
:10D41000E62794C8E7F8E751E62795C8E7F8E7510B
:10D42000E62796C8E7F8E751E62797C8E7F8E751F7
:10D43000E62798C8E7F8E751E62799C8E7F8E751E3
:10D44000E6279AC8E7F8E751E627E35311E0E6C874
:10D45000E7F8000145EC65F001C0E7F89BC8E8F883
:10D460000801E851E75D02E0E59101D0E5810BD0CC
:10D47000E6C8E7F8000145EC65F001C0E7F8E7C849
:10D480009BF80801E58185D0A6C8E7F8A7C8E8F8A9
:10D49000A8C8E9F8A9C8EAF80801E751E627A6C82C
:10D4A000E7F8A7C8E8F8A8C8E9F8A9C8EAF8E85171
:10D4B000E627A6C8E7F8A7C8E8F8A8C8E9F8A9C801
:10D4C000EAF8E951E627A6C8E7F8A7C8E8F8A8C827
:10D4D000E9F8A9C8EAF8EA51E627AAC8E7F8E75147
:10D4E000E627E35311E0E6C8E7F8000145EC65F0F4
:10D4F00001C0E7F8ABC8E8F80801E851E75D02E0D1
:10D50000E59101D0E5810BD0E6C8E7F8000145ECD4
:10D5100065F001C0E7F8E7C8ABF80801E58139D04C
:10D52000B2C8E7F80801E751E627B3C8E7F8E751C2
:10D53000E627B4C8E7F8E751E627B5C8E7F8B6C864
:10D54000E8F8E751E627B5C8E7F8B6C8E8F8E851C3
:10D55000E627E35311E0E6C8E7F8000145EC65F083
:10D5600001C0E7F8B7C8E8F80801E851E75D02E054
:10D57000E59101D0E5810BD0E6C8E7F8000145EC64
:10D5800065F001C0E7F8E7C8B7F80801E58101D008
:10D590000801000EE5B1010E016E000102EF6BF013
:10D5A000E824F76AF736C10FF66ED50EF722000EA3
:10D5B000F86EFB6E0A00F550FA6E0800F550F96E31
:10D5C000B2CAF4D3EED3BACAE8D38ECED2CFC2CA8F
:10D5D00010CD76CD3ACE56D072D23AD3E2D300D423
:10D5E00088D420D5FAD30801D569D45100013FEC85
:10D5F00065F0D4C8F6F60801E36BD4C8E4F800017E
:10D600004CEF65F00801D66B010ED45DEE0FD8B07B
:10D61000E9D1120F000102EF6DF0CA0E3FEC65F088
:10D62000DD0E0801D56FDED1070EEA6E770EE96ECA
:10D63000070EE26E520EE16E250E016EE6CFEEFF92
:10D64000012EFCD70801D76BD751240810E3036AD9
:10D65000D751770FE96E070E0320EA6EEFCFE3F89C
:10D66000E35100013FEC65F00801D72BEDD7DD0E4B
:10D67000D56FB8D1070EEA6EA10EE96E070EE26E05
:10D680009C0EE16E050E016EE6CFEEFF012EFCD77B
:10D690000801D86BD851040810E3036AD851A10FD0
:10D6A000E96E070E0320EA6EEFCFE3F8E3510001C5
:10D6B0003FEC65F00801D82BEDD7DD0ED56F92D188
:10D6C000080EEA6E0E0EE96E080EE26EE16A0E0EAC
:10D6D000016EE6CFEEFF012EFCD70801D96BD951C0
:10D6E0000D0810E3036AD9510E0FE96E080E0320EE
:10D6F000EA6EEFCFE3F8E35100013FEC65F008017B
:10D70000D92BEDD7DD0ED56F6DD11CC81FF81DC804
:10D7100020F81EC821F80801DA6BDA51020810E37C
:10D72000036ADA511F0FE96E080E0320EA6EEFCF8D
:10D73000E3F8E35100013FEC65F00801DA2BEDD787
:10D74000DD0ED56F4FD1080EEA6E550EE96E080E4C
:10D75000E26E3E0EE16E170E016EE6CFEEFF012E79
:10D76000FCD70801DB6BDB51160810E3036ADB51C1
:10D77000550FE96E080E0320EA6EEFCFE3F8E35190
:10D7800000013FEC65F00801DB2BEDD7DD0ED56F16
:10D7900029D1080EEA6E740EE96E080EE26E6C0E68
:10D7A000E16E080E016EE6CFEEFF012EFCD70801F8
:10D7B000DC6BDC51070810E3036ADC51740FE96E7F
:10D7C000080E0320EA6EEFCFE3F8E35100013FECCF
:10D7D00065F00801DC2BEDD7DD0ED56F03D1070E08
:10D7E000EA6ED30EE96E070EE26EA60EE16E2D0E06
:10D7F000016EE6CFEEFF012EFCD70801DD6BDD5197
:10D800002C081CE3036ADD51D30FE96E070E0320D9
:10D81000EA6EEFCFE3F8E35100013FEC65F0080159
:10D82000DD512B0809E3036ADD51D30FE96E070EC2
:10D830000320EA6EEF50D627DD2BE1D7DD0ED56F42
:10D84000D1D0080EEA6E300EE96E080EE26E220E9E
:10D85000E16E0E0E016EE6CFEEFF012EFCD7080141
:10D86000DE6BDE510D0810E3036ADE51300FE96E06
:10D87000080E0320EA6EEFCFE3F8E35100013FEC1E
:10D8800065F00801DE2BEDD7DD0ED56FABD0080EAD
:10D89000EA6E870EE96E080EE26E7C0EE16E0B0EEC
:10D8A000016EE6CFEEFF012EFCD70801DF6BDF51E2
:10D8B0000A0810E3036ADF51870FE96E080E0320A0
:10D8C000EA6EEFCFE3F8E35100013FEC65F00801A9
:10D8D000DF2BEDD7DD0ED56F85D0FAC6E3F8080152
:10D8E000E35100013FEC65F0F9C6E3F80801E351AC
:10D8F00000013FEC65F0DD0E0801D56F73D0080E16
:10D90000EA6E9C0EE96E080EE26E920EE16E0A0E51
:10D91000016EE6CFEEFF012EFCD70801E06BE0516F
:10D92000090810E3036AE0519C0FE96E080E03201A
:10D93000EA6EEFCFE3F8E35100013FEC65F0080138
:10D94000E02BEDD7DD0ED56F4DD0080EEA6EAC0E94
:10D95000E96E080EE26EA60EE16E060E016EE6CFCF
:10D96000EEFF012EFCD70801E16BE151050810E341
:10D97000036AE151AC0FE96E080E0320EA6EEFCFA7
:10D98000E3F8E35100013FEC65F00801E12BEDD72E
:10D99000DD0ED56F27D0080EEA6EB80EE96E080EC0
:10D9A000E26EB20EE16E060E016EE6CFEEFF012EC4
:10D9B000FCD70801E26BE251050810E3036AE2516B
:10D9C000B80FE96E080E0320EA6EEFCFE3F8E351DB
:10D9D00000013FEC65F00801E22BEDD7DD0ED56FBD
:10D9E00001D00801D551DD0808E10D0E00013FEC22
:10D9F00065F00A0E3FEC65F00801D5C801F00001A2
:10DA00009EEF7AF0E824F76AF736250FF66EDA0E05
:10DA1000F722000EF86EFB6E0A00F550FA6E080051
:10DA2000F550F96E1AD6E2D9E2D9E2D9E2D946D751
:10DA300092D728D674D6C0D60AD7DED742D88ED889
:10DA4000DAD8FED84AD996D90801E769E551050820
:10DA500000E0E55100013FEC65F00801E551040AE2
:10DA6000000109E0060A21E0110A2BE0100A35E066
:10DA7000060A3FE04AD00801E65100013FEC65F09C
:10DA800087513FEC65F089513FEC65F082513FECE6
:10DA900065F00701215100013FEC65F0E5C8F6F69D
:10DAA000DD0E0801E76F000130D00801E6510001EA
:10DAB0003FEC65F0E5C8F6F6DD0E0801E76F000102
:10DAC00024D00801E65100013FEC65F0E5C8F6F608
:10DAD000DD0E0801E76F000118D00801E6510001D2
:10DAE0003FEC65F0E5C8F6F6DD0E0801E76F0001D2
:10DAF0000CD00801E65100013FEC65F0CC0E3FEC84
:10DB000065F0DD0E0801E76F00010801E751DD084F
:10DB100008E10D0E00013FEC65F00A0E3FEC65F0E8
:10DB20000801E7C801F0000112000101CA6BC96BCE
:10DB3000020EC86FEE0EC76F1B6AF2BE1B8EF29EFE
:10DB4000010E09016F6F000156EC03F01BBEF28E4F
:10DB500012000801E591E59300016B51790803E09B
:10DB60006B5183085FE155A203D0010E926F03D081
:10DB700082C892F0936B84C899F0925302E1935358
:10DB80000CE052B202D05282D0DF0201396B386B06
:10DB9000376B550E366F08D000010201396B386BB8
:10DBA000376B5D0E366F5292000199530CE053B201
:10DBB00002D05382BADF02013D6B3C6B3B6B5C0EC3
:10DBC0003A6F08D0000102013D6B3C6B3B6B5D0E70
:10DBD0003A6F539237C2E7F836C2E6F837C203F914
:10DBE00036C202F9240E0901046F410E056F010EC1
:10DBF000066F076B00015AEC0EF03BC2E7F83AC221
:10DC0000E6F83BC203F93AC202F92E0E0901046F8D
:10DC1000410E056F010E066F076B00015AEC0EF006
:10DC200095EF73F06B51B50860E155A403D0010E78
:10DC3000946F04D02CC894F02DC895F02EC89AF09B
:10DC4000945302E195530CE052B402D052846DDF3C
:10DC50000201396B386B376B550E366F08D00001F7
:10DC60000201396B386B376B5D0E366F52940001D1
:10DC70009A530CE053B402D0538457DF02013D6B3A
:10DC80003C6B3B6B5C0E3A6F08D0000102013D6BB0
:10DC90003C6B3B6B5D0E3A6F539437C2E7F836C26C
:10DCA000E6F837C203F936C202F9240E0901046FFF
:10DCB000410E056F010E066F076B00015AEC0EF066
:10DCC0003BC2E7F83AC2E6F83BC203F93AC202F9AE
:10DCD0002E0E0901046F410E056F010E066F076BD2
:10DCE00000015AEC0EF095EF73F06B518C0805E0D3
:10DCF0006B518D08D8A495EF73F0C6C7E6F80801FC
:10DD0000E6510001905D12E1C7C7E7F80801E7514D
:10DD10000001915D0BE1CEC7E8F80801E851000170
:10DD2000985D04E155A011D090530FE155A003D0A8
:10DD3000010E906F04D0C6C790F0C7C791F0CEC750
:10DD400098F00801E581E5830001C8C7E6F80801FD
:10DD5000E6510001925D12E1C9C7E7F80801E751F9
:10DD60000001935D0BE1CFC7E8F80801E85100011D
:10DD7000995D04E155A211D092530FE155A203D051
:10DD8000010E926F04D0C8C792F0C9C793F0CFC7F5
:10DD900099F00801E581E5830001CAC7E6F80801AA
:10DDA000E6510001945D12E1CBC7E7F80801E751A5
:10DDB0000001955D0BE1D0C7E8F80801E8510001CA
:10DDC0009A5D04E155A411D094530FE155A403D0FA
:10DDD000010E946F04D0CAC794F0CBC795F0D0C79A
:10DDE0009AF00801E581E5830001CCC7E6F8080157
:10DDF000E6510001965D12E1CDC7E7F80801E75151
:10DE00000001975D0BE1D1C7E8F80801E851000176
:10DE10009B5D04E155A611D096530FE155A603D0A2
:10DE2000010E966F04D0CCC796F0CDC797F0D1C73E
:10DE30009BF00801E581E5830001010E875DF20F8B
:10DE4000D8B06BEF73F00E0F96EF73F0905302E1C2
:10DE5000915308E00201396B386B376B4F0E366F08
:10DE600009D000010801E5930201396B386B376B6B
:10DE70005D0E366F0001985308E002013D6B3C6B6C
:10DE80003B6B560E3A6F09D000010801E591020183
:10DE90003D6B3C6B3B6B5D0E3A6F00016BEF73F0BB
:10DEA000925302E1935308E00201396B386B376BF0
:10DEB000500E366F09D000010801E5930201396B5D
:10DEC000386B376B5D0E366F0001995308E0020125
:10DED0003D6B3C6B3B6B570E3A6F09D0000108015C
:10DEE000E59102013D6B3C6B3B6B5D0E3A6F0001AF
:10DEF0006BEF73F0945302E1955308E00201396B24
:10DF0000386B376B510E366F09D000010801E5936D
:10DF10000201396B386B376B5D0E366F00019A5317
:10DF200008E002013D6B3C6B3B6B580E3A6F09D029
:10DF300000010801E59102013D6B3C6B3B6B5D0EFE
:10DF40003A6F00016BEF73F0905302E191530CE0D4
:10DF5000925302E1935308E00201396B386B376B3F
:10DF6000550E366F29D00001905302E191530CE019
:10DF700092530AE1935308E10201396B386B376B16
:10DF80004F0E366F19D0000190530EE191530CE102
:10DF9000925302E1935308E00201396B386B376BFF
:10DFA000500E366F09D000010801E5930201396B6C
:10DFB000386B376B5D0E366F000198530AE099534A
:10DFC00008E002013D6B3C6B3B6B5C0E3A6F1DD071
:10DFD0000001985308E002013D6B3C6B3B6B560E11
:10DFE0003A6F13D00001995308E002013D6B3C6B7E
:10DFF0003B6B570E3A6F09D000010801E591020111
:10E000003D6B3C6B3B6B5D0E3A6F00016BEF73F049
:10E01000925302E193530CE0945302E1955308E0CC
:10E020000201396B386B376B550E366F29D0000102
:10E03000925302E193530CE094530AE1955308E1A3
:10E040000201396B386B376B500E366F19D00001F7
:10E0500092530EE193530CE1945302E1955308E07F
:10E060000201396B386B376B510E366F09D00001E6
:10E070000801E5930201396B386B376B5D0E366F23
:10E08000000199530AE09A5308E002013D6B3C6B92
:10E090003B6B5C0E3A6F1DD00001995308E0020102
:10E0A0003D6B3C6B3B6B570E3A6F13D000019A539C
:10E0B00008E002013D6B3C6B3B6B580E3A6F09D098
:10E0C00000010801E59102013D6B3C6B3B6B5D0E6D
:10E0D0003A6F00016BEF73F0905302E191530CE043
:10E0E000945302E1955308E00201396B386B376BAA
:10E0F000550E366F29D00001905302E191530CE088
:10E1000094530AE1955308E10201396B386B376B80
:10E110004F0E366F19D0000190530EE191530CE170
:10E12000945302E1955308E00201396B386B376B69
:10E13000510E366F09D000010801E5930201396BD9
:10E14000386B376B5D0E366F000198530AE09A53B7
:10E1500008E002013D6B3C6B3B6B5C0E3A6F1DD0DF
:10E160000001985308E002013D6B3C6B3B6B560E7F
:10E170003A6F13D000019A5308E002013D6B3C6BEB
:10E180003B6B580E3A6F09D000010801E59102017E
:10E190003D6B3C6B3B6B5D0E3A6F00019CD2905324
:10E1A00002E1915310E0925302E193530CE0945337
:10E1B00002E1955308E00201396B386B376B550E5D
:10E1C000366F69D00001905302E1915310E09253F1
:10E1D00002E193530CE094530AE1955308E10201E4
:10E1E000396B386B376B520E366F55D00001905338
:10E1F00012E1915310E1925302E193530CE09453D6
:10E2000002E1955308E00201396B386B376B540E0D
:10E21000366F41D00001905302E1915310E09253C8
:10E220000EE193530CE1945302E1955308E002018F
:10E23000396B386B376B530E366F2DD0000190530E
:10E2400002E1915308E00201396B386B376B4F0ED6
:10E25000366F21D00001925302E1935308E002018E
:10E26000396B386B376B500E366F15D000019453F5
:10E2700002E1955308E00201396B386B376B510EA0
:10E28000366F09D000010801E5930201396B386B44
:10E29000376B5D0E366F000198530CE099530AE01E
:10E2A0009A5308E002013D6B3C6B3B6B5C0E3A6F8E
:10E2B0004BD0000198530AE0995308E002013D6BEE
:10E2C0003C6B3B6B590E3A6F3FD0000199530AE00B
:10E2D0009A5308E002013D6B3C6B3B6B5B0E3A6F5F
:10E2E00033D0000198530AE09A5308E002013D6BD5
:10E2F0003C6B3B6B5A0E3A6F27D00001985308E0F5
:10E3000002013D6B3C6B3B6B560E3A6F1DD000011A
:10E31000995308E002013D6B3C6B3B6B570E3A6F23
:10E3200013D000019A5308E002013D6B3C6B3B6B3C
:10E33000580E3A6F09D000010801E59102013D6BCA
:10E340003C6B3B6B5D0E3A6F0001C5D1965302E109
:10E35000975308E00201396B386B376BAC0E366FA0
:10E3600009D000010801E5930201396B386B376B66
:10E370005D0E366F00019B5308E002013D6B3C6B64
:10E380003B6BAF0E3A6F09D000010801E591020125
:10E390003D6B3C6B3B6B5D0E3A6F00019CD196531D
:10E3A00002E197530CE0925302E1935308E002011B
:10E3B000396B386B376B550E366F29D00001965389
:10E3C00002E197530CE092530AE1935308E10201F2
:10E3D000396B386B376BAC0E366F19D00001965322
:10E3E0000EE197530CE1925302E1935308E00201CE
:10E3F000396B386B376B500E366F09D0000108014E
:10E40000E5930201396B386B376B5D0E366F000197
:10E410009B530AE0995308E002013D6B3C6B3B6B58
:10E420005C0E3A6F1DD000019B5308E002013D6B6A
:10E430003C6B3B6BAF0E3A6F13D00001995308E071
:10E4400002013D6B3C6B3B6B570E3A6F09D00001EC
:10E450000801E59102013D6B3C6B3B6B5D0E3A6F31
:10E46000000139D1965302E197530CE0945302E135
:10E47000955308E00201396B386B376B550E366FD8
:10E4800029D00001965302E197530CE094530AE11E
:10E49000955308E10201396B386B376BAC0E366F60
:10E4A00019D0000196530EE197530CE1945302E109
:10E4B000955308E00201396B386B376B510E366F9C
:10E4C00009D000010801E5930201396B386B376B05
:10E4D0005D0E366F00019B530AE09A5308E002017B
:10E4E0003D6B3C6B3B6B5C0E3A6F1DD000019B5348
:10E4F00008E002013D6B3C6B3B6BAF0E3A6F13D0F3
:10E5000000019A5308E002013D6B3C6B3B6B580ED7
:10E510003A6F09D000010801E59102013D6B3C6BA7
:10E520003B6B5D0E3A6F0001D6D0965302E19753D4
:10E5300010E0925302E193530CE0945302E195539F
:10E5400008E00201396B386B376B550E366F69D0B6
:10E550000001965302E1975310E0925302E1935366
:10E560000CE094530AE1955308E10201396B386BD2
:10E57000376BAD0E366F55D00001965312E19753AD
:10E5800010E1925302E193530CE0945302E195534E
:10E5900008E00201396B386B376B540E366F41D08F
:10E5A0000001965302E1975310E092530EE193530A
:10E5B0000CE1945302E1955308E00201396B386B8A
:10E5C000376BAE0E366F2DD00001965302E1975394
:10E5D00008E00201396B386B376BAC0E366F21D017
:10E5E0000001925302E1935308E00201396B386B4A
:10E5F000376B500E366F15D00001945302E19553DE
:10E6000008E00201396B386B376B510E366F09D059
:10E6100000010801E5930201396B386B376B5D0E21
:10E62000366F00019B530CE099530AE09A5308E0BF
:10E6300002013D6B3C6B3B6B5C0E3A6F4BD00001B3
:10E640009B530AE0995308E002013D6B3C6B3B6B26
:10E65000B00E3A6F3FD0000199530AE09A5308E098
:10E6600002013D6B3C6B3B6B5B0E3A6F33D000019C
:10E670009B530AE09A5308E002013D6B3C6B3B6BF5
:10E68000B10E3A6F27D000019B5308E002013D6BA9
:10E690003C6B3B6BAF0E3A6F1DD00001995308E005
:10E6A00002013D6B3C6B3B6B570E3A6F13D0000180
:10E6B0009A5308E002013D6B3C6B3B6B580E3A6F7E
:10E6C00009D000010801E59102013D6B3C6B3B6BF9
:10E6D0005D0E3A6F000137C2E7F836C2E6F837C27E
:10E6E00003F936C202F9020E0901046F2D0E056FFF
:10E6F000010E066F076B00015AEC0EF03BC2E7F803
:10E700003AC2E6F83BC203F93AC202F9020E090125
:10E71000046F370E056F010E066F076B00015AEC90
:10E720000EF00801E591E59300011200E824F76A74
:10E73000F7364D0FF66EE70EF722000EF86EFB6E01
:10E740000A00F550FA6E0800F550F96E4CDEA0DEB6
:10E7500048DFF4DED8E010E09EE14CE3D6E69EE32D
:10E76000D6E664E4D6E62AE50801D669D76BD86B0D
:10E77000FAC5F5F60601F551050802E0F5C6F6F60C
:10E78000010EF55DED0FD8B007EF7AF0130F000121
:10E790006FEF7AF00501FB51CA0809E1050E080187
:10E7A000E56F010EE66F000124EC6DF00501DD0E52
:10E7B0000801D66F060107EF7AF0FCC587F0FDC5AA
:10E7C00089F0FEC582F0FFC521F721C753F821C7A4
:10E7D00072F80501FB51AA0A00010BE0110A31E0B1
:10E7E000660A49E0330A4DE0410A52E0110A56E058
:10E7F0007ED00601FF51FB0F20E2050F00010CEF58
:10E800007AF0588A060119D0588C0601F79B15D06A
:10E81000588E4F9A0601F7AB02D0F78FF79B0DD0B9
:10E82000589E4F8A0601F79B08D00601F781F7AB87
:10E8300002D0F78FF79B01D00601DD0E0801D66FDD
:10E8400058D00601FF51FB0F12E2050F000121EF26
:10E850007AF0589A06010BD0589C060108D0589EB1
:10E860004F9A060104D00601F79101D00601DD0E92
:10E870000801D66F3ED00601F787DD0E0801D66F7E
:10E8800038D00601F797588ADD0E0801D66F31D0CF
:10E890000601F78BDD0E0801D66F2BD00601FF5164
:10E8A000FB0F20E2050F000136EF7AF006011AD0C7
:10E8B000588C060117D0CC2D02D0010E616F615328
:10E8C00002E1588E01D04F8A0601F7AB02D0F79BC8
:10E8D000F78F08D00601F781F7AB02D0F79BF78FCF
:10E8E00001D00601DD0E0801D66F03D0000108013A
:10E8F000D669D651DD0808E1050EE56F040EE66F16
:10E90000000124EC6DF00801060107EF7AF0080120
:10E91000D96BD951240830E3036AD951770F016EBE
:10E92000070E032203C0E6F8010ED925036AFA0F89
:10E93000E96E050E0320EA6EEFCFE7F8E6C8EAFFBE
:10E9400001C0E9FFE7C8EFFFD95124080AE0036AD4
:10E95000D951770FE96E070E0320EA6EEF50D727E3
:10E9600009D0036AD951770FE96E070E0320EA6ECA
:10E97000EFCFD8F8D92BCDD7D7C8E7F8000145ECB1
:10E9800065F001500801D85D18E1070EEA6E520EDD
:10E99000E96E070EE26E770EE16E250E016EE6CF90
:10E9A000EEFF012EFCD7050EE56F080EE66F0001A5
:10E9B00024EC6DF0DD0E0801D66F060107EF7AF04A
:10E9C0000801DA6BDA51040830E3036ADA51A10F67
:10E9D000016E070E032203C0E6F8010EDA25036A72
:10E9E000FA0FE96E050E0320EA6EEFCFE7F8E6C8EE
:10E9F000EAFF01C0E9FFE7C8EFFFDA5104080AE0C7
:10EA0000036ADA51A10FE96E070E0320EA6EEF5098
:10EA1000D72709D0036ADA51A10FE96E070E032048
:10EA2000EA6EEFCFD8F8DA2BCDD7D7C8E7F80001D8
:10EA300045EC65F001500801D85D18E1070EEA6E5B
:10EA40009C0EE96E070EE26EA10EE16E050E016EE0
:10EA5000E6CFEEFF012EFCD7050EE56F090EE66F3F
:10EA6000000124EC6DF0DD0E0801D66F060107EF02
:10EA70007AF00801DB6BDB510D0830E3036ADB51F0
:10EA80000E0F016E080E032203C0E6F8010EDB250F
:10EA9000036AFA0FE96E050E0320EA6EEFCFE7F87E
:10EAA000E6C8EAFF01C0E9FFE7C8EFFFDB510D0848
:10EAB0000AE0036ADB510E0FE96E080E0320EA6ECE
:10EAC000EF50D72709D0036ADB510E0FE96E080E0D
:10EAD0000320EA6EEFCFD8F8DB2BCDD7D7C8E7F805
:10EAE000000145EC65F001500801D85D15E1080E04
:10EAF000EA6EE96AE26E0E0EE16E016EE6CFEEFF9F
:10EB0000012EFCD7050EE56F0A0EE66F000124EC1E
:10EB10006DF0DD0E0801D66F060107EF7AF00801EF
:10EB2000DC6BDC51020830E3036ADC511F0F016E1D
:10EB3000080E032203C0E6F8010EDC25036AFA0F73
:10EB4000E96E050E0320EA6EEFCFE7F8E6C8EAFFAC
:10EB500001C0E9FFE7C8EFFFDC5102080AE0036AE1
:10EB6000DC511F0FE96E080E0320EA6EEF50D72725
:10EB700009D0036ADC511F0FE96E080E0320EA6E0C
:10EB8000EFCFD8F8DC2BCDD7D7C8E7F8000145EC9C
:10EB900065F001500801D85D10E11FC81CF820C8BD
:10EBA0001DF821C81EF8050EE56F0B0EE66F00017B
:10EBB00024EC6DF0DD0E0801D66F060107EF7AF048
:10EBC0000801DD6BDD51160830E3036ADD51550F96
:10EBD000016E080E032203C0E6F8010EDD25036A6C
:10EBE000FA0FE96E050E0320EA6EEFCFE7F8E6C8EC
:10EBF000EAFF01C0E9FFE7C8EFFFDD5116080AE0B0
:10EC0000036ADD51550FE96E080E0320EA6EEF50DE
:10EC1000D72709D0036ADD51550FE96E080E03208E
:10EC2000EA6EEFCFD8F8DD2BCDD7D7C8E7F80001D3
:10EC300045EC65F001500801D85D18E1080EEA6E58
:10EC40003E0EE96E080EE26E550EE16E170E016E75
:10EC5000E6CFEEFF012EFCD7050EE56F060EE66F40
:10EC6000000124EC6DF0DD0E0801D66F060107EF00
:10EC70007AF00801DE6BDE51070830E3036ADE51EB
:10EC8000740F016E080E032203C0E6F8010EDE25A4
:10EC9000036AFA0FE96E050E0320EA6EEFCFE7F87C
:10ECA000E6C8EAFF01C0E9FFE7C8EFFFDE51070849
:10ECB0000AE0036ADE51740FE96E080E0320EA6E63
:10ECC000EF50D72709D0036ADE51740FE96E080EA2
:10ECD0000320EA6EEFCFD8F8DE2BCDD7D7C8E7F800
:10ECE000000145EC65F001500801D85D18E1080EFF
:10ECF000EA6E6C0EE96E080EE26E740EE16E080E9E
:10ED0000016EE6CFEEFF012EFCD7050EE56F070E74
:10ED1000E66F000124EC6DF0DD0E0801D66F0601F0
:10ED200076D30801DF6BDF512C0830E3036ADF5133
:10ED3000D30F016E070E032203C0E6F8010EDF2594
:10ED4000036AFA0FE96E050E0320EA6EEFCFE7F8CB
:10ED5000E6C8EAFF01C0E9FFE7C8EFFFDF512C0872
:10ED60000AE0036ADF51D30FE96E070E0320EA6E53
:10ED7000EF50D72709D0036ADF51D30FE96E070E92
:10ED80000320EA6EEFCFD8F8DF2BCDD7D7C8E7F84E
:10ED9000000145EC65F001500801D85D1CE1070E4B
:10EDA000EA6EA60EE96E070EE26ED30EE16E2D0E30
:10EDB000016EE6CFEEFF012EFCD70001A9EC6DF04D
:10EDC000050E0801E56F0C0EE66F000124EC6DF0F6
:10EDD000DD0E0801D66F06011AD30801E06BE05181
:10EDE0000D0830E3036AE051300F016E080E032274
:10EDF00003C0E6F8010EE025036AFA0FE96E050E7E
:10EE00000320EA6EEFCFE7F8E6C8EAFF01C0E9FFAA
:10EE1000E7C8EFFFE0510D080AE0036AE051300F48
:10EE2000E96E080E0320EA6EEF50D72709D0036A77
:10EE3000E051300FE96E080E0320EA6EEFCFD8F8EC
:10EE4000E02BCDD7D7C8E7F8000145EC65F00150BD
:10EE50000801D85D1CE1080EEA6E220EE96E080E6C
:10EE6000E26E300EE16E0E0E016EE6CFEEFF012E69
:10EE7000FCD70001A9EC6DF0050E0801E56F0D0E41
:10EE8000E66F000124EC6DF0DD0E0801D66F06017F
:10EE9000BED20801E16BE1510A0830E3036AE15197
:10EEA000870F016E080E032203C0E6F8010EE1256C
:10EEB000036AFA0FE96E050E0320EA6EEFCFE7F85A
:10EEC000E6C8EAFF01C0E9FFE7C8EFFFE1510A0821
:10EED0000AE0036AE151870FE96E080E0320EA6E2B
:10EEE000EF50D72709D0036AE151870FE96E080E6A
:10EEF0000320EA6EEFCFD8F8E12BCDD7D7C8E7F8DB
:10EF0000000145EC65F001500801D85D1CE1080ED8
:10EF1000EA6E7C0EE96E080EE26E870EE16E0B0E55
:10EF2000016EE6CFEEFF012EFCD70001A9EC6DF0DB
:10EF3000050E0801E56F0E0EE66F000124EC6DF082
:10EF4000DD0E0801D66F060162D2FBC5FAF6FCC5DC
:10EF5000F9F6DD0E0801D66F060159D251AA18D074
:10EF60000601F6510501FB5D0DE1FC2D0BD0FDC541
:10EF70004DF0FEC54CF0DD0E0801D66F5684519A57
:10EF800005D005015694DD0E0801D66F10D00001A2
:10EF90000601F6510501FB5D08E1FC51CC0805E1D5
:10EFA000DD0E0801D66F03D005010801D669060100
:10EFB0002ED20601F79D0501FBA103D00601F78DB6
:10EFC0000501050E0801E56F030EE66F000124EC54
:10EFD0006DF0DD0E0801D66F060119D20501FB5157
:10EFE000EC0FD8B0FCD0140F00014BEF7AF0010EFB
:10EFF0000801E76FE86F000144EC08F00501EFD06D
:10F00000010E0801E76FE86F000119EC36F0050109
:10F01000E6D0010E0801E76F020EE86F000119EC5F
:10F0200036F00501DCD0010E0801E76F030EE86F32
:10F03000000119EC36F00501D2D00801E76B020E91
:10F04000E86F010EE96F0001A4EC36F00801E76BF0
:10F05000020EE86FE96B0001A4EC36F00501BFD0A9
:10F060000801E76B020EE86F010EE96F0001A4ECE6
:10F0700036F0010E0801E76F020EE86FE96B000140
:10F08000A4EC36F00501ABD0010E0801E76F020ECB
:10F09000E86F010EE96F0001A4EC36F00801E76BA0
:10F0A000020EE86FE96B0001A4EC36F0050197D081
:10F0B0000801E76B010EE86FE96F0001A4EC36F080
:10F0C0000801E76B010EE86FE96B0001A4EC36F074
:10F0D000050185D00801E76B010EE86FE96F0001BB
:10F0E000A4EC36F0010E0801E76FE86FE96B000150
:10F0F000A4EC36F0050173D0010E0801E76FE86F4C
:10F10000E96F0001A4EC36F00801E76B010EE86F2F
:10F11000E96B0001A4EC36F0050161D00801E76B52
:10F12000E86B010EE96F0001A4EC36F00801E76B13
:10F13000E86BE96B0001A4EC36F0050150D0080142
:10F14000E76BE86B010EE96F0001A4EC36F0010EED
:10F150000801E76FE86BE96B0001A4EC36F00501EC
:10F160003ED0010E0801E76FE86BE96F0001A4ECE7
:10F1700036F00801E76BE86BE96B0001A4EC36F0B0
:10F1800005012DD0010E0801E76FE86B000119ECB5
:10F1900036F0050124D00801E76B010EE86F00018D
:10F1A00019EC36F005011BD00801E76B020EE86F81
:10F1B000000119EC36F0050112D00801E76B030ECF
:10F1C000E86F000119EC36F0050109D00801E76B82
:10F1D000E86B000119EC36F0050101D00501050EC0
:10F1E0000801E56F020EE66F000124EC6DF0DD0E04
:10F1F0000801D66F06010BD10801E26BE251090844
:10F2000030E3036AE2519C0F016E080E032203C033
:10F21000E6F8010EE225036AFA0FE96E050E0320F7
:10F22000EA6EEFCFE7F8E6C8EAFF01C0E9FFE7C8FA
:10F23000EFFFE25109080AE0036AE2519C0FE96E10
:10F24000080E0320EA6EEF50D72709D0036AE25177
:10F250009C0FE96E080E0320EA6EEFCFD8F8E22B80
:10F26000CDD7D7C8E7F8000145EC65F0015008019B
:10F27000D85D18E1080EEA6E920EE96E080EE26E95
:10F280009C0EE16E0A0E016EE6CFEEFF012EFCD75A
:10F29000050EE56F100EE66F000124EC6DF0DD0E3B
:10F2A0000801D66F0601B3D00801E36BE3510508EE
:10F2B00030E3036AE351AC0F016E080E032203C072
:10F2C000E6F8010EE325036AFA0FE96E050E032046
:10F2D000EA6EEFCFE7F8E6C8EAFF01C0E9FFE7C84A
:10F2E000EFFFE35105080AE0036AE351AC0FE96E52
:10F2F000080E0320EA6EEF50D72709D0036AE351C6
:10F30000AC0FE96E080E0320EA6EEFCFD8F8E32BBE
:10F31000CDD7D7C8E7F8000145EC65F001500801EA
:10F32000D85D18E1080EEA6EA60EE96E080EE26ED0
:10F33000AC0EE16E060E016EE6CFEEFF012EFCD79D
:10F34000050EE56F110EE66F000124EC6DF0DD0E89
:10F350000801D66F06015BD00801E46BE451050893
:10F3600030E3036AE451B80F016E080E032203C0B4
:10F37000E6F8010EE425036AFA0FE96E050E032094
:10F38000EA6EEFCFE7F8E6C8EAFF01C0E9FFE7C899
:10F39000EFFFE45105080AE0036AE451B80FE96E93
:10F3A000080E0320EA6EEF50D72709D0036AE45114
:10F3B000B80FE96E080E0320EA6EEFCFD8F8E42B01
:10F3C000CDD7D7C8E7F8000145EC65F0015008013A
:10F3D000D85D18E1080EEA6EB20EE96E080EE26E14
:10F3E000B80EE16E060E016EE6CFEEFF012EFCD7E1
:10F3F000050EE56F120EE66F000124EC6DF0DD0ED8
:10F400000801D66F060103D0060101D006010801EC
:10F41000D6C801F000011200E824F76AF736390F68
:10F42000F66EF40EF722000EF86EFB6E0A00F55031
:10F43000FA6E0800F550F96E02E808E810E820E8D6
:10F440002AE8E824F76AF736630FF66EF40EF7221F
:10F45000000EF86EFB6E0A00F550FA6E0800F550CB
:10F46000F96E52E858E85EE85EE866E8E824F76A74
:10F47000F7368D0FF66EF40EF722000EF86EFB6E67
:10F480000A00F550FA6E0800F550F96EACE8B0E8E5
:10F49000B6E8B6E8D4E8E824F76AF736B70FF66EB0
:10F4A000F40EF722000EF86EFB6E0A00F550FA6EAD
:10F4B0000800F550F96EEEEF00F012F026F03AF089
:10F4C00060F088F0B0F0D4F0F8F01CF13EF162F199
:10F4D00084F1DCF1DCF196F1A8F1BAF1CCF1E82489
:10F4E000F76AF736FF0FF66EF40EF722000EF86E8D
:10F4F000FB6E0A00F550FA6E0800F550F96E94E7BD
:10F50000DCEFB2EFBAE75CEFC0EB72EC0EE9C0E9FA
:10F5100072EA1EEB22EDDAED92EE4AEFF8F1A8F274
:10F5200058F308F401019A6B996B986B976B07017C
:10F53000076BD3C8D4F80001F3EF6AF00601FE6B45
:10F54000FD6BFC6BFB6B58B81BD0FE5319E1FD51F2
:10F55000080816E307E1FC51640812E303E1FB51DC
:10F5600070080EE3010EFB27D8B0FC2BD8B4FD2B9E
:10F57000D8B4FE2B0001ABEC07F004000601E3D782
:10F580005898FE530EE1FD510708D8B074D0FF0A19
:10F5900008E1FC5163086FE2FF0A03E1FB516F08C9
:10F5A0006AE20701072B0751050862E2010E080114
:10F5B000D66F0001C3EC07F00701076B51AA02D018
:10F5C000518851D0CD0E00016B6F09010B6B6BC0E0
:10F5D0000AF90D6B040E0C6F000166EC0BF002C013
:10F5E00003F00150860F006E020E0220016E026AC7
:10F5F000D8B0002A036A02C0D6F8E8CFD5F800C018
:10F60000D4F8EA6E00C0E9FF24EC01F001C07EF0FE
:10F610006B6B6C690101AA6BA96BA86BA76B0901E5
:10F620000B6B6BC00AF90D6B040E0C6F000166ECDE
:10F630000BF002C003F00150860F006E020E022094
:10F64000016E026AD8B0002A036A02C0D6F8E8CF79
:10F65000D5F800C0D4F8EA6E00C0E9FF24EC01F050
:10F6600001C07EF007010601F783F46B03D00701A8
:10F670000601F79311D00001B4EC73F00150DD08DE
:10F6800004E10601F783010E02D00601F793F7A308
:10F6900003D054A401D05482F7B302D0070149D754
:10F6A000F793519854A401D0549600011200F2CF60
:10F6B000D1F8F29E636ACEC862FF7F9C7F9E7F80F6
:10F6C00061500801D1BFF28ED26F010ECE25D36FEB
:10F6D000F2CFD4F8F29E636AD3C862FF7F9C7F9E0C
:10F6E0007F806150D4BFF28ED36FD2C8D0F8D3C818
:10F6F000CFF8CF2BD8B4D02BD0C8D1F8F250006EB1
:10F70000F29E636ACEC862FFD1C861FF7F9C7F9E74
:10F710007F840F01550E7E6EAA0E7E6E7F82005092
:10F72000F2127FB2FED77F940801D86B640ED76FB8
:10F730000001AEEC07F0010E0801CE25D16FCFC855
:10F74000D2F8F250006EF29E636AD1C862FFD2C84E
:10F7500061FF7F9C7F9E7F840F01550E7E6EAA0EF7
:10F760007E6E7F820050F2127FB2FED77F94080136
:10F77000D86B640ED76F0001AEEC07F00501E751BE
:10F780000801CE25D16FF2CFD2F8F29E636AD1C8BC
:10F7900062FF7F9C7F9E7F806150D2BFF28ED16FCF
:10F7A0000501E7510801CE25010FD36FF2CFD4F840
:10F7B000F29E636AD3C862FF7F9C7F9E7F80615008
:10F7C000D4BFF28ED36FD1C8D0F8D3C8CFF8CF2B27
:10F7D000D8B4D02B0501E7510801CE25D16FD0C890
:10F7E000D2F8F250006EF29E636AD1C862FFD2C8AE
:10F7F00061FF7F9C7F9E7F840F01550E7E6EAA0E57
:10F800007E6E7F820050F2127FB2FED77F94080195
:10F81000D86B640ED76F0001AEEC07F00501E7511D
:10F820000801CE25010FD16FCFC8D2F8F250006E7B
:10F83000F29E636AD1C862FFD2C861FF7F9C7F9E3F
:10F840007F840F01550E7E6EAA0E7E6E7F82005061
:10F85000F2127FB2FED77F940801D86B640ED76F87
:10F860000001AEEC07F0120001019A6B996B986BE6
:10F87000976B0701076BD4C8E5F8D5C8E6F8000117
:10F8800024EC6DF00601FE6BFD6BFC6BFB6B58B856
:10F890001AD0FE5318E1FD51080815E307E1FC51A9
:10F8A000640811E303E1FB5170080DE3010EFB272F
:10F8B000D8B0FC2BD8B4FD2BD8B4FE2B0001ABEC98
:10F8C00007F00601E4D75898FE530DE1FD510708F3
:10F8D0006FE2FF0A08E1FC5163086AE2FF0A03E1F4
:10F8E000FB516F0865E20701072B075105085DE230
:10F8F000010E0801D66F0001C3EC07F00701076B8A
:10F90000CD0E00016B6F09010B6B6BC00AF90D6B1B
:10F91000040E0C6F000166EC0BF002C003F0015006
:10F92000860F006E020E0220016E026AD8B0002A15
:10F93000036A02C0D8F8E8CFD7F800C0D6F8EA6E5C
:10F9400000C0E9FF24EC01F001C07EF06C696B6B34
:10F950000101AA6BA96BA86BA76B09010B6B6BC0AC
:10F960000AF90D6B040E0C6F000166EC0BF002C07F
:10F9700003F00150860F006E020E0220016E026A33
:10F98000D8B0002A036A02C0D8F8E8CFD7F800C080
:10F99000D6F8EA6E00C0E9FF24EC01F001C07EF069
:10F9A0000601F783F46B03D007010601F7930CD02F
:10F9B0000001B4EC73F00150DD0804E10601F783A7
:10F9C000010E02D00601F793F7B302D0070153D717
:10F9D000000112002C0E0801E46F020EE56F000119
:10F9E0007AEC56F0025007EF80F0EACFE6F8E9CF64
:10F9F000E5F80801DF39F009E16FE127E20FE26F76
:10FA0000320FE46FDF510F0BE227E227E427E90F03
:10FA1000E36FE327E327DE390F0BE327E427E33720
:10FA2000E437E41FE437DE510F0BE427E137070E1C
:10FA3000E06F0A0EE307E427FDE3E207E327FDE3B7
:10FA4000E107E227FDE3E007E127FDE3080EEA6EA8
:10FA5000E00EE96E070EE515E59DE926000EEA22A7
:10FA6000E950E40804E1EA50080801E1E58DEF50AF
:10FA7000006E08E1E5BD06D0E5B90CD0E5B702D0CF
:10FA8000200E03D0E587E599300E002600509EA891
:10FA9000FED7AD6EEE50E5ADE3D700011200E950A0
:10FAA0000801ED6FEC51EF6F23E01B6AF2BE1B8E75
:10FAB000F29EEBC87BF9EAC87AF9E9C879F9E8C897
:10FAC00078F909017F6B7E6B200E7D6F820E7C6F53
:10FAD000000163EC05F01BBEF28E03C0EBF802C020
:10FAE000EAF801C0E9F800C0E8F80801EF2FDDD717
:10FAF000EBC810F9EAC80FF9E9C80EF9E8C80DF922
:10FB00000001ACEC17F003C0EBF802C0EAF801C04A
:10FB1000E9F800C0E8F80801EBAF0DD0ED07ED8B78
:10FB2000E81FE91FEA1FEB1FE82BD8B4E92BD8B474
:10FB3000EA2BD8B4EB2B3B0EF46F9A0EF36FCA0E80
:10FB4000F26FF16B0A0EEF6FEC51D8B4ED2BD88247
:10FB5000080EEA6EE80EE96EEBC813F9EAC812F96E
:10FB6000E9C811F9E8C810F9F4C817F9F3C816F98B
:10FB7000F2C815F9F1C814F90001DEEC09F00150E2
:10FB8000005213E10801EC29EF5DD8A402D0000176
:10FB90000CD0ED510DE00F0BEF5D01E03CE2EDBF4D
:10FBA0003AD0EDBD05D0200E31D0200E0801ED1762
:10FBB000EDAB0DD0ED9BEC51D8A4ED070050ED6FEF
:10FBC0002D0E9EA8FED7AD6EED51006EED6BEC5183
:10FBD000EF5D0BE10050ED6F2E0E9EA8FED7AD6ECF
:10FBE000ED51006E200EED17000E300EEDAB0ED075
:10FBF000ED9BEC51D8A4ED070050ED6F2D0E9EA8A3
:10FC0000FED7AD6EED51006EED6B300E002600504C
:10FC10009EA8FED7AD6ED892F4C813F9F3C812F9B6
:10FC2000F2C811F9F1C810F90901176B166B156BC1
:10FC30000A0E146F0001DEEC09F003C0F4F802C0F4
:10FC4000F3F801C0F2F800C0F1F80801EF2F7FD7F8
:10FC5000000112000150D3C809F9640E09010A6FAE
:10FC6000000169EC0FF000C0D3F80150300E08E13C
:10FC70000801D4A30ED0D4B70CD0D4B9200E04D030
:10FC80000801D497D499D481012601509EA8FED7AB
:10FC9000AD6ED3C809F90A0E09010A6F000169ECBB
:10FCA0000FF000C0D3F80150300E08E10801D4B7BE
:10FCB0000BD0D4A109D0D4B9200E000101260150E7
:10FCC0009EA8FED7AD6E0801300ED327D3519EA853
:10FCD000FED7AD6E00011200010E0801CE6FCE51AD
:10FCE000150837E3F2CFCFF8F29E636ACEC862FF01
:10FCF0007F9C7F9E7F806150CFBFF28ED06F0501C9
:10FD0000E6510801CE25D16FF2CFD2F8F29E636A98
:10FD1000D1C862FF7F9C7F9E7F806150D2BFF28EF0
:10FD2000D16FD0C8D3F81B0ED46F000193DF2C0E17
:10FD30009EA8FED7AD6ED1C8D3F81B0E0801D46FB4
:10FD4000000188DF2C0E9EA8FED7AD6E0801CE2BD9
:10FD5000C6D70001AEEF7EF053D1BED7100EE96ECC
:10FD60008EC1DFF88DC1DEF840DE2C0E9EA8FED7D6
:10FD7000AD6E100EE96E4BC0DFF84AC0DEF835DE1E
:10FD80002C0E9EA8FED7AD6E100EE96E4DC0DFF8AA
:10FD90004CC0DEF82ADE2C0E9EA8FED7AD6EB4EF66
:10FDA000DFF00801CE6BCF6BCF51170830E3B60EF2
:10FDB000CF25D06F030ED16FD8B0D12BD1C8DDF8CD
:10FDC000D0C8DCF800017BEC08F001C0CEF80801D7
:10FDD000CE3D12D0CE6BB60ECF25D06F030ED16FB5
:10FDE000D8B0D12BD1C8DBF8D0C8DAF8CEC8DCF84F
:10FDF0000001B7EC08F00801036ACF51A70FE96EC4
:10FE0000000E0320EA6ECEC8EFFFCF2BCDD7000146
:10FE1000CAEFDFF042EC44F06EEC44F09AEC44F0B0
:10FE2000C6EC44F0CCEFDFF051A8A3D06B518D08A5
:10FE30000EE06B518E080BE06B51B50808E06B517A
:10FE4000790805E06B51830802E0875347E08BECAB
:10FE50000BF00901036B490E026F080E046F410E8F
:10FE6000056F010E066F076B00015AEC0EF00901D9
:10FE7000036B4A0E026F080E046F500E056F010EE1
:10FE8000066F076B00015AEC0EF0FA0E6C6FD0ECA7
:10FE90005BF0875307E0070E876F896B73EC5BF0AD
:10FEA000876B1CD06B51780807E26B51810804E323
:10FEB000B5EC5BF0589E12D06B51820809E26B5191
:10FEC0008B0806E32FEC3FF00601F79108D0000104
:10FED0006B51B40803E2FFEC59F0589C0601000195
:10FEE0000DEC5CF0020E0801D66F0001C3EC07F0C8
:10FEF000BA0E006E050E016E026A036A0801D06B2D
:10FF0000CF6FBA0ECE6FCFC8EAFFE96E000124ECC6
:10FF100001F001C07EF051986C696B6B0101AA6B16
:10FF2000A96BA86BA76B518C09010B6B6BC00AF90D
:10FF30000D6B040E0C6F000166EC0BF002C003F0B9
:10FF40000150860F006E020E0220016E026AD8B0C8
:10FF5000002A036A02C0D0F8E8CFCFF800C0CEF87C
:10FF6000EA6E00C0E9FF24EC01F001C07EF006015A
:10FF7000F46B0001F7EFDFF00801E76BE86BCFC827
:10FF8000E9F80001A4EC36F0010E0801E76FE86F14
:10FF9000CFC8E9F80001A4EC36F012000801E76BC5
:10FFA000010EE86FCFC8E9F80001A4EC36F0010EAD
:10FFB0000801E76FE86BCFC8E9F80001A4EC36F060
:10FFC00012000101CA6BC96B010EC86F2C0EC76FFE
:10FFD0001B6AF2BE1B8EF29E010E09016F6F0001BB
:0EFFE00056EC03F01BBEF28E1200D6EFB9F005
:020000040001F9
:100000000801CE6BD06BCF6B0001EAEF7CF002C031
:10001000D2F801C0D1F8100EE96ED2C8DFF8D1C80D
:10002000DEF8F5EC7CF02C0E9EA814EF80F0AD6E9F
:100030007B0E0801CE6FD06B2D0ECF6FD053D8A49E
:10004000A5EF80F0CF513D08D8A0A5EF80F0F2CF0A
:10005000D1F8F29ED0C863FFCFC862FF7F9C7F9E1D
:100060007F806150D1BFF28ED26F010ECF25D36F4A
:10007000000ED021D46FF2CFD5F8F29ED4C863FF22
:10008000D3C862FF7F9C7F9E7F806150D5BFF28E78
:10009000D36FD2C8D7F8D3C8D6F80501E751080105
:1000A000CF25D86F000ED021D96FF2CFD4F8F29EB1
:1000B000D9C863FFD8C862FF7F9C7F9E7F80615054
:1000C000D4BFF28ED86F0501E7510801CF25D96F53
:1000D000000ED021DA6F010ED927000EDA23F2CFFD
:1000E000DBF8F29EDAC863FFD9C862FF7F9C7F9E6F
:1000F0007F806150DBBFF28ED96FD8C8DDF8D9C8D8
:10010000DCF8100EE96ED7C8DFF8D6C8DEF80001BB
:10011000F5EC7CF02C0E9EA88BEF80F0AD6E100EEF
:10012000E96EDDC8DFF8DCC8DEF8F5EC7CF02C0EFB
:100130009EA898EF80F0AD6E0801CE51CE2B020E36
:10014000CF27000ED0231EEF80F0840ECE6FD06B31
:100150003F0ECF6FD053D8A4EEEF81F0CF514708B8
:10016000D8A0EEEF81F0F2CFD1F8F29ED0C863FFB5
:10017000CFC862FF7F9C7F9E7F806150D1BFF28E8F
:10018000D26F010ECF25D36F000ED021D46FF2CFE6
:10019000D5F8F29ED4C863FFD3C862FF7F9C7F9ED0
:1001A0007F806150D5BFF28ED36F020ECF25D66F00
:1001B000000ED021D76FF2CFD4F8F29ED7C863FFDC
:1001C000D6C862FF7F9C7F9E7F806150D4BFF28E35
:1001D000D66F030ECF25D76F000ED021D86FF2CF88
:1001E000D9F8F29ED8C863FFD7C862FF7F9C7F9E74
:1001F0007F806150D9BFF28ED76FD2C8DBF8D3C8E9
:10020000DAF8D6C8D9F8D7C8D8F8DBC8FBF8DAC806
:10021000FAF8D9C8F9F8D8C8F8F8000156EC0AF08D
:1002200003C026F902C025F901C024F900C023F952
:1002300009012A6B296B700E286F840E276F00014D
:1002400072EC0AF003C0DBF802C0DAF801C0D9F89A
:1002500000C0D8F80501E7510801CF25DC6F000E7A
:10026000D021DD6FF2CFDEF8F29EDDC863FFDCC87F
:1002700062FF7F9C7F9E7F806150DEBFF28EDC6FCD
:100280000501E7510801CF25DF6F000ED021E06F97
:10029000010EDF27000EE023F2CFDDF8F29EE0C86A
:1002A00063FFDFC862FF7F9C7F9E7F806150DDBF60
:1002B000F28EDF6F0501E7510801CF25E06F000ED8
:1002C000D021E16F020EE027000EE123F2CFE2F829
:1002D000F29EE1C863FFE0C862FF7F9C7F9E7F8043
:1002E0006150E2BFF28EE06F0501E7510801CF25B2
:1002F000E36F000ED021E46F030EE327000EE4232A
:10030000F2CFE1F8F29EE4C863FFE3C862FF7F9C8E
:100310007F9E7F806150E1BFF28EE36FDCC8E7F81B
:10032000DFC8E6F8E0C8E5F8E3C8E4F8E7C8FBF89A
:10033000E6C8FAF8E5C8F9F8E4C8F8F8000156ECA0
:100340000AF003C026F902C025F901C024F900C053
:1003500023F909012A6B296B700E286F840E276F11
:10036000000172EC0AF003C0E7F802C0E6F801C031
:10037000E5F800C0E4F8040EE96EDBC8EBF8DAC873
:10038000EAF8D9C8E9F8D8C8E8F8010E0801EC6F16
:1003900000014FEC7DF02C0E9EA8CCEF81F0AD6EED
:1003A000040EE96EE7C8EBF8E6C8EAF8E5C8E9F834
:1003B000E4C8E8F8010E0801EC6F00014FEC7DF095
:1003C0002C0E9EA8E1EF81F0AD6E0801CE51CE2B30
:1003D000040ECF27000ED023AAEF80F00001ADEF6E
:1003E0007EF00101CA6BC96B020EC86FEE0EC76FBB
:1003F0001B6AF2BE1B8EF29E010E09016F6F000197
:1004000056EC03F01BBEF28EB2EF86F00101CA6B10
:10041000C96B050EC86FDC0EC76F1B6AF2BE1B8E60
:10042000F29E010E09016F6F000156EC03F01BBE36
:10043000F28EC7EF86F058A8C8EF86F0ABEC07F055
:100440000400589801019A6B996B986B976B0001A7
:10045000B4EC73F00150DD08D8A4C8EF86F0ABEC23
:1004600007F0518C0601F5510F0A00010EE01F0A3A
:10047000D8B43DEF86F0130AD8B49BEF86F0120A89
:10048000D8B4C8EF86F0C8EF86F00601F95303E14F
:10049000FA53D8B445D3F951010B006E036A0050EA
:1004A000031013E05080000187A105D0020E08015F
:1004B000CF6F000161DD0601FF5306E18F0E0001E1
:1004C0006B6F0701006B06010ED050900001872D65
:1004D00001D003D08751080805E1020E0801CF6F53
:1004E00000015CDD0601F951020B006E036A005049
:1004F000031050E05082FF530BE1010E0801CF6F53
:1005000000013ADD8F0E6B6F0701016B41D00601D0
:10051000FF51020818E17B0E00016B6F000E4FB80F
:10052000010E036A740FE96E000E0320EA6EEF52AB
:1005300003E00701046B0001030E0801CF6F000107
:100540001BDD25D00601FF5103080FE17B0E0001E2
:100550006B6F765303E00701046B0001030E080183
:10056000CF6F000109DD13D00601FF5104080FE130
:10057000850E00016B6FC05302E1C15303E0070118
:10058000046B0001030E0801CF6F0001F5DC0701C9
:100590001ED00601509200018751020811E00601A9
:1005A000FF510308D8A402D000010AD0FF5102086D
:1005B000D8A402D0000104D0FF51040807E10001D3
:1005C000010E0801CF6F0001E9DC060107010601F9
:1005D000F951040B006E036A0050031022E05084AE
:1005E0000801E76BE86BE96B0001A4EC36F0010E43
:1005F0000801E76FE86FE96B0001A4EC36F0060133
:10060000FF5307E18F0E00016B6F0701026B07D0EC
:100610000601FF2D03D0B70E00016B6F070110D04C
:100620000601509400018751040804E00601FF2DE3
:1006300006D000010801CF6B0001B0DC0601070104
:100640000601F951400B006E036A0050031060E090
:100650000F0E0801D66F0001C3EC07F00F0ECA6F32
:10066000CE0E6B6F050E0801E56F0F0EE66F0001F1
:1006700024EC6DF009010B6B6BC00AF90D6B040ED5
:100680000C6F000166EC0BF002C003F00150860F06
:10069000006E020E0220016E026AD8B0002A036AC0
:1006A00002C0D1F8E8CFD0F800C0CFF8EA6E00C0A1
:1006B000E9FF24EC01F001C07EF06B6B0101AA6B35
:1006C000A96BA86BA76B518C09010B6B6BC00AF966
:1006D0000D6B040E0C6F000166EC0BF002C003F012
:1006E0000150860F006E020E0220016E026AD8B021
:1006F000002A036A02C0D1F8E8CFD0F800C0CFF8D2
:10070000EA6E00C0E9FF24EC01F001C07EF00601B2
:10071000F951800B006E036A0050031060E0100E68
:100720000801D66F0001C3EC07F0100ECA6FCE0EA1
:100730006B6F050E0801E56F0F0EE66F000124ECEC
:100740006DF009010B6B6BC00AF90D6B040E0C6F99
:10075000000166EC0BF002C003F00150860F006E42
:10076000020E0220016E026AD8B0002A036A02C09B
:10077000D1F8E8CFD0F800C0CFF8EA6E00C0E9FFAA
:1007800024EC01F001C07EF06B6B0101AA6BA96B38
:10079000A86BA76B518C09010B6B6BC00AF90D6B31
:1007A000040E0C6F000166EC0BF002C003F0015068
:1007B000860F006E020E0220016E026AD8B0002A77
:1007C000036A02C0D1F8E8CFD0F800C0CFF8EA6ED3
:1007D00000C0E9FF24EC01F001C07EF00601000B2F
:1007E000006EFA51010B036E0050031060E0110E11
:1007F0000801D66F0001C3EC07F0110ECA6FCE0ED0
:100800006B6F050E0801E56F0F0EE66F000124EC1B
:100810006DF009010B6B6BC00AF90D6B040E0C6FC8
:10082000000166EC0BF002C003F00150860F006E71
:10083000020E0220016E026AD8B0002A036A02C0CA
:10084000D1F8E8CFD0F800C0CFF8EA6E00C0E9FFD9
:1008500024EC01F001C07EF06B6B0101AA6BA96B67
:10086000A86BA76B518C09010B6B6BC00AF90D6B60
:10087000040E0C6F000166EC0BF002C003F0015097
:10088000860F006E020E0220016E026AD8B0002AA6
:10089000036A02C0D1F8E8CFD0F800C0CFF8EA6E02
:1008A00000C0E9FF24EC01F001C07EF00601000B5E
:1008B000006EFA51100B036E0050031060E0120E30
:1008C0000801D66F0001C3EC07F0120ECA6FCE0EFE
:1008D0006B6F050E0801E56F0F0EE66F000124EC4B
:1008E0006DF009010B6B6BC00AF90D6B040E0C6FF8
:1008F000000166EC0BF002C003F00150860F006EA1
:10090000020E0220016E026AD8B0002A036A02C0F9
:10091000D1F8E8CFD0F800C0CFF8EA6E00C0E9FF08
:1009200024EC01F001C07EF06B6B0101AA6BA96B96
:10093000A86BA76B518C09010B6B6BC00AF90D6B8F
:10094000040E0C6F000166EC0BF002C003F00150C6
:10095000860F006E020E0220016E026AD8B0002AD5
:10096000036A02C0D1F8E8CFD0F800C0CFF8EA6E31
:1009700000C0E9FF24EC01F001C07EF00601000B8D
:10098000006EFA51200B036E0050031060E0130E4E
:100990000801D66F0001C3EC07F0130ECA6FCE0E2C
:1009A0006B6F050E0801E56F0F0EE66F000124EC7A
:1009B0006DF009010B6B6BC00AF90D6B040E0C6F27
:1009C000000166EC0BF002C003F00150860F006ED0
:1009D000020E0220016E026AD8B0002A036A02C029
:1009E000D1F8E8CFD0F800C0CFF8EA6E00C0E9FF38
:1009F00024EC01F001C07EF06B6B0101AA6BA96BC6
:100A0000A86BA76B518C09010B6B6BC00AF90D6BBE
:100A1000040E0C6F000166EC0BF002C003F00150F5
:100A2000860F006E020E0220016E026AD8B0002A04
:100A3000036A02C0D1F8E8CFD0F800C0CFF8EA6E60
:100A400000C0E9FF24EC01F001C07EF00601000BBC
:100A5000006EFA51400B036E0050031060E0140E5C
:100A60000801D66F0001C3EC07F0140ECA6FCE0E5A
:100A70006B6F050E0801E56F0F0EE66F000124ECA9
:100A80006DF009010B6B6BC00AF90D6B040E0C6F56
:100A9000000166EC0BF002C003F00150860F006EFF
:100AA000020E0220016E026AD8B0002A036A02C058
:100AB000D1F8E8CFD0F800C0CFF8EA6E00C0E9FF67
:100AC00024EC01F001C07EF06B6B0101AA6BA96BF5
:100AD000A86BA76B518C09010B6B6BC00AF90D6BEE
:100AE000040E0C6F000166EC0BF002C003F0015025
:100AF000860F006E020E0220016E026AD8B0002A34
:100B0000036A02C0D1F8E8CFD0F800C0CFF8EA6E8F
:100B100000C0E9FF24EC01F001C07EF00601A4D082
:100B2000FF53D8A474D0000187536FE08D0E6B6F14
:100B3000509050925094010E875DF20F66E20E0FB6
:100B4000CAEF86F0020E0801CF6F0001CEEC7FF0F5
:100B50005CD0010E0801CF6F0001CEEC7FF055D0C4
:100B60000801CF6B0001CEEC7FF04FD0020E0801E0
:100B7000CF6F0001CEEC7FF0010E0801CF6F0001B6
:100B8000CEEC7FF042D0010E0801CF6F0001CEEC19
:100B90007FF00801CF6B0001CEEC7FF036D0020E63
:100BA0000801CF6F0001CEEC7FF00801CF6B000190
:100BB000CEEC7FF02AD0020E0801CF6F0001CEEC00
:100BC0007FF0010E0801CF6F0001CEEC7FF008012D
:100BD000CF6B0001CEEC7FF018D0010E0801CF6F73
:100BE0000001CEEC7FF011D00801CF6B0001CEECFC
:100BF0007FF00BD0010E0801CF6F0001CEEC7FF02B
:100C00000801CF6B0001CEEC7FF02DD00601FF5123
:100C1000020803E0FF5103080CE1790E00016B6F3D
:100C20005092030E0801CF6F0001CEEC7FF01BD075
:100C30000601FF2D0BD0B50E00016B6F509408011B
:100C4000CF6B0001CEEC7FF00ED00601FF510408FF
:100C50000BE1830E00016B6F5092030E0801CF6F02
:100C60000001CEEC7FF00601050E0801E56F0F0EC6
:100C7000E66F000124EC6DF08BD064532AE1010192
:100C8000926B916B906B8F6B00016B51790806E052
:100C90006B51830803E06B51B5080BE10101475329
:100CA00002E1485304E04751D8B44807470712D03F
:100CB00000016B518D080DE1D8908235036A470F12
:100CC000E96E010E0320EA6EFF0EEF2602E2EE52FD
:100CD000ED0601019AC8CFF8036A0801CF51920FBF
:100CE000D06F080E0320D16FD1C8E2FFD0C8E1FF5A
:100CF000E6CFCEF89AC8CFF8036ACF51E96E070E57
:100D00000324EA6ECEC8EFFF99C864F09AC8CFF802
:100D1000036ACF51E96E070E0324EA6EEF5204E036
:100D20000001E1EC7FF00801CF6BCFC899F8518248
:100D3000569200012DD00601F7AD16D00801E76BE1
:100D4000010EE86F020EE96F0001A4EC36F0010E0F
:100D50000801E76FE86B020EE96F0001A4EC36F0C2
:100D6000F1EF81F014D006010801E76BE86B020E89
:100D7000E96F0001A4EC36F0010E0801E76FE86F9F
:100D8000020EE96F0001A4EC36F006EF82F000D00D
:100D9000FFEFDFF0E824F76AF736B50FF66E0D0EB9
:100DA000F722010EF86EFB6E0A00F550FA6E08008D
:100DB000F550F96E440B520B6C0B600B9E0B860BBF
:100DC000B60B0A0C0A0CDA0B0A0CE80B0A0CF40B33
:100DD000569C56BE568C569E84A0568E000E56BE0D
:100DE000010E016E01EFE0F0F3EC5DF001520DE158
:100DF000040E0801D66F0001C3EC07F0000E58B4D2
:100E0000010E01095894E8B05884F1EC62F00152E7
:100E10000DE1050E0801D66F0001C3EC07F0000ECE
:100E200058B4010E02095894E8B058841200080121
:100E3000CE51040817E1036A07015151270FE96EEB
:100E4000070E0320EA6ECEC8EFFF5151512B036A03
:100E50003B0FE96E070E0320EA6ECFC8EFFF502B61
:100E60001DD00801CEC801F9000193EC34F0015205
:100E700016E1036A07015151270FE96E070E03209F
:100E8000EA6ECEC8EFFF5151512B036A3B0FE96E5A
:100E9000070E0320EA6ECFC8EFFF502B00011200AF
:100EA0000801CE6BCE51030813E3E76BE86BCEC8A5
:100EB000E9F80001A4EC36F00801E76B010EE86FD9
:100EC000CEC8E9F80001A4EC36F00801CE2BEAD731
:100ED00000011200F2CFD3F8F29E636ACEC862FF1F
:100EE0007F9C7F9E7F8061500801D3BFF28ED46FBC
:100EF000010ECE25D56FF2CFD6F8F29E636AD5C823
:100F000062FF7F9C7F9E7F806150D6BFF28ED56F3F
:100F1000020ECE25D76FF2CFD8F8F29E636AD7C8FB
:100F200062FF7F9C7F9E7F806150D8BFF28ED76F1B
:100F3000030ECE25D96FF2CFDAF8F29E636AD9C8D4
:100F400062FF7F9C7F9E7F806150DABFF28ED96FF7
:100F5000D4C8D2F8D5C8D1F8D7C8D0F8D9C8CFF8F6
:100F6000010ECF27D8B0D02BD8B4D12BD8B4D22BE8
:100F7000D2C8D3F8F250006EF29E636ACEC862FF08
:100F8000D3C861FF7F9C7F9E7F840F01550E7E6ECC
:100F9000AA0E7E6E7F820050F2127FB2FED77F943F
:100FA0000801D86B640ED76F0001AEEC07F0010E9C
:100FB0000801CE25D36FD1C8D4F8F250006EF29E4E
:100FC000636AD3C862FFD4C861FF7F9C7F9E7F8421
:100FD0000F01550E7E6EAA0E7E6E7F820050F212B9
:100FE0007FB2FED77F940801D86B640ED76F0001E3
:100FF000AEEC07F0020E0801CE25D36FD0C8D4F8AE
:10100000F250006EF29E636AD3C862FFD4C861FFDB
:101010007F9C7F9E7F840F01550E7E6EAA0E7E6E92
:101020007F820050F2127FB2FED77F940801D86B06
:10103000640ED76F0001AEEC07F0030E0801CE2559
:10104000D36FCFC8D4F8F250006EF29E636AD3C853
:1010500062FFD4C861FF7F9C7F9E7F840F01550E85
:101060007E6EAA0E7E6E7F820050F2127FB2FED795
:101070007F940801D86B640ED76F0001AEEC07F0C7
:101080000501E7510801CE25D36FF2CFD4F8F29EC7
:10109000636AD3C862FF7F9C7F9E7F806150D4BF0C
:1010A000F28ED36F0501E7510801CE25010FD56FF0
:1010B000F2CFD6F8F29E636AD5C862FF7F9C7F9E0E
:1010C0007F806150D6BFF28ED56F0501E7510801D0
:1010D000CE25020FD76FF2CFD8F8F29E636AD7C839
:1010E00062FF7F9C7F9E7F806150D8BFF28ED76F5A
:1010F0000501E7510801CE25030FD96FF2CFDAF8C9
:10110000F29E636AD9C862FF7F9C7F9E7F80615098
:10111000DABFF28ED96FD3C8D2F8D5C8D1F8D7C804
:10112000D0F8D9C8CFF8010ECF27D8B0D02BD8B47B
:10113000D12BD8B4D22B0501E7510801CE25D36FAE
:10114000D2C8D4F8F250006EF29E636AD3C862FF30
:10115000D4C861FF7F9C7F9E7F840F01550E7E6EF9
:10116000AA0E7E6E7F820050F2127FB2FED77F946D
:101170000801D86B640ED76F0001AEEC07F00501D3
:10118000E7510801CE25010FD36FD1C8D4F8F25032
:10119000006EF29E636AD3C862FFD4C861FF7F9C71
:1011A0007F9E7F840F01550E7E6EAA0E7E6E7F821B
:1011B0000050F2127FB2FED77F940801D86B640E04
:1011C000D76F0001AEEC07F00501E7510801CE250D
:1011D000020FD36FD0C8D4F8F250006EF29E636A4B
:1011E000D3C862FFD4C861FF7F9C7F9E7F840F01BC
:1011F000550E7E6EAA0E7E6E7F820050F2127FB276
:10120000FED77F940801D86B640ED76F0001AEEC57
:1012100007F00501E7510801CE25030FD36FCFC8B2
:10122000D4F8F250006EF29E636AD3C862FFD4C84D
:1012300061FF7F9C7F9E7F840F01550E7E6EAA0EFC
:101240007E6E7F820050F2127FB2FED77F9408013B
:10125000D86B640ED76F0001AEEC07F012000801E6
:10126000CE51FC0F34E2040F000169EF89F0879141
:1012700089910801E76BE86B020EE96F0001A4ECAD
:1012800036F0080124D0879389930801E76BE86B57
:10129000010EE96F0001A4EC36F0080118D0879523
:1012A00089950801E76BE86BE96B0001A4EC36F067
:1012B00008010DD0879789970801E76BE86B020E4C
:1012C000E96F0001A4EC36F0080101D0080100012B
:1012D0001200E824F76AF736F30FF66E120EF722C3
:1012E000010EF86EFB6E0A00F550FA6E0800F5501C
:1012F000F96E6E1286129E12B4120801D56BD46B71
:10130000D36BD26B1B6AF2BE1B8EF29ECFC879F9EB
:10131000CEC878F9000148EC05F01BBEF28E03C080
:10132000D9F802C0D8F801C0D7F800C0D6F81B6AB7
:10133000F2BE1B8EF29ED1C879F9D0C878F948EC7C
:1013400005F01BBEF28E1B6AF2BE1B8EF29ED9C840
:101350007BF9D8C87AF9D7C879F9D6C878F903C023
:101360007FF902C07EF901C07DF900C07CF963EC11
:1013700005F01BBEF28E03C0D9F802C0D8F801C038
:10138000D7F800C0D6F803C026F902C025F901C07D
:1013900024F900C023F909012A6B240E296F740E69
:1013A000286F920E276F000172EC0AF003C0D5F887
:1013B00002C0D4F801C0D3F800C0D2F8D5C810F9E3
:1013C000D4C80FF9D3C80EF9D2C80DF9ACEC17F098
:1013D00012000801D56BD46BD36BD26B1B6AF2BEC3
:1013E0001B8EF29ECFC879F9CEC878F9000148EC7F
:1013F00005F01BBEF28E03C0D9F802C0D8F801C0B8
:10140000D7F800C0D6F81B6AF2BE1B8EF29ED1C878
:1014100079F9D0C878F948EC05F01BBEF28E1B6A4A
:10142000F2BE1B8EF29ED9C87BF9D8C87AF9D7C80C
:1014300079F9D6C878F903C07FF902C07EF901C0F6
:101440007DF900C07CF963EC05F01BBEF28E03C091
:10145000D9F802C0D8F801C0D7F800C0D6F803C048
:1014600026F902C025F901C024F900C023F90901B9
:101470002A6B240E296F740E286F920E276F0001BD
:1014800072EC0AF003C0D5F802C0D4F801C0D3F85A
:1014900000C0D2F8D5C826F9D4C825F9D3C824F994
:1014A000D2C823F909012A6B296B286B800E276F9C
:1014B000000172EC0AF003C0D5F802C0D4F801C0F4
:1014C000D3F800C0D2F8D5C810F9D4C80FF9D3C8E2
:1014D0000EF9D2C80DF9ACEC17F0120001019253CD
:1014E0000DE19151070821E2FF0A08E190513C0803
:1014F0001CE2FF0A03E18F515F0817E292530DE1EE
:10150000915108080EE2FF0A08E19051260809E20D
:10151000FF0A03E18F51BF0804E2020E016E07D0FB
:1015200003D0010E016E03D002D0000E016E000147
:10153000F9EFEAF00101CA6BC96BC86B640EC76FA3
:101540001B6AF2BE1B8EF29E010E09016F6F000135
:1015500056EC03F01BBEF28EB2EF8AF051AE28D0EB
:10156000519EE8D7ABEC07F0875318E16B518D081B
:1015700015E06B518E0812E06B51B5080FE06B510E
:1015800079080CE06B51830809E06B51C80806E04C
:101590000101926B916B906B8F6B00016B51C808CE
:1015A00004E16A51050801E06A6BF094F08AF19653
:1015B0004AEFEBF00101AA5318E1A95316E1A85331
:1015C00014E1A751130811E3AAC103F0A9C102F065
:1015D000A8C101F0A7C100F0010EA727D8B0A82B21
:1015E000D8B4A92BD8B4AA2B06D0020EA727000E78
:1015F000A823A923AA23000112006A2DD6EF96F092
:10160000518C010E7D6F4E8EABEC07F06B518D0847
:1016100007E06B51790804E06B518308D8A416D217
:101620006B517908D8A4ECD085C862F06251615D35
:1016300007E1010148531EE1475102081BE3000185
:10164000000E4FB8010E006ED89000360050036AAD
:10165000130FE96E010E0320EA6EECCFCFF8ED52C6
:10166000EFCFCEF80801CE53D8A4C8D0CF53D8A41A
:10167000C5D0010100016153D8A496D007010453DD
:10168000D8B490D0000196DF0701215306E0010194
:101690008A6B640E896F05D0070101018A6BC80E41
:1016A000896FAA5309E1A95307E18A51A85D0FE3A5
:1016B00003E18951A75D0BE3AA6BA96B8AC1A8F16D
:1016C00089C1A7F155820001A9EC6DF00101000E5E
:1016D0004FB8010E006ED89000360050036A0F0F0D
:1016E000E96E010E0320EA6EA7C1EFFFA8C1ECFF6F
:1016F000000E4FB8010E006ED89000360050036AFD
:101700000F0FE96E010E0320EA6EECCF0BF9ED52DC
:10171000EFCF0AF909010D6B320E0C6F000166EC78
:101720000BF002C05EF101C05DF157AA38D0000E87
:101730004FB8010E006ED89000360050036A130FA8
:10174000E96E010E0320EA6EECCFCFF8ED52EFCF39
:10175000CEF80801CE5302E1CF5322E0000E4FB87D
:10176000010E006ED89000360050036A0F0FE96E2C
:10177000010E0320EA6EECCFF3F8ED52EFCFF2F852
:101780009EC1F1F89DC1F0F89CC1EFF89BC1EEF845
:1017900000015BEC19F002C048F101C047F10801FB
:1017A0004F8207012AD0000105DF0101AA530AE197
:1017B000A95308E1A851000817E2FF0A03E1A75165
:1017C000210812E20001612D01D002D001010CD0EC
:1017D0000101AA6BA96B010EA86F220EA76F55829B
:1017E0000001A9EC6DF00101A8C10CF1A7C10BF13A
:1017F0004F82010E0001646F0701080124D100012E
:101800006B518308D8A4BDD00101485309E1475169
:10181000150806E37F53D8A4B1D08053D8A4AED026
:1018200007010453D8B4ABD00001C4DE1B6AF2BE7A
:101830001B8EF29EC6C07BF9C5C07AF9C4C079F987
:10184000C3C078F9DEEC05F01BBEF28E02C0CFF803
:1018500001C0CEF802C00BF901C00AF909010D6BF5
:101860003A0E0C6F000166EC0BF002C02EF101C0C5
:101870002DF101012E51020824E2FF0A03E12D514E
:10188000E7081FE22EC111F92DC110F90901136BF0
:10189000640E126F000189EC17F002C02EF101C036
:1018A0002DF12EC10BF92DC10AF909010D6B640E42
:1018B0000C6F000166EC0BF002C02EF101C02DF19F
:1018C00001012EC111F92DC110F90901136B320E5E
:1018D000126F000189EC17F002C02EF101C02DF14A
:1018E00001012E5303E12D51630803E22E6B640EB8
:1018F0002D6FAA5309E1A95307E12E51A85D0FE30B
:1019000003E12D51A75D0BE3AA6BA96B2EC1A8F1D2
:101910002DC1A7F155820001A9EC6DF00101A8C10C
:101920007EF1A7C17DF17EC10BF97DC10AF90901E4
:101930000D6B320E0C6F000166EC0BF002C060F113
:1019400001C05FF157AC18D001017F5302E1805311
:1019500014E0A2C1F1F8A1C1F0F8A0C1EFF89FC155
:10196000EEF87EC1F3F87DC1F2F800015BEC19F0EE
:1019700002C048F101C047F101014F82070162D066
:10198000000182C0E9FF070EEA6EEF525BE0D890DB
:101990008235036A470FE96E010E0320EA6EECCF31
:1019A000CFF8ED52EFCFCEF80801CF5306E1CE517C
:1019B0000208D8A002D0000145D0D890000182359D
:1019C000036A390FE96E010E0320EA6E0101AA6B6A
:1019D000A96BECCFA8F1ED52EFCFA7F1020EA7272C
:1019E000000EA823A923AA23AA530AE1A95308E1B8
:1019F000A851000819E2FF0A03E1A751210814E2E7
:101A0000AA6BA96B010EA86F220EA76F82C0E9F81E
:101A1000010E0801EA6FEC6B550EEB6F000123EC31
:101A200008F0A9EC6DF00101D89000018235036A3D
:101A3000390FE96E010E0320EA6EA7C1EFFFA8C1BE
:101A4000ECFF4F820801C1EF96F000016B51B50821
:101A500048E1010E0101A727D8B0A82BD8B4A92BC3
:101A6000D8B4AA2BAA5307E1A95305E1A85303E16F
:101A7000A75190080AE2AA6BA96BA86B910EA76FF9
:101A800055840001A9EC6DF023D0020155510101EC
:101A9000AA5D1FE311E1020154510101A95D19E39F
:101AA0000BE1020153510101A85D13E305E10201BD
:101AB00052510101A75D0DE355C2AAF154C2A9F12B
:101AC00053C2A8F152C2A7F158860001A9EC6DF0EB
:101AD0000101A8C14FF2A7C14EF24F82BFEF96F0AD
:101AE00000016B51780809E06B51820806E06B51E8
:101AF0008C0803E06B51B40802E1C0EF96F06BC0B4
:101B000009F90A0E09010A6F000169EC0FF0005291
:101B100006E16B515E0803E36B51320805E16B513E
:101B20003108D8A498EF96F051A0E7EF90F06B51F0
:101B30000A0811E06B5114080EE06B511E080BE00F
:101B40006B51280808E06B51500805E06B515A08AA
:101B5000D8A4E7EF90F06B51140816E10101A751EA
:101B60000B08D8B402D000010FD0A853D8B402D0CB
:101B700000010AD0A953D8B402D0000105D0AA535D
:101B8000D8B4E4EF90F000016B511E0816E101019A
:101B9000A7510908D8B402D000010FD0A853D8B477
:101BA00002D000010AD0A953D8B402D0000105D058
:101BB000AA53D8B4E4EF90F000016B51280816E165
:101BC0000101A7511008D8B402D000010FD0A853CA
:101BD000D8B402D000010AD0A953D8B402D0000171
:101BE00005D0AA53D8B4E4EF90F000016B5150082F
:101BF00016E10101A7510B08D8B402D000010FD0A3
:101C0000A853D8B402D000010AD0A953D8B402D046
:101C1000000105D0AA53D8B4E4EF90F000016B5155
:101C2000140A0AE00A0AD8B4B2D0360AD8B43BD1B2
:101C3000780AD8B44DD2BFD20101A751006EA85185
:101C4000036E035005E1010E005C00011FE001017D
:101C5000035005E1050E005C000118E0010103508E
:101C600005E1020E005C000134E00101035005E1D2
:101C7000060E005C00012DE00101035006E1090E93
:101C8000005C0001D8B458D0010178D00101AE53F6
:101C900019E1AD5317E1AC5315E1AB51130812E351
:101CA000AEC103F0ADC102F0ACC101F0ABC100F0B8
:101CB000010EAB27D8B0AC2BD8B4AD2BD8B4AE2B1B
:101CC000005006D0020EAB27000EAC23AD23AE238E
:101CD0005DD00101AE5310E1AD530EE1AC530CE108
:101CE000AB51130809E3010EAB27D8B0AC2BD8B425
:101CF000AD2BD8B4AE2B1FD0AE5307E1AD5305E1E9
:101D0000AC5303E1AB51130810E2AE530EE1AD53F7
:101D10000CE1AC530AE1AB513B0807E3020EAB27E1
:101D2000000EAC23AD23AE2306D0050EAB27000E6C
:101D3000AC23AD23AE232AD00101AE5318E1AD533D
:101D400016E1AC5314E1AB51130811E3AEC103F03B
:101D5000ADC102F0ACC101F0ABC100F0010EAB2788
:101D6000D8B0AC2BD8B4AD2BD8B4AE2B06D0020E65
:101D7000AB27000EAC23AD23AE2308D0010EAB275A
:101D8000D8B0AC2BD8B4AD2BD8B4AE2B1DD201013A
:101D9000A751006EA851036E035005E1010E005CCF
:101DA000000117E00101035005E1030E005C000192
:101DB00033E00101035005E1040E005C000148E03E
:101DC0000101035005E1050E005C000141E0010145
:101DD00061D00101AE5319E1AD5317E1AC5315E1E8
:101DE000AB51130812E3AEC103F0ADC102F0ACC1B8
:101DF00001F0ABC100F0010EAB27D8B0AC2BD8B4CA
:101E0000AD2BD8B4AE2B005006D0020EAB27000E7F
:101E1000AC23AD23AE2346D00101AE5312E1AD5346
:101E200010E1AC5102080DE303E1AB51CF0809E327
:101E3000010EAB27D8B0AC2BD8B4AD2BD8B4AE2B99
:101E400006D0AE6BAD6B020EAC6FD00EAB6F2AD06E
:101E50000101AE5318E1AD5316E1AC5314E1AB519F
:101E6000090811E3AEC103F0ADC102F0ACC101F04D
:101E7000ABC100F0010EAB27D8B0AC2BD8B4AD2B62
:101E8000D8B4AE2B06D0050EAB27000EAC23AD2385
:101E9000AE2308D0010EAB27D8B0AC2BD8B4AD2BF5
:101EA000D8B4AE2B91D10101A751006EA851036E99
:101EB000035005E1030E005C00012EE00101035018
:101EC00005E1040E005C000127E00101035005E17B
:101ED000070E005C000153E00101035005E10B0E09
:101EE000005C000154E00101035005E10C0E005CB0
:101EF00000014DE00101035006E10D0E005C000100
:101F0000D8B4A8D00101035006E10E0E005C000118
:101F1000D8B4A0D00101D3D00101AE5310E1AD532C
:101F20000EE1AC530CE1AB51090809E3010EAB27FC
:101F3000D8B0AC2BD8B4AD2BD8B4AE2B1FD0AE5389
:101F400007E1AD5305E1AC5303E1AB51090810E2E1
:101F5000AE530EE1AD530CE1AC530AE1AB513B087B
:101F600007E3050EAB27000EAC23AD23AE2306D04E
:101F70000A0EAB27000EAC23AD23AE23A8D0020E71
:101F80000101AB27000EAC23AD23AE23A0D0CD2D95
:101F900001D009D0CD51040806E0CD51060803E078
:101FA000CD5102084DE10101AE5310E1AD530EE1F8
:101FB000AC530CE1AB51130809E3010EAB27D8B0C9
:101FC000AC2BD8B4AD2BD8B4AE2B38D0AE5307E180
:101FD000AD5305E1AC5303E1AB51130810E2AE532E
:101FE0000EE1AD530CE1AC530AE1AB51630807E3DA
:101FF000020EAB27000EAC23AD23AE231FD0AE5391
:1020000007E1AD5305E1AC5303E1AB51630810E2C6
:10201000AE530EE1AD530CE1AC530AE1AB51C7082E
:1020200007E30A0EAB27000EAC23AD23AE2306D088
:10203000320EAB27000EAC23AD23AE230AD0000135
:10204000010E0101AB27D8B0AC2BD8B4AD2BD8B45E
:10205000AE2B3DD00101AE5310E1AD530EE1AC53B8
:102060000CE1AB51270809E3010EAB27D8B0AC2B2C
:10207000D8B4AD2BD8B4AE2B21D0AE5307E1AD53BD
:1020800005E1AC5303E1AB51270812E2AE5310E176
:10209000AD530EE1AC5101080BE303E1AB518F08E6
:1020A00007E3280EAB27000EAC23AD23AE2306D0EA
:1020B000C80EAB27000EAC23AD23AE2308D0010E13
:1020C000AB27D8B0AC2BD8B4AD2BD8B4AE2B7CD0CA
:1020D0000101A751006EA851036E035005E1020EE5
:1020E000005C000109E00101035005E1050E005C00
:1020F000000135E0010155D00101AE5310E1AD53AF
:102100000EE1AC530CE1AB51130809E3010EAB2710
:10211000D8B0AC2BD8B4AD2BD8B4AE2B1FD0AE53A7
:1021200007E1AD5305E1AC5303E1AB51130810E2F5
:10213000AE530EE1AD530CE1AC530AE1AB51630871
:1021400007E3050EAB27000EAC23AD23AE2306D06C
:102150000A0EAB27000EAC23AD23AE232AD001011B
:10216000AE5318E1AD5316E1AC51030813E303E19C
:10217000AB51E7080FE30A0EAB27000EAC23AD23EB
:10218000AE23ABC100F0ACC101F0ADC102F0AEC1F5
:1021900003F006D0320EAB27000EAC23AD23AE23E6
:1021A00008D0010EAB27D8B0AC2BD8B4AD2BD8B427
:1021B000AE2B0AD00001010E0101AB27D8B0AC2B29
:1021C000D8B4AD2BD8B4AE2B96EF96F00001010138
:1021D000A7530CE1A8530AE1A95308E1AA5306E169
:1021E000AA6BA96BA86BA76B96EF96F0FF0EA727BB
:1021F000D8A0A827D8A0A927D8A0AA2700016B5348
:102200001EE10101AA530CE1A9530AE1A85308E118
:10221000A751010805E3AA6BA96BA86BA76B0ED0A9
:10222000AA530CE1A9530AE1A85308E1A7510408F5
:1022300005E3AA6BA96BA86B020EA76F00016B5197
:102240000A0A0EE01E0A4CE00A0AD8B481D1360A06
:10225000D8B421D2780AD8B48AEF96F097EF96F0E6
:102260000101A751006EA851036E035004E1005212
:10227000000117E00101035005E1010E005C0001BF
:1022800017E00101035005E1020E005C000117E0B8
:102290000101035005E1030E005C000118E001019B
:1022A0001CD00101AE6BAD6BAC6B7BC0ABF115D03C
:1022B0000101AE6BAD6BAC6B7CC0ABF10ED001011C
:1022C000AE6BAD6B0AC1ACF109C1ABF106D0010137
:1022D000AE6BAD6BAC6B8BC0ABF1000197EF96F0C2
:1022E000CC5338E10101A75109080BE1A85309E1DA
:1022F000A95307E1AA5305E1AA6BA96BA86B040EC9
:10230000A76F000E4FB8010E006ED8900036005037
:10231000036A130FE96E010E0320EA6EECCFCFF8CB
:10232000ED52EFCFCEF80801CE5312E1CF5310E1BA
:102330000101A75104080BE1A85309E1A95307E1E2
:10234000AA5305E1AA6BA96BA86B030EA76F08013E
:1023500020D00001CC2D1CD00101A75104080BE1B5
:10236000A85309E1A95307E1AA5305E1AA6BA96B98
:10237000A86B030EA76FA75102080AE1A85308E152
:10238000A95306E1AA5304E1AA6BA96BA86BA76B3A
:1023900008010101A751006EA851036E035004E12A
:1023A0000052000147E00101035005E1010E005C0D
:1023B000000147E00101035005E1020E005C00014D
:1023C00056E00101035005E1030E005C000165E0E9
:1023D0000101035006E1040E005C0001D8B46DD089
:1023E0000101035006E1050E005C0001D8B475D070
:1023F0000101035006E1060E005C0001D8B475D05F
:102400000101035006E1070E005C0001D8B475D04D
:102410000101035006E1080E005C0001D8B477D03A
:102420000101035006E1090E005C0001D8B482D01E
:1024300001018BD00101AE6BAD6BAC6BCCC0ABF1CD
:1024400084D0000E4FB8010E006ED89000360050B8
:10245000036A0F0FE96E010E0320EA6E0101AE6BF5
:10246000AD6BECCFACF1ED52EFCFABF16ED0000E17
:102470004FB8010E006ED89000360050036A130F5B
:10248000E96E010E0320EA6E0101AE6BAD6BECCF7D
:10249000ACF1ED52EFCFABF158D0000E4FB8010EBA
:1024A000036A740FE96E000E0320EA6E0101AE6B41
:1024B000AD6BAC6BEFCFABF148D0000E57BA010E4D
:1024C000016A026A036A03C0AEF102C0ADF101C045
:1024D000ACF1E8CFABF1010138D00101AE6BAD6BCF
:1024E0000CC1ACF10BC1ABF130D00101AE6BAD6BE7
:1024F0000EC1ACF10DC1ABF128D0D8906335070106
:1025000020110101AB6FAC6BAD6BAE6B1ED034C153
:1025100011F933C110F90901136B190E126F000183
:1025200089EC17F00101AE6BAD6B02C0ACF101C0DC
:10253000ABF10BD00101AE6BAD6B36C1ACF135C167
:10254000ABF136C1BFF835C1BEF8000197EF96F088
:1025500001017F5310E180530EE1A75102080BE106
:10256000A85309E1A95307E1AA5305E1AA6BA96B96
:10257000A86B010EA76FA751006EA851036E035000
:1025800005E1010E005C000125E00101035005E1B9
:10259000020E005C000126E00101035005E1030E7C
:1025A000005C00012FE00101035005E1040E005C16
:1025B00000013BE00101035005E1050E005C000154
:1025C0003CE00101035005E1060E005C00013CE027
:1025D00001015ED00101AE6BAD6B7EC1ACF17DC17E
:1025E000ABF156D0000E57BC010E016A026A036AB5
:1025F00003C0AEF102C0ADF101C0ACF1E8CFABF168
:10260000010146D080C111F97FC110F90901136B96
:10261000050E126F000189EC17F00101AE6BAD6B76
:1026200002C0ACF101C0ABF133D00101AE6BAD6BB8
:10263000C1C0ACF1C0C0ABF12BD00101AE6BAD6B32
:10264000AC6BC2C0ABF124D0C6C026F9C5C025F919
:10265000C4C024F9C3C023F909012A6B296B286B74
:102660007E0E276F000172EC0AF003C010F902C061
:102670000FF901C00EF900C00DF9ACEC17F003C062
:10268000AEF102C0ADF101C0ACF100C0ABF101018F
:10269000000197EF96F0CD5106083EE0CD510508B8
:1026A0003BE0036A82515D0FE96E000E0320EA6E83
:1026B000EF5210E10101A7510E080BE1A85309E107
:1026C000A95307E1AA5305E1AA6BA96BA86B0D0EEC
:1026D000A76F0001036A82515D0FE96E000E0320AF
:1026E000EA6EEF5219E0036A8251590FE96E000E4B
:1026F0000320EA6EEF5210E00101A7510E080BE132
:10270000A85309E1A95307E1AA5305E1AA6BA96BF4
:10271000A86B0D0EA76F0001CD2D01D019D0CD51A2
:10272000040816E0CD51060813E0CD51020810E070
:102730000101A7510C080BE1A85309E1A95307E1D6
:10274000AA5305E1AA6BA96BA86B0B0EA76F00013A
:10275000036A82515D0FE96E000E0320EA6EEF52AC
:1027600010E10101A7510A080BE1A85309E1A9539F
:1027700007E1AA5305E1AA6BA96BA86B090EA76F25
:102780000001CD5310E00101A7510A080BE1A85345
:1027900009E1A95307E1AA5305E1AA6BA96BA86B4C
:1027A000090EA76F0001CD51030816E0CD510408B2
:1027B00013E0CD51020810E00101A75108080BE118
:1027C000A85309E1A95307E1AA5305E1AA6BA96B34
:1027D000A86B070EA76F0001D8908235036AFF0F20
:1027E000E96E000E0320EA6EECCFCFF8ED52EFCF8A
:1027F000CEF80801CE5312E1CF5310E10101A751E9
:1028000006080BE1A85309E1A95307E1AA5305E122
:10281000AA6BA96BA86B050EA76F08010001CD5329
:1028200010E10101A75105080BE1A85309E1A953E3
:1028300007E1AA5305E1AA6BA96BA86B040EA76F69
:102840000001822D01D010D00101A75102080BE137
:10285000A85309E1A95307E1AA5305E1AA6BA96BA3
:10286000A86B010EA76F00018251030849E1010125
:10287000AA5307E1A95305E1A85303E1A7510D08A5
:102880000FE2AA530DE1A9530BE1A85309E1A751A7
:102890000E0806E3AA6BA96BA86B0D0EA76F2FD0CD
:1028A000AA5307E1A95305E1A85303E1A7510B0877
:1028B0000FE2AA530DE1A9530BE1A85309E1A75177
:1028C0000C0806E3AA6BA96BA86B0B0EA76F17D0B9
:1028D000AA5307E1A95305E1A85303E1A751010851
:1028E0000EE2AA530CE1A9530AE1A85308E1A7514B
:1028F0000A0805E3AA6BA96BA86B010EA76F00017C
:102900000101A751006EA851036E035006E1010EAC
:10291000005C0001D8B46AD00101035006E1020E48
:10292000005C0001D8B469D00101035006E1030E38
:10293000005C0001D8B468D00101035006E1040E28
:10294000005C0001D8B471D00101035006E1050E0E
:10295000005C0001D8B47AD00101035006E1060EF4
:10296000005C0001D8B479D00101035006E1070EE4
:10297000005C0001D8B47FD00101035006E1080ECD
:10298000005C0001D8B488D00101035006E1090EB3
:10299000005C0001D8B487D00101035006E10A0EA3
:1029A000005C0001D8B48DD00101035006E10B0E8C
:1029B000005C0001D8B493D00101035006E10C0E75
:1029C000005C0001D8B4CAD00101035006E10D0E2D
:1029D000005C0001D8B401D10101035006E10E0EE4
:1029E000005C0001D8B447D1010192D10101AE6B66
:1029F000AD6BAC6B82C0ABF18BD10101AE6BAD6B3B
:102A0000AC6BCDC0ABF184D1D8908235036AF70F9F
:102A1000E96E000E0320EA6E0101AE6BAD6BECCFE8
:102A2000ACF1ED52EFCFABF173D1D8908235036AA0
:102A3000FF0FE96E000E0320EA6E0101AE6BAD6B75
:102A4000ECCFACF1ED52EFCFABF162D10101AE6B47
:102A5000AD6BAC6B64C2ABF15BD1036A8251650FA5
:102A6000E96E000E0320EA6E0101AE6BAD6BAC6B3C
:102A7000EFCFABF14DD1D8908235036A390FE96EB3
:102A8000010E0320EA6E0101AE6BAD6BECCFACF131
:102A9000ED52EFCFABF13CD10101AE6BAD6BAC6B46
:102AA0005BC2ABF135D1036A82515D0FE96E000E56
:102AB0000320EA6E0101AE6BAD6BAC6BEFCFABF1F7
:102AC00027D1036A8251590FE96E000E0320EA6E86
:102AD0000101AE6BAD6BAC6BEFCFABF119D1CD2D6E
:102AE00001D009D0CD51040806E0CD51060803E01D
:102AF000CD51020809E10101AE6BAD6B58C2ACF1DA
:102B000057C2ABF12AD00001D8908235036ACF0FAB
:102B1000E96E000E0320EA6EECCF11F9ED52EFCF13
:102B200010F932C113F931C112F989EC17F0010122
:102B3000AE6BAD6B02C0ACF101C0ABF1D89000013F
:102B40008235036ACF0FE96E000E0320EA6EECCFE8
:102B5000BFF8ED52EFCFBEF80101DAD0CD2D01D094
:102B600009D0CD51040806E0CD51060803E0CD514F
:102B7000020809E10101AE6BAD6B5AC2ACF159C25A
:102B8000ABF12AD00001D8908235036ACF0FE96EED
:102B9000000E0320EA6EECCF11F9ED52EFCF10F9E1
:102BA00032C113F931C112F989EC17F00101AE6B92
:102BB000AD6B02C0ACF101C0ABF1D8900001823521
:102BC000036ACF0FE96E000E0320EA6EECCFBFF868
:102BD000ED52EFCFBEF801019BD0CD51050803E0C7
:102BE000CD5106081BE1D89263C213F962C212F9F3
:102BF00061C211F960C210F90901176B166B156BF0
:102C0000190E146F0001DEEC09F003C0AEF102C032
:102C1000ADF101C0ACF100C0ABF12BD08251040D7D
:102C2000F350036AD70FE96E000E0320EA6EEFCF70
:102C300010F9ECCF11F9ECCF12F9ECCF13F9EACF80
:102C4000D3F8E9CFD2F8D8920901176B166B156B40
:102C5000190E146F0001DEEC09F0D3C8EAFFD2C8E8
:102C6000E9FF03C0AEF102C0ADF101C0ACF100C09C
:102C7000ABF101014DD0CD51050803E0CD5106085F
:102C80001BE1D8925FC213F95EC212F95DC211F95D
:102C90005CC210F90901176B166B156B190E146FD6
:102CA0000001DEEC09F003C0AEF102C0ADF101C0DD
:102CB000ACF100C0ABF12BD08251040DF350036A8C
:102CC000E70FE96E000E0320EA6EEFCF10F9ECCFAC
:102CD00011F9ECCF12F9ECCF13F9EACFD3F8E9CF21
:102CE000D2F8D8920901176B166B156B190E146F79
:102CF0000001DEEC09F0D3C8EAFFD2C8E9FF03C047
:102D0000AEF102C0ADF101C0ACF100C0ABF1010108
:102D100000010DD00101AA6BA96BA86B080EA76F6B
:102D2000AE6BAD6B4FC2ACF14EC2ABF1000128D01F
:102D30006B515B0803E06B515C0818E10101A7537C
:102D400006E1A85304E1A95302E1AA5309E0FF0EEA
:102D5000A727D8A0A827D8A0A927D8A0AA2704D0F9
:102D6000AA6BA96BA86BA76B0AD00001010E010129
:102D7000A727D8B0A82BD8B4A92BD8B4AA2B000168
:102D8000080100016A6B4E944E984E961B6AF2BE83
:102D90001B8EF29E09016F6B000156EC03F01BBE07
:102DA000F28E5190A8C17AF1A7C179F150EFEBF002
:102DB0000101AA5307E1A95305E1A85303E1A75173
:102DC00014080FE2020EA75F000EA85BA95BAA5BC6
:102DD000A7C100F0A8C101F0A9C102F0AAC103F087
:102DE00010D0AAC103F0A9C102F0A8C101F0A7C187
:102DF00000F0FF0EA727D8A0A827D8A0A927D8A001
:102E0000AA27000112006A510208D8A41AEFA3F001
:102E1000518C020E7D6F4E9EABEC07F06B518D080E
:102E200007E06B51830804E06B517908D8A467D29E
:102E30006B518D08D8A47AD082C0E9FF070EEA6EE4
:102E4000EF52D8B472D0D8908235036A470FE96E3A
:102E5000010E0320EA6EECCFCFF8ED52EFCFCEF8A3
:102E60000801CF5306E1CE510208D8A002D00001DC
:102E70005CD082C0E9F8EA6BEC6B550EEB6F000199
:102E800023EC08F0A9EC6DF00101AA530DE1A95360
:102E90000BE1A85309E1A751020806E3AA6BA96B4D
:102EA000A86B020EA76F40D0D89000018235036A4C
:102EB000390FE96E010E0320EA6E0101AA6BA96BBE
:102EC000ECCFA8F1ED52EFCFA7F1000187A717D003
:102ED000020E0101A75F000EA85BA95BAA5BAA53C3
:102EE0000CE1A9530AE1A85308E1A751020805E340
:102EF000AA6BA96BA86B020EA76F16D00001020E79
:102F00000101A75F000EA85BA95BAA5BAA530CE1B5
:102F1000A9530AE1A85308E1A751020805E3AA6BE7
:102F2000A96BA86B020EA76F000184D06B517908C2
:102F3000D8A45AD05592A9EC6DF085C862F06251C0
:102F4000615D07E1010148531CE14751020819E3A3
:102F50000001000E4FB8010E006ED89000360050F0
:102F6000036A130FE96E010E0320EA6EECCFCFF86F
:102F7000ED52EFCFCEF80801CE5334E1CF5332E11A
:102F800001010001615319E10701045314E001013B
:102F9000AA530DE1A9530BE1A85309E1A751020877
:102FA00006E3AA6BA96BA86B020EA76F03D0000102
:102FB000FFDE0101070115D000010101AA530DE157
:102FC000A9530BE1A85309E1A751020806E3AA6B34
:102FD000A96BA86B020EA76F03D00001E9DE010107
:102FE000070108012AD000016B51830823E1010188
:102FF000485307E14751150804E37F531CE1805310
:103000001AE155920001A9EC6DF00701045314E098
:103010000101AA530DE1A9530BE1A85309E1A751FE
:10302000020806E3AA6BA96BA86B020EA76F03D078
:103030000001BEDE01010701080185C862F0000140
:103040006251615D07E10101485326E147510108E2
:1030500023E300016B517908D8B402D001011CD0E0
:10306000000E4FB8010E006ED89000360050036A73
:10307000130FE96E010E0320EA6EECCFCFF8ED528C
:10308000EFCFCEF80801CE5304E1CF5302E14F82D7
:1030900001D04F9238D00101485303E14751140841
:1030A00004E27F5312E1805310E100016B51830869
:1030B000D8B402D0010109D001017F5304E180534B
:1030C00002E14F8201D04F921FD000016B518D0859
:1030D00018E1D8908235036A470FE96E010E03208C
:1030E000EA6EECCFCFF8ED52EFCFCEF80801CF5318
:1030F00003E1CE51020802E24F8201D04F9203D089
:1031000000014F820801010100016B517908D8A428
:10311000A2D085C862F06251615D07E101014853A8
:103120001EE1475102081BE30001000E4FB8010EDB
:10313000006ED89000360050036A130FE96E010E3E
:103140000320EA6EECCFCFF8ED52EFCFCEF80801B6
:10315000CE53D8A47ED0CF53D8A47BD00101000198
:10316000615372E1070104536BE0000E4FB8010E8A
:10317000006ED89000360050036A0F0FE96E010E02
:103180000320EA6EA7C1EFFFA8C1ECFF000E4FB805
:10319000010E006ED89000360050036A0F0FE96EE2
:1031A000010E0320EA6EECCF0BF9ED52EFCF0AF9D6
:1031B00009010D6B320E0C6F000166EC0BF002C0C2
:1031C0005EF101C05DF157AA38D0000E4FB8010E74
:1031D000006ED89000360050036A130FE96E010E9E
:1031E0000320EA6EECCFCFF8ED52EFCFCEF8080116
:1031F000CE5302E1CF5322E0000E4FB8010E006E15
:10320000D89000360050036A0F0FE96E010E0320BC
:10321000EA6EECCFF3F8ED52EFCFF2F89EC1F1F881
:103220009DC1F0F89CC1EFF89BC1EEF800015BEC8A
:1032300019F002C048F101C047F1080103D00701AD
:103240004F92080106D00001A8C10CF1A7C10BF1F3
:10325000080152D000016B51830841E1010148533C
:1032600007E14751150804E37F5337E1805335E107
:103270000701045330E0A8C17EF1A7C17DF17EC1F2
:103280000BF97DC10AF909010D6B320E0C6F0001BB
:1032900066EC0BF002C060F101C05FF157AC18D0D2
:1032A00001017F5302E1805314E0A2C1F1F8A1C1F2
:1032B000F0F8A0C1EFF89FC1EEF87EC1F3F87DC130
:1032C000F2F800015BEC19F002C048F101C047F1CF
:1032D000010103D007014F9201010DD00001D890E8
:1032E0008235036A390FE96E010E0320EA6EA7C129
:1032F000EFFFA8C1ECFF0801F8EFA2F000016B514D
:10330000B50823E155945896A9EC6DF0FF0E010124
:10331000A727D8A0A827D8A0A927D8A0AA27AA530A
:103320000CE1A9530AE1A85308E1A751020805E3FB
:10333000AA6BA96BA86B020EA76FA8C14FF2A7C119
:103340004EF24F82F6EFA2F000016B51780809E0CF
:103350006B51820806E06B518C0803E06B51B40896
:1033600002E1F7EFA2F06BC009F90A0E09010A6F3A
:10337000000169EC0FF0005206E16B515E0803E3B7
:103380006B51320805E16B513108D8A4D0EFA2F09F
:1033900051A035EF9DF06B510A0811E06B511408F4
:1033A0000EE06B511E080BE06B51280808E06B51D2
:1033B000500805E06B515A08D8A435EF9DF0010183
:1033C000AB530CE1AC530AE1AD5308E1AE5306E157
:1033D000AE6BAD6BAC6BAB6B32EF9DF000016B5124
:1033E000140816E10101A7510B08D8B402D000015E
:1033F0000FD0A853D8B402D000010AD0A953D8B432
:1034000002D0000105D0AA53D8B432EF9DF00001DC
:103410006B511E0816E10101A7510908D8B402D06A
:1034200000010FD0A853D8B402D000010AD0A9538C
:10343000D8B402D0000105D0AA53D8B432EF9DF021
:1034400000016B51280816E10101A7511008D8B4FA
:1034500002D000010FD0A853D8B402D000010AD086
:10346000A953D8B402D0000105D0AA53D8B432EF82
:103470009DF000016B51500816E10101A7510B08A6
:10348000D8B402D000010FD0A853D8B402D00001A4
:103490000AD0A953D8B402D0000105D0AA53D8B499
:1034A00032EF9DF000016B51140A0AE00A0AD8B409
:1034B000C8D0360AD8B444D1780AD8B456D2C9D2C2
:1034C0000101A751006EA851036E035005E1010EE2
:1034D000005C00011FE00101035005E1050E005CE6
:1034E000000118E00101035005E1020E005C00013B
:1034F00042E00101035005E1060E005C00013BE0E3
:103500000101035006E1090E005C0001D8B466D049
:1035100001018ED00101AE5307E1AD5305E1AC537B
:1035200003E1AB51140808E2020EAB5F000EAC5B86
:10353000AD5BAE5BAB5110D0AEC103F0ADC102F0DC
:10354000ACC101F0ABC100F0FF0EAB27D8A0AC2797
:10355000D8A0AD27D8A0AE27AE530CE1AD530AE1F9
:10356000AC5308E1AB51020805E3AE6BAD6BAC6B3D
:10357000020EAB6F65D00101AE5310E1AD530EE109
:10358000AC530CE1AB51140809E3FF0EAB27D8A0F4
:10359000AC27D8A0AD27D8A0AE271FD0AE5307E1E7
:1035A000AD5305E1AC5303E1AB51140810E2AE5347
:1035B0000EE1AD530CE1AC530AE1AB513C0807E31B
:1035C000020EAB5F000EAC5BAD5BAE5B06D0050ED2
:1035D000AB5F000EAC5BAD5BAE5B32D00101AE53B6
:1035E00007E1AD5305E1AC5303E1AB5114080FE221
:1035F000020EAB5F000EAC5BAD5BAE5BABC100F02F
:10360000ACC101F0ADC102F0AEC103F010D0AEC14B
:1036100003F0ADC102F0ACC101F0ABC100F0FF0E90
:10362000AB27D8A0AC27D8A0AD27D8A0AE2708D00C
:10363000FF0EAB27D8A0AC27D8A0AD27D8A0AE27C7
:1036400011D20101A751006EA851036E035005E18C
:10365000010E005C000110E00101035005E1040EC1
:10366000005C00013AE00101035005E1050E005C39
:10367000000133E001015BD00101AE5307E1AD531E
:1036800005E1AC5303E1AB51140808E2020EAB5F55
:10369000000EAC5BAD5BAE5BAB5110D0AEC103F0C6
:1036A000ADC102F0ACC101F0ABC100F0FF0EAB2721
:1036B000D8A0AC27D8A0AD27D8A0AE27AE530CE138
:1036C000AD530AE1AC5308E1AB51020805E3AE6B20
:1036D000AD6BAC6B020EAB6F32D00101AE5307E1A4
:1036E000AD5305E1AC5303E1AB510A080FE2050EFF
:1036F000AB5F000EAC5BAD5BAE5BABC100F0ACC1D1
:1037000001F0ADC102F0AEC103F010D0AEC103F0C4
:10371000ADC102F0ACC101F0ABC100F0FF0EAB27B0
:10372000D8A0AC27D8A0AD27D8A0AE2708D0FF0ED0
:10373000AB27D8A0AC27D8A0AD27D8A0AE2792D170
:103740000101A751006EA851036E035005E1030E5D
:10375000005C00012EE00101035005E1040E005C55
:10376000000127E00101035005E1070E005C0001A4
:1037700053E00101035005E10B0E005C000154E031
:103780000101035005E10C0E005C00014DE0010158
:10379000035006E10D0E005C0001D8B4A8D0010171
:1037A000035006E10E0E005C0001D8B4A0D0010168
:1037B000D3D00101AE5310E1AD530EE1AC530CE197
:1037C000AB510A0809E3FF0EAB27D8A0AC27D8A05D
:1037D000AD27D8A0AE271FD0AE5307E1AD5305E10A
:1037E000AC5303E1AB510A0810E2AE530EE1AD5306
:1037F0000CE1AC530AE1AB513C0807E3050EAB5FAB
:10380000000EAC5BAD5BAE5B06D00A0EAB5F000E8C
:10381000AC5BAD5BAE5BA8D0020E0101AB5F000EEE
:10382000AC5BAD5BAE5BA0D0CD2D01D009D0CD514E
:10383000040806E0CD51060803E0CD5102084DE131
:103840000101AE5310E1AD530EE1AC530CE1AB51AD
:10385000140809E3FF0EAB27D8A0AC27D8A0AD27EA
:10386000D8A0AE2738D0AE5307E1AD5305E1AC5335
:1038700003E1AB51140810E2AE530EE1AD530CE17D
:10388000AC530AE1AB51640807E3020EAB5F000ED4
:10389000AC5BAD5BAE5B1FD0AE5307E1AD5305E152
:1038A000AC5303E1AB51640810E2AE530EE1AD53EB
:1038B0000CE1AC530AE1AB51C80807E30A0EAB5F59
:1038C000000EAC5BAD5BAE5B06D0320EAB5F000EA4
:1038D000AC5BAD5BAE5B0AD00001FF0E0101AB2714
:1038E000D8A0AC27D8A0AD27D8A0AE273DD00101E5
:1038F000AE5310E1AD530EE1AC530CE1AB512808CF
:1039000009E3FF0EAB27D8A0AC27D8A0AD27D8A0DD
:10391000AE2721D0AE5307E1AD5305E1AC5303E12F
:10392000AB51280812E2AE5310E1AD530EE1AC5199
:1039300001080BE303E1AB51900807E3280EAB5FEE
:10394000000EAC5BAD5BAE5B06D0C80EAB5F000E8D
:10395000AC5BAD5BAE5B08D0FF0EAB27D8A0AC274D
:10396000D8A0AD27D8A0AE277DD00101A751006E09
:10397000A851036E035005E1020E005C000109E04E
:103980000101035005E1050E005C000135E0010175
:1039900056D00101AE5310E1AD530EE1AC530CE132
:1039A000AB51140809E3FF0EAB27D8A0AC27D8A071
:1039B000AD27D8A0AE271FD0AE5307E1AD5305E128
:1039C000AC5303E1AB51140810E2AE530EE1AD531A
:1039D0000CE1AC530AE1AB51640807E3050EAB5FA1
:1039E000000EAC5BAD5BAE5B06D00A0EAB5F000EAB
:1039F000AC5BAD5BAE5B2BD00101AE530AE1AD53C6
:103A000008E1AC51020814E2FF0A03E1AB51E808F7
:103A10000FE2320EAB5F000EAC5BAD5BAE5BABC1D9
:103A200000F0ACC101F0ADC102F0AEC103F006D0B0
:103A30000A0EAB5F000EAC5BAD5BAE5B08D0FF0E59
:103A4000AB27D8A0AC27D8A0AD27D8A0AE270AD0E6
:103A50000001FF0E0101AB27D8A0AC27D8A0AD27ED
:103A6000D8A0AE27CEEFA2F00001010E0101A727DA
:103A7000D8B0A82BD8B4A92BD8B4AA2B00016B536B
:103A80001EE10101AA5307E1A95305E1A85303E18F
:103A9000A751020806E2AA6BA96BA86B050EA76FD7
:103AA0000DD0A75306E1A85304E1A95302E1AA539C
:103AB00005E0AA6BA96BA86B020EA76F00016B5102
:103AC0000A0A0EE01E0A4CE00A0AD8B481D1360A6E
:103AD000D8B421D2780AD8B4C8EFA2F0CFEFA2F0C0
:103AE0000101A751006EA851036E035004E100527A
:103AF000000117E00101035005E1010E005C000127
:103B000017E00101035005E1020E005C000117E01F
:103B10000101035005E1030E005C000118E0010102
:103B20001CD00101AE6BAD6BAC6B7BC0ABF115D0A3
:103B30000101AE6BAD6BAC6B7CC0ABF10ED0010183
:103B4000AE6BAD6B0AC1ACF109C1ABF106D001019E
:103B5000AE6BAD6BAC6B8BC0ABF10001CFEFA2F0E5
:103B6000CC5338E1000E4FB8010E006ED8900036ED
:103B70000050036A130FE96E010E0320EA6EECCFCA
:103B8000CFF8ED52EFCFCEF80801CE5312E1CF536C
:103B900010E10101A75104080BE1A85309E1A95361
:103BA00007E1AA5305E1AA6BA96BA86B050EA76FE5
:103BB00008010101A75105080BE1A85309E1A95328
:103BC00007E1AA5305E1AA6BA96BA86B0A0EA76FC0
:103BD0001FD00001CC2D1DD00101A72D0BD0A85363
:103BE00009E1A95307E1AA5305E1AA6BA96BA86BE8
:103BF000030EA76FA75104080BE1A85309E1A953CD
:103C000007E1AA5305E1AA6BA96BA86B050EA76F84
:103C100000010101A751006EA851036E035004E199
:103C20000052000147E00101035005E1010E005C74
:103C3000000147E00101035005E1020E005C0001B4
:103C400056E00101035005E1030E005C000165E050
:103C50000101035006E1040E005C0001D8B46DD0F0
:103C60000101035006E1050E005C0001D8B475D0D7
:103C70000101035006E1060E005C0001D8B475D0C6
:103C80000101035006E1070E005C0001D8B475D0B5
:103C90000101035006E1080E005C0001D8B477D0A2
:103CA0000101035006E1090E005C0001D8B482D086
:103CB00001018BD00101AE6BAD6BAC6BCCC0ABF135
:103CC00084D0000E4FB8010E006ED8900036005020
:103CD000036A0F0FE96E010E0320EA6E0101AE6B5D
:103CE000AD6BECCFACF1ED52EFCFABF16ED0000E7F
:103CF0004FB8010E006ED89000360050036A130FC3
:103D0000E96E010E0320EA6E0101AE6BAD6BECCFE4
:103D1000ACF1ED52EFCFABF158D0000E4FB8010E21
:103D2000036A740FE96E000E0320EA6E0101AE6BA8
:103D3000AD6BAC6BEFCFABF148D0000E57BA010EB4
:103D4000016A026A036A03C0AEF102C0ADF101C0AC
:103D5000ACF1E8CFABF1010138D00101AE6BAD6B36
:103D60000CC1ACF10BC1ABF130D00101AE6BAD6B4E
:103D70000EC1ACF10DC1ABF128D0D890633507016D
:103D800020110101AB6FAC6BAD6BAE6B1ED034C1BB
:103D900011F933C110F90901136B190E126F0001EB
:103DA00089EC17F00101AE6BAD6B02C0ACF101C044
:103DB000ABF10BD00101AE6BAD6B36C1ACF135C1CF
:103DC000ABF136C1BFF835C1BEF80001CFEFA2F0AC
:103DD00001017F5310E180530EE1A75102080BE16E
:103DE000A85309E1A95307E1AA5305E1AA6BA96BFE
:103DF000A86B030EA76FA751006EA851036E035066
:103E000005E1010E005C000125E00101035005E120
:103E1000020E005C000126E00101035005E1030EE3
:103E2000005C00012FE00101035005E1040E005C7D
:103E300000013BE00101035005E1050E005C0001BB
:103E40003CE00101035005E1060E005C00013CE08E
:103E500001015ED00101AE6BAD6B7EC1ACF17DC1E5
:103E6000ABF156D0000E57BC010E016A026A036A1C
:103E700003C0AEF102C0ADF101C0ACF1E8CFABF1CF
:103E8000010146D080C111F97FC110F90901136BFE
:103E9000050E126F000189EC17F00101AE6BAD6BDE
:103EA00002C0ACF101C0ABF133D00101AE6BAD6B20
:103EB000C1C0ACF1C0C0ABF12BD00101AE6BAD6B9A
:103EC000AC6BC2C0ABF124D0C6C026F9C5C025F981
:103ED000C4C024F9C3C023F909012A6B296B286BDC
:103EE0007E0E276F000172EC0AF003C010F902C0C9
:103EF0000FF901C00EF900C00DF9ACEC17F003C0CA
:103F0000AEF102C0ADF101C0ACF100C0ABF10101F6
:103F10000001CFEFA2F0822D01D010D00101A751F6
:103F200002080BE1A85309E1A95307E1AA5305E1EF
:103F3000AA6BA96BA86B030EA76F0001CD5310E10C
:103F40000101A75105080BE1A85309E1A95307E1B5
:103F5000AA5305E1AA6BA96BA86B060EA76F000117
:103F6000D8908235036AFF0FE96E000E0320EA6ED7
:103F7000ECCFCFF8ED52EFCFCEF80801CE5312E1DF
:103F8000CF5310E10101A75106080BE1A85309E145
:103F9000A95307E1AA5305E1AA6BA96BA86B070E09
:103FA000A76F08010001CD51030816E0CD510408A8
:103FB00013E0CD51020810E00101A75108080BE100
:103FC000A85309E1A95307E1AA5305E1AA6BA96B1C
:103FD000A86B090EA76F0001036A82515D0FE96E9D
:103FE000000E0320EA6EEF5210E10101A7510A080A
:103FF0000BE1A85309E1A95307E1AA5305E1AA6B14
:10400000A96BA86B0B0EA76F0001CD5310E0010147
:10401000A7510A080BE1A85309E1A95307E1AA53E4
:1040200005E1AA6BA96BA86B0B0EA76F0001CD2D44
:1040300001D019D0CD51040816E0CD51060813E087
:10404000CD51020810E00101A7510C080BE1A85363
:1040500009E1A95307E1AA5305E1AA6BA96BA86B73
:104060000D0EA76F0001CD5106083EE0CD510508A9
:104070003BE0036A82515D0FE96E000E0320EA6E99
:10408000EF5210E10101A7510E080BE1A85309E11D
:10409000A95307E1AA5305E1AA6BA96BA86B0F0E00
:1040A000A76F0001036A82515D0FE96E000E0320C5
:1040B000EA6EEF5219E0036A8251590FE96E000E61
:1040C0000320EA6EEF5210E00101A7510E080BE148
:1040D000A85309E1A95307E1AA5305E1AA6BA96B0B
:1040E000A86B0F0EA76F00018251030849E101017F
:1040F000AA5307E1A95305E1A85303E1A751010819
:104100000FE2AA530DE1A9530BE1A85309E1A7510E
:104110000A0806E3AA6BA96BA86B0B0EA76F2FD03A
:10412000AA5307E1A95305E1A85303E1A7510B08DE
:104130000FE2AA530DE1A9530BE1A85309E1A751DE
:104140000C0806E3AA6BA96BA86B0D0EA76F17D01E
:10415000AA5307E1A95305E1A85303E1A7510D08AC
:104160000EE2AA530CE1A9530AE1A85308E1A751B2
:104170000E0805E3AA6BA96BA86B0F0EA76F0001D1
:104180000101A751006EA851036E035006E1010E14
:10419000005C0001D8B46AD00101035006E1020EB0
:1041A000005C0001D8B469D00101035006E1030EA0
:1041B000005C0001D8B468D00101035006E1040E90
:1041C000005C0001D8B471D00101035006E1050E76
:1041D000005C0001D8B47AD00101035006E1060E5C
:1041E000005C0001D8B479D00101035006E1070E4C
:1041F000005C0001D8B47FD00101035006E1080E35
:10420000005C0001D8B488D00101035006E1090E1A
:10421000005C0001D8B487D00101035006E10A0E0A
:10422000005C0001D8B48DD00101035006E10B0EF3
:10423000005C0001D8B493D00101035006E10C0EDC
:10424000005C0001D8B4CAD00101035006E10D0E94
:10425000005C0001D8B401D10101035006E10E0E4B
:10426000005C0001D8B446D1010190D10101AE6BD0
:10427000AD6BAC6B82C0ABF189D10101AE6BAD6BA4
:10428000AC6BCDC0ABF182D1D8908235036AF70F09
:10429000E96E000E0320EA6E0101AE6BAD6BECCF50
:1042A000ACF1ED52EFCFABF171D1D8908235036A0A
:1042B000FF0FE96E000E0320EA6E0101AE6BAD6BDD
:1042C000ECCFACF1ED52EFCFABF160D10101AE6BB1
:1042D000AD6BAC6B64C2ABF159D1036A8251650F0F
:1042E000E96E000E0320EA6E0101AE6BAD6BAC6BA4
:1042F000EFCFABF14BD1D8908235036A390FE96E1D
:10430000010E0320EA6E0101AE6BAD6BECCFACF198
:10431000ED52EFCFABF13AD10101AE6BAD6BAC6BAF
:104320005BC2ABF133D1036A82515D0FE96E000EBF
:104330000320EA6E0101AE6BAD6BAC6BEFCFABF15E
:1043400025D1036A8251590FE96E000E0320EA6EEF
:104350000101AE6BAD6BAC6BEFCFABF117D1CD2DD7
:1043600001D009D0CD51040806E0CD51060803E084
:10437000CD51020809E10101AE6BAD6B58C2ACF141
:1043800057C2ABF12AD00001D8908235036ACF0F13
:10439000E96E000E0320EA6EECCF11F9ED52EFCF7B
:1043A00010F932C113F931C112F989EC17F001018A
:1043B000AE6BAD6B02C0ACF101C0ABF1D8900001A7
:1043C0008235036ACF0FE96E000E0320EA6EECCF50
:1043D000BFF8ED52EFCFBEF80101D8D0CD2D01D0FE
:1043E00009D0CD51040806E0CD51060803E0CD51B7
:1043F000020809E10101AE6BAD6B5AC2ACF159C2C2
:10440000ABF12AD00001D8908235036ACF0FE96E54
:10441000000E0320EA6EECCF11F9ED52EFCF10F948
:1044200032C113F931C112F989EC17F00101AE6BF9
:10443000AD6B02C0ACF101C0ABF1D8900001823588
:10444000036ACF0FE96E000E0320EA6EECCFBFF8CF
:10445000ED52EFCFBEF8010199D08251040DF35017
:10446000036AD70FE96E000E0320EA6EEFCF10F952
:10447000ECCF11F9ECCF12F9ECCF13F9EACFD3F866
:10448000E9CFD2F8D8920901176B166B156B190E8C
:10449000146F0001DEEC09F0D3C8EAFFD2C8E9FFCF
:1044A00003C0AEF102C0ADF101C0ACF100C0ABF190
:1044B000CD51050803E0CD5106081AE1D89263C238
:1044C00013F962C212F961C211F960C210F909014F
:1044D000176B166B156B190E146F0001DEEC09F0EB
:1044E00003C0AEF102C0ADF101C0ACF100C0ABF150
:1044F00001014CD08251040DF350036AE70FE96EBD
:10450000000E0320EA6EEFCF10F9ECCF11F9ECCFDB
:1045100012F9ECCF13F9EACFD3F8E9CFD2F8D89259
:104520000901176B166B156B190E146F0001DEEC89
:1045300009F0D3C8EAFFD2C8E9FF03C0AEF102C058
:10454000ADF101C0ACF100C0ABF1CD51050803E005
:10455000CD5106081AE1D8925FC213F95EC212F972
:104560005DC211F95CC210F90901176B166B156B6E
:10457000190E146F0001DEEC09F003C0AEF102C0A9
:10458000ADF101C0ACF100C0ABF10101000107D0F9
:104590000101AA6BA96BA86B0A0EA76F000127D0B7
:1045A0006B515B0803E06B515C080BE1010E0101EC
:1045B000A727D8B0A82BD8B4A92BD8B4AA2B16D02B
:1045C0000001FF0E0101A727D8A0A827D8A0A9277E
:1045D000D8A0AA27A7530AE1A85308E1A95306E1E6
:1045E000AA5304E1AA6BA96BA86BA76B0001080191
:1045F000000182C0E9FF070EEA6EEF5207E16B513E
:104600008C0803E06B518D0801E14F926A6B4E9468
:104610004E984E961B6AF2BE1B8EF29E09016F6B7E
:10462000000156EC03F01BBEF28E5190A8C17AF146
:10463000A7C179F156EFEBF00801E36BE2C8E4F8AB
:10464000F250006EF29EDEC863FFDDC862FFE4C870
:1046500061FF7F9C7F9E7F840F01550E7E6EAA0EA8
:104660007E6E7F820050F2127FB2FED77F941B6A6B
:10467000F2BE1B8EF29E050E0901796F000144EC1B
:1046800006F01BBEF28E010E0801DD25E46F000E60
:10469000DE21E56FE1C8E6F8F250006EF29EE5C853
:1046A00063FFE4C862FFE6C861FF7F9C7F9E7F8452
:1046B0000F01550E7E6EAA0E7E6E7F820050F212A2
:1046C0007FB2FED77F941B6AF2BE1B8EF29E050E50
:1046D0000901796F000144EC06F01BBEF28E020E58
:1046E0000801DD25E46F000EDE21E56FE0C8E6F885
:1046F000F250006EF29EE5C863FFE4C862FFE6C8B0
:1047000061FF7F9C7F9E7F840F01550E7E6EAA0EF7
:104710007E6E7F820050F2127FB2FED77F941B6ABA
:10472000F2BE1B8EF29E050E0901796F000144EC6A
:1047300006F01BBEF28E030E0801DD25E46F000EAD
:10474000DE21E56FDFC8E6F8F250006EF29EE5C8A4
:1047500063FFE4C862FFE6C861FF7F9C7F9E7F84A1
:104760000F01550E7E6EAA0E7E6E7F820050F212F1
:104770007FB2FED77F941B6AF2BE1B8EF29E050E9F
:104780000901796F000144EC06F01BBEF28E0801AE
:10479000E3C801F0000112000801D36BD56BD46BA4
:1047A000D66B0001CE5103083FE0010E0801D25D37
:1047B000FB0F38E2050F00018EEFAAF0CE2D06D0D8
:1047C000010E0801D56F0D0ED46F000108012AD02B
:1047D000CE51780DF350A90F0801D46FD56BD8B026
:1047E000D42B20D0CE51780DF350BD0F0801D46FDB
:1047F000D56BD8B0D42B16D015D0CE51780DF35040
:10480000D10F0801D46FD56BD8B0D42B0BD0CE51BB
:10481000780DF350E50F0801D46FD56BD8B0D42BC9
:1048200001D0080120D000010801D251030A000183
:1048300005E0070A0AE0010A0FE014D0020E0801A1
:10484000D56F610ED46F00010DD0020E0801D56F37
:10485000890ED46F000106D0020E0801D56FB10E8B
:10486000D46F00010801010E0001BF5DF80FD8B040
:1048700069EFAAF0080FA3EFAAF0D8908235036A77
:10488000F70FE96E000E0320EA6EECCFDEF8ED5272
:10489000EFCFDDF8D5C8DCF8D4C8DBF8E0EC08F0E1
:1048A000020E0801D425D76F000ED521D86FD890FD
:1048B00000018235036AFF0FE96E000E0320EA6EE5
:1048C000ECCFDEF8ED52EFCFDDF8D8C8DCF8D7C872
:1048D000DBF8E0EC08F0020E0801D425D76F000EDB
:1048E000D521D86F020ED727000ED823036A000106
:1048F0008251650FE96E000E0320EA6EEFCFDCF8FF
:10490000D8C8DBF8D7C8DAF8B7EC08F0020E08010F
:10491000D425D76F000ED521D86F020ED727000EF1
:10492000D823010ED727000ED823D8900001823556
:10493000036A390FE96E010E0320EA6EECCFDEF850
:10494000ED52EFCFDDF8D8C8DCF8D7C8DBF8E0ECE3
:1049500008F0020E0801D425D76F000ED521D86FBC
:10496000020ED727000ED823010ED727000ED8231A
:10497000020ED727000ED823D89000018235036A93
:10498000CF0FE96E000E0320EA6EECCFDEF8ED5299
:10499000EFCFDDF8D8C8DCF8D7C8DBF8E0EC08F0DA
:1049A000020E0801D425D76F000ED521D86F020E54
:1049B000D727000ED823010ED727000ED823020ECA
:1049C000D727000ED823020ED727000ED823036A5C
:1049D000000182515D0FE96E000E0320EA6EEFCFF9
:1049E000DCF8D8C8DBF8D7C8DAF8B7EC08F0020E64
:1049F0000801D425D76F000ED521D86F020ED72716
:104A0000000ED823010ED727000ED823020ED72779
:104A1000000ED823020ED727000ED823010ED72769
:104A2000000ED823036A00018251590FE96E000E6F
:104A30000320EA6EEFCFDCF8D8C8DBF8D7C8DAF885
:104A4000B7EC08F0020E0801D425D76F000ED5216F
:104A5000D86F020ED727000ED823010ED727000EDD
:104A6000D823020ED727000ED823020ED727000E18
:104A7000D823010ED727000ED823010ED727000E0A
:104A8000D82300018251040DF350036AD70FE96E59
:104A9000000E0320EA6EEFCFDFF8ECCFE0F8ECCFAA
:104AA000E1F8ECCFE2F8D8C8DEF8D7C8DDF8C4DD0D
:104AB000020E0801D425D76F000ED521D86F020E43
:104AC000D727000ED823010ED727000ED823020EB9
:104AD000D727000ED823020ED727000ED823010EA9
:104AE000D727000ED823010ED727000ED823040E97
:104AF000D727000ED82300018251040DF350036A1A
:104B0000E70FE96E000E0320EA6EEFCFDFF8ECCF7F
:104B1000E0F8ECCFE1F8ECCFE2F8D8C8DEF8D7C87F
:104B2000DDF88ADD020E0801D425D76F000ED521ED
:104B3000D86F020ED727000ED823010ED727000EFC
:104B4000D823020ED727000ED823020ED727000E37
:104B5000D823010ED727000ED823010ED727000E29
:104B6000D823040ED727000ED823040ED727000E13
:104B7000D823D8C8DBF8D7C8DAF8CDC0DCF80001F4
:104B8000B7EC08F0020E0801D425D76F000ED5212E
:104B9000D86F020ED727000ED823010ED727000E9C
:104BA000D823020ED727000ED823020ED727000ED7
:104BB000D823010ED727000ED823010ED727000EC9
:104BC000D823040ED727000ED823040ED727000EB3
:104BD000D823010ED727000ED823D8C8DCF8D7C8B1
:104BE000DBF858C2DEF857C2DDF80001E0EC08F04F
:104BF000020E0801D425D76F000ED521D86F020E02
:104C0000D727000ED823010ED727000ED823020E77
:104C1000D727000ED823020ED727000ED823010E67
:104C2000D727000ED823010ED727000ED823040E55
:104C3000D727000ED823040ED727000ED823010E45
:104C4000D727000ED823020ED727000ED823D8C8A6
:104C5000DCF8D7C8DBF85AC2DEF859C2DDF800012B
:104C6000E0EC08F0020E0801D425D76F000ED52124
:104C7000D86F020ED727000ED823010ED727000EBB
:104C8000D823020ED727000ED823020ED727000EF6
:104C9000D823010ED727000ED823010ED727000EE8
:104CA000D823040ED727000ED823040ED727000ED2
:104CB000D823010ED727000ED823020ED727000EC7
:104CC000D823020ED727000ED823D8C8DBF8D7C8C0
:104CD000DAF85BC2DCF80001B7EC08F0020E08015C
:104CE000D425D76F000ED521D86F020ED727000E1E
:104CF000D823010ED727000ED823020ED727000E87
:104D0000D823020ED727000ED823010ED727000E76
:104D1000D823010ED727000ED823040ED727000E64
:104D2000D823040ED727000ED823010ED727000E54
:104D3000D823020ED727000ED823020ED727000E45
:104D4000D823010ED727000ED823D8C8DEF8D7C83D
:104D5000DDF85FC2E2F85EC2E1F85DC2E0F85CC275
:104D6000DFF8000169DC020E0801D425D76F000EC0
:104D7000D521D86F020ED727000ED823010ED727D2
:104D8000000ED823020ED727000ED823020ED727F5
:104D9000000ED823010ED727000ED823010ED727E7
:104DA000000ED823040ED727000ED823040ED727D1
:104DB000000ED823010ED727000ED823020ED727C6
:104DC000000ED823020ED727000ED823010ED727B6
:104DD000000ED823040ED727000ED823D8C8DEF83B
:104DE000D7C8DDF863C2E2F862C2E1F861C2E0F858
:104DF00060C2DFF8000120DC020E0801D425D76F65
:104E0000000ED521D86F020ED727000ED823010E31
:104E1000D727000ED823020ED727000ED823020E64
:104E2000D727000ED823010ED727000ED823010E56
:104E3000D727000ED823040ED727000ED823040E40
:104E4000D727000ED823010ED727000ED823020E35
:104E5000D727000ED823020ED727000ED823010E25
:104E6000D727000ED823040ED727000ED823040E10
:104E7000D727000ED823D8C8DBF8D7C8DAF864C221
:104E8000DCF80001B7EC08F024D3D5C8DCF8D4C8AE
:104E9000DBF810C1DEF80FC1DDF8E0EC08F0020E1F
:104EA0000801D425D76F000ED521D86F000E4FB85A
:104EB000010E006ED89000360050036A130FE96EA1
:104EC000010E0320EA6EECCFDEF8ED52EFCFDDF8F5
:104ED000D8C8DCF8D7C8DBF80001E0EC08F0020E17
:104EE0000801D425D76F000ED521D86F020ED72721
:104EF000000ED823D8C8DBF8D7C8DAF874C0DCF8BD
:104F00000001B7EC08F0020E0801D425D76F000E9F
:104F1000D521D86F020ED727000ED823010ED72730
:104F2000000ED82357BA010ED96FD8C8DBF8D7C8FE
:104F3000DAF8DC6F0001B7EC08F0CBD2D5C8DCF8AA
:104F4000D4C8DBF812C1DEF811C1DDF8E0EC08F0DE
:104F5000020E0801D425D76F000ED521D86F000EA0
:104F60004FB8010E006ED89000360050036A130F40
:104F7000E96E010E0320EA6EECCFDEF8ED52EFCFC2
:104F8000DDF8D8C8DCF8D7C8DBF80001E0EC08F0A1
:104F9000020E0801D425D76F000ED521D86F020E5E
:104FA000D727000ED823D8C8DBF8D7C8DAF875C0E1
:104FB000DCF80001B7EC08F0020E0801D425D76F29
:104FC000000ED521D86F020ED727000ED823010E70
:104FD000D727000ED82357BA010ED96FD8C8DBF8EF
:104FE000D7C8DAF8DC6F0001B7EC08F0020E080150
:104FF000D425D76F000ED521D86F020ED727000E0B
:10500000D823010ED727000ED823010ED727000E74
:10501000D823D8C8DCF8D7C8DBF80CC1DEF80BC140
:10502000DDF80001E0EC08F0020E0801D425D76F8E
:10503000000ED521D86F020ED727000ED823010EFF
:10504000D727000ED823010ED727000ED823020E33
:10505000D727000ED823D8C8DCF8D7C8DBF80EC194
:10506000DEF80DC1DDF80001E0EC08F0020E0801E9
:10507000D425D76F000ED521D86F020ED727000E8A
:10508000D823010ED727000ED823010ED727000EF4
:10509000D823020ED727000ED823020ED727000EE2
:1050A000D823D8C8DBF8D7C8DAF863C0DCF8000129
:1050B000B7EC08F0020E0801D425D76F000ED521F9
:1050C000D86F020ED727000ED823010ED727000E67
:1050D000D823010ED727000ED823020ED727000EA3
:1050E000D823020ED727000ED823010ED727000E93
:1050F000D823D8C8DCF8D7C8DBF834C1DEF833C110
:10510000DDF80001E0EC08F0020E0801D425D76FAD
:10511000000ED521D86F020ED727000ED823010E1E
:10512000D727000ED823010ED727000ED823020E52
:10513000D727000ED823020ED727000ED823010E42
:10514000D727000ED823020ED727000ED823D8C8A1
:10515000DCF8D7C8DBF836C1DEF835C1DDF8000170
:10516000E0EC08F0B6D1D5C8DCF8D4C8DBF87EC1D5
:10517000DEF87DC1DDF8E0EC08F0020E0801D42570
:10518000D76F000ED521D86FDC6FD7C8DBF880C190
:10519000DEF87FC1DDF80001E0EC08F0020E080146
:1051A000D425D76F000ED521D86F020ED727000E59
:1051B000D823D8C8DCF8D7C8DBF8C1C0DEF8C0C037
:1051C000DDF80001E0EC08F0020E0801D425D76FED
:1051D000000ED521D86F020ED727000ED823020E5D
:1051E000D727000ED8231B6AF2BE1B8EF29EC6C0C4
:1051F0007BF9C5C07AF9C4C079F9C3C078F909014F
:105200007F6B7E6B200E7D6F820E7C6F000163ECE6
:1052100005F01BBEF28E03C010F902C00FF901C0E9
:105220000EF900C00DF9ACEC17F003C0DCF802C0B9
:10523000DBF801C0DAF800C0D9F8D8C8DEF8D7C862
:10524000DDF803C0E2F802C0E1F801C0E0F800C0F8
:10525000DFF81CECA3F0020E0801D425D76F000E76
:10526000D521D86F020ED727000ED823020ED727DC
:10527000000ED823040ED727000ED82357BC010EEA
:10528000D96FD8C8DBF8D7C8DAF8DC6F0001B7EC03
:1052900008F0020E0801D425D76F000ED521D86F73
:1052A000020ED727000ED823020ED727000ED823D0
:1052B000040ED727000ED823010ED727000ED823BF
:1052C000D8C8DBF8D7C8DAF8C2C0DCF80001B7EC00
:1052D00008F0FFD0D5C8DBF8D4C8DAF843C2DCF850
:1052E000B7EC08F0010E0801D425D76F000ED521C8
:1052F000D86FDC6FD7C8DBF845C2DEF844C2DDF8F2
:105300000001E0EC08F0010E0801D425D76F000E73
:10531000D521D86F020ED727000ED823D8C8DCF8C5
:10532000D7C8DBF847C2DEF846C2DDF80001E0EC82
:1053300008F0010E0801D425D76F000ED521D86FD3
:10534000020ED727000ED823020ED727000ED8232F
:10535000D8C8DBF8D7C8DAF848C2DCF80001B7ECE7
:1053600008F0010E0801D425D76F000ED521D86FA3
:10537000020ED727000ED823020ED727000ED823FF
:10538000010ED727000ED823D8C8DBF8D7C8DAF823
:1053900049C2DCF80001B7EC08F0010E0801D42581
:1053A000D76F000ED521D86F020ED727000ED82355
:1053B000020ED727000ED823010ED727000ED823C0
:1053C000010ED727000ED823D8C8DCF8D7C8DBF8E1
:1053D0004BC2DEF84AC2DDF80001E0EC08F0010E35
:1053E0000801D425D76F000ED521D86F020ED7271C
:1053F000000ED823020ED727000ED823010ED72780
:10540000000ED823010ED727000ED823020ED7276F
:10541000000ED823D8C8DBF8D7C8DAF84CC2DCF8BD
:105420000001B7EC08F0010E0801D425D76F000E7B
:10543000D521D86F020ED727000ED823020ED7270A
:10544000000ED823010ED727000ED823010ED72730
:10545000000ED823020ED727000ED823010ED7271F
:10546000000ED823D8C8DBF8D7C8DAF84DC2DCF86C
:105470000001B7EC08F0010E0801D425D76F000E2B
:10548000D521D86F020ED727000ED823020ED727BA
:10549000000ED823010ED727000ED823010ED727E0
:1054A000000ED823020ED727000ED823010ED727CF
:1054B000000ED823010ED727000ED823D8C8DCF859
:1054C000D7C8DBF84FC2DEF84EC2DDF80001E0ECD1
:1054D00008F0CE51060DF3500801D225D66F036AAD
:1054E000D651A70FE96E000E0320EA6EBFC0EFFF92
:1054F000B60ED625D76F030ED86FD8B0D82BD8C824
:10550000DBF8D7C8DAF8BFC0DCF80001B7EC08F068
:105510000801D3C801F00001D4EFB4F0E824F76A21
:10552000F7363D0FF66E550EF722010EF86EFB6E44
:105530000A00F550FA6E0800F550F96EBC47D047E6
:10554000E447FA470E48E824F76AF736670FF66E25
:10555000550EF722010EF86EFB6E0A00F550FA6E3A
:105560000800F550F96E7A488A4E3C4F6651D45285
:10557000D2547A483C4F010E0101A75D0801CE6F5D
:10558000000E0101A8590801CF6F000E0101A959B1
:105590000801D06F000E0101AA590801D16F000166
:1055A000CE51060DF3500801CE27000ECF23D02395
:1055B000D123A70ECE25E96E000ECF21EA6EEF5063
:1055C000010829E0010E0101A75D0801D26F000E5C
:1055D0000101A8590801D36F000E0101A959080162
:1055E000D46F000E0101AA590801D56F0001CE51F8
:1055F000060DF3500801D227000ED323D423D52360
:10560000A70ED225E96E000ED321EA6EEF500708EF
:1056100002E0000E01D0010E016E0001DBEFB4F0DC
:10562000F2CFDEF8F29EDDC863FFDCC862FF7F9C2C
:105630007F9E7F8061500801DEBFF28EDF6F010E1A
:10564000DC25E06F000EDD21E16FF2CFE2F8F29E83
:10565000E1C863FFE0C862FF7F9C7F9E7F8061504E
:10566000E2BFF28EE06F020EDC25E36F000EDD215B
:10567000E46FF2CFE1F8F29EE4C863FFE3C862FF93
:105680007F9C7F9E7F806150E1BFF28EE36F030EAF
:10569000DC25E46F000EDD21E56FF2CFE6F8F29E27
:1056A000E5C863FFE4C862FF7F9C7F9E7F806150F6
:1056B000E6BFF28EE46FDFC803F0E0C802F0E3C893
:1056C00001F0E4C800F0000112000801D36BD56BB3
:1056D000D46BD66B0001CE510308D8B46BD008014F
:1056E000D251FA0FD8B064D0060F000150EFB3F0DA
:1056F000CE5105E0010A09E0030A0DE012D00801CD
:10570000D56B810ED46F00010CD00801D56BF90E5A
:10571000D46F000106D0010E0801D56F710ED46F51
:105720000001080145D0CE5105E0010A09E0030A55
:105730000EE013D00801D56B950ED46F00010DD08B
:10574000010E0801D56F0D0ED46F000106D0010EB9
:105750000801D56F850ED46F0001080129D0CE5104
:10576000780DF350A90F0801D46FD56BD8B0D42BA6
:105770001FD0CE51780DF350BD0F0801D46FD56BFB
:10578000D8B0D42B15D0CE51780DF350D10F0801DD
:10579000D46FD56BD8B0D42B0BD0CE51780DF3503D
:1057A000E50F0801D46FD56BD8B0D42B01D0080118
:1057B0002ED000010801D251FA0F29E2060F000194
:1057C00066EFB3F0010E0801D56FE90ED46F1FD05C
:1057D000020E0801D56F110ED46F19D0020E080108
:1057E000D56F390ED46F13D0020E0801D56F610E3C
:1057F000D46F0DD0020E0801D56F890ED46F07D07B
:10580000020E0801D56FB10ED46F01D0080100015E
:10581000CE51060DF3500801D225D66F036AD6513A
:10582000A70FE96E000E0320EA6EEFCFBFF0010E66
:105830000001BF5DF80FD8B04BEFB3F0080F7CEF5D
:10584000B3F0BF5107082EE0C85102080CE3010E67
:10585000C96FC851016E04E0D890C937012EFCD73A
:10586000C8C082F01ED0C851050815E3C851030A0C
:1058700005E0070A07E0010A0AE00CD0030EC96F31
:10588000826B08D0060EC96F010E826F03D0050E21
:10589000C96F826B06D0C851060803E1070EC96FB5
:1058A000826B0BD0010EC96FC851016E04E0D89015
:1058B000C937012EFCD7010E826F0801D76BD75173
:1058C0000208D8A05AD3010E006ED751016E04E031
:1058D000D8900036012EFCD700500001C915D8B46D
:1058E00049D3D8900801D735036AF70F016E000E2F
:1058F000032201C0D8F803C0D9F8D5C8DDF8D4C850
:10590000DCF800018CEC08F0D9C8EAFFD8C8E9FF40
:1059100002C0ECFFED5201C0EFFFD8900801D7356F
:10592000036AFF0F016E000E032201C0D8F803C006
:10593000D9F8020ED425DA6F000ED521DB6FDD6FAA
:10594000DAC8DCF800018CEC08F0D9C8EAFFD8C846
:10595000E9FF02C0ECFFED5201C0EFFF036A08014E
:10596000D751650F016E000E032201C0D8F803C0A5
:10597000D9F8020ED425DA6F000ED521DB6F020EA6
:10598000DA27000EDB23DBC8DDF8DAC8DCF800011B
:105990007BEC08F0D9C8EAFFD8C8E9FF01C0EFFFE7
:1059A000D8900801D735036A390F016E010E032222
:1059B00001C0D8F803C0D9F8020ED425DA6F000E62
:1059C000D521DB6F020EDA27000EDB23010EDA276A
:1059D000000EDB23DBC8DDF8DAC8DCF800018CEC54
:1059E00008F0D9C8EAFFD8C8E9FF02C0ECFFED52C1
:1059F00001C0EFFFD8900801D735036ACF0F016EC1
:105A0000000E032201C0D8F803C0D9F8020ED42535
:105A1000DA6F000ED521DB6F020EDA27000EDB23D2
:105A2000010EDA27000EDB23020EDA27000EDB233D
:105A3000DBC8DDF8DAC8DCF800018CEC08F0D9C866
:105A4000EAFFD8C8E9FF02C0ECFFED5201C0EFFF4A
:105A5000036A0801D7515D0F016E000E032201C0D9
:105A6000D8F803C0D9F8020ED425DA6F000ED5217C
:105A7000DB6F020EDA27000EDB23010EDA27000EA1
:105A8000DB23020EDA27000EDB23020EDA27000EDC
:105A9000DB23DBC8DDF8DAC8DCF800017BEC08F0BA
:105AA000D9C8EAFFD8C8E9FF01C0EFFF036A0801BF
:105AB000D751590F016E000E032201C0D8F803C060
:105AC000D9F8020ED425DA6F000ED521DB6F020E55
:105AD000DA27000EDB23010EDA27000EDB23020E8D
:105AE000DA27000EDB23020EDA27000EDB23010E7D
:105AF000DA27000EDB23DBC8DDF8DAC8DCF80001AA
:105B00007BEC08F0D9C8EAFFD8C8E9FF01C0EFFF75
:105B10000801D751040DF350036AD70F016E000E30
:105B2000032201C0D8F803C0D9F8020ED425DA6FD9
:105B3000000ED521DB6F020EDA27000EDB23010EEB
:105B4000DA27000EDB23020EDA27000EDB23020E1B
:105B5000DA27000EDB23010EDA27000EDB23010E0D
:105B6000DA27000EDB23DBC8DDF8DAC8DCF8000139
:105B700057DDD9C8EAFFD8C8E9FF00C0EFFF01C070
:105B8000ECFF02C0ECFF03C0ECFF0801D751040D8D
:105B9000F350036AE70F016E000E032201C0D8F82C
:105BA00003C0D9F8020ED425DA6F000ED521DB6FC1
:105BB000020EDA27000EDB23010EDA27000EDB23AC
:105BC000020EDA27000EDB23020EDA27000EDB239B
:105BD000010EDA27000EDB23010EDA27000EDB238D
:105BE000040EDA27000EDB23DBC8DDF8DAC8DCF8A8
:105BF000000116DDD9C8EAFFD8C8E9FF00C0EFFFF1
:105C000001C0ECFF02C0ECFF03C0ECFF020E080174
:105C1000D425D86F000ED521D96F020ED827000EDB
:105C2000D923010ED827000ED923020ED827000E43
:105C3000D923020ED827000ED923010ED827000E33
:105C4000D923010ED827000ED923040ED827000E21
:105C5000D923040ED827000ED923D9C8DDF8D8C817
:105C6000DCF800017BEC08F001C0CDF0020E080169
:105C7000D425D86F000ED521D96F020ED827000E7B
:105C8000D923010ED827000ED923020ED827000EE3
:105C9000D923020ED827000ED923010ED827000ED3
:105CA000D923010ED827000ED923040ED827000EC1
:105CB000D923040ED827000ED923010ED827000EB1
:105CC000D923D9C8DDF8D8C8DCF800018CEC08F07D
:105CD00002C058F201C057F2020E0801D425D86F55
:105CE000000ED521D96F020ED827000ED923010E40
:105CF000D827000ED923020ED827000ED923020E72
:105D0000D827000ED923010ED827000ED923010E63
:105D1000D827000ED923040ED827000ED923040E4D
:105D2000D827000ED923010ED827000ED923020E42
:105D3000D827000ED923D9C8DDF8D8C8DCF800016F
:105D40008CEC08F002C05AF201C059F2020E0801B0
:105D5000D425D86F000ED521D96F020ED827000E9A
:105D6000D923010ED827000ED923020ED827000E02
:105D7000D923020ED827000ED923010ED827000EF2
:105D8000D923010ED827000ED923040ED827000EE0
:105D9000D923040ED827000ED923010ED827000ED0
:105DA000D923020ED827000ED923020ED827000EC1
:105DB000D923D9C8DDF8D8C8DCF800017BEC08F09D
:105DC00001C05BF2020E0801D425D86F000ED52168
:105DD000D96F020ED827000ED923010ED827000E46
:105DE000D923020ED827000ED923020ED827000E81
:105DF000D923010ED827000ED923010ED827000E73
:105E0000D923040ED827000ED923040ED827000E5C
:105E1000D923010ED827000ED923020ED827000E51
:105E2000D923020ED827000ED923010ED827000E41
:105E3000D923D9C8DDF8D8C8DCF8000110ECABF0E4
:105E400003C05FF202C05EF201C05DF200C05CF20E
:105E5000020E0801D425D86F000ED521D96F020E8D
:105E6000D827000ED923010ED827000ED923020E01
:105E7000D827000ED923020ED827000ED923010EF1
:105E8000D827000ED923010ED827000ED923040EDF
:105E9000D827000ED923040ED827000ED923010ECF
:105EA000D827000ED923020ED827000ED923020EC0
:105EB000D827000ED923010ED827000ED923040EAF
:105EC000D827000ED923D9C8DDF8D8C8DCF80001DE
:105ED00010ECABF003C063F202C062F201C061F2E9
:105EE00000C060F2020E0801D425D86F000ED52143
:105EF000D96F020ED827000ED923010ED827000E25
:105F0000D923020ED827000ED923020ED827000E5F
:105F1000D923010ED827000ED923010ED827000E51
:105F2000D923040ED827000ED923040ED827000E3B
:105F3000D923010ED827000ED923020ED827000E30
:105F4000D923020ED827000ED923010ED827000E20
:105F5000D923040ED827000ED923040ED827000E0B
:105F6000D923D9C8DDF8D8C8DCF800017BEC08F0EB
:105F700001C064F20801D72BA2D4280E00016B6F78
:105F80000101746B030E736F766B756BAA6BA96B53
:105F9000A86BA76B00017FD3D5C8DDF8D4C8DCF8A7
:105FA0008CEC08F002C010F101C00FF1000E4FB8E8
:105FB000010E006ED89000360050036A130F016E78
:105FC000010E032201C0D8F8080103C0D9F8020E5F
:105FD000D425DA6F000ED521DB6FDD6FDAC8DCF86F
:105FE00000018CEC08F0D9C8EAFFD8C8E9FF02C06C
:105FF000ECFFED5201C0EFFF020E0801D425D86F6F
:10600000000ED521D96F020ED827000ED923D9C88A
:10601000DDF8D8C8DCF800017BEC08F001C074F0B2
:10602000020E0801D425D86F000ED521D96F020EBB
:10603000D827000ED923010ED827000ED923D9C89E
:10604000DDF8D8C8DCF800017BEC08F0579A01B005
:10605000578A140E6B6F4F98CC6B0101746B010E55
:10606000736F766B756BAA6BA96BA86BA76BAE6B26
:10607000AD6B10C1ACF10FC1ABF100010CD3D5C8B1
:10608000DDF8D4C8DCF88CEC08F002C012F101C0D5
:1060900011F1000E4FB8010E006ED890003600507E
:1060A000036A130F016E010E032201C0D8F8080124
:1060B00003C0D9F8020ED425DA6F000ED521DB6FAC
:1060C000DD6FDAC8DCF800018CEC08F0D9C8EAFF13
:1060D000D8C8E9FF02C0ECFFED5201C0EFFF020E8D
:1060E0000801D425D86F000ED521D96F020ED8270C
:1060F000000ED923D9C8DDF8D8C8DCF800017BEC44
:1061000008F001C075F0020E0801D425D86F000E0A
:10611000D521D96F020ED827000ED923010ED8271A
:10612000000ED923D9C8DDF8D8C8DCF800017BEC13
:1061300008F0579A01B0578A020E0801D425D86F8B
:10614000000ED521D96F020ED827000ED923010EDB
:10615000D827000ED923010ED827000ED923D9C87D
:10616000DDF8D8C8DCF800018CEC08F002C00CF1B6
:1061700001C00BF1020E0801D425D86F000ED52105
:10618000D96F020ED827000ED923010ED827000E92
:10619000D923010ED827000ED923020ED827000ECE
:1061A000D923D9C8DDF8D8C8DCF800018CEC08F098
:1061B00002C00EF101C00DF1020E0801D425D86F06
:1061C000000ED521D96F020ED827000ED923010E5B
:1061D000D827000ED923010ED827000ED923020E8E
:1061E000D827000ED923020ED827000ED923D9C8EC
:1061F000DDF8D8C8DCF800017BEC08F001C063F0E2
:10620000020E0801D425D86F000ED521D96F020ED9
:10621000D827000ED923010ED827000ED923010E4E
:10622000D827000ED923020ED827000ED923020E3C
:10623000D827000ED923010ED827000ED923D9C89C
:10624000DDF8D8C8DCF800018CEC08F002C034F1AD
:1062500001C033F1020E0801D425D86F000ED521FC
:10626000D96F020ED827000ED923010ED827000EB1
:10627000D923010ED827000ED923020ED827000EED
:10628000D923020ED827000ED923010ED827000EDD
:10629000D923020ED827000ED923D9C8DDF8D8C8D3
:1062A000DCF800018CEC08F002C036F101C035F1D9
:1062B000140E6B6F4F88020ECC6FBF51080802E1BD
:1062C000010ECC6F0101746B010E736F766B756BF1
:1062D000AA6BA96BA86BA76BAE6BAD6B12C1ACF1CF
:1062E00011C1ABF10001D7D1D5C8DDF8D4C8DCF8B5
:1062F0008CEC08F002C07EF101C07DF1020E0801B5
:10630000D425D86F000ED521D96FDD6FD8C8DCF841
:1063100000018CEC08F002C080F101C07FF1020E98
:106320000801D425D86F000ED521D96F020ED827C9
:10633000000ED923D9C8DDF8D8C8DCF800018CECF0
:1063400008F002C0C1F001C0C0F0020E0801D4255F
:10635000D86F000ED521D96F020ED827000ED92391
:10636000020ED827000ED923D9C8DDF8D8C8DCF82A
:10637000000110ECABF003C0DBF802C0DAF801C09A
:10638000D9F800C0D8F803C0FBF802C0FAF801C081
:10639000F9F800C0F8F856EC0AF003C026F902C07C
:1063A00025F901C024F900C023F909012A6B296BE2
:1063B000200E286F820E276F000172EC0AF003C0D6
:1063C000C6F002C0C5F001C0C4F000C0C3F0020EA8
:1063D0000801D425D86F000ED521D96F020ED82719
:1063E000000ED923020ED827000ED923040ED82779
:1063F000000ED923D9C8DDF8D8C8DCF800017BEC41
:1064000008F0579C01B0578C020E0801D425D86FB4
:10641000000ED521D96F020ED827000ED923020E07
:10642000D827000ED923040ED827000ED923010E39
:10643000D827000ED923D9C8DDF8D8C8DCF8000168
:106440007BEC08F001C0C2F01E0E6B6F0101746B93
:10645000020E736F766B756BAA6BA96BA86BA76B3B
:10646000AE6BAD6B7EC1ACF17DC1ABF1000113D160
:10647000D5C8DDF8D4C8DCF87BEC08F001C043F2E5
:10648000010E0801D425D86F000ED521D96FDD6F1C
:10649000D8C8DCF800018CEC08F002C045F201C05D
:1064A00044F2010E0801D425D86F000ED521D96F12
:1064B000020ED827000ED923D9C8DDF8D8C8DCF8D9
:1064C00000018CEC08F002C047F201C046F2010E58
:1064D0000801D425D86F000ED521D96F020ED82718
:1064E000000ED923020ED827000ED923D9C8DDF813
:1064F000D8C8DCF800017BEC08F001C048F2010EBE
:106500000801D425D86F000ED521D96F020ED827E7
:10651000000ED923020ED827000ED923010ED8274A
:10652000000ED923D9C8DDF8D8C8DCF800017BEC0F
:1065300008F001C049F2010E0801D425D86F000E01
:10654000D521D96F020ED827000ED923020ED827E5
:10655000000ED923010ED827000ED923010ED8270B
:10656000000ED923D9C8DDF8D8C8DCF800018CECBE
:1065700008F002C04BF201C04AF2010E0801D42516
:10658000D86F000ED521D96F020ED827000ED9235F
:10659000020ED827000ED923010ED827000ED923CA
:1065A000010ED827000ED923020ED827000ED923BA
:1065B000D9C8DDF8D8C8DCF800017BEC08F001C0D0
:1065C0004CF2010E0801D425D86F000ED521D96FE9
:1065D000020ED827000ED923020ED827000ED92389
:1065E000010ED827000ED923010ED827000ED9237B
:1065F000020ED827000ED923010ED827000ED9236A
:10660000D9C8DDF8D8C8DCF800017BEC08F001C07F
:106610004DF2010E0801D425D86F000ED521D96F97
:10662000020ED827000ED923020ED827000ED92338
:10663000010ED827000ED923010ED827000ED9232A
:10664000020ED827000ED923010ED827000ED92319
:10665000010ED827000ED923D9C8DDF8D8C8DCF838
:1066600000018CEC08F002C04FF201C04EF2500E57
:106670006B6F0101746B040E736F766B756BAA6B95
:10668000A96BA86B080EA76FAE6BAD6B4FC2ACF1D8
:106690004EC2ABF100010801D3C801F000011200A5
:1066A000E824F76AF736C10FF66E660EF722010E80
:1066B000F86EFB6E0A00F550FA6E0800F550F96EA0
:1066C000F05626575E57725786579A57E824F76A4E
:1066D000F736ED0FF66E660EF722010EF86EFB6EC2
:1066E0000A00F550FA6E0800F550F96EC457D057FD
:1066F000DC57E857F4570058E824F76AF736190FC3
:10670000F66E670EF722010EF86EFB6E0A00F5506A
:10671000FA6E0800F550F96E4258985F7E60E862A4
:106720007064966642587E606A510308D8A4CCD142
:10673000518C030E7D6F6BC06CF0ABEC07F06B51AE
:106740008C0806E06B518D0803E06B518E081BE14D
:10675000CD5318E1822B8251030805E2826B4FAEC4
:1067600002D0010E826F4FAE05D0825303E1030EBB
:10677000826F06D04FBE04D08251030801E1826BC4
:1067800003EC00F087D16B53D8A480D00101A7534C
:106790000BE1A85309E1A95307E1AA5305E15A0EF9
:1067A00000016B6F5ED00101A751020811E1A853EF
:1067B0000FE1A9530DE1AA530BE11E0E00016B6F0F
:1067C0000101AE6BAD6B7EC1ACF17DC1ABF148D0C8
:1067D000A75103080BE1A85309E1A95307E1AA5304
:1067E00005E1280E00016B6F3CD00101A7510408A0
:1067F00011E1A8530FE1A9530DE1AA530BE1500E8B
:1068000000016B6F0101AE6BAD6B4FC2ACF14EC2BC
:10681000ABF126D0A75105080BE1A85309E1A95314
:1068200007E1AA5305E10A0E00016B6F1AD00101BE
:10683000140E00016B6F000E4FB8010E006ED89061
:1068400000360050036A0F0FE96E010E0320EA6E56
:106850000101AE6BAD6BECCFACF1ED52EFCFABF114
:106860000001A8C174F1A7C173F10101AA6BA96B62
:10687000A86BA76B00016B51500807E10101AA6BDF
:10688000A96BA86B080EA76F000104D16BC009F9B2
:106890000A0E09010A6F000169EC0FF00052D8A43A
:1068A00067D06B515908D8A063D06B513208D8B467
:1068B0005FD00101A7510A080BE1A85309E1A953D0
:1068C00007E1AA5305E100016B5114082DE0010115
:1068D000A75107080BE1A85309E1A95307E1AA53FF
:1068E00005E100016B511E081FE00101A7510F08CF
:1068F0000BE1A85309E1A95307E1AA5305E10001FF
:106900006B51280811E00101A7510A0826E1A8539C
:1069100024E1A95322E1AA5320E100016B51500860
:10692000D8B402D0010119D05C0E6B6F6B518C088A
:1069300013E18251FC0F10E2040F66EFB5F088A757
:1069400001D08897888108D0888306D0888504D0B4
:1069500088A101D08891888706D000016B510A0870
:1069600002E0640E6B27A8C176F1A7C175F192D041
:106970006B515C081BE1010E0101A75D0801CE6FA0
:10698000000E0101A8590801CF6F000E0101A9599D
:106990000801D06F000E0101AA590801D16FCEC8BD
:1069A000D2F80001CCEFA3F0518C74D06B515A088F
:1069B00068E1BBEFAAF0015242E0010E0101A75DC0
:1069C0000001C76FCE51060DF350C725036AA70F0C
:1069D000E96E000E0320EA6EEF50070805E1C7C01C
:1069E000D2F865ECABF028D00101A751030821E1F2
:1069F000A8531FE1A9531DE1AA531BE14F8E030EBB
:106A00000001826FC86F4F8ED66B080ED56FE66B94
:106A1000E56BE46BFA0EE36FF66BF56BF46BF36FFB
:106A2000280E6B6F0101AA6BA96BA86B010EA76FF3
:106A300004D05B0E00016B6F01011DD00001010E3F
:106A40000101A75D0801CE6F000E0101A8590801E0
:106A5000CF6F000E0101A9590801D06F000E01018E
:106A6000AA590801D16FCEC8D2F8000165ECABF08D
:106A7000518C54880101A8C176F1A7C175F10BD0E2
:106A800000016B515B0806E1A7C1C8F0C7C0D2F88E
:106A900065ECABF0010100016B51B50809E14F74E1
:106AA0000101AA6BA96B4FC2A8F14EC2A7F1000168
:106AB0006A6B1B6AF2BE1B8EF29E09016F6B0001AE
:106AC00056EC03F01BBEF28E5CEFEBF0E824F76AA5
:106AD000F736ED0FF66E6A0EF722010EF86EFB6EBA
:106AE0000A00F550FA6E0800F550F96E3E694869E3
:106AF0004C6950696A510408D8A43DD1518C040EE8
:106B00007D6F6BC06CF0ABEC07F06B515F08D8A0E9
:106B1000D8D06BC009F90A0E09010A6F000169ECAF
:106B20000FF0005230E16B5145082DE36B513208F4
:106B30002AE06B51280819E1875317E0825310E0CF
:106B400082074FAE05D0825303E1030E826F07D058
:106B50004FBE05D08251030802E1020E826F02D0BF
:106B6000020E826F03EC00F00DD06B6B0101AA6B7B
:106B7000A96B74C1A8F173C1A7F1746B736B766BC9
:106B8000756B00019DD06B5150080EE16B6B0101DC
:106B9000AA6BA96B74C1A8F173C1A7F1746B736B75
:106BA000766B756B8CD000016B515A080EE16B6BE4
:106BB0000101AA6BA96B74C1A8F173C1A7F1746B31
:106BC000736B766B756B7BD000016B515A0843E297
:106BD0006B515E0840E36B515C0820E1010EBF5D24
:106BE000F80F11E2080FBDEFB6F0280E6B6F0BD057
:106BF000280E6B6F08D0140E6B6F05D0500E6B6FA4
:106C000002D01E0E6B6F0101AA6BA96B76C1A8F1B1
:106C100075C1A7F1766B756B1CD000016B515B08D9
:106C20000DE15A0E6B6F0101AA6BA96B78C1A8F137
:106C300077C1A7F1786B776B0CD000015A0E6B6FA0
:106C40000101AA6BA96B76C1A8F175C1A7F1766B9A
:106C5000756B35D000016B5128081CE187531AE091
:106C6000825305E1030E826F036A825102D0825182
:106C700082074FAE05D0825303E1030E826F07D027
:106C80004FBE05D08251030802E1020E826F03EC71
:106C900000F016D06BC009F90A0E09010A6F000155
:106CA00069EC0FF001C086F086510A0DF3CF6BF04E
:106CB0000101AA6BA96B76C1A8F175C1A7F100010A
:106CC0004CD06B51640823E26BC009F90A0E09012C
:106CD0000A6F000169EC0FF0005219E16B518C084A
:106CE0000DE18251FC0F0AE2040FD5EFB6F0889156
:106CF00005D0889303D0889501D08897640E6B5F88
:106D00000101AA6BA96BA86BA76B28D000016B517E
:106D10008D0803E06B518E0820E187531EE0CD53B0
:106D20001CE1825308E1030E826F82C000F0016A09
:106D3000026A036A02D0825182074FAE05D08253A5
:106D400003E1030E826F07D04FBE05D082510308C6
:106D500002E1020E826F03EC00F0010100016A6B98
:106D60001B6AF2BE1B8EF29E09016F6B000156EC8E
:106D700003F01BBEF28E62EFEBF0E824F76AF73601
:106D80009B0FF66E6D0EF722010EF86EFB6E0A0079
:106D9000F550FA6E0800F550F96EEA6BF66BF66B7B
:106DA000026CFC6B066CF06BF66BE824F76AF73646
:106DB000CB0FF66E6D0EF722010EF86EFB6E0A0019
:106DC000F550FA6E0800F550F96EEE6CF26CF66C48
:106DD000FA6C87A109D087910801E76BE86B020E76
:106DE000E96F0001A4EC36F087A309D0879308016E
:106DF000E76BE86B010EE96F0001A4EC36F087A5A4
:106E000008D087950801E76BE86BE96B0001A4ECFB
:106E100036F087A709D087970801E76BE86B020E69
:106E2000E96F0001A4EC36F012006A510508D8A4FD
:106E30007CEFBDF0518CABEC07F06B51C8080BE157
:106E40006DC06BF00101926B916B906B8F6B0001C9
:106E50006A6B71EFBDF001019A6B996B986B976B40
:106E6000519200016B51780A56E0010AD8B4FDD066
:106E7000020AD8B4A8D1F90AD8B4B1D1010AD8B459
:106E80000CD2060AD8B44DD2AD0AD8B456D2010AF3
:106E9000D8B453D2030AD8B450D2010AD8B44DD2D0
:106EA000070AD8B44AD2010AD8B447D2030AD8B4E0
:106EB00044D2010AD8B441D21F0AD8B43ED2010A42
:106EC000D8B43BD2030AD8B438D2010AD8B435D2E8
:106ED000070AD8B432D2B80AD8B448D2010AD8B412
:106EE000D7D2030AD8B4DCEFBBF0010AD8B474EFF0
:106EF000BCF03B0AD8B40EEFBDF0010AD8B42FEFB6
:106F0000BDF0020AD8B449EFBDF07F0AD8B454EFFF
:106F1000BDF05CEFBDF05682790E6B6F0601F7BBDA
:106F20005ED00001616BCC2D02D0010E616F000EAE
:106F30004FB8010E006ED89000360050036A130F50
:106F4000E96E010E0320EA6EECCFCFF8ED52EFCFE1
:106F5000CEF80801CE5302E1CF5332E0000E4FB815
:106F6000010E006ED89000360050036A130FE96ED0
:106F7000010E0320EA6EECCFCFF8ED52EFCFCEF842
:106F8000000E4FB8010E036A740FE96E000E032065
:106F9000EA6EEF50CE250101476F000E0801CF21A8
:106FA0000101486F5951A3259B6F5A51A4219C6F31
:106FB000000EA5219D6F000EA6219E6F04D0080132
:106FC0000101486B476B0001CC2D08D076510101BF
:106FD0000D25476F000E0E21486F00010601F7BB1B
:106FE00029D0040E0801CE6FAA0ECF6F000117EC56
:106FF00087F0CC5306E1370E0801CE6F000157EC45
:107000007BF0CC2D06D0390E0801CE6F000157EC75
:107010007BF0CC5102080CE1370E0801CE6F000165
:1070200057EC7BF0390E0801CE6F000157EC7BF076
:107030000AD00601F79B040E0801CE6FBE0ECF6F7B
:10704000000117EC87F0010E0801E76FE86B030EF3
:10705000E96F0001A4EC36F0615302E1588E01D0D3
:107060004F8A5DEC34F05CEFBDF00601F7BB9FD0BA
:10707000000E4FB8010E006ED89000360050036A23
:10708000130F0801CE6F010E0320CF6F000E4FB813
:10709000010E006ED89000360050036A0F0FE96EA3
:1070A000010E0320EA6EECCFD1F8ED52EFCFD0F80D
:1070B000A6C1F1F8A5C1F0F8A4C1EFF8A3C1EEF89C
:1070C000D1C8F3F8D0C8F2F800015BEC19F0CFC8D2
:1070D000EAFFCEC8E9FF02C0ECFFED5201C0EFFFAE
:1070E000000E4FB8010E006ED89000360050036AB3
:1070F000130FE96E010E0320EA6EECCFCFF8ED52CC
:10710000EFCFCEF80801CE5307E1CF5305E10101DF
:10711000486B476B25D00801000E4FB8010E006E7A
:10712000D89000360050036A130FE96E010E032059
:10713000EA6EECCFCFF8ED52EFCFCEF8000E4FB89D
:10714000010E036A740FE96E000E0320EA6EEF5021
:10715000CE250101476F000E0801CF210101486FC4
:107160000001CC2D08D0765101010D25476F000E8E
:107170000E21486F000101015951A3259B6F5A51FF
:10718000A4219C6F000EA5219D6F000EA6219E6F6D
:10719000040E0801CE6FBB0ECF6F000117EC87F015
:1071A000616BCC2D02D0010E616F09D00601040E77
:1071B0000801CE6FAF0ECF6F000117EC87F05DECCA
:1071C00034F05CEFBDF0040E0801CE6FBB0ECF6F44
:1071D000000117EC87F05DEC34F05CEFBDF05682F7
:1071E000830E6B6F0601F7AB02D0F79B2CD0010129
:1071F0007F5302E1805324E00001C05101017F254B
:107200000801CE6F0001C151010180210801CF6F3B
:107210000001C2510801CE250101476F000E08018F
:10722000CF210101486F8151B7259F6F8251B8214D
:10723000A06F8351B921A16F8451BA21A26F02D0EE
:10724000486B476B0601F7BB10D0040E0801CE6FE8
:10725000AA0ECF6F000117EC87F03B0E0801CE6F2E
:10726000000157EC7BF009D00601040E0801CE6F37
:10727000BE0ECF6F000117EC87F0010E0801E76F1B
:10728000E86B030EE96F0001A4EC36F00601F7810C
:10729000000108EC3FF05CEFBDF00601F7BB35D014
:1072A00001017F5305E1805303E1486B476B17D021
:1072B0000001C05101017F250801CE6F0001C151BD
:1072C000010180210801CF6F0001C2510801CE25C4
:1072D0000101476F000E0801CF210101486F815164
:1072E000B7259F6F8251B821A06F8351B921A16F3B
:1072F0008451BA21A26F040E0801CE6FBB0ECF6F6E
:10730000000117EC87F009D00601040E0801CE6FCA
:10731000AF0ECF6F000117EC87F008EC3FF05CEF89
:10732000BDF0040E0801CE6FBB0ECF6F000117EC4D
:1073300087F008EC3FF05CEFBDF00601F7AB0BD037
:10734000000147DD040E0801CE6FAF0ECF6F0001C4
:1073500017EC87F00601000142EC44F06EEC44F0BB
:107360009AEC44F0C6EC44F05CEFBDF056825192CA
:107370000601F7AB11D000018753D8A402D0060153
:107380000BD027DD040E0801CE6FAF0ECF6F0001CA
:1073900017EC87F03ED006018D0E00016B6F0601E1
:1073A000F79B82C0CEF80001F5EF7FF0D8908235D0
:1073B0000801CF6BCE6F900ECE25E96E000ECF2167
:1073C000EA6EEF6AD890000182350801CF6BCE6F6C
:1073D000010ECE25016E000ECF21036E0150900FDD
:1073E000E96E000E0320EA6EEF6A036A0001825123
:1073F000980FE96E000E0320EA6EEF6A040E080192
:10740000CE6FAA0ECF6F000117EC87F00601F79739
:1074100000018251FC0F0EE2040F7EEFBDF042EC42
:1074200044F008D06EEC44F005D09AEC44F002D061
:10743000C6EC44F0D8908235036A390FE96E010E2C
:107440000320EA6EECCFCFF8ED52EFCFCEF8080173
:10745000CF5100081BE2FF0A03E1CE51210816E2DA
:10746000D89000018235036A390FE96E010E0320BE
:10747000EA6E010EEC6EED52220EEF6E0101AA6B68
:10748000A96B010EA86F220EA76F0801000114D38B
:107490000601F7BBAED0D89000018235036A4F0FCA
:1074A0000801CE6F010E0320CF6FD8900001823506
:1074B000036AFF0FE96E000E0320EA6EECCFD1F8ED
:1074C000ED52EFCFD0F80801CFC8EAFFCEC8E9FFF0
:1074D000D1C8ECFFED52D0C8EFFFD8900001823543
:1074E000036A470F0801CE6F010E0320CF6FD890BB
:1074F00000018235036AF70FE96E000E0320EA6E81
:10750000ECCFD1F8ED52EFCFD0F8020E0801D02722
:10751000000ED123CFC8EAFFCEC8E9FFD1C8ECFFE7
:10752000ED52D0C8EFFF0001825103080DE1D89061
:107530008235036A470FE96E010E0320EA6E0E0ED4
:10754000EC6EED52100EEF6E036A82517F0F080150
:10755000CE6F000E0320CF6F036A00018251650FCA
:10756000E96E000E0320EA6EEFCFD0F80801CFC815
:10757000EAFFCEC8E9FFD0C8EFFF82C0CEF8000115
:107580002FEC89F0D8908235036A390FE96E010E2D
:107590000320EA6EECCFCFF8ED52EFCFCEF8080122
:1075A000CF5100081BE2FF0A03E1CE51210816E289
:1075B000D89000018235036A390FE96E010E03206D
:1075C000EA6E010EEC6EED52220EEF6E0101AA6B17
:1075D000A96B010EA86F220EA76F0801000182514E
:1075E000030805E10101406B040E3F6F00017DD0EF
:1075F0000601000187A11DD087910801E76BE86BA8
:10760000020EE96F0001A4EC36F001013A510008C6
:107610000FE2FF0A03E1395121080AE2010E3A6F35
:10762000220E396FAA6BA96B010EA86F220EA76FED
:10763000000187A31DD087930801E76BE86B010E5B
:10764000E96F0001A4EC36F001013C5100080FE2A3
:10765000FF0A03E13B5121080AE2010E3C6F220EB2
:107660003B6FAA6BA96B010EA86F220EA76F0001DA
:1076700087A51CD087950801E76BE86BE96B0001D3
:10768000A4EC36F001013E5100080FE2FF0A03E1CD
:107690003D5121080AE2010E3E6F220E3D6FAA6B9A
:1076A000A96B010EA86F220EA76F000187A71DD03E
:1076B00087970801E76BE86B020EE96F0001A4EC05
:1076C00036F001013A5100080FE2FF0A03E1395197
:1076D00021080AE2010E3A6F220E396FAA6BA96BDC
:1076E000010EA86F220EA76F00018251040DF35006
:1076F0000801CF6BCE6FA60ECE25D06F070ECF211F
:10770000D16FD36BD26BD1C8EAFFD0C8E9FFD2C822
:10771000EEFF080EEA6ED10EE96EEF6A00018251AB
:10772000040DF3500801CF6BCE6F020ECE25016E13
:10773000000ECF21036E0150CE6F03C0CFF8A60E0E
:10774000CE25D06F070ECF21D16FD36BD26BD1C8AE
:10775000EAFFD0C8E9FFD2C8EEFF080EEA6ED10EEC
:10776000E96EEF6A0601F7BB0AD0040E0801CE6F7E
:10777000BB0ECF6F000117EC87F009D00601040E95
:107780000801CE6FAF0ECF6F000117EC87F0060136
:10779000F79700018251FC0F0EE2040F92EFBDF04B
:1077A00042EC44F008D06EEC44F005D09AEC44F082
:1077B00002D0C6EC44F080D1D8908235036A4F0FD6
:1077C0000801CE6F010E0320CF6FD89000018235E3
:1077D000036AFF0FE96E000E0320EA6EECCFD1F8CA
:1077E000ED52EFCFD0F80801CFC8EAFFCEC8E9FFCD
:1077F000D1C8ECFFED52D0C8EFFFD8900001823520
:10780000036A470F0801CE6F010E0320CF6FD89097
:1078100000018235036AF70FE96E000E0320EA6E5D
:10782000ECCFD1F8ED52EFCFD0F8020E0801D027FF
:10783000000ED123CFC8EAFFCEC8E9FFD1C8ECFFC4
:10784000ED52D0C8EFFF036A000182517F0F08019B
:10785000CE6F000E0320CF6F036A00018251650FC7
:10786000E96E000E0320EA6EEFCFD0F80801CFC812
:10787000EAFFCEC8E9FFD0C8EFFF0601F7BB07D08B
:1078800082C0CEF800012FEC89F004D0060100017F
:10789000E9ECB6F00601F7BB0AD0040E0801CE6F82
:1078A000BB0ECF6F000117EC87F009D00601040E64
:1078B0000801CE6FAF0ECF6F000117EC87F0060105
:1078C000F79700018251FC0F0EE2040FA6EFBDF006
:1078D00042EC44F008D06EEC44F005D09AEC44F051
:1078E00002D0C6EC44F0E8D0D8908235036A4F0F3E
:1078F0000801CE6F010E0320CF6FD89000018235B2
:10790000036AFF0FE96E000E0320EA6EECCFD1F898
:10791000ED52EFCFD0F80801CFC8EAFFCEC8E9FF9B
:10792000D1C8ECFFED52D0C8EFFFD89000018235EE
:10793000036A470F0801CE6F010E0320CF6FD89066
:1079400000018235036AF70FE96E000E0320EA6E2C
:10795000ECCFD1F8ED52EFCFD0F8020E0801D027CE
:10796000000ED123CFC8EAFFCEC8E9FFD1C8ECFF93
:10797000ED52D0C8EFFF036A000182517F0F08016A
:10798000CE6F000E0320CF6F036A00018251650F96
:10799000E96E000E0320EA6EEFCFD0F80801CFC8E1
:1079A000EAFFCEC8E9FFD0C8EFFF0601F7BB07D05A
:1079B00082C0CEF800012FEC89F004D0060100014E
:1079C000E9ECB6F00601F7BB0AD0040E0801CE6F51
:1079D000BB0ECF6F000117EC87F009D00601040E33
:1079E0000801CE6FAF0ECF6F000117EC87F00601D4
:1079F000F797FA6BF96B00018251FC0F0EE2040F4E
:107A0000BAEFBDF042EC44F008D06EEC44F005D083
:107A10009AEC44F002D0C6EC44F04ED056820601F7
:107A2000F7AB01D008D0000122EC52F051C248F16E
:107A300050C247F10601040E0801CE6FAA0ECF6FA7
:107A4000000117EC87F0010E0801E76FE86BE96BA6
:107A50000001A4EC36F0588CB50E6B6F2DD00601EA
:107A6000F7BB0ED051C248F150C247F1040E0801D5
:107A7000CE6FBB0ECF6F000117EC87F009D0060167
:107A8000040E0801CE6FAF0ECF6F000117EC87F028
:107A900013D0040E0801CE6FBB0ECF6F000117ECA0
:107AA00087F022EC52F008D06DC06BF00101926BB0
:107AB000916B906B8F6B00016A6B86A607D00101FA
:107AC000B66BB56BB46BB36B0BD0000181BC09D046
:107AD0000101B66BB56BB46BB36BF40E986E8F7619
:107AE00000011B6AF2BE1B8EF29E09016F6B000142
:107AF00056EC03F01BBEF28E69EFEBF0E824F76A58
:107B0000F7361D0FF66E7B0EF722010EF86EFB6E38
:107B10000A00F550FA6E0800F550F96E1E742474D0
:107B20002A743074E824F76AF736450FF66E7B0E38
:107B3000F722010EF86EFB6E0A00F550FA6E08008F
:107B4000F550F96EA077A677AC77B277E824F76A9C
:107B5000F7366D0FF66E7B0EF722010EF86EFB6E98
:107B60000A00F550FA6E0800F550F96ED078D67814
:107B7000DC78E278E824F76AF736950FF66E7B0E2C
:107B8000F722010EF86EFB6E0A00F550FA6E08003F
:107B9000F550F96E047A0A7A107A167A6C510A084E
:107BA00007E00101AE6BAD6BAC6B7BC0ABF10001CC
:107BB0000101AE5307E1AD5305E1AC5303E1AB5115
:107BC000640805E2AE6BAD6BAC6B640EAB6FAE538D
:107BD0000CE1AD530AE1AC5308E1AB510A0805E3EF
:107BE000AE6BAD6BAC6B0A0EAB6FABC17BF008013B
:107BF000CF6B7BC0CEF8CFC80BF97BC00AF9090167
:107C00000D6B0A0E0C6F000166EC0BF002C0CFF892
:107C100001C0CEF80801CF33CE33CF33CE33CF33CC
:107C2000CEC847FFCF33CF31300B006E0F01465126
:107C3000CF0B0010466F030E0801DB6FED0EDA6FFD
:107C40007BC0DCF80001B7EC08F042EFD1F0010195
:107C5000AE5307E1AD5305E1AC5303E1AB5150081E
:107C600005E2AE6BAD6BAC6B500EAB6FAE530CE17F
:107C7000AD530AE1AC5308E1AB510A0805E3AE6B22
:107C8000AD6BAC6B0A0EAB6FABC17CF00901596BED
:107C9000810E5A6F000177EC0BF01B6AF2BE1B8E4F
:107CA000F29E0901796B7CC078F9000148EC05F07F
:107CB0001BBEF28E1B6AF2BE1B8EF29E03C07BF9C6
:107CC00002C07AF901C079F900C078F9AE0E090155
:107CD0007F6F470E7E6F210E7D6F7E0E7C6F0001E1
:107CE00063EC05F01BBEF28E1B6AF2BE1B8EF29E89
:107CF00003C07BF902C07AF901C079F900C078F9B4
:107D0000DEEC05F01BBEF28E01C0CEF8010E0901BB
:107D1000596F01C05AF9000177EC0BF0010E09010F
:107D2000596F040E5A6F000177EC0BF0030E080137
:107D3000DB6FEE0EDA6F7CC0DCF80001B7EC08F008
:107D400046EFD1F00101AE5307E1AD5305E1AC536D
:107D500003E1AB51640805E2AE6BAD6BAC6B640E36
:107D6000AB6FAB530AE1AC5308E1AD5306E1AE5340
:107D700004E1AE6BAD6BAC6BAB6BACC10AF1ABC1EC
:107D800009F1AB530CE1AC530AE1AD5308E1AE533A
:107D900006E1F00E6E16830E966E8D8A54D0830E19
:107DA000966E8D9A0C0E6E6E3F0E0F012C17000E04
:107DB0002C131B6AF2BE1B8EF29E0AC179F909C10F
:107DC00078F9000148EC05F01BBEF28E1B6AF2BE8A
:107DD0001B8EF29E03C07BF902C07AF901C079F9CB
:107DE00000C078F909017F6B7E6B100E7D6F810EEC
:107DF0007C6F000163EC05F01BBEF28E1B6AF2BEC5
:107E00001B8EF29E03C07BF902C07AF901C079F99A
:107E100000C078F9DEEC05F01BBEF28E02C0CFF890
:107E200001C0CEF80801CF33CE33CF33CE33CF33BA
:107E3000CEC86FFFCF33CF31300B006E6E50CF0BFB
:107E400000106E6E0101030E0801DC6FEF0EDB6F98
:107E50000AC1DEF809C1DDF80001E0EC08F04AEFE4
:107E6000D1F0010E0101AB17AC6BAD6BAE6BAB513A
:107E7000006EAC51036E035004E10052000109E0B2
:107E80000101035005E1010E005C00010BE001015E
:107E900013D0920E8C6F0501EB6BEA6BE96BE86B0C
:107EA00001010AD0930E8C6F0501EB6BEA6B040E97
:107EB000E96F1A0EE86F0101AB5100018B5D0EE115
:107EC0000101AC53D8B402D0000108D0AD53D8B4EE
:107ED00002D0000103D0AE5304E00001ABC18BF02F
:107EE0000101030E0801DB6FF10EDA6F8BC0DCF8C5
:107EF0000001B7EC08F04EEFD1F06C51140807E028
:107F00000101AE6BAD6BAC6BCCC0ABF100010101FC
:107F1000AE5307E1AD5305E1AC5303E1AB510108AA
:107F200005E2AE6BAD6BAC6B020EAB6FAB530AE10F
:107F3000AC5308E1AD5306E1AE5304E1AE6BAD6B5B
:107F4000AC6BAB6BABC1CCF04F980001CC510208CD
:107F500001E14F889EEFD1F06B51140A09E00A0A43
:107F600033E0360AD8B4A5D0780AD8B4AFD0B9D0A7
:107F70000101A72D17D0A85315E1A95313E1AA5366
:107F800011E12C6B020E2B6F0701215306E001015A
:107F90002E6B640E2D6F05D0070101012E6BC80EEC
:107FA0002D6F10D0A75105080DE1A8530BE1A9537F
:107FB00009E1AA5307E12C6B020E2B6F010E2E6F05
:107FC000220E2D6F00018DD001012C6B020E2B6F44
:107FD0001B6AF2BE1B8EF29EC6C07BF9C5C07AF941
:107FE000C4C079F9C3C078F90001DEEC05F01BBE0E
:107FF000F28E02C0CFF801C0CEF802C00BF901C06A
:108000000AF909010D6B3A0E0C6F000166EC0BF0DA
:1080100002C02EF101C02DF101012E51020824E20F
:10802000FF0A03E12D51E7081FE22EC111F92DC10E
:1080300010F90901136B640E126F000189EC17F03F
:1080400002C02EF101C02DF12EC10BF92DC10AF98C
:1080500009010D6B640E0C6F000166EC0BF002C0A1
:108060002EF101C02DF101012EC111F92DC110F920
:108070000901136B320E126F000189EC17F002C078
:108080002EF101C02DF101012E5303E12D516308A2
:1080900003E22E6B640E2D6F2E517E5D08E303E12B
:1080A0002D517D5D04E32EC17EF12DC17DF10001D6
:1080B00018D0010E01012E6F220E2D6F2C6B020EB7
:1080C0002B6F306B320E2F6F00010BD001012E6B26
:1080D000910E2D6F2C6B020E2B6F306B640E2F6F79
:1080E00000010101AE5309E1AD5307E12E51AC5D32
:1080F0000AE303E1AB512D5D06E2AE6BAD6B2EC121
:10810000ACF12DC1ABF1AE530FE1AD530DE1AC516C
:108110002C5D0AE303E1AB512B5D06E3AE6BAD6B67
:108120002CC1ACF12BC1ABF100016B51140A07E07B
:108130000A0A4DE0360A5EE0780A69E06CD0010177
:10814000A72D36D0A85334E1A95332E1AA5330E128
:10815000000E4FB8010E006ED89000360050036A32
:108160000F0FE96E010E0320EA6EABC1EFFFACC149
:10817000ECFF000E4FB8010E006ED8900036005094
:10818000036A0F0FE96E010E0320EA6EECCFEDF8E3
:10819000ED52EFCFECF80001CDEC17F003C0A6F1E3
:1081A00002C0A5F101C0A4F100C0A3F10FD00101EC
:1081B000A75105080AE1A85308E1A95306E1AA530B
:1081C00004E1ACC10CF1ABC10BF1000124D0ACC196
:1081D0007EF1ABC17DF17EC1DBF87DC1DAF850ECF8
:1081E00022F003C0BAF102C0B9F101C0B8F100C079
:1081F000B7F111D0D8908235036A390FE96E010EBC
:108200000320EA6EABC1EFFFACC1ECFF04D0ACC100
:108210004FF2ABC14EF212006B51140A07E00A0A8A
:10822000D8B4E7D0360AD8B434D1CFD10101A751A0
:108230000208D8A4AFD0A853D8A4ACD0A953D8A4CE
:10824000A9D0AA53D8A4A6D0AE530AE1AD5308E1F1
:10825000AC510D080BE2FF0A03E1AB51100806E236
:10826000AE6BAD6B0E0EAC6F100EAB6F4FA80FD098
:10827000AE530CE1AD530AE1AC5308E1AB51010838
:1082800005E3AE6BAD6BAC6B010EAB6F0ED0AE53B6
:108290000CE1AD530AE1AC5308E1AB51010805E331
:1082A000AE6BAD6BAC6B010EAB6F000E4FB8010E39
:1082B000006ED89000360050036A130FE96E010E6D
:1082C0000320EA6EABC1EFFFACC1ECFF000E4FB86C
:1082D000010E006ED89000360050036A130FE96E4D
:1082E000010E0320EA6EECCFCFF8ED52EFCFCEF8BF
:1082F0000801CE5302E1CF5317E0000E4FB8010E34
:10830000036A740FE96E000E0320EA6EEF50010855
:108310000BE3000E4FB8010E036A740FE96E000EF6
:108320000320EA6E010EEF6E000E4FB8010E036AD5
:10833000740FE96E000E0320EA6EEF5009080BE29D
:10834000000E4FB8010E036A740FE96E000E032091
:10835000EA6E0A0EEF6E000E4FB8010E006ED89056
:1083600000360050036A0F0FE96E010E0320EA6E1B
:10837000ECCFEDF8ED52EFCFECF80001CDEC17F0BB
:1083800003C0A6F102C0A5F101C0A4F100C0A3F191
:108390002FD00101A75106082AE1A85328E1A953CB
:1083A00026E1AA5324E1AE530AE1AD5308E1AC51F2
:1083B0000D080BE2FF0A03E1AB51100806E2AE6BB9
:1083C000AD6B0E0EAC6F100EAB6FAE530CE1AD5338
:1083D0000AE1AC5308E1AB51010805E3AE6BAD6BAC
:1083E000AC6B010EAB6FACC10EF1ABC10DF1000176
:1083F000ECD00101A75103084AE1A85348E1A95371
:1084000046E1AA5344E1AE530AE1AD5308E1AC5151
:108410000D080BE2FF0A03E1AB51100806E2AE6B58
:10842000AD6B0E0EAC6F100EAB6FAE530CE1AD53D7
:108430000AE1AC5308E1AB51010805E3AE6BAD6B4B
:10844000AC6B010EAB6FAEC15BF9ADC15AF9ACC1FB
:1084500059F9ABC158F909015F6B5E6B5D6B050E95
:108460005C6F000128EC0AF001C080F100C07FF1D0
:108470007EC1DBF87DC1DAF850EC22F003C0BAF11E
:1084800002C0B9F101C0B8F100C0B7F101010001AB
:108490009CD00101A751030835E1A85333E1A9534A
:1084A00031E1AA532FE1AE530AE1AD5308E1AC51DB
:1084B0000D080BE2FF0A03E1AB510B0806E2AE6BBD
:1084C000AD6B0E0EAC6F0B0EAB6FAE530CE1AD533C
:1084D0000AE1AC5308E1AB51010805E3AE6BAD6BAB
:1084E000AC6B010EAB6FD89000018235036AF70FB9
:1084F000E96E000E0320EA6EABC1EFFFACC1ECFFEA
:1085000064D00101A751040833E1A85331E1A95314
:108510002FE1AA532DE1AE530AE1AD5308E1AC516E
:108520000D080BE2FF0A03E1AB510B0806E2AE6B4C
:10853000AD6B0E0EAC6F0B0EAB6FAB530AE1AC53D1
:1085400008E1AD5306E1AE5304E1AE6BAD6BAC6B2D
:10855000AB6BD89000018235036AFF0FE96E000E05
:108560000320EA6EABC1EFFFACC1ECFF2ED00101DE
:10857000A751050829E1A85327E1A95325E1AA53EA
:1085800023E1AE5311E1AD530FE1AC530DE1AB511B
:108590000201655DD8B002D0010106D00101AE6BC9
:1085A000AD6BAC6B65C2ABF1AE5307E1AD5305E10A
:1085B000AC5303E1AB513B0805E2AE6BAD6BAC6B6A
:1085C0003C0EAB6FABC164F2000112006B511E0890
:1085D00010E00101AE5307E1AD5305E1AC5303E1F7
:1085E000AB510A0805E2AE6BAD6BAC6B0A0EAB6F1C
:1085F00000010101AE530CE1AD530AE1AC5308E1B7
:10860000AB51010805E3AE6BAD6BAC6B010EAB6F0C
:1086100000016B51140A04E00A0AD8B468D0B0D043
:108620000101A751030861E1A8535FE1A9535DE18E
:10863000AA535BE1000E4FB8010E006ED8900036D1
:108640000050036A130FE96E010E0320EA6EECCFAF
:10865000CFF8ED52EFCFCEF80801CE5302E1CF5361
:1086600010E00101AE530CE1AD530AE1AC5308E157
:10867000AB51010805E3AE6BAD6BAC6B010EAB6F9C
:108680000801000E4FB8010E036A740FE96E000E68
:108690000320EA6EABC1EFFF000E4FB8010E036A74
:1086A000740FE96E000E0320EA6EEFCF76F0000E35
:1086B0004FB8010E006ED89000360050036A0F0FBD
:1086C000E96E010E0320EA6EECCFEDF8ED52EFCF2C
:1086D000ECF80001CDEC17F003C0A6F102C0A5F143
:1086E00001C0A4F100C0A3F10101000149D00101C2
:1086F000A75104081DE1A8531BE1A95319E1AA538E
:1087000017E1AE530AE1AD5308E1AC5100080BE2AA
:10871000FF0A03E1AB512C0806E2AE6BAD6B010E14
:10872000AC6F2C0EAB6FACC1C1F0ABC1C0F019D0B7
:10873000A751050816E1A85314E1A95312E1AA5361
:1087400010E1AE5307E1AD5305E1AC5303E1AB518A
:108750003C0805E2AE6BAD6BAC6B3C0EAB6FABC1D6
:10876000C2F07EC1DBF87DC1DAF8000150EC22F0E6
:1087700003C0BAF102C0B9F101C0B8F100C0B7F14D
:108780000101AE530CE1AD530AE1AC5308E1AB512A
:10879000010805E3AE6BAD6BAC6B010EAB6F000176
:1087A00012000101AE5307E1AD5305E1AC5303E103
:1087B000AB51010805E2AE6BAD6BAC6B010EAB6F5C
:1087C000AB530AE1AC5308E1AD5306E1AE5304E10B
:1087D000AE6BAD6BAC6BAB6B00016B51140A03E07D
:1087E0000A0A07E00BD0579A0101ABB1578A000182
:1087F00005D0579C0101ABB1578C000112001B6AD8
:10880000F2BE1B8EF29ECFC879F9CEC878F948EC3B
:1088100005F01BBEF28E0901266BBA0E256F5B0EAA
:10882000246F920E236F03C02AF902C029F901C0F8
:1088300028F900C027F9000172EC0AF003C0D4F84F
:1088400002C0D3F801C0D2F800C0D1F8D4C810F9E2
:10885000D3C80FF9D2C80EF9D1C80DF9ACEC17F096
:1088600003C0D8F802C0D7F801C0D6F800C0D5F8C8
:108870006B51280809E06B518C0806E06B518D089C
:108880001CE18251030819E00801D8530DE1D751CA
:10889000020811E2FF0A08E1D6510C080CE2FF0AB7
:1088A00003E1D5513F0807E2D86B030ED76F0D0ED9
:1088B000D66F400ED56F14D000010801D8530AE1DD
:1088C000D75308E1D65102080BE2FF0A03E1D55164
:1088D000E70806E2D86BD76B030ED66FE80ED56FAC
:1088E000D892D8C813F9D7C812F9D6C811F9D5C883
:1088F00010F90901176B166B156B190E146F000137
:10890000DEEC09F003C0D8F802C0D7F801C0D6F8F1
:1089100000C0D5F88251030810E10801D85307E1DF
:10892000D75305E1D65303E1D551270805E2D86BAB
:10893000D76BD66B280ED56F0001D5C800F0D6C80E
:1089400001F0D7C802F0D8C803F01200CFC80BF965
:10895000CEC80AF909010D6B190E0C6F000166EC07
:108960000BF002C003F001500801D35309E1D253C8
:1089700007E10350D15D16E303E1D051015C12E23F
:10898000CFC80BF9CEC80AF909010D6B190E0C6F8F
:10899000000166EC0BF00801D36BD26B02C0D1F87A
:1089A00001C0D0F8D0C800F0D1C801F0D2C802F0A0
:1089B000D3C803F00001B2EFC5F08351010A03E010
:1089C000030A28E06FD00801CE530AE0F8C0FAF09D
:1089D000F7C0F9F000C102F1FFC001F165C066F017
:1089E000D0C0D2F0CFC0D1F059C05AF05DC05EF017
:1089F000DAC0DEF0D9C0DDF0D8C0DCF0D7C0DBF0E3
:108A0000EAC0EEF0E9C0EDF0E8C0ECF0E7C0EBF052
:108A1000000148D00801CE5314E0F8C0FAF0F7C0C6
:108A2000F9F0FAC0FCF0F9C0FBF000C102F1FFC0A0
:108A300001F102C104F101C103F165C066F066C035
:108A400067F0D0C0D2F0CFC0D1F0D2C0D4F0D1C046
:108A5000D3F059C05AF05AC05BF05DC05EF05EC002
:108A60005FF0DAC0DEF0D9C0DDF0D8C0DCF0D7C0EE
:108A7000DBF0DEC0E2F0DDC0E1F0DCC0E0F0DBC046
:108A8000DFF0EAC0EEF0E9C0EDF0E8C0ECF0E7C0DE
:108A9000EBF0EEC0F2F0EDC0F1F0ECC0F0F0EBC0A6
:108AA000EFF0000112006B51140811E10101AE5307
:108AB00007E1AD5305E1AC5303E1AB51020805E218
:108AC000AE6BAD6BAC6B020EAB6F10D00001010151
:108AD000AE5307E1AD5305E1AC5303E1AB510108DF
:108AE00005E2AE6BAD6BAC6B010EAB6FAB530AE145
:108AF000AC5308E1AD5306E1AE5304E1AE6BAD6B90
:108B0000AC6BAB6B00016B51140A05E03C0A2FE023
:108B1000780A3DE03ED0D8900101AE31AD31AC31A4
:108B2000AB31E8CF63F000010101AB51010B07014C
:108B3000206F36C1CFF835C1CEF863C0D0F8000140
:108B40005EDE01C038F100C037F138C1CFF837C15F
:108B5000CEF80801D36BD26B34C1D1F833C1D0F851
:108B60000001F4D601C034F100C033F112D0036A21
:108B700082515D0FE96E000E0320EA6EABC1EFFF7C
:108B8000835304E00801CE6B000117DF02D0ABC1B4
:108B900043F212006B51140A05E03C0A09E0780A1E
:108BA0001EE022D00101386B280E376F00011CD067
:108BB0008251030805E10101386B280E376F00016F
:108BC000010138511E0809E2FF0A03E137513F084D
:108BD00004E21F0E386F400E376F000105D001010F
:108BE000386B280E376F00010101AE5309E1AD5318
:108BF00007E13851AC5D0AE303E13751AB5D06E3B1
:108C0000AE6BAD6B38C1ACF137C1ABF100016B514C
:108C1000500811E10101AE530CE1AD530AE1AC5330
:108C200008E1AB51050805E3AE6BAD6BAC6B050E0F
:108C3000AB6F43D000016B51280830E10101AE5306
:108C40000CE1AD530AE1AC5308E1AB51010805E377
:108C5000AE6BAD6BAC6B020EAB6F0001CD51050876
:108C600003E0CD51060819E10101A7510D0814E1F7
:108C7000A85312E1A95310E1AA530EE1AE530CE13F
:108C8000AD530AE1AC5308E1AB51020805E3AE6B0A
:108C9000AD6BAC6B030EAB6F000110D00101AE5396
:108CA0000CE1AD530AE1AC5308E1AB51040805E314
:108CB000AE6BAD6BAC6B050EAB6F00016B51140A64
:108CC00006E03C0A1AE0780AD8B410D224D2AEC129
:108CD0005BF9ADC15AF9ACC159F9ABC158F90901F9
:108CE0005F6B5E6B5D6B190E5C6F000128EC0AF028
:108CF00001C034F100C033F10ED20101A7510D08BB
:108D0000D8A40ED1A853D8A40BD1A953D8A408D164
:108D1000AA53D8A405D10001CD51050804E0CD51D6
:108D20000608D8A49ED00101AE5307E1AD5305E17A
:108D3000AC5303E1AB5102081CE2D8925FC213F9B5
:108D40005EC212F95DC211F95CC210F90901176B1C
:108D5000166B156B190E146F0001DEEC09F0010E95
:108D60000801002401012B6F000E08010120010100
:108D70002C6FAE5307E1AD5305E1AC5303E1AB51AA
:108D800028081CE2D8925FC213F95EC212F95DC2D4
:108D900011F95CC210F90901176B166B156B190EEE
:108DA000146F0001DEEC09F0280E08010024010117
:108DB0002B6F000E0801012001012C6FAE530AE158
:108DC000AD5308E1AC51000821E2FF0A03E1AB51C9
:108DD00090081CE2D8925FC213F95EC212F95DC21C
:108DE00011F95CC210F90901176B166B156B190E9E
:108DF000146F0001DEEC09F0C80E08010024010127
:108E00002B6F000E0801012001012C6FAE530FE102
:108E1000AD530DE1AC512C5D0AE303E1AB512B5D89
:108E200006E3AE6BAD6B2CC1ACF12BC1ABF1AEC1A7
:108E30005BF9ADC15AF9ACC159F9ABC158F9090197
:108E40005F6B5E6B5D6B190E5C6F000128EC0AF0C6
:108E500003C063F202C062F201C061F200C060F2BE
:108E60002AD08251040DF350036AD70FE96E000E29
:108E70000320EA6EEACFD1F8E9CFD0F8AEC15BF9B2
:108E8000ADC15AF9ACC159F9ABC158F909015F6BD1
:108E90005E6B5D6B190E5C6F000128EC0AF0D1C8A7
:108EA000EAFFD0C8E9FF00C0EFFF01C0ECFF02C03D
:108EB000ECFF03C0ECFF835304E00801CE6B00011C
:108EC0007CDD825103082AE18251040DF350036ACC
:108ED000E70F016E000E032201C0CEF803C0CFF8E9
:108EE00000018251040DF350036AD70FE96E000EA2
:108EF0000320EA6EEFCF00F0ECCF01F0ECCF02F0F0
:108F0000ECCF03F0CFC8EAFFCEC8E9FF00C0EFFF07
:108F100001C0ECFF02C0ECFF03C0ECFFE4D0010194
:108F2000A7510E08D8A4E0D0A853D8A4DDD0A953E7
:108F3000D8A4DAD0AA53D8A4D7D00001CD510508BF
:108F400004E0CD510608D8A49ED00101AE5307E13C
:108F5000AD5305E1AC5303E1AB5102081CE2D892DA
:108F600063C213F962C212F961C211F960C210F949
:108F70000901176B166B156B190E146F0001DEECEF
:108F800009F0010E0801005C01012D6F000E0801BF
:108F9000015801012E6FAE5307E1AD5305E1AC530B
:108FA00003E1AB5128081CE2D89263C213F962C2F4
:108FB00012F961C211F960C210F90901176B166B41
:108FC000156B190E146F0001DEEC09F0280E080174
:108FD000005C01012D6F000E0801015801012E6F88
:108FE000AE530AE1AD5308E1AC51000821E2FF0A9B
:108FF00003E1AB5190081CE2D89263C213F962C23C
:1090000012F961C211F960C210F90901176B166BF0
:10901000156B190E146F0001DEEC09F0C80E080183
:10902000005C01012D6F000E0801015801012E6F37
:10903000AE5309E1AD5307E12E51AC5D0AE303E104
:109040002D51AB5D06E3AE6BAD6B2EC1ACF12DC106
:10905000ABF1AEC15BF9ADC15AF9ACC159F9ABC1C5
:1090600058F909015F6B5E6B5D6B190E5C6F000157
:1090700028EC0AF003C05FF202C05EF201C05DF2AC
:1090800000C05CF22AD08251040DF350036AE70F4E
:10909000E96E000E0320EA6EEACFD1F8E9CFD0F8EE
:1090A000AEC15BF9ADC15AF9ACC159F9ABC158F9C0
:1090B00009015F6B5E6B5D6B190E5C6F000128EC44
:1090C0000AF0D1C8EAFFD0C8E9FF00C0EFFF01C035
:1090D000ECFF02C0ECFF03C0ECFF835304E0080187
:1090E000CE6B00016ADC0101000115D0AEC15BF955
:1090F000ADC15AF9ACC159F9ABC158F909015F6B5F
:109100005E6B5D6B190E5C6F000128EC0AF001C00C
:1091100045F200C044F212006B51140A03E03C0A0D
:109120000CE03AD001012E6B960E2D6F2C6B010EC8
:109130002B6F326B316F00012FD0D8908235036ACC
:10914000630FE96E010E0320EA6EECCF2EF1ED52B3
:10915000EFCF2DF1D8908235036A6B0FE96E010EC7
:109160000320EA6EECCF2CF1ED52EFCF2BF1CD2D99
:1091700001D009D0CD51040806E0CD51060803E026
:10918000CD51020809E1010E01012E6FF40E2D6F81
:109190002C6B010E2B6F0001CD2D01D01FD0CD51B6
:1091A00004081CE0CD51060819E0CD51020816E074
:1091B000AEC15BF9ADC15AF9ACC159F9ABC158F9AF
:1091C00009015F6B5E6B32C15DF931C15CF9000171
:1091D00028EC0AF001C0BFF800C0BEF86B511408BB
:1091E000D8B46FD1CD2D01D06CD1CD510408D8B4F5
:1091F00068D1CD510608D8B464D1CD510208D8B495
:1092000060D10801BF5303E1BE51C8081FE2BF513E
:1092100027081CE303E1BE51100818E30101326B7B
:10922000320E316FBFC811F9BEC810F932C113F93F
:1092300031C112F9000189EC17F00101AE6BAD6B81
:1092400002C0ACF101C0ABF13BD10801BE51C8086E
:1092500034E1BF5332E14EAE18D00101326B320E11
:10926000316FBFC811F9BEC810F932C113F931C14D
:1092700012F9000189EC17F00101AE6BAD6B02C071
:10928000ACF101C0ABF117D008010101326B0A0E3D
:10929000316FBFC811F9BEC810F932C113F931C11D
:1092A00012F9000189EC17F00101AE6BAD6B02C041
:1092B000ACF101C0ABF104D10801BF5303E1BE51D1
:1092C000640835E2BF5333E1BE51C70830E3010102
:1092D000AB51030815E1AC5313E1AD5311E1AE53AB
:1092E0000FE1315132080CE132530AE1AE6BAD6B44
:1092F000AC6B130EAB6F0801BF6BBE0EBE6F0101EE
:10930000326B0A0E316FBFC811F9BEC810F932C1F5
:1093100013F931C112F9000189EC17F00101AE6BAC
:10932000AD6B02C0ACF101C0ABF1CAD00801BE51B7
:10933000640834E1BF5332E14EAE18D00101326B04
:109340000A0E316FBFC811F9BEC810F932C113F946
:1093500031C112F9000189EC17F00101AE6BAD6B60
:1093600002C0ACF101C0ABF117D008010101326BB2
:10937000020E316FBFC811F9BEC810F932C113F91E
:1093800031C112F9000189EC17F00101AE6BAD6B30
:1093900002C0ACF101C0ABF193D00801BF5303E1AF
:1093A000BE51140835E2BF5333E1BE51630830E3C8
:1093B0000101AB51090815E1AC5313E1AD5311E1C3
:1093C000AE530FE131510A080CE132530AE1AE6BA2
:1093D000AD6BAC6B310EAB6F0801BF6B620EBE6F35
:1093E0000101326B020E316FBFC811F9BEC810F90E
:1093F00032C113F931C112F9000189EC17F00101F2
:10940000AE6BAD6B02C0ACF101C0ABF159D008013D
:10941000BE51140834E1BF5332E14EAE18D0010101
:10942000326B020E316FBFC811F9BEC810F932C1DC
:1094300013F931C112F9000189EC17F00101AE6B8B
:10944000AD6B02C0ACF101C0ABF117D00801010156
:10945000326B010E316FBFC811F9BEC810F932C1AD
:1094600013F931C112F9000189EC17F00101AE6B5B
:10947000AD6B02C0ACF101C0ABF122D0080101011B
:10948000AB51090814E1AC5312E1AD5310E1AE53F6
:109490000EE1315102080BE1325309E1AE6BAD6BC5
:1094A000AC6B130EAB6F0801BF6BBE6F0101326B6B
:1094B000010E316FAE6BAD6BBFC8ACF1BEC8ABF186
:1094C0000001CD2D01D08AD0CD510408D8B486D06A
:1094D000CD510608D8B482D0CD510208D8B47ED080
:1094E000AEC15BF9ADC15AF9ACC159F9ABC158F97C
:1094F00009015F6B5E6B32C15DF931C15CF900013E
:1095000028EC0AF003C0D1F802C0D0F801C0CFF8AF
:1095100000C0CEF80801D1530DE1D0530BE1010199
:109520002E510801CF5D19E305E101012D5108011C
:10953000CE5D13E32EC111F92DC110F932C113F91B
:1095400031C112F9000189EC17F00101AE6BAD6B6E
:1095500002C0ACF101C0ABF10801AEC15BF9ADC115
:109560005AF9ACC159F9ABC158F909015F6B5E6B8F
:1095700032C15DF931C15CF9000128EC0AF003C089
:10958000D1F802C0D0F801C0CFF800C0CEF8080171
:10959000D15322E1D05320E1CF5101012C5DD8B04D
:1095A00002D0080119D005E12B510801CE5D14E26B
:1095B00001012CC111F92BC110F932C113F931C1CC
:1095C00012F9000189EC17F00101AE6BAD6B02C01E
:1095D000ACF101C0ABF1080125D000010101AE538F
:1095E00009E1AD5307E12E51AC5D0AE303E12D51D2
:1095F000AB5D06E3AE6BAD6B2EC1ACF12DC1ABF133
:10960000AE530FE1AD530DE1AC512C5D0AE303E124
:109610002B51AB5D06E2AE6BAD6B2CC1ACF12BC137
:10962000ABF1080100016B51140A03E03C0A24E08D
:109630003FD1AEC15BF9ADC15AF9ACC159F9ABC16B
:1096400058F909015F6B5E6B32C15DF931C15CF99C
:10965000000128EC0AF001C036F100C035F136C136
:10966000CFF835C1CEF863C0D0F8FFECC3F001C02D
:1096700038F100C037F11CD1CD2D01D00AD0CD5129
:10968000040807E0CD51060804E0CD510208D8A433
:10969000E0D00101A7510B08D8A46BD0A853D8A4DF
:1096A00068D0A953D8A465D0AA53D8A462D0AE5329
:1096B00007E1AD5305E1AC5303E1AB5101080AE208
:1096C000010E0201595D01012D6F000E02015A5970
:1096D00001012E6FAE5307E1AD5305E1AC5303E139
:1096E000AB5114080AE2020E0201595D01012D6F0F
:1096F000000E02015A5901012E6FAE5307E1AD531E
:1097000005E1AC5303E1AB5164080AE20A0E020121
:10971000595D01012D6F000E02015A5901012E6F92
:10972000AE5307E1AD5305E1AC5303E1AB51C808BB
:109730000AE2320E0201595D01012D6F000E020195
:109740005A5901012E6FAE5309E1AD5307E12E5175
:10975000AC5D0AE303E12D51AB5D06E3AE6BAD6B8F
:109760002EC1ACF12DC1ABF1ACC158F2ABC157F277
:109770006ED0A7510C08D8A46AD0A853D8A467D03B
:10978000A953D8A464D0AA53D8A461D0AE5307E19A
:10979000AD5305E1AC5303E1AB5101080AE2010E00
:1097A0000201572501012B6F000E02015821010112
:1097B0002C6FAE5307E1AD5305E1AC5303E1AB5160
:1097C00014080AE2020E0201572501012B6F000E58
:1097D0000201582101012C6FAE5307E1AD5305E1A1
:1097E000AC5303E1AB5164080AE20A0E02015725AB
:1097F00001012B6F000E0201582101012C6FAE53A5
:1098000007E1AD5305E1AC5303E1AB51C8080AE2EF
:10981000320E0201572501012B6F000E0201582163
:1098200001012C6FAE530FE1AD530DE1AC512C5D36
:109830000AE303E1AB512B5D06E3AE6BAD6B2CC1CC
:10984000ACF12BC1ABF1ACC15AF2ABC159F22FD084
:109850000001D8908235036ACF0FE96E000E032015
:10986000EA6EEACFD1F8E9CFD0F8AEC15BF9ADC16D
:109870005AF9ACC159F9ABC158F909015F6B5E6B7C
:1098800032C15DF931C15CF9000128EC0AF0D1C8A0
:10989000EAFFD0C8E9FF00C0EFFF01C0ECFF83532F
:1098A00005E00801CE6B0001DDECC4F00101000110
:1098B00012007EC10BF97DC10AF909010D6B320E50
:1098C0000C6F000166EC0BF002C003F001501B6A44
:1098D000F2BE1B8EF29E0901786F02C079F9000179
:1098E00048EC05F01BBEF28E03C0D5F802C0D4F8D8
:1098F00001C0D3F800C0D2F803C026F902C025F990
:1099000001C024F900C023F909012A6B296B680EF4
:10991000286F840E276F000172EC0AF003C0D1F8A3
:1099200002C0D0F801C0CFF800C0CEF81B6AF2BE6A
:109930001B8EF29ED1C87BF9D0C87AF9CFC879F9CD
:10994000CEC878F9DEEC05F01BBEF28E02C02CF119
:1099500001C02BF11B6AF2BE1B8EF29ED1C87BF9AF
:10996000D0C87AF9CFC879F9CEC878F9DEEC05F01D
:109970001BBEF28E02C003F001501B6AF2BE1B8EAA
:10998000F29E0901786F02C079F9000148EC05F0F8
:109990001BBEF28ED882D1C80FF9D0C80EF9CFC83D
:1099A0000DF9CEC80CF903C013F902C012F901C0B9
:1099B00011F900C010F9EBEC26F003C0D5F802C095
:1099C000D4F801C0D3F800C0D2F800C000F001C044
:1099D00001F002C002F003C003F0019E03C0D5F8FD
:1099E00002C0D4F801C0D3F800C0D2F80801FB6B64
:1099F000FA6BF96B7E0EF86F03C0FFF802C0FEF839
:109A000001C0FDF800C0FCF8000106EC19F046E3C7
:109A10001B6AF2BE1B8EF29ED1C87BF9D0C87AF9C0
:109A2000CFC879F9CEC878F9DEEC05F01BBEF28E0E
:109A300002C0D3F801C0D2F81B6AF2BE1B8EF29EA0
:109A400002C079F901C078F948EC05F01BBEF28E2E
:109A5000D89203C00FF902C00EF901C00DF900C081
:109A60000CF90901136B126B116B7E0E106F000164
:109A7000EBEC26F01B6AF2BE1B8EF29E03C07BF954
:109A800002C07AF901C079F900C078F9DEEC05F07E
:109A90001BBEF28E02C02CF101C02BF101012C5330
:109AA00006E12B51030803E32C6B040E2B6FAE531E
:109AB00007E1AD5305E1AC5303E1AB51C80805E242
:109AC000AE6BAD6BAC6BC80EAB6FAE530FE1AD536D
:109AD0000DE1AC512C5D0AE303E12B51AB5D06E2D5
:109AE000AE6BAD6B2CC1ACF12BC1ABF1AEC1FBF8D1
:109AF000ADC1FAF8ACC1F9F8ABC1F8F8000156EC09
:109B00000AF01B6AF2BE1B8EF29E03C07BF902C0F4
:109B10007AF901C079F900C078F909017F6B7E6B91
:109B20007D6B7E0E7C6F000163EC05F01BBEF28E38
:109B300003C0C6F002C0C5F001C0C4F000C0C3F04D
:109B40001B6AF2BE1B8EF29EC6C07BF9C5C07AF9B5
:109B5000C4C079F9C3C078F9DEEC05F01BBEF28E03
:109B600002C0D3F801C0D2F802C00BF901C00AF953
:109B700009010D6B3A0E0C6F000166EC0BF002C090
:109B80002EF101C02DF101012E51020824E2FF0A3D
:109B900003E12D51E7081FE22EC111F92DC110F983
:109BA0000901136B640E126F000189EC17F002C0FB
:109BB0002EF101C02DF12EC10BF92DC10AF90901B9
:109BC0000D6B640E0C6F000166EC0BF002C02EF101
:109BD00001C02DF101012EC111F92DC110F90901AA
:109BE000136B320E126F000189EC17F002C02EF1D8
:109BF00001C02DF101012E5303E12D51630803E251
:109C00002E6B640E2D6F2E517E5D08E303E12D5106
:109C10007D5D04E32EC17EF12DC17DF100010BEFCE
:109C2000D2F06C51280807E00101AE6BAD6BAC6B54
:109C300082C0ABF1000187A120D00101AB530BE141
:109C4000AC5309E1AD5307E1AE5305E1AE6BAD6B2B
:109C5000AC6B010EAB6F000187A30FD00101AB2DE0
:109C60000BD0AC5309E1AD5307E1AE5305E1AE6B48
:109C7000AD6BAC6B020EAB6F000187A32BD0010163
:109C8000AB2D27D0AC5325E1AD5323E1AE5321E1F9
:109C9000AE5309E1AD5307E1AC5305E1AB5100010F
:109CA000825D07E20101AE6BAD6BAC6B020EAB6F78
:109CB00000010101AE530DE1AD530BE1AC5309E1DD
:109CC000000182510101AB5D04E2AE6BAD6BAC6B88
:109CD000AB6B000187A520D00101AB5102080BE15D
:109CE000AC5309E1AD5307E1AE5305E1AE6BAD6B8B
:109CF000AC6B010EAB6F000187A30ED00101AB2D41
:109D00000AD0AC5308E1AD5306E1AE5304E1AE6BAB
:109D1000AD6BAC6BAB6B00010101AE5307E1AD5312
:109D200005E1AC5303E1AB51030805E2AE6BAD6B4B
:109D3000AC6B030EAB6F000187A11CD00101AB51CE
:109D40000308D8B402D0000115D0AC53D8B402D067
:109D5000000110D0AD53D8B402D000010BD0AE53E7
:109D6000D8B402D0000106D0AE6BAD6BAC6B020E66
:109D7000AB6F000187A71BD00101AB53D8B402D051
:109D8000000115D0AC53D8B402D0000110D0AD53AF
:109D9000D8B402D000010BD0AE53D8B402D0000129
:109DA00006D0AE6BAD6BAC6B010EAB6F0001010169
:109DB000AB51006EAC51036E035004E10052000140
:109DC00017E00101035005E1010E005C000113E002
:109DD0000101035005E1020E005C00010EE00101EB
:109DE000035005E1030E005C000109E001010AD007
:109DF0004F9E010107D0010105D0010103D04F8E14
:109E0000836B0101ABC182F000017CEFD2F0010154
:109E1000AB530AE1AC5308E1AD5306E1AE5304E1A4
:109E2000AE6BAD6BAC6BAB6BAE5307E1AD5305E105
:109E3000AC5303E1AB51050805E2AE6BAD6BAC6B07
:109E4000060EAB6F0001875306E00101AE6BAD6BF0
:109E5000AC6BAB6B0001ABC1CDF07FEFD2F0010179
:109E6000AE5307E1AD5305E1AC5303E1AB516408D8
:109E700005E2AE6BAD6BAC6B640EAB6FAB530BE13D
:109E8000AC5309E1AD5307E1AE5305E1AE6BAD6BE9
:109E9000AC6B010EAB6F036A00018251650FE96E76
:109EA000000E0320EA6EABC1EFFF8EEFD2F001018E
:109EB000AE5311E1AD530FE1AC530DE1AB510201D3
:109EC000665DD8B002D0010106D00101AE6BAD6B6A
:109ED000AC6B66C2ABF1AE5309E1AD5307E1AC53D5
:109EE00005E1020167510101AB5D05E3AE6BAD6BAE
:109EF000AC6B67C2ABF1D89000018235036A390FB1
:109F0000E96E010E0320EA6EECCFCFF8ED52EFCFF1
:109F1000CEF8D8900801CF31036ECE31026E016EBB
:109F20000101AE5309E1AD5307E10350AC5D1EE3FF
:109F300003E10150AB5D1AE3D89000018235036A5A
:109F4000390FE96E010E0320EA6EECCFCFF8ED5227
:109F5000EFCFCEF8D8900101AE6BAD6B0801CF31D9
:109F60000101AC6F0801CE310101AB6FABC15BF2F7
:109F7000000195EFD2F00101AE5307E1AD5305E1C9
:109F8000AC5303E1AB51010805E2AE6BAD6BAC6BBA
:109F9000010EAB6FAB530AE1AC5308E1AD5306E1E0
:109FA000AE5304E1AE6BAD6BAC6BAB6BAB5306E188
:109FB000AC5304E1AD5302E1AE530BE0036A000180
:109FC00082515D0FE96E000E0320EA6E010EEF6E06
:109FD000010100016B51280A01E010D0036A82518F
:109FE000590FE96E000E0320EA6EABC1EFFF8353F9
:109FF00005E00801CE6B0001DDECC4F09FEFD2F06C
:10A000000101A751006EA851036E035005E1020E35
:10A01000005C000125E00101035005E1030E005C36
:10A02000000127E00101035005E1040E005C00017E
:10A0300029E00101035005E1050E005C00012BE061
:10A040000101035005E1060E005C00012EE0010154
:10A05000035005E1070E005C000130E0010136D03D
:10A060000801CF6B010ECE6FD16BC80ED06F01010E
:10A070002DD00801CF6B010ECE6FD16B140ED06FB7
:10A08000010124D00801CF6B010ECE6FD16B0A0EF7
:10A09000D06F01011BD00801CF6B320ECE6F0F0EB7
:10A0A000D16FA00ED06F010111D00801CF6B010E4E
:10A0B000CE6FD16B320ED06F010108D00801CF6B8B
:10A0C000010ECE6FD16B280ED06F0101AE5319E196
:10A0D000AD5317E1AC510801CF5DD8B002D00101FA
:10A0E00010D008E10101AB510801CE5DD8B002D01B
:10A0F000010107D00101AE6BAD6BCFC8ACF1CEC88A
:10A10000ABF1AE530DE1AD530BE10801D1510101AB
:10A11000AC5D0CE305E10801D0510101AB5D06E344
:10A12000AE6BAD6BD1C8ACF1D0C8ABF1A751006E2E
:10A13000A851036E035005E1020E005C000125E00A
:10A140000101035005E1030E005C000124E0010160
:10A15000035005E1040E005C000121E00101035001
:10A1600005E1050E005C00011EE00101035005E160
:10A17000060E005C00011DE00101035005E1070E21
:10A18000005C00011AE001011BD0ACC147F2ABC179
:10A1900046F2010115D0ABC148F2010111D0ABC1AB
:10A1A00049F201010DD0ACC14BF2ABC14AF2010141
:10A1B00007D0ABC14CF2010103D0ABC14DF201019C
:10A1C000000103EFD3F06C515A0807E00101AE6BB8
:10A1D000AD6BAC6BCEC0ABF100010101AE5307E13A
:10A1E000AD5305E1AC5303E1AB51030805E2AE6B9F
:10A1F000AD6BAC6B030EAB6FAB530AE1AC5308E134
:10A20000AD5306E1AE5304E1AE6BAD6BAC6BAB6B23
:10A21000ABC1CEF0000117EFD3F06B510A0A0FE08B
:10A220001E0A3FE00A0AD8B4B0D0360AD8B4F6D035
:10A23000780AD8B497D10A0AD8B4ECD1FAD101017E
:10A24000A751006EA851036E035004E100520001B3
:10A2500017E00101035005E1010E005C000114E06C
:10A260000101035005E1020E005C000111E0010153
:10A27000035005E1030E005C00010EE001010FD068
:10A28000CEEFBDF001010BD027EFBEF0010107D0EA
:10A29000A2EFBEF0010103D031EFBFF001010001D8
:10A2A000C8D10101A751006EA851036E035004E10B
:10A2B0000052000141E00101035005E1010E005C84
:10A2C00000013EE00101035005E1020E005C0001C7
:10A2D0003BE00101035005E1030E005C000138E0A2
:10A2E0000101035005E1040E005C000135E00101AD
:10A2F000035005E1050E005C000132E0010103504E
:10A3000005E1060E005C00012FE00101035005E1AC
:10A31000070E005C00012CE00101035005E1080E6E
:10A32000005C000129E00101035005E1090E005C19
:10A33000000126E0010127D07DEFBFF0010123D00D
:10A34000ACECBFF001011FD00CECC1F001011BD03F
:10A35000E6ECC2F0010117D0D1ECC3F0010113D03B
:10A36000ACECBFF001010FD00CECC1F001010BD03F
:10A3700053ECC5F0010107D0CAECC5F0010103D0D0
:10A380008CECC8F00101000154D10101A751006E0D
:10A39000A851036E035005E1010E005C000125E0A9
:10A3A0000101035005E1020E005C000122E0010101
:10A3B000035005E1030E005C00011FE001010350A2
:10A3C00005E1040E005C00011CE00101035005E101
:10A3D000050E005C000119E00101035005E1060EC5
:10A3E000005C000116E0010117D0ACECBFF00101E8
:10A3F00013D0D1ECC3F001010FD00CECC1F001017E
:10A400000BD0E6ECC2F0010107D0E6ECC2F001018E
:10A4100003D059EFCCF0010100010BD10101A7518C
:10A42000006EA851036E035006E1010E005C0001AE
:10A43000D8B460D00101035006E1020E005C0001B7
:10A44000D8B45CD00101035006E1030E005C0001AA
:10A45000D8B457D00101035006E1040E005C00019E
:10A46000D8B453D00101035005E1050E005C000192
:10A4700050E00101035005E1060E005C00014DE0D3
:10A480000101035005E1070E005C000149E00101F4
:10A49000035005E1080E005C000146E00101035095
:10A4A00005E1090E005C000142E00101035005E1F5
:10A4B0000A0E005C000142E00101035005E10B0EB1
:10A4C000005C00013EE00101035005E10C0E005C60
:10A4D00000013BE00101035005E10D0E005C0001AD
:10A4E00038E00101035005E10E0E005C000135E08B
:10A4F000010136D011EFCEF0010132D088D4010134
:10A500002FD00CECC1F001012BD00CECC1F00101FB
:10A5100027D00CECC1F0010123D0A1D4010120D03F
:10A52000ACECBFF001011CD0C2D4010119D08251A2
:10A53000030802E053ECC5F0010112D01CD5010163
:10A540000FD08CECC8F001010BD08CECC8F00101ED
:10A5500007D0CAECC5F0010103D0CAECC5F0010177
:10A56000000167D06C51B408D8B453D00101A75191
:10A57000006EA851036E035004E1005200013AE05E
:10A580000101035005E1010E005C000137E001010B
:10A59000035005E1020E005C000134E001010350AC
:10A5A00005E1030E005C00012DE00101035005E10F
:10A5B000040E005C000126E00101035005E1050ED8
:10A5C000005C00011FE00101035005E1060E005C84
:10A5D000000118E00101035005E1070E005C0001D5
:10A5E00011E00101035005E1080E005C00010DE0DF
:10A5F00001010ED053ECC5F001010AD0CAECC5F040
:10A60000010106D0FDD4010103D0ACECBFF0010183
:10A6100000010FD00101A751006EA851036E035035
:10A6200004E10052000102E0010102D0CCD5010199
:10A630000001AEC1B2F1ADC1B1F1ACC1B0F1ABC17D
:10A64000AFF16FEFEBF04FA224D06B518D0821E1F9
:10A6500064531FE04F9201019A6B996B986B976B53
:10A6600082C09DF787C09CF7D89000018235036AAD
:10A67000390FE96E010E0320EA6EECCF9FF7ED5221
:10A68000EFCF9EF70801090E0901006F0001B5EC3C
:10A6900034F076EFEBF04FA215D06B51B50812E114
:10A6A000645310E04F9201019A6B996B986B976B12
:10A6B0004EC21CF84FC21DF80B0E0901006F0001BD
:10A6C000B5EC34F07DEFEBF04FA22DD06B51790853
:10A6D0002AE1645328E04F9201019A6B996B986BC1
:10A6E000976B000E4FB8010E006ED89000360050E8
:10A6F000036A0F0FE96E010E0320EA6EECCF6DF8CE
:10A70000ED52EFCF6CF808010BC16EF80CC16FF879
:10A7100061C070F8CE6BCEC871F8070E0901006FEA
:10A720000001B5EC34F084EFEBF04FA220D06B5178
:10A7300083081DE164531BE04F9201019A6B996BF2
:10A74000986B976B7DC16CF87EC16DF80801CF6B7B
:10A75000CE6BCEC86EF86F6BCE6BCEC870F81EC7CE
:10A7600071F8070E0901006F0001B5EC34F08BEFB2
:10A77000EBF00801CE6BCF6BD09186A62FD14FC7DF
:10A78000D1F8070150510801D15DD8B019D10001AD
:10A79000ABEC07F007010881036A0801D151270FCC
:10A7A000E96E070E0320EA6EEF500508D8A0F6D038
:10A7B000036AD151270FE96E070E0320EA6EEF50AE
:10A7C0000408D8A4D4D00001A6534EE0036A0801BF
:10A7D000CE51A10FE96E000E0320EA6EEF50D15D5D
:10A7E00028E182C08AF0036ACE519C0FE96E000E08
:10A7F0000320EA6EEFCF82F0036AD151270FE96E92
:10A80000070E0320EA6EEFCFD4F8036AD1513B0F55
:10A81000E96E070E0320EA6EEFCFD5F8000134ECA5
:10A820007CF082C0CFF88AC082F00801CE2BD09194
:10A8300019D0036AD151270FE96E070E0320EA6E83
:10A84000EFCFD4F8036AD1513B0FE96E070E032016
:10A85000EA6EEFCFD5F8000134EC7CF082C0CFF87F
:10A860000801D0811BD00001036A0801D151270FD4
:10A87000E96E070E0320EA6EEFCFD4F8036AD151D8
:10A880003B0FE96E070E0320EA6EEFCFD5F800010B
:10A8900034EC7CF082C0CFF80801D081036AD1513A
:10A8A0003B0FE96E070E0320EA6EEF50BB080AE08B
:10A8B000036AD1513B0FE96E070E0320EA6EEF5099
:10A8C000AF0854E158AC07D00001FFEC59F0B40ECA
:10A8D0006B6F4AD0080158AE07D00001F4EC36F097
:10A8E000780E6B6F41D008014FAA06D00001B5EC7D
:10A8F0005BF0780E6B6F38D00601F7A107D000012E
:10A900002FEC3FF0820E6B6F2FD00601F7AB0ED00D
:10A91000000145EC5AF0AAEC5AF00FEC5BF006018E
:10A92000F79B8C0E00016B6F1FD006010801CF5101
:10A93000FC0F15E2040F0001F1EFD4F045EC5AF0E2
:10A9400008010DD0AAEC5AF0080109D00FEC5BF019
:10A95000080105D045EC5AF0080101D00801D0A14A
:10A9600004D08C0E00016B6F0801579416D0036A57
:10A97000D151270FE96E070E0320EA6EEFCFD4F80E
:10A98000036AD1513B0FE96E070E0320EA6EEFCF49
:10A99000D5F8000134EC7CF008010DD0036AD151E8
:10A9A000270FE96E070E0320EA6EEFCFD3F8000100
:10A9B00092EC7AF0080107014F2B0801D12BE1D668
:10A9C0000701089150514F5D05E300015EEC08F06E
:10A9D000A66B070156AA01D0569A0801000192EF12
:10A9E000EBF0E824F76AF736030FF66EAA0EF722AB
:10A9F000010EF86EFB6E0A00F550FA6E0800F55075
:10AA0000F96E3CA944A94CA954A9F86AA292F09CF9
:10AA1000F190A59AF192D29AD29CD08E078E140E04
:10AA2000006E100E016E020EE96E000EEA6EEE6A06
:10AA3000002EFDD7012EFBD7700ED36E400E9B6EFD
:10AA4000646A336A6586820EAF6E060ED46EA60EF9
:10AA5000AC6E900EAB6E0F0120878A0E1E6F000E3B
:10AA60001F6FA60E216F900E226F120E4B6E720E8C
:10AA70004A6E4D6A4C6A4E904E924E944E964E9847
:10AA80004E9A4E9C4E8E4F904F924F944F964F98A9
:10AA90004F9A4F9C4F9E519051925194519651987C
:10AAA000519A519C519E5490549254945486549867
:10AAB000549A549C549E5690569256945696569834
:10AAC000569A569C569E5790579257945796579819
:10AAD000579A579C578E589058920001616B626B41
:10AAE000010E636F646B696B6A6B6B6B6C6B6D6B88
:10AAF0006E6B6F6B640E706F736B050E766F776B9A
:10AB0000786B796B7A6B0F0E7B6F190E7C6F7D6B98
:10AB10007E6B826B836B866B876B886B896B8A6BB2
:10AB20008B6B8C6B8D6B8E6B58943E0E8F6FA66B00
:10AB3000BF6BC16B0A0EC06F140EC26FC66BC56BC4
:10AB40000C0EC46F840EC36FC76BC86BC96BCA6B26
:10AB5000CB6BCC6BCD6BCE6B0101086B076B0A6BBB
:10AB6000020E096F0C6B0A0E0B6F010E0E6FE00EDA
:10AB70000D6F186B176B1A6B196B1C6B1B6B1E6BB5
:10AB80001D6B206B1F6B226B216B2C6B2B6B2E6B49
:10AB90002D6B306B320E2F6F326B010E316F030E47
:10ABA000346F200E336F366B960E356F1F0E386F75
:10ABB000400E376F426B416B010E446FF40E436FD2
:10ABC000010E466FF40E456F566B556B586B576B05
:10ABD0005A6B596B5C6B5B6B5E6B5D6B606B5F6B39
:10ABE000626B616B7C6B7B6B7E6B280E7D6F040EE2
:10ABF000806FB00E7F6F846B836B826B816B866B13
:10AC0000856B886B876B8A6B896B8C6B8B6B8E6BA0
:10AC10008D6B926B916B906B8F6B966B956B946B4E
:10AC2000936B9A6B996B986B976B9E6B9D6B9C6B00
:10AC30009B6BA26BA16BA06B9F6BA66BA56B030EAE
:10AC4000A46FE80EA36FAA6BA96BA86BA76BAE6B82
:10AC5000AD6BAC6BAB6BB26BB16BB06BAF6BB66B20
:10AC6000B56BB46BB36BBA6BB96BB86BB76BBE6BD0
:10AC7000BD6BBC6BBB6BC26BC16BC06BBF6BC66B80
:10AC8000C56BC46BC36BCA6BC96BC86BC76BCE6B30
:10AC9000CD6BCC6B640ECB6FD26BD16BD06BCF6BAB
:10ACA000D66BD56BD46BD36BDA6BD96BD86BD76B98
:10ACB00002013E6B426B416B406B3F6B010E436F79
:10ACC000456FF40E446F476B040E466F0A0E486FD3
:10ACD000496F4B6BC80E4A6F280E4C6F0A0E4D6FB2
:10ACE0004F6B020E4E6F516B0A0E506F556B546BCB
:10ACF000536B910E526F5896566B586B0A0E576FE6
:10AD00005A6B320E596F050E5B6F5F6B5E6B5D6B3E
:10AD1000320E5C6F636B626B030E616FE80E606FE7
:10AD20001E0E646F656B010E666F910E676F6F6B21
:10AD30006E6B716B706B736B726B756B746B776B27
:10AD4000766B796B786B7D6B7C6B7B6B7A6B816BD5
:10AD5000806B7F6B7E6B856B846B836B826B170E56
:10AD60000501E66F1E0EE76FEB6BEA6BE96BE86BB4
:10AD70000601F46BF56BF66B5898589A589C589EE0
:10AD8000F791F793F86BF795F797F799FA6BF96BDB
:10AD9000FE6BFD6BFC6BFB6BFF6BF79BF79DF79FEF
:10ADA0000701076B08911E6B08931F6B206B216BCB
:10ADB000226B0801C16BC06B000E0F01236F246F63
:10ADC000256FC196C198C19A2E6B2F6B546B67D0BB
:10ADD000070034485720312E330008003F465720E3
:10ADE000312E3030000100500002005200000100FE
:10ADF0005500084059010400650501010102007475
:10AE0000010103007F000000020084FF900A409CC3
:10AE1000001840A7003100CF6400960002000A002D
:10AE2000FA000000C8000000FA000000FA0000006C
:10AE3000FA000000C8000000FA000000FA0000005C
:10AE40000500C800C003C8003707C00008010F078D
:10AE500000070050005000084123000801390A0093
:10AE600014000A000C000E01470A0014001E001016
:10AE70000E280032003C000F0163E803E803E803FA
:10AE8000E8030100010001000109C000FF42860043
:10AE9000FFC000FFC00063C0000747000000010EB4
:10AEA000F86EAD0EF76ED00EF66E0900F550006E1E
:10AEB000000A13E00900F550016EE8BE05D00F0B43
:10AEC000EA6E0900F5CFE9FF01BC090001AC0900F9
:10AED000F5CFEEFF004EE9D7F9D7F86AD0B608D023
:10AEE0000A0E0801D66F0001C3EC07F056800F016F
:10AEF0000400020EEA6E860EE96E036A000E026E10
:10AF0000260E016E960EEF6E01C0ECFF02C0ECFF44
:10AF100003C0ECFF020EEA6EAE0EE96E036A000E8D
:10AF2000026E2B0E016EDE0EEF6E01C0ECFF02C052
:10AF3000ECFF03C0ECFF020EEA6ED60EE96E036A68
:10AF4000000E026E380E016E7A0EEF6E01C0ECFF3D
:10AF500002C0ECFF03C0ECFF020EEA6EFE0EE96ECB
:10AF6000036A000E026E470E016E1C0EEF6E01C0EA
:10AF7000ECFF02C0ECFF03C0ECFF030EEA6E260EEE
:10AF8000E96E036A000E026E000E016E040EEF6E93
:10AF900001C0ECFF02C0ECFF03C0ECFF030EEA6E41
:10AFA000C60EE96E036A000E026E520E016E5E0E50
:10AFB000EF6E01C0ECFF02C0ECFF03C0ECFF030E1C
:10AFC000EA6EEE0EE96E036A000E026E650E016E09
:10AFD000D60EEF6E01C0ECFF02C0ECFF03C0ECFF29
:10AFE000030EEA6EF20EE96E036A000E026E660E42
:10AFF000016E560EEF6E01C0ECFF02C0ECFF03C005
:10B00000ECFF030EEA6EF60EE96E036A000E026EA6
:10B01000670E016E340EEF6E01C0ECFF02C0ECFF54
:10B0200003C0ECFF040EEA6E660EE96E036A000EC2
:10B03000026E6F0E016E000EEF6E01C0ECFF02C0DB
:10B04000ECFF03C0ECFF040EEA6E6A0EE96E036AC1
:10B05000000E026E6F0E016E000EEF6E01C0ECFF6F
:10B0600002C0ECFF03C0ECFF040EEA6E720EE96E44
:10B07000036A000E026E6F0E016E000EEF6E01C0CD
:10B08000ECFF02C0ECFF03C0ECFF040EEA6E8E0E74
:10B09000E96E036A000E026E7F0E016E0C0EEF6EFB
:10B0A00001C0ECFF02C0ECFF03C0ECFF040EEA6E2F
:10B0B000920EE96E036A000E026E7F0E016E0C0E98
:10B0C000EF6E01C0ECFF02C0ECFF03C0ECFF040E0A
:10B0D000EA6E9A0EE96E036A000E026E7F0E016E32
:10B0E0000C0EEF6E01C0ECFF02C0ECFF03C0ECFFE2
:10B0F000040EEA6EB60EE96E036A000E026E8B0E47
:10B10000016E280EEF6E01C0ECFF02C0ECFF03C021
:10B11000ECFF040EEA6EBA0EE96E036A000E026ED0
:10B120008B0E016E280EEF6E01C0ECFF02C0ECFF2B
:10B1300003C0ECFF040EEA6EBE0EE96E036A000E59
:10B14000026E8B0E016E280EEF6E01C0ECFF02C086
:10B15000ECFF03C0ECFF040EEA6EC20EE96E036A58
:10B16000000E026E8B0E016E280EEF6E01C0ECFF1A
:10B1700002C0ECFF03C0ECFF050EEA6E560EE96E4E
:10B18000036A000E026EA40E016EC80EEF6E01C0BF
:10B19000ECFF02C0ECFF03C0ECFF050EEA6E5A0E96
:10B1A000E96E036A000E026EA40E016EC80EEF6E09
:10B1B00001C0ECFF02C0ECFF03C0ECFF050EEA6E1D
:10B1C000620EE96E036A000E026EA40E016EC80ED6
:10B1D000EF6E01C0ECFF02C0ECFF03C0ECFF050EF8
:10B1E000EA6EA60EE96E036A000E026EAB0E016EE9
:10B1F000480EEF6E01C0ECFF02C0ECFF03C0ECFF95
:10B20000050EEA6EAA0EE96E036A000E026EAC0E1F
:10B21000016EC40EEF6E01C0ECFF02C0ECFF03C074
:10B22000ECFF050EEA6EB60EE96E036A000E026EC2
:10B23000AF0E016E3A0EEF6E01C0ECFF02C0ECFFE4
:10B2400003C0ECFF050EEA6EBA0EE96E036A000E4B
:10B25000026EB80E016E5A0EEF6E01C0ECFF02C016
:10B26000ECFF03C0ECFF050EEA6EBE0EE96E036A4A
:10B27000000E026EB90E016E3E0EEF6E01C0ECFFC5
:10B2800002C0ECFF03C0ECFF050EEA6EC20EE96ED1
:10B29000036A000E026EB90E016ECE0EEF6E01C093
:10B2A000ECFF02C0ECFF03C0ECFF080E256F246B1F
:10B2B000010E236F81CF6EF0F290F292F288F19C32
:10B2C000F296C00EF212B59CB59EC050C00B070995
:10B2D000C06EC08EC280010E236F000E246F080E58
:10B2E000256FC196C188C18A0D0E926E896A7F0E44
:10B2F000936E8A6A8B6A200E956E8C6A830E966EA8
:10B300008D6A7D0E976E8E6AF40E986E8F6A0801B4
:10B31000E76B110EE86F000144EC08F00801E76BE1
:10B32000040EE86F000144EC08F00801E76B050E1D
:10B33000E86F000144EC08F0C69AAB9E0F01229F13
:10B340004E80C29000015EEC08F0F40E986E8F9073
:10B35000D3CF00F0D19ED39E030000C0D3FF4EA0F8
:10B3600003D04EBA01D0EFD7F40E986E8F80569668
:10B370001B6AF2BE1B8EF29E09016F6B000156EC38
:10B3800003F01BBEF28E56880601F46BC69AAB9E84
:10B390000F01229F7C0ED36E400E9B6E0400F2962E
:10B3A000D80E9412980E94169882F40E986E8F8090
:10B3B000AB8E228F2669010E0801E76F110EE86F30
:10B3C000000144EC08F01B6AF2BE1B8EF29E010ED7
:10B3D0000901766FF40E756F000159EC06F01BBE83
:10B3E000F28EC050C00B0709C06EC08EC280010E25
:10B3F0000F01236F000E246F080E256FC196C188C0
:10B40000C18AC280000E0609CA6EF90ECB6E000119
:10B4100036EF09F0B06A070EB16EB36AB26A010185
:10B42000D66BD56BD46BD36B780E05090F01336FD8
:10B43000FA0E346FBA9AB98A3385830E966E8D9A56
:10B440000C0E6E6E3F0E2C17000E2C131B6AF2BEF4
:10B450001B8EF29E0AC179F909C178F9000148EC06
:10B4600005F01BBEF28E1B6AF2BE1B8EF29E03C05D
:10B470007BF902C07AF901C079F900C078F90901B5
:10B480007F6B7E6B100E7D6F810E7C6F000163EC15
:10B4900005F01BBEF28E1B6AF2BE1B8EF29E03C02D
:10B4A0007BF902C07AF901C079F900C078F9DEECC5
:10B4B00005F01BBEF28E02C0CFF801C0CEF8080125
:10B4C000CF33CE33CF33CE33CF33CEC86FFFCF336E
:10B4D000CF31300B006E6E50CF0B00106E6EC26B12
:10B4E000C25102081FE38B8A1B6AF2BE1B8EF29EBA
:10B4F0000901766B7D0E756F000159EC06F01BBEDD
:10B50000F28E8B9A1B6AF2BE1B8EF29E0901766B3D
:10B510007D0E756F000159EC06F01BBEF28E08011E
:10B52000C22BDED700018EEF09F01B6AF2BE1B8E24
:10B53000F29E0901766B640E756F000159EC06F0FE
:10B540001BBEF28E0901646B010E636FFB0E626F0E
:10B55000D00E616F0001BCEC09F001018E6B01C0DF
:10B560008DF18DC18EF18D6B0901646B010E636FDE
:10B57000FB0E626FD10E616F0001BCEC09F001504F
:10B5800001018D13010E0801E76F040EE86F000141
:10B5900044EC08F01B6AF2BE1B8EF29E010E0901FC
:10B5A000766FF40E756F000159EC06F01BBEF28E3B
:10B5B0000C0E016EC250830B0110C26E000E016EA4
:10B5C000C150F80B0110C16EC2B2FED7C282C2B226
:10B5D000FED7C4CFD0F10101C3CFCFF1D16BD26B75
:10B5E000C2B2FED7D26BD16BD06BCF6B0801C36BED
:10B5F000C3510E081EE30C0E016EC250830B0110E6
:10B60000C26E000E016EC150F80B0110C16EC2B2C5
:10B61000FED7C282C2B2FED7C3500101CF27C450A9
:10B62000D023000ED123D223C2B2FED70801C32BF0
:10B63000DFD7D892D2C113F9D1C112F9D0C111F913
:10B64000CFC110F90901176B166B156B0F0E146F34
:10B650000001DEEC09F003C0D2F102C0D1F101C05B
:10B66000D0F100C0CFF1D2C15BF9D1C15AF9D0C13C
:10B6700059F9CFC158F909015F6B5E6B8EC15DF955
:10B680008DC15CF9000128EC0AF003C0D1F802C0BA
:10B69000D0F801C0CFF800C0CEF803C0FBF802C05C
:10B6A000FAF801C0F9F800C0F8F856EC0AF003C047
:10B6B00026F902C025F901C024F900C023F90901C7
:10B6C0002A6B296B286B8B0E276F000172EC0AF036
:10B6D0001B6AF2BE1B8EF29E03C07BF902C07AF990
:10B6E00001C079F900C078F9DEEC05F01BBEF28EDE
:10B6F00002C07CF101C07BF101017C51090805E227
:10B70000FF0A0AE17B51BE0807E37C51080816E3F3
:10B7100003E17B51C90812E3010E0801CE6F00015D
:10B7200021EC0BF03FEC0BF0030E0801D66F00018B
:10B73000C3EC07F017EC5DF006D60101010E08011D
:10B74000E76F050EE86F000144EC08F01B6AF2BEDB
:10B750001B8EF29E010E0901766FF40E756F0001CB
:10B7600059EC06F01BBEF28EF3EC5DF0015211E1D4
:10B77000010E0801CE6F000121EC0BF03FEC0BF045
:10B78000040E0801D66F0001C3EC07F017EC5DF062
:10B79000DAD5040082A602D082B812D0060ECA6F93
:10B7A0000801D66F0001C3EC07F0010E0801CE6F4F
:10B7B000000121EC0BF03FEC0BF017EC5DF0C3D572
:10B7C000C68A7F0EC86E280EC66EC78EC79C678A53
:10B7D0000801CE6BCF6BD06B010ED16F0001FFEF74
:10B7E0005DF054AE13D0549E060ECA6F0801D66F9A
:10B7F0000001C3EC07F0010E0801CE6F000121EC3F
:10B800000BF03FEC0BF017EC5DF09DD50801F46BED
:10B81000F56BF66B010EF76F0001E5EC35F0780E75
:10B8200006090F01306F320E316F830E966E8D98C0
:10B830000C0E466FFC0E2B17000E2B13040E2E6FF2
:10B840002F6F546F6F6A6E50CF0B6E6E0801CF6B07
:10B850007BC0CEF8CFC80BF97BC00AF909010D6B8C
:10B860000A0E0C6F000166EC0BF002C0CFF801C0AD
:10B87000CEF80801CF33CE33CF33CE33CF33CEC85B
:10B8800047FFCF33CF31300B006E0F014651CF0B46
:10B890000010466FF40E986E8F90040000016AEF5E
:10B8A0005EF01B6AF2BE1B8EF29E09016F6B0001F7
:10B8B00056EC03F01BBEF28E0801C56B490EC46F37
:10B8C000C76B580EC66F090ED06F190ED16FC5C861
:10B8D000D3F8C4C8D2F8C7C8D5F8C6C8D4F8000190
:10B8E000F0EF60F07CEF62F0015202E054AE38D02D
:10B8F000549E060ECA6F0801D66F0001C3EC07F014
:10B90000CF0E6B6F09010B6B6BC00AF90D6B040E48
:10B910000C6F000166EC0BF002C003F00150860FC3
:10B92000006E020E0220016E026AD8B0002A036A7D
:10B9300002C0D0F8E8CFCFF800C0CEF8EA6E00C061
:10B94000E9FF24EC01F001C07EF0010E0801CE6F8A
:10B95000000121EC0BF03FEC0BF017EC5DF0F3D4A1
:10B96000830E966E8D8C0400D0EC5BF00400010E0B
:10B970000801E76FE86F000144EC08F01B6AF2BEB3
:10B980001B8EF29E010E0901766FF40E756F000199
:10B9900059EC06F01BBEF28EF1EC62F0015211E19F
:10B9A000010E0801CE6F000121EC0BF03FEC0BF013
:10B9B000050E0801D66F0001C3EC07F017EC5DF02F
:10B9C000C2D40801E76B010EE86F000144EC08F0F7
:10B9D000A38AC00EF212040085BA01D05782FDEF8F
:10B9E00062F081BA50D08B808B8A010E0801CE6F35
:10B9F000000121EC0BF08BEC0BF01B6AF2BE1B8EEE
:10BA0000F29E640E0901796F000144EC06F01BBE42
:10BA1000F28E24EC63F0015236E13FEC0BF0090E9C
:10BA2000CA6F0801D66F0001C3EC07F0CF0E6B6F31
:10BA300009010B6B6BC00AF90D6B040E0C6F000152
:10BA400066EC0BF002C003F00150860F006E020E90
:10BA50000220016E026AD8B0002A036A02C0D0F840
:10BA6000E8CFCFF800C0CEF8EA6E00C0E9FF24ECC2
:10BA700001F001C07EF081BA02D00400FCD78B90A7
:10BA80008B9A8BEC0BF0F298F29CF29EF2BEFDD7F3
:10BA900081BA02D027EF64F081BA28D004004E8A20
:10BAA000CC0E6B6F09010B6B6BC00AF90D6B040EAA
:10BAB0000C6F000166EC0BF002C003F00150860F22
:10BAC000006E020E0220016E026AD8B0002A036ADC
:10BAD00002C0D0F8E8CFCFF800C0CEF8EA6E00C0C0
:10BAE000E9FF24EC01F001C07EF0D6D74EAA04D0C5
:10BAF0004E9A8B908B9A38D41E0E0801CF6F00019E
:10BB000038EC62F081CF6EF08B90F290F292F28876
:10BB1000F19CFA0E6C6F4E9A6B6B0601F46B5490AD
:10BB20000701089358980601F795F086F19AF08A74
:10BB3000F196A38AF286C00EF21281CF6EF0F290D7
:10BB40000101926B916B906B8F6BF286040056989B
:10BB50004E920001ACEC64F0015202E054AE45D0CC
:10BB6000549E010E0801CE6F000121EC0BF0060E71
:10BB7000CA6F0801D66F0001C3EC07F0CF0E6B6FE0
:10BB800009010B6B6BC00AF90D6B040E0C6F000101
:10BB900066EC0BF002C003F00150860F006E020E3F
:10BBA0000220016E026AD8B0002A036A02C0D0F8EF
:10BBB000E8CFCFF800C0CEF8EA6E00C0E9FF24EC71
:10BBC00001F001C07EF01B6AF2BE1B8EF29E070ED2
:10BBD0000901766FD00E756F000159EC06F01BBE9F
:10BBE000F28E17EC5DF0A3EFD9F056A04CD0569032
:10BBF0000A0ECA6F0801D66F0001C3EC07F0E7EC2C
:10BC00005BF0CF0E6B6F09010B6B6BC00AF90D6B0C
:10BC1000040E0C6F000166EC0BF002C003F0015043
:10BC2000860F006E020E0220016E026AD8B0002A52
:10BC3000036A02C0D0F8E8CFCFF800C0CEF8EA6EB1
:10BC400000C0E9FF24EC01F001C07EF0E8EC10F048
:10BC5000010E0801CE6F000121EC0BF01B6AF2BE51
:10BC60001B8EF29E030E0901766FE80E756F0001C0
:10BC700059EC06F01BBEF28E85AC02D00400FCD756
:10BC8000519E1BEC5CF0FA0E6C6F4E9A6B6B0400CD
:10BC90005198F2CFCEF8F29E030E636EF30E626EF1
:10BCA0007F9C7F9E7F8061500801CEBFF28EFF088F
:10BCB00032E100011FEF65F0F250006EF29E030EBC
:10BCC000636EF30E626E960E616E7F9C7F9E7F8424
:10BCD0000F01550E7E6EAA0E7E6E7F820050F2120C
:10BCE0007FB2FED77F94F2CF00F0F29E030E636E18
:10BCF000F40E626E61687F9C7F9E7F84550E7E6E1F
:10BD0000AA0E7E6E7F820050F2127FB2FED77F9421
:10BD10005788B0D00801F2CFCEF8F29E030E636EC2
:10BD2000F40E626E7F9C7F9E7F806150CEBFF28E4C
:10BD3000BA081CE1000133EF65F0F250006EF29E8C
:10BD4000030E636EF40E626E61687F9C7F9E7F843B
:10BD50000F01550E7E6EAA0E7E6E7F820050F2128B
:10BD60007FB2FED77F94578803D0080157980F0100
:10BD7000518A0801D16BD06BCF6BCE6BCEC8A6F8C1
:10BD8000A76BA86BA96BCE6BCEC8AAF8010ED36FB8
:10BD9000000192EC7AF051A832D051984D6A4C6A69
:10BDA000E7EC5BF0010ECA6FC20E006E050E016E6D
:10BDB000026A036A0801D06BCF6FC20ECE6FCFC884
:10BDC000EAFFE96E000124EC01F001C07EF0010EF3
:10BDD0000801CE6F000121EC0BF01B6AF2BE1B8E36
:10BDE000F29E070E0901766FD00E756F000159ECB7
:10BDF00006F01BBEF28E17EC5DF0A3EFD9F056B43F
:10BE000038D08BEC0BF0150E0801D66F0001C3EC97
:10BE100007F0150ECA6FE7EC5BF0C20E006E050E60
:10BE2000016E026A036A0801D06BCF6FC20ECE6F3B
:10BE3000CFC8EAFFE96E000124EC01F001C07EF0FA
:10BE4000010E0801CE6F000121EC0BF01B6AF2BE5F
:10BE50001B8EF29E070E0901766FD00E756F0001E2
:10BE600059EC06F01BBEF28E17EC5DF05198A3EF73
:10BE7000D9F00F01519A51985196518C00015EEC06
:10BE800008F02D0E0801CE6F000157EC7BF01B6A05
:10BE9000F2BE1B8EF29E0AC179F909C178F948EC0D
:10BEA00005F01BBEF28E1B6AF2BE1B8EF29E03C013
:10BEB0007BF902C07AF901C079F900C078F909016B
:10BEC0007F6B7E6B100E7D6F810E7C6F000163ECCB
:10BED00005F01BBEF28E1B6AF2BE1B8EF29E03C0E3
:10BEE0007BF902C07AF901C079F900C078F9DEEC7B
:10BEF00005F01BBEF28E02C0CFF801C0CEF80801DB
:10BF0000CF33CE33CF33CE33CF33CEC86FFFCF3323
:10BF1000CF31300B006E6E50CF0B00106E6E0400F0
:10BF200057A232D05792130ED46FAB0ED56F0001CB
:10BF300034EC7CF0010E0801E76F040EE86F00019D
:10BF400019EC36F07D0E976E8E9E1B6AF2BE1B8E2C
:10BF5000F29E0901766B640E756F000159EC06F0D4
:10BF60001BBEF28EACEF7EF0130E0801D46FCD0E27
:10BF7000D56F000134EC7CF00801E76B040EE86F2C
:10BF8000000119EC36F00801040000018BEC0BF005
:10BF9000D1EF7EF00AEF7FF022EC52F05DEC34F04E
:10BFA00008EC3FF057947D0E976E8E920400ABEC38
:10BFB00007F00F0122A30AD01DCF3EF21DCF3EF2A3
:10BFC0001DCF3EF22299228922B3F6D722A504D0B2
:10BFD0001DCF3EF22199218954A402D08CEFEBF0C1
:10BFE0000001CB5304E156BA02D014EF7FF0ABEC62
:10BFF00007F0CB5304E156BA02D01BEF82F0E8EF12
:10C0000086F001C021F721C753F821C772F8006AF2
:10C0100056BE008C56500018400B02E157A032D09B
:10C0200057900701215315E0420E0801C86FC96BF4
:10C03000080E09010A6FC80E096F3B0E0B6F040E44
:10C040000C6F010E0D6F0E6B000134EC0FF014D06D
:10C050000701200E0801CA6FCB6B080E09010A6F99
:10C06000CA0E096F3B0E0B6F040E0C6F010E0D6FA5
:10C070000E6B000134EC0FF06B51790803E164534F
:10C0800001E04F82ABEC07F0CB53D8A458D15894C1
:10C09000ACEC64F0015221E0CDEC56F001C06FF041
:10C0A0006FC009F9140E09010A6F000169EC0FF065
:10C0B0000150010F736F57A804D05194370E6F6F62
:10C0C00006D06F51090802E3518401D05194735195
:10C0D000050802E2050E736F32D1ABEC07F0FA0EE1
:10C0E0006C6F875317E05894F4EC86F0070E876F57
:10C0F000896B040E0801CE6FAF0ECF6F000117ECF5
:10C1000087F073EC5BF0876B6B518B0802E28C0E4F
:10C110006B6FCED06B517808D8B07CD06B51810852
:10C1200079E35894F4EC86F0000E4FB8010E006EDF
:10C13000D89000360050036A130F016E010E0322DF
:10C1400001C0CEF8080103C0CFF8000E4FB8010EB1
:10C15000006ED89000360050036A0F0FE96E010E92
:10C160000320EA6EECCFF3F8ED52EFCFF2F8A6C160
:10C17000F1F8A5C1F0F8A4C1EFF8A3C1EEF80001F1
:10C180005BEC19F0CFC8EAFFCEC8E9FF02C0ECFFB4
:10C19000ED5201C0EFFF000E4FB8010E006ED890B7
:10C1A00000360050036A130FE96E010E0320EA6E99
:10C1B000ECCFCFF8ED52EFCFCEF8000E4FB8010E16
:10C1C000036A740FE96E000E0320EA6EEF50080157
:10C1D000CE250101476F000E0801CF210101486FF4
:10C1E0005951A3259B6F5A51A4219C6F000EA52184
:10C1F0009D6F000EA6219E6F040E0801CE6FBB0E30
:10C20000CF6F000117EC87F0B5EC5BF0589E780E0D
:10C210006B6F4ED06B51820838E26B518B0835E35F
:10C220005894F4EC86F0C05101017F250801CE6FCF
:10C230000001C151010180210801CF6F0001C251ED
:10C240000801CE250101476F000E0801CF21010131
:10C25000486F8151B7259F6F8251B821A06F8351DC
:10C26000B921A16F8451BA21A26F040E0801CE6FCB
:10C27000BB0ECF6F000117EC87F02FEC3FF00601EB
:10C28000F791820E00016B6F13D06B51B40810E26E
:10C290005894F4EC86F0040E0801CE6FBB0ECF6FFD
:10C2A000000117EC87F0FFEC59F0589CB40E6B6F4F
:10C2B000D0EC5BF08BEC0BF0060ECA6F0801D66F6A
:10C2C0000001C3EC07F0CF0E6B6F09010B6B6BC065
:10C2D0000AF90D6B040E0C6F000166EC0BF002C046
:10C2E00003F00150860F006E020E0220016E026AFA
:10C2F000D8B0002A036A02C0D0F8E8CFCFF800C057
:10C30000CEF8EA6E00C0E9FF24EC01F001C07EF037
:10C31000010E0801CE6F000121EC0BF0070E0801A1
:10C32000EE6FD00EED6F000169EC35F00801CE6BB9
:10C33000000121EC0BF017EC5DF0A3EFD9F0ABECB2
:10C3400007F0CB53D8A451D181BA4FD18B808B8ABF
:10C35000010E0801CE6F000121EC0BF08BEC0BF00D
:10C360000901036B260E026F0F0E046F230E056F7B
:10C37000010E066F076B00015AEC0EF00901036B0A
:10C38000270E026F0F0E046F2D0E056F010E066F44
:10C39000076B00015AEC0EF06B518D0811E06B51E8
:10C3A0008E080EE06B51B5080BE06B51B70808E042
:10C3B0006B51790805E06B51830802E0875365E013
:10C3C0000901036B490E026F080E046F410E056FE1
:10C3D000010E066F076B00015AEC0EF00901036BAA
:10C3E0004A0E026F080E046F500E056F010E066FA5
:10C3F000076B00015AEC0EF0FA0E6C6FD0EC5BF09C
:10C4000087530FE0070E876F896B040E0801CE6F0C
:10C41000BB0ECF6F000117EC87F073EC5BF0876BFE
:10C4200034D06B5178080FE26B5181080CE3040E95
:10C430000801CE6FBB0ECF6F000117EC87F0B5EC93
:10C440005BF0589E22D06B51820811E26B518B0831
:10C450000EE3040E0801CE6FBB0ECF6F000117EC88
:10C4600087F02FEC3FF00601F79110D000016B51DF
:10C47000B4080BE2040E0801CE6FBB0ECF6F0001B3
:10C4800017EC87F0FFEC59F0589C0601548C8DEFA7
:10C49000EBF0000124EC63F001526FE1ABEC07F02C
:10C4A0003FEC0BF0090ECA6F0801D66F0001C3EC18
:10C4B00007F0CF0E6B6F09010B6B6BC00AF90D6BA8
:10C4C000040E0C6F000166EC0BF002C003F001508B
:10C4D000860F006E020E0220016E026AD8B0002A9A
:10C4E000036A02C0D0F8E8CFCFF800C0CEF8EA6EF9
:10C4F00000C0E9FF24EC01F001C07EF081BA04D055
:10C50000040024EC63F0FAD7030E0801EE6FE80E86
:10C51000ED6F000169EC35F0CC0E6B6FABEC07F002
:10C5200009010B6B6BC00AF90D6B040E0C6F000157
:10C5300066EC0BF002C003F00150860F006E020E95
:10C540000220016E026AD8B0002A036A02C0D0F845
:10C55000E8CFCFF800C0CEF8EA6E00C0E9FF24ECC7
:10C5600001F001C07EF0ABEC07F00801CE6B0001DA
:10C5700021EC0BF043EFDDF038D0030E0801EE6F35
:10C58000E80EED6F000169EC35F0CC0E6B6FABEC93
:10C5900007F009010B6B6BC00AF90D6B040E0C6FF1
:10C5A000000166EC0BF002C003F00150860F006E34
:10C5B000020E0220016E026AD8B0002A036A02C08D
:10C5C000D0F8E8CFCFF800C0CEF8EA6E00C0E9FF9F
:10C5D00024EC01F001C07EF0ABEC07F00801CE6B5B
:10C5E000000121EC0BF043EFDDF0CB5306E14EA050
:10C5F00004D017EC5DF0A3EFD9F0ABEC07F0CB5310
:10C60000D8A42CD20601F7A114D01E0E0801CF6FBA
:10C61000000138EC62F081CF6EF0F2900801EE6B11
:10C62000010EED6F000169EC35F04E9CF2864E9CD8
:10C63000060100016F51020819E24EBC17D051A249
:10C640000DD287530AE16B51780803E26B518B08D6
:10C6500004E26B51B408D8B001D2F3EC5DF00152A2
:10C6600005E0F1EC62F00152D8A4F8D1FA0E6C6F3B
:10C670006F51020805E24EBC03D05894F4EC86F0EA
:10C68000875314E0070E876F896B040E0801CE6F85
:10C69000AF0ECF6F000117EC87F073EC5BF0876B88
:10C6A0006B518B0802E28C0E6B6FC1D06B51780816
:10C6B000D8B081D06B518108D8A07DD0CC2D01D0CD
:10C6C0006AD0000E4FB8010E006ED89000360050B0
:10C6D000036A130F016E010E032201C0CEF8080198
:10C6E00003C0CFF8000E4FB8010E006ED890003690
:10C6F0000050036A0F0FE96E010E0320EA6EECCFC3
:10C70000F3F8ED52EFCFF2F8A6C1F1F8A5C1F0F8B9
:10C71000A4C1EFF8A3C1EEF800015BEC19F0CFC89B
:10C72000EAFFCEC8E9FF02C0ECFFED5201C0EFFF07
:10C73000000E4FB8010E006ED89000360050036A0C
:10C74000130FE96E010E0320EA6EECCFCFF8ED5225
:10C75000EFCFCEF8000E4FB8010E036A740FE96EEA
:10C76000000E0320EA6EEF500801CE250101476F4D
:10C77000000E0801CF210101486F5951A3259B6F7D
:10C780005A51A4219C6F000EA5219D6F000EA62179
:10C790009E6F08D00001765101010D25476F000EF4
:10C7A0000E21486F040E0801CE6FBB0ECF6F000143
:10C7B00017EC87F03CD06B5182082EE26B518B084E
:10C7C0002BE3C05101017F250801CE6F0001C1514B
:10C7D000010180210801CF6F0001C2510801CE255F
:10C7E0000101476F000E0801CF210101486F8151FF
:10C7F000B7259F6F8251B821A06F8351B921A16FD6
:10C800008451BA21A26F040E0801CE6FBB0ECF6F08
:10C81000000117EC87F00BD06B51B40808E2040E4E
:10C820000801CE6FBB0ECF6F000117EC87F0ABECA9
:10C8300007F0D0EC5BF08BEC0BF0ABEC07F050ECBE
:10C8400087F0ABEC07F04EAC49D0E7EC5BF0010EA3
:10C850000801CE6F000121EC0BF0080E0801D66F25
:10C860000001C3EC07F0080ECA6FC20E006E050E81
:10C87000016E026A036A0801D06BCF6FC20ECE6FE1
:10C88000CFC8EAFFE96E000124EC01F001C07EF0A0
:10C89000070E0801EE6FD00EED6F000169EC35F068
:10C8A0000801CE6B000121EC0BF050EC87F01E0E5E
:10C8B0000801CF6F000138EC62F081CF6EF0F2908A
:10C8C0000801EE6B010EED6F000169EC35F04E9C36
:10C8D000F2864E9C568A010ECB6FBBD06F51020878
:10C8E00038E38BEC0BF00901036BB20E026F040E00
:10C8F000046F1E0E056F020E066F076B00015AECE7
:10C900000EF00901036BB30E026F050E046F500E9B
:10C91000056F020E066F076B00015AEC0EF03FEC3C
:10C920000BF0010E0801CE6F000121EC0BF0030E9D
:10C930000801EE6FE80EED6F000169EC35F00801BB
:10C94000CE6B000121EC0BF017EC5DF0A3EFD9F0FA
:10C9500080D03FEC0BF08BEC0BF00901036B5E0E0B
:10C96000026F140E046F320E056F010E066F076B17
:10C9700000015AEC0EF0000E58B4010E010A05E059
:10C98000030A11E0010A1DE03DD0010E0801C16F4C
:10C99000DB0EC06F040E0901076F030E086F000164
:10C9A00090EC0FF02FD0010E0801C16FDB0EC06FAD
:10C9B000050E0901076F030E086F000190EC0FF0E0
:10C9C00021D0010E0801C16FDB0EC06F040E0901FA
:10C9D000076F030E086F000190EC0FF04E0EF66E1D
:10C9E0000F0EF76E000EF86E030E0901066F0001C0
:10C9F0007AEC15F0050E0901076F030E086F0001B0
:10CA000090EC0FF0010E09010A6FDB0E096F210E89
:10CA10000B6F460E0C6F020E0D6F0E6B000134ECA7
:10CA20000FF05192010E0801CE6F000121EC0BF0C6
:10CA3000070E0801EE6FD00EED6F000169EC35F0C6
:10CA40000801CE6B000121EC0BF017EC5DF0A3EFB9
:10CA5000D9F0518C06018DEFEBF00001ABEC07F043
:10CA6000CB53D8A42CEFEBF06B518D0812E06B5137
:10CA70008E080FE06B51B5080CE06B51790809E0A6
:10CA80006B51830806E0875304E18953D8B4F5EF6E
:10CA9000EAF04EA2CDEFEAF04E926453D8B4CDEF57
:10CAA000EAF06B518D0803E08753D8B4E6D1080152
:10CAB000CC6BCC510308D8A0DED1010E006ECC5156
:10CAC000016E04E0D8900036012EFCD70050000122
:10CAD0008715D8B4CBD1010E006E0801CC51016E80
:10CAE00004E0D8900036012EFCD7005000016415F8
:10CAF000D8B4BCD1010E006E0801CC51016E04E027
:10CB0000D8900036012EFCD7005000018915D8A41A
:10CB1000ADD10801CC51FC0F25E2040F0001A7EFB5
:10CB2000EBF03F0E0801CE6F00016AEC87F00801C0
:10CB300019D0430E0801CE6F00016AEC87F008019E
:10CB400011D0470E0801CE6F00016AEC87F0080192
:10CB500009D03F0E0801CE6F00016AEC87F0080192
:10CB600001D00801D890CC35036A470FE96E010E59
:10CB70000320EA6EECCFCFF8ED52EFCFCEF8CE53D4
:10CB8000D8A436D1CF53D8A433D1CC510001825D83
:10CB900004E16BC06CF08E0E6B6F036A0801CC5120
:10CBA0007F0FE96E000E0320EA6E010EEF5CCE6F80
:10CBB000036ACC51650FE96E000E0320EA6EEF5058
:10CBC000CE5D20E2D890CC35036A470F016E010E8E
:10CBD000032203C0CFF8D890CC35036AF70FE96E73
:10CBE000000E0320EA6EECCF03F0ED52EFCFD0F849
:10CBF000CFC8EAFF01C0E9FF03C0ECFFED52D0C887
:10CC0000EFFF25D0D890CC35036A470F016E010E97
:10CC1000032201C0CEF803C0CFF8D890CC35036A08
:10CC2000F70FE96E000E0320EA6EECCFD1F8ED525B
:10CC3000EFCFD0F8020ED025016E000ED121CFC863
:10CC4000EAFFCEC8E9FFEC6EED5201C0EFFFCC5118
:10CC500003080DE1D890CC35036A470FE96E010E49
:10CC60000320EA6E0E0EEC6EED52100EEF6E060112
:10CC7000F797036A0801CC517F0FE96E000E03207D
:10CC8000EA6EEF50010851E2036ACC517F0FE96E62
:10CC9000000E0320EA6EEF06CC51000A000105E009
:10CCA000010A05E0030A05E005D0898103D08983E4
:10CCB00001D0898595EC6DF0036AA6519C0FE96E51
:10CCC000000E0320EA6ECCC8EFFFA651A62B036A24
:10CCD000A10FE96E000E0320EA6E51C7EFFF040EAC
:10CCE0000801CE6FDD0ECF6F000117EC87F0588280
:10CCF0000801CC51040DF350CF6BCE6FA60ECE259C
:10CD0000D06F070ECF21D16FD36BD26BD1C8EAFFA2
:10CD1000D0C8E9FFD2C8EEFF080EEA6ED10EE96E68
:10CD2000EF6A0601F78760D00801036ACC517F0FD4
:10CD3000016E000E032203C0CFF8036ACC51650FC9
:10CD4000E96E000E0320EA6EEFCFD0F8CFC8EAFFFD
:10CD500001C0E9FFD0C8EFFFCCC8CEF800012FEC2E
:10CD600089F0036AA6519C0FE96E000E0320EA6E5B
:10CD7000CCC8EFFFA651A62B036AA10FE96E000EE7
:10CD80000320EA6E51C7EFFF040E0801CE6FBB0E01
:10CD9000CF6F000117EC87F00801CC51040DF35060
:10CDA000CF6BCE6FA60ECE25D06F070ECF21D16FE1
:10CDB000D36BD26BD1C8EAFFD0C8E9FFD2C8EEFF6F
:10CDC000080EEA6ED10EE96EEF6ACCC8E9FF070ED5
:10CDD000EA6EEF6A000195EC6DF0875304E16BC0D9
:10CDE0006CF08C0E6B6F06018DEFEBF041D00801FB
:10CDF000010E006ECC51016E04E0D8900036012E79
:10CE0000FCD700500601F915006E036A00500310AC
:10CE10002FE1D8900801CC35036A470FE96E010E67
:10CE20000320EA6EFF0EEF2602E2EE52ED06D890E6
:10CE3000CC35036A470FE96E010E0320EA6EECCF92
:10CE4000CFF8ED52EFCFCEF8CF5311E1CE51040819
:10CE50000EE3036ACC517F0FE96E000E0320EA6EE9
:10CE6000EF50010804E30001E1EC7FF00801060146
:10CE70000801CC2B1ED685D200016B51B50834E1D8
:10CE8000470E0801CE6F00016AEC87F0010147539D
:10CE90001BE1485319E16BC06CF0B40E00016B6FDD
:10CEA00051C248F150C247F14F94040E0801CE6FB1
:10CEB000BB0ECF6F000117EC87F095EC6DF006010B
:10CEC0008DEFEBF00FD001014751D8B44807470769
:10CED000485307E14751040804E30001E1EC7FF007
:10CEE000010106014DD200016B517908D8A4B0D1DF
:10CEF000430E0801CE6F00016AEC87F0000E4FB8B8
:10CF0000010E006ED89000360050036A130FE96ED0
:10CF1000010E0320EA6EECCFCFF8ED52EFCFCEF842
:10CF20000801CE5354E1CF5352E10001CC2D03D080
:10CF300008014DD000010101472BD8B4482B07014F
:10CF4000045325E000016153D8B402D007011FD07B
:10CF500001015D519B5F5E519C5B000E9D5B9E5B82
:10CF60001AC1CFF819C1CEF818C1D1F817C1D0F83D
:10CF700000017DEC89F000500101D7270150D82332
:10CF80000250D9230350DA2357961FD0070101011D
:10CF900061519B5F62519C5B000E9D5B9E5B57B62F
:10CFA00014D01AC1CFF819C1CEF818C1D1F817C1E1
:10CFB000D0F80001E9EC89F003C0DAF102C0D9F140
:10CFC00001C0D8F100C0D7F101013FD10801010132
:10CFD000485317E14751050814E3485303E147510B
:10CFE00000080FE24FA809D04FA80BD000016153F1
:10CFF000D8A402D0010105D001010001E1EC7FF0CD
:10D0000001014753D8A4D3D04853D8A4D0D04FA8B7
:10D0100009D04FA881D000016153D8A402D00101EA
:10D020007BD001016BC06CF0780E00016B6F616BFF
:10D03000000E4FB8010E006ED89000360050036A03
:10D04000130F016E010E032201C0CEF8080103C0C8
:10D05000CFF8000E4FB8010E006ED8900036005089
:10D06000036A0F0FE96E010E0320EA6EECCFF3F8AE
:10D07000ED52EFCFF2F8A6C1F1F8A5C1F0F8A4C1C6
:10D08000EFF8A3C1EEF800015BEC19F0CFC8EAFF9E
:10D09000CEC8E9FF02C0ECFFED5201C0EFFF000E69
:10D0A0004FB8010E006ED89000360050036A130F7F
:10D0B000E96E010E0320EA6EECCFCFF8ED52EFCF10
:10D0C000CEF8000E4FB8010E036A740FE96E000E21
:10D0D0000320EA6EEF500801CE250101476F000ED4
:10D0E0000801CF210101486F5951A3259B6F5A5167
:10D0F000A4219C6F000EA5219D6F000EA6219E6F9E
:10D10000040E0801CE6FBB0ECF6F000117EC87F045
:10D1100095EC6DF048D00101010E0001616F010135
:10D120000C51000809E2FF0A03E10B51210804E257
:10D13000010E0C6F220E0B6FAA6BA96B0CC1A8F12C
:10D140000BC1A7F1000E4FB8010E006ED89000364B
:10D150000050036A0F0FE96E010E0320EA6EECCF58
:10D160006DF8ED52EFCF6CF808010BC16EF80CC1F1
:10D170006FF861C070F8070E0901006F0001B5EC8F
:10D1800034F0646B4F8A030E0601FF6F0001765185
:10D1900001010D25476F000E0E21486F00015DEC67
:10D1A00034F095EC6DF00601B8D250D001010701C2
:10D1B000045325E000016153D8B402D007011FD009
:10D1C00001015D519B5F5E519C5B000E9D5B9E5B10
:10D1D0001AC1CFF819C1CEF818C1D1F817C1D0F8CB
:10D1E00000017DEC89F000500101D7270150D823C0
:10D1F0000250D9230350DA2357961FD007010101AB
:10D2000061519B5F62519C5B000E9D5B9E5B57B6BC
:10D2100014D01AC1CFF819C1CEF818C1D1F817C16E
:10D22000D0F80001E9EC89F003C0DAF102C0D9F1CD
:10D2300001C0D8F100C0D7F10101475302E14853C2
:10D2400004E04751D8B448074707060199D00001C8
:10D250006B518308D8A494D0430E0801CE6F00010F
:10D260006AEC87F001017F531BE1805319E1472BE2
:10D27000D8B4482B070104530AE001015F519F5FB6
:10D280006051A05B000EA15BA25B09D00701010108
:10D2900085519F5F8651A05B000EA15BA25B6FD0A2
:10D2A0000001C2510101475D0AE1485308E1010E46
:10D2B00007011E6F4F820001E1EC7FF0010148532E
:10D2C0000CE14751050809E3485303E147510108C0
:10D2D00004E20001E1EC7FF00101475337E14853DC
:10D2E00035E16BC06CF0820E00016B6FC051010123
:10D2F0007F250801CE6F0001C15101018021080185
:10D30000CF6F0001C2510801CE250101476F000E09
:10D310000801CF210101486F8151B7259F6F8251CC
:10D32000B821A06F8351B921A16F8451BA21A26F96
:10D33000040E0801CE6FBB0ECF6F000117EC87F013
:10D3400095EC6DF00601E9D11BD0010107010453F2
:10D350000AE001015F519F5F6051A05B000EA15B7D
:10D36000A25B09D00701010185519F5F8651A05B37
:10D37000000EA15BA25B4751D8B4480747070601DE
:10D38000080100018953D8B408D10801CD6BCD51F3
:10D390000208D8A001D1010E006ECD51016E04E04B
:10D3A000D8900036012EFCD7005000018915D8B462
:10D3B000F0D0010E006E0801CD51016E04E0D8904E
:10D3C0000036012EFCD7005000016415D8B4E1D01E
:10D3D000036A0801CD517F0FE96E000E0320EA6E4B
:10D3E000EF524BE1036ACD517F0F016E000E032215
:10D3F00003C0CFF8036ACD51650FE96E000E03201C
:10D40000EA6EEFCFD0F8CFC8EAFF01C0E9FFD0C87D
:10D41000EFFFCD510001825D04E16BC06CF08C0E1A
:10D420006B6FCDC8CEF82FEC89F0036AA6519C0F24
:10D43000E96E000E0320EA6ECDC8EFFFA651A62BC1
:10D44000036AA10FE96E000E0320EA6E51C7EFFFD9
:10D45000040E0801CE6FBB0ECF6F000117EC87F0F2
:10D4600095EC6DF0875304E16BC06CF08C0E6B6F24
:10D470000601F79752D18CD00801D890CD35036AB8
:10D480004F0FE96E010E0320EA6EECCFCFF8ED529C
:10D49000EFCFCEF8CE535CE1CF535AE1CD5100012E
:10D4A000825D04E16BC06CF08D0E6B6F0601F79727
:10D4B000D8900801CD35036A4F0F016E010E03228B
:10D4C00003C0CFF8D890CD35036AFF0FE96E000E88
:10D4D0000320EA6EECCF03F0ED52EFCFD0F8CFC8C7
:10D4E000EAFF01C0E9FF03C0ECFFED52D0C8EFFF37
:10D4F000CD51000A000105E0010A05E0030A05E03C
:10D5000005D0899103D0899301D08995E1EC7FF012
:10D51000036AA6519C0FE96E000E0320EA6ECDC887
:10D52000EFFFA651A62B036AA10FE96E000E0320A0
:10D53000EA6E51C7EFFF040E0801CE6FEE0ECF6FFB
:10D54000000117EC87F058800601E7D021D00801D0
:10D55000010E006ECD51016E04E0D8900036012E10
:10D56000FCD700500601F915006E036A0050031045
:10D570000FE1D8900801CD35036A4F0FE96E010E17
:10D580000320EA6EFF0EEF2602E2EE52ED060601E0
:10D5900000010801CD2BFBD60001ABEC07F009011F
:10D5A0000B6B6BC00AF90D6B040E0C6F000166EC7F
:10D5B0000BF002C003F00150860F006E020E022035
:10D5C000016E026AD8B0002A036A02C0D0F8E8CF20
:10D5D000CFF800C0CEF8EA6E00C0E9FF24EC01F0FD
:10D5E00001C07EF0ABEC07F037D0ABEC07F06EEF8C
:10D5F0008AF00150010A03E0030A04E006D0C80ED5
:10D600006B6F03D0C90E6B6F4E80ABEC07F0090156
:10D610000B6B6BC00AF90D6B040E0C6F000166EC0E
:10D620000BF002C003F00150860F006E020E0220C4
:10D63000016E026AD8B0002A036A02C0D0F8E8CFAF
:10D64000CFF800C0CEF8EA6E00C0E9FF24EC01F08C
:10D6500001C07EF0ABEC07F00701225314E06BC071
:10D660006CF0B40E00016B6F040E0801CE6FBB0EA0
:10D67000CF6F000117EC87F095EC6DF00701226B7E
:10D6800006014BD007010001ABEC07F0CB5302E1E0
:10D69000AEEF8AF0ABEC07F0CB5302E1FDEF8AF07E
:10D6A000ABEC07F0CB5302E103EF97F0ABEC07F0E4
:10D6B000CB5302E194EFB3F0ABEC07F0CB5302E1B4
:10D6C0007AEFB5F0ABEC07F0CB51010802E315EFB0
:10D6D000B7F0ABEC07F0CB5302E10DEFD1F0ABECC0
:10D6E00007F0CB51010802E323EFD3F0ABEC07F0D6
:10D6F000CB51010802E34BEFD3F0ABEC07F0CB5179
:10D70000010802E364EFD3F0ABEC07F0CB51010862
:10D7100002E395EFD3F00F0106010001ABEC07F037
:10D72000B9EFD3F0CB51010806E3CB6B54AC03D077
:10D73000549C4AEFE2F058A202D0589223D658A047
:10D7400003D0589051EFE5F0D6EFDFF00300E82466
:10D75000F76AF7366F0FF66ED70EF722010EF86EE6
:10D76000FB6E0A00F550FA6E0800F550F96E22CBF8
:06D7700032CB42CB52CB8C
:0200000400F00A
:0103F400BA4E
:020000040030CA
:0E00000015C8782901899100FFC0FFE0FF407C
:00000001FF
;PIC18F67K22
;CRC=09CA  CREATED="28-ene.-26 10:19"
