:100000003BEFCFF084EF35F0046ED8CF05F0E0CFB2
:1000100006F00001E9CF0CF0EACF07F0E1CF08F0DD
:10002000E2CF09F0D9CF0AF0DACF0BF0F3CF12F01C
:10003000F4CF13F0FACF14F0F5CF15F0F6CF16F099
:10004000F7CF17F0F8CF18F0FBCF19F000C00EF083
:1000500001C00FF002C010F003C011F0F2AA34EF9B
:1000600000F0F2B4F7EF00F09DA03AEF00F09EB080
:10007000CDEF0EF0A0A240EF00F0A1B268EF14F0B7
:10008000F2A846EF00F0F2B200EF26F09DAA4CEF86
:1000900000F09EBAA1EF1CF0B9A052EF00F0BAB088
:1000A000D8EF11F0B9A258EF00F0BAB219EF02F090
:1000B000B9A45EEF00F0BAB45DEF13F0B9A664EF37
:1000C00000F0BAB662EF03F0B9A86AEF00F0BAB870
:1000D00074EF17F0B9AA70EF00F0BABA5BEF19F03D
:1000E000B9AC76EF00F0BABC18EF23F00EC000F008
:1000F0000FC001F010C002F011C003F00CC0E9FF06
:1001000007C0EAFF078E08C0E1FF09C0E2FF0AC08E
:10011000D9FF0BC0DAFF12C0F3FF13C0F4FF14C005
:10012000FAFF15C0F5FF16C0F6FF17C0F7FF18C09D
:10013000F8FF19C0FBFF045006C0E0FF05C0D8FF60
:100140001000256620560D0A0000256620560D0A6F
:100150000000256C752075410D0A000025662056AB
:100160000D0A0000256620560D0A0000256C75203A
:1001700075410D0A00000601AE6BAD6BB06BAF6B45
:10018000C282C2B2FED7C3CFAFF6C4CFB0F6C2B2FE
:10019000FED7030143510601AF5F0301445106013D
:1001A000B05BB0BF05D0B05306E1AF51000803E328
:1001B000AE6BAD6B04D0B0C6AEF6AFC6ADF6ADC695
:1001C00001F0AEC602F000011200010E0601AD5FA3
:1001D0000CE3060EEA6EAD0EE96EEF5006E0040E7B
:1001E000006E002EFED7EF2EFAD700011200040198
:1001F0004A53D8A4A1D0C1C0D7FFC0C0D6FF375042
:1002000007081BE100017A51785DD8B402D00401DF
:1002100014D07B51795DD8B402D004010ED07C514A
:100220007A5DD8B402D0040108D07D517B5DD8B48A
:1002300002D0040102D02586040125A60AD037A2E7
:1002400008D0CD90CF68FA0ECE6E45C041F044C0C4
:1002500040F025A80BD03750050808E1B190B368ED
:10026000FA0EB26E47C043F046C042F02488000E3A
:10027000956E8C90250E006E002EFED7000E966EA9
:100280008D8E4F0E006E002EFED700D0000E956EA4
:100290008C887B800001835307E1825305E1815301
:1002A00003E180517C0802E237B00BD08F5307E1A5
:1002B0008E5305E18D5303E18C517C0803E237A690
:1002C00001D038D02AA61BD0350E006E002EFED7E6
:1002D000180E016EC250830B0110C26E000E016E2B
:1002E000C150F80B0110C16E350E006E002EFED706
:1002F00042DF02C0D7F001C0D6F02A961BD0350EDF
:10030000006E002EFED7040E016EC250830B01104A
:10031000C26E000E016EC150F80B0110C16E350E99
:10032000006E002EFED727DF02C0D3F001C0D2F04E
:100330002A8628807BD004014A2D77D00001682BC3
:100340006951685D05E2C1C0D7FFC0C0D6FF6ED05D
:100350000401715303E01FBE01D071072B96000109
:10036000686BC1C0D7FFC0C0D6FF040171535AE00B
:10037000000E956E8C9E250E006E002EFED7CD9041
:10038000B190C7C0CFFFC6C0CEFFCDC0B3FFCCC0B9
:10039000B2FF416A406A436A426ACD80B180000E72
:1003A000966E8D844F0E006E002EFED700D0900EFC
:1003B000946E8B840F013685300E0601AD6F0001FF
:1003C00004DF200E016EC250830B0110C26E000EBE
:1003D000016EC150F80B0110C16E250E006E002E8B
:1003E000FED7C9DE02C0E7F001C0E6F0350E006EB0
:1003F000002EFED7240E016EC250830B0110C26E78
:10040000000E016EC150F80B0110C16E250E006E7A
:10041000002EFED7B0DE02C0E3F001C0E2F0288477
:1004200005D00401D59E010E6D6F0001F29476EFA8
:1004300000F0722B6C51725D05E2C3C07DFFC2C03B
:100440007CFF3BD1835307E1825305E1815303E1F4
:1004500080517C0802E237B00BD08F5307E18E53F6
:1004600005E18D5303E18C517C0831E237A62FD092
:10047000180E016EC250830B0110C26E000E016E89
:10048000C150F80B0110C16E250E006E002EFED774
:1004900072DE02C0D7F001C0D6F0350E006E002E1D
:1004A000FED7040E016EC250830B0110C26E000E07
:1004B000016EC150F80B0110C16E250E006E002EAA
:1004C000FED759DE02C0D3F001C0D2F02880726B93
:1004D0007B90C3C07DFFC2C07CFF000E956E8C98E0
:1004E000250E006E002EFED7302C6BD037A069D0C1
:1004F000000E966E8D9EC5C03FFFC4C03EFF935355
:1005000007E1925305E1915303E190517C080FE21A
:10051000000E956E8C804F0E006E002EFED700D020
:10052000000E956E8C860F013D8149D00001000EB2
:10053000956E8C80350E006E002EFED7000E956EE7
:100540008C860F013D812AA81DD0350E006E002E2D
:10055000FED7140E016EC250830B0110C26E000E46
:10056000016EC150F80B0110C16E350E006E002EE9
:10057000FED7000100DE02C0D9F001C0D8F02A98F1
:100580001DD00F01350E006E002EFED7040E016E39
:10059000C250830B0110C26E000E016EC150F80BE9
:1005A0000110C16E350E006E002EFED70001E3DD96
:1005B00002C0D5F001C0D4F02A8828800F017ED077
:1005C000000137A669D0000E966E8D9EC5C03FFF14
:1005D000C4C03EFF9F5307E19E5305E19D5303E1D5
:1005E0009C517C080FE2000E956E8C804F0E006EC1
:1005F000002EFED700D0000E956E8C860F013D8137
:1006000049D00001000E956E8C80350E006E002ED4
:10061000FED7000E956E8C860F013D812AA81DD055
:10062000350E006E002EFED7140E016EC250830BE5
:100630000110C26E000E016EC150F80B0110C16EA8
:10064000350E006E002EFED7000195DD02C0D9F0F8
:1006500001C0D8F02A981DD00F01350E006E002E73
:10066000FED7040E016EC250830B0110C26E000E45
:10067000016EC150F80B0110C16E350E006E002ED8
:10068000FED7000178DD02C0D5F001C0D4F02A8881
:1006900028800F0113D00001000E956E8C902498D5
:1006A00025A602D0CD80259625A805D0375005086F
:1006B00002E1B18025981F8428800F01BA920001C1
:1006C00076EF00F0732B6D51735D05E2C5C03FFFFF
:1006D000C4C03EFFC5D0736B0F013D91C5C03FFF45
:1006E000C4C03EFF302C3CD037A03AD00001935319
:1006F00007E1925305E1915303E190517C082FE209
:10070000140E016EC250830B0110C26E000E016EFA
:10071000C150F80B0110C16E250E006E002EFED7E1
:100720002ADD02C0D9F001C0D8F0350E006E002ECF
:10073000FED7040E016EC250830B0110C26E000E74
:10074000016EC150F80B0110C16E250E006E002E17
:10075000FED711DD02C0D5F001C0D4F0288039D019
:1007600000019F5307E19E5305E19D5303E19C5116
:100770007C082FE2140E016EC250830B0110C26E72
:10078000000E016EC150F80B0110C16E250E006EF7
:10079000002EFED7F0DC02C0D9F001C0D8F0350E33
:1007A000006E002EFED7040E016EC250830B0110A6
:1007B000C26E000E016EC150F80B0110C16E250E05
:1007C000006E002EFED7D7DC02C0D5F001C0D4F0F9
:1007D0002880000E956E8C98956E8C96966E8D9EE8
:1007E000956E8C90249825A602D0CD80259625A8BC
:1007F00005D03750050802E1B1802598835307E101
:10080000825305E1815303E180517C0802E237B055
:100810000BD08F5307E18E5305E18D5303E18C51CB
:100820007C0804E237A602D01F841AD0835309E162
:10083000825307E1815305E180517C0802E337B020
:100840000BD08F530DE18E530BE18D5309E18C5189
:100850007C0806E337A604D02AA601D001D01F8465
:10086000BA9676EF00F08E0E006EB8C601F0B7C6ED
:1008700002F0036A015209E102C001F0026A080EA7
:10088000005E015202E1006A08D0D89001BE04D097
:10089000023601360006F9D7019E12000601B75153
:1008A000D8B4A5D0C36FBB51D8B4A1D0C35F05E302
:1008B0007F0EC327D8B09BD006D0810EC35FD8A0CF
:1008C00096D0D8B494D0C3C600F0016A026A036A15
:1008D000C26BB8C6C1F6C18FB9C6C0F6BAC6BFF6FC
:1008E000190EC36FBE51BF5F0DE2010EC05F0AE279
:1008F000C15F08E2C25F06E2C22BC12BC02BBE5112
:10090000BF2728D0BD51C05F12E2010EC15F0FE2C8
:10091000C25F0DE2C22BC12BBD51C027BE51BF2704
:1009200019E3C02B17E1C12B15E1C22B13D0BC5129
:100930008009C15F0EE2010EC25F0BE2C22BBC5107
:100940008009C127BD51C027E9E3C12BE7E1C22BD4
:10095000E5D70380C32F01D00BD0D890BF37C03765
:10096000C137C237D890033602360136C437BAD7FA
:10097000C4A106D0D890013202320332C43302D06F
:10098000000635E0C4BF1ED0D890BF37C037C1378E
:10099000C237BE51BF5F07E2010EC05F04E2C15F14
:1009A00002E2C25F1AE3BD51C05F05E2010EC15F02
:1009B00002E2C25F12E3BC518009C15F03E2010E93
:1009C000C25F0BE3032A09E1022A07E1012A05E1DC
:1009D000002A0DE0013202320332B8C6C3F6BC5120
:1009E000C31BC3AF02D0018E06D0019E04D0006AA3
:1009F000016A026A036A000112008E0E006E06018F
:100A0000B351005EB4C602F0B5C601F0028E0052CA
:100A100009E0D890025202E1015204E002320132B0
:100A2000002EF7D7B4AF05D0011E021E012AD8B49C
:100A3000022A00011200800ED8A202D00601BC1BBF
:100A40000601C16BC26BB8C6C0F6BC51C01BB75122
:100A5000D8B4DFD0BF6F006EBB51D8B4E3D0BF5F56
:100A6000D8B483D03EE3BCC6C5F6C58FBDC6C4F6B8
:100A7000BEC6C3F6C26BD890C533C433C333C233CA
:100A8000BF2FF8D7C0AF03D0C181E0D0C191BF91D3
:100A9000C189060EEA6EBA0EE96EEBD0C199C0BFED
:100AA0000AD0BFA113D0C533C433C333C233002A25
:100AB000D8B4C7D00BD0C5BF0CD0D890C237C3377D
:100AC000C437C5370006D8B4BCD0F5D7C18D6DD0BA
:100AD000C19DB8C6C0F6B8AF02D0C58FABD0C59F18
:100AE000A9D0BBC6BFF6BBC600F0B751BF5FB8C642
:100AF000C5F6C58FB9C6C4F6BAC6C3F6C26BD890E0
:100B0000C533C433C333C233BF2FF8D7C0AF03D00C
:100B1000C1839CD0C193BF91C18B060EEA6EBE0EFD
:100B2000E96EA7D0C19BC0BF0AD0BFA113D0C53307
:100B3000C433C333C233002AD8B483D00BD0C5BF6B
:100B40000CD0D890C237C337C437C5370006D8B4E5
:100B500078D0F5D7C18F29D0C19FBCC6C0F6BCAF35
:100B600002D0C58F67D0C59F65D0BCC6C5F6C58FFE
:100B7000BDC6C4F6BEC6C3F6C0AF04D0C59FC1850E
:100B800065D0C195C26BBF91060EEA6EBA0EE96ED2
:100B900070D0C0BF1CD0B8C6C0F6BFA106D0C53348
:100BA000C433C333C233002A4CE0C2AF0BD0C32BD3
:100BB00009E1C42B07E1C52B05E1C533C433C333B9
:100BC000002A3FE0C1BD84D7C1BFC6D71CD0800E6C
:100BD000C51BC5AF04D03AD0BCC6C0F60AD0B8C653
:100BE000C0F6C55306E1C45304E1C35302E1006AF1
:100BF00021D0C5BF08D0D890C237C337C437C53756
:100C0000002EF7D71ED0C0AF02D0C58F13D0C59F1E
:100C100011D0BBC600F0BCC6C5F6BDC6C4F6BEC684
:100C2000C3F608D0B7C600F0B8C6C5F6B9C6C4F654
:100C3000BAC6C3F6C5C601F0C4C602F0C3C603F007
:100C400034D0006A016A026A036A2FD0C26BC31FE4
:100C5000C41FC51FC21FC22B05E1C32B03E1C42B58
:100C600001E1C52BC1B112D7C1B354D7C1B589D7E2
:100C7000B3D7EF50C32705E3C42B03E1C52BD8B48A
:100C8000BF81ED52EF50C42703E3C52BD8B4BF8119
:100C9000ED52EF50EFBE01D0800AC527D8B0BF811A
:100CA000C1B9FCD6C1BB3ED774D700011200B8C68B
:100CB000BFF60601BC51BF1BBFAF05D0D894D8907A
:100CC000B8BFD8802FD0B8C6BFF6BBC6C0F6B751E4
:100CD000C05F06E0BFAF26D0D850010AD86E22D040
:100CE000BCC6C0F6B851C05F06E0BFAF1BD0D8503D
:100CF000010AD86E17D0BDC6C0F6B951C05F06E074
:100D0000BFAF10D0D850010AD86E0CD0BEC6C0F606
:100D1000BA51C05F06E0BFAF05D0D850010AD86E07
:100D200001D0D890000112000601B751B608B76F84
:100D3000036AB8C6BBF6B88FD890B833B933BA33A4
:100D40000332023201320032B72FF6D7BBAF0BD0DD
:100D5000001E011E021E031E002AD8B4012AD8B4A8
:100D6000022AD8B4032A000112000601B751D8B4F0
:100D700071D0006EBB51D8B46DD0002604E3810E53
:100D8000002668E204D07F0E005E64E363E0B8C62C
:100D9000BFF6BC51BF1BB88FBC8FBA51BE03F4CF96
:100DA000C1F6B951BD03F4CF03F0F3CFC0F6BE03D3
:100DB000F350C127F450C023000E0322BA51BD03E3
:100DC000F350C127F450C023000E026A032202220E
:100DD000B851BE03F350C027F4500322000E022284
:100DE000B851BD03F3500326F4500222000E016AED
:100DF0000122BA51BC03F350C027F4500322000E65
:100E000002220122B951BC03F3500326F4500222FE
:100E1000000E0122B851BC03F3500226F450012207
:100E2000002A01BE05D0C03703360236013600065F
:100E3000000EC0AF0AD0032A02220122015005E1B0
:100E4000025003E1035001E1002ABFBF018EBFAF92
:100E5000019E04D0006A016A026A036A000112005E
:100E60000601BA6BB96B780EB86F830EB76FB6C652
:100E7000BEF6B5C6BDF6B4C6BCF6B3C6BBF6000139
:100E800016DF31E3456A446A0601BA6B240EB96F76
:100E9000740EB86F930EB76FB6C6BEF6B5C6BDF684
:100EA000B4C6BCF6B3C6BBF60001F8DC03C0BAF6A4
:100EB00002C0B9F601C0B8F600C0B7F635DF03C00E
:100EC000DFF102C0DEF101C0DDF100C0DCF1000E97
:100ED000D8800101DC550001C66F000E0101DD550F
:100EE0000001C76FC9D1B6C6BAF6B5C6B9F6B4C661
:100EF000B8F6B3C6B7F60601BE6BBD6BBC6B800E11
:100F0000BB6F0001D4DE01E248E1456A280E446E61
:100F100045C0B8F644C0B7F6A6DCB6C6BAF6B5C644
:100F2000B9F6B4C6B8F6B3C6B7F603C0BEF602C08B
:100F3000BDF601C0BCF600C0BBF617DF0601BA6BF8
:100F4000240EB96F740EB86F930EB76F03C0BEF660
:100F500002C0BDF601C0BCF600C0BBF600019EDCBD
:100F600003C0BAF602C0B9F601C0B8F600C0B7F6C1
:100F7000DBDE03C0DFF102C0DEF101C0DDF100C045
:100F8000DCF1000ED8800101DC550001C66F000EB7
:100F90000101DD550001C76F6FD1B6C6BAF6B5C6FF
:100FA000B9F6B4C6B8F6B3C6B7F60601BE6BBD6BEC
:100FB000BC6B810EBB6F00017ADE01E248E1456A3D
:100FC000140E446E45C0B8F644C0B7F64CDCB6C645
:100FD000BAF6B5C6B9F6B4C6B8F6B3C6B7F603C026
:100FE000BEF602C0BDF601C0BCF600C0BBF6BDDE59
:100FF0000601BA6B240EB96F740EB86F930EB76FFB
:1010000003C0BEF602C0BDF601C0BCF600C0BBF610
:10101000000144DC03C0BAF602C0B9F601C0B8F65C
:1010200000C0B7F681DE03C0DFF102C0DEF101C00F
:10103000DDF100C0DCF1000ED8800101DC550001BB
:10104000C66F000E0101DD550001C76F15D1B6C690
:10105000BAF6B5C6B9F6B4C6B8F6B3C6B7F6060161
:10106000BE6BBD6BBC6B820EBB6F000120DE01E26C
:101070004AE1456A0A0E446E45C0B8F644C0B7F668
:1010800033EC04F0B6C6BAF6B5C6B9F6B4C6B8F6CF
:10109000B3C6B7F603C0BEF602C0BDF601C0BCF6CB
:1010A00000C0BBF662DE0601BA6B240EB96F740E87
:1010B000B86F930EB76F03C0BEF602C0BDF601C095
:1010C000BCF600C0BBF600014EEC04F003C0BAF65B
:1010D00002C0B9F601C0B8F600C0B7F625DE03C0FD
:1010E000DFF102C0DEF101C0DDF100C0DCF1000E75
:1010F000D8800101DC550001C66F000E0101DD55ED
:101100000001C76FB9D0B6C6BAF6B5C6B9F6B4C64F
:10111000B8F6B3C6B7F60601BE6BBD6B200EBC6F4A
:10112000830EBB6F0001C3DD01E24AE1456A050E93
:10113000446E45C0B8F644C0B7F633EC04F0B6C60A
:10114000BAF6B5C6B9F6B4C6B8F6B3C6B7F603C0B4
:10115000BEF602C0BDF601C0BCF600C0BBF605DE9F
:101160000601BA6B240EB96F740EB86F930EB76F89
:1011700003C0BEF602C0BDF601C0BCF600C0BBF69F
:1011800000014EEC04F003C0BAF602C0B9F601C08B
:10119000B8F600C0B7F6C8DD03C0DFF102C0DEF16B
:1011A00001C0DDF100C0DCF1000ED8800101DC558A
:1011B0000001C66F000E0101DD550001C76F5CD054
:1011C000B6C6BAF6B5C6B9F6B4C6B8F6B3C6B7F67B
:1011D0000601BE6BBD6B780EBC6F830EBB6F00014A
:1011E00066DD01E249E1456A020E446E45C0B8F68B
:1011F00044C0B7F633EC04F0B6C6BAF6B5C6B9F6D5
:10120000B4C6B8F6B3C6B7F603C0BEF602C0BDF6A4
:1012100001C0BCF600C0BBF6A8DD0601BA6B240E07
:10122000B96F740EB86F930EB76F03C0BEF602C0ED
:10123000BDF601C0BCF600C0BBF600014EEC04F0E8
:1012400003C0BAF602C0B9F601C0B8F600C0B7F6DE
:101250006BDD03C0DFF102C0DEF101C0DDF100C0D3
:10126000DCF1000ED8800101DC550001C66F000ED4
:101270000101DD550001C76FC7C0CFFFC6C0CEFF5B
:1012800012000201E6A35FD0CDC2B8F6CCC2B7F619
:10129000000133EC04F003C0F2F202C0F1F201C02D
:1012A000F0F200C0EFF203012EAB4BD025C3FEF2EB
:1012B00024C3FDF223C3FCF222C3FBF2FEC2B6F646
:1012C000FDC2B5F6FCC2B4F6FBC2B3F60001FDECFC
:1012D00004F002C0B4F601C0B3F60601B433B33370
:1012E000B433B333B433B3C644FFB433B431300B87
:1012F000006E0F014351CF0B0010436F315220E0BD
:10130000FEC2B6F6FDC2B5F6FCC2B4F6FBC2B3F639
:101310000001FDEC04F002C0B4F601C0B3F6060112
:10132000B433B333B433B333B433B3C647FFB43396
:10133000B431300B006E0F014651CF0B0010466FD9
:10134000030115D10201E6A511D0CFC2B8F6CEC275
:10135000B7F6000133EC04F003C0F2F202C0F1F280
:1013600001C0F0F200C0EFF203D1020103012EBB75
:1013700040D02BAE1ED0D892F2C2BAF6F1C2B9F666
:10138000F0C2B8F6EFC2B7F6EEC2BEF6EDC2BDF6D9
:10139000ECC2BCF6EBC2BBF600011BEC05F003C0CF
:1013A000F2F202C0F1F201C0F0F200C0EFF21FD081
:1013B00003012BBE1DD0D882F2C2BAF6F1C2B9F633
:1013C000F0C2B8F6EFC2B7F6EEC2BEF6EDC2BDF699
:1013D000ECC2BCF6EBC2BBF600011BEC05F003C08F
:1013E000F2F202C0F1F201C0F0F200C0EFF203012C
:1013F000BED02BAE61D00201E6A704D0E6B502D084
:1014000003015AD0CDC2B8F6CCC2B7F6000133EC16
:1014100004F003C0F2F202C0F1F201C0F0F200C029
:10142000EFF225C3FEF224C3FDF223C3FCF222C374
:10143000FBF2FEC2B6F6FDC2B5F6FCC2B4F6FBC2C4
:10144000B3F6FDEC04F002C0B4F601C0B3F6060139
:10145000B433B333B433B333B433B3C644FFB43368
:10146000B431300B006E0F014351CF0B0010436FAE
:10147000315220E0FEC2B6F6FDC2B5F6FCC2B4F6AB
:10148000FBC2B3F60001FDEC04F002C0B4F601C0EB
:10149000B3F60601B433B333B433B333B433B3C6A2
:1014A00047FFB433B431300B006E0F014651CF0B00
:1014B0000010466F5BD003012BBE59D0CFC2B8F6E7
:1014C000CEC2B7F6000133EC04F003C0F2F202C062
:1014D000F1F201C0F0F200C0EFF2FAC2FEF2F9C27E
:1014E000FDF2F8C2FCF2F7C2FBF2FEC2B6F6FDC294
:1014F000B5F6FCC2B4F6FBC2B3F6FDEC04F002C0D4
:10150000B4F601C0B3F60601B433B333B433B33326
:10151000B433B3C644FFB433B431300B006E0F01A3
:101520004351CF0B0010436F315220E0FEC2B6F69C
:10153000FDC2B5F6FCC2B4F6FBC2B3F60001FDEC89
:1015400004F002C0B4F601C0B3F60601B433B333FD
:10155000B433B333B433B3C647FFB433B431300B11
:10156000006E0F014651CF0B0010466F03010001C2
:101570000601BA6BB96BB86B7F0EB76FF2C2BEF6DD
:10158000F1C2BDF6F0C2BCF6EFC2BBF600014EECF4
:1015900004F003C0B6F602C0B5F601C0B4F600C050
:1015A000B3F6D88203C0BAF602C0B9F601C0B8F6E5
:1015B00000C0B7F6EAC2BEF6E9C2BDF6E8C2BCF6A4
:1015C000E7C2BBF61BEC05F003C0B2F602C0B1F6F1
:1015D00001C0B0F600C0AFF60601BA6BB96BB86BCC
:1015E0007F0EB76FB2C6BEF6B1C6BDF6B0C6BCF6CA
:1015F000AFC6BBF600014EEC04F003C0E5F202C03A
:10160000E4F201C0E3F200C0E2F2E5C2BAF6E4C2DD
:10161000B9F6E3C2B8F6E2C2B7F60601BE6BBD6B1F
:10162000BC6BBB6B000157EC06F001E20AE106015E
:10163000B66BB56B7A0EB46F880EB36F000110DC19
:1016400009D0E5C2B6F6E4C2B5F6E3C2B4F6E2C22A
:10165000B3F606DC1200D2C2B8F6D1C2B7F633EC4C
:1016600004F003C0B2F602C0B1F601C0B0F600C08B
:10167000AFF6D88203C0BAF602C0B9F601C0B8F618
:1016800000C0B7F602C3BEF601C3BDF600C3BCF688
:10169000FFC2BBF61BEC05F003C0B2F602C0B1F608
:1016A00001C0B0F600C0AFF603C0BAF602C0B9F68A
:1016B00001C0B8F600C0B7F638C3BEF637C3BDF6F2
:1016C00036C3BCF635C3BBF6B5EC06F003C0BAF6BC
:1016D00002C0B9F601C0B8F600C0B7F694EC06F047
:1016E00003C0B2F602C0B1F601C0B0F600C0AFF65A
:1016F0000201D35106010024006E0201D4510601FB
:101700000120016E0201D55106010220026E020184
:10171000D65106010320E8CF3CF302C03BF301C0E1
:101720003AF300C039F33CC387F03BC386F03AC3B9
:1017300085F039C384F03CC397F03BC396F03AC3BD
:1017400095F039C394F000011200D8B204D0060E0F
:10175000EA6EBB0EE96E006A016A026A036A06015C
:10176000BB6BBC6BBD6BBE6BBA51B911B811B71175
:101770002CE0200EBF6FD890B337B437B537B637EB
:10178000BB37BC37BD37BE37BA51BE5D08E1B95172
:10179000BD5D05E1B851BC5D02E1B751BB5D0FE332
:1017A000B751BB5FB851D8A0B83DBC5FB951D8A004
:1017B000B93DBD5FBA51D8A0BA3DBE5FD8800036F2
:1017C000013602360336BF2FD6D7BBC6EFFFBCC6E5
:1017D000ECFFBDC6ECFFBEC6ECFF00011200B60E6A
:1017E000006E036A026A016A0601B751B811B911A5
:1017F000BA1102E1006A0DD0D89001BE09D0B73706
:10180000B837B937BA37033602360136002EF4D767
:10181000019E0001120003013C5346E13B5344E1A9
:101820003A51040841E303E13951FA083DE33935FF
:101830000601AF6F03013A350601B06F03013B3576
:101840000601B16F03013C350601B26FAF37B03707
:10185000B137B237AF37B037B137B237AF37B0374C
:10186000B137B237AF37B037B137B237AF37B0373C
:10187000B137B237C00EAF17D892B2C6B6F6B1C6FE
:10188000B5F6B0C6B4F6AFC6B3F6BA6BB96B010E17
:10189000B86F040EB76F000158DF01C0C9F000C077
:1018A000C8F06E6B0FD103013CC3BAF63BC3B9F667
:1018B0003AC3B8F639C3B7F6000191DF03C0B2F6F8
:1018C00002C0B1F601C0B0F600C0AFF603C0BAF670
:1018D00002C0B9F601C0B8F600C0B7F60601BE6B8B
:1018E000600EBD6F1F0EBC6F890EBB6F00014EEC0A
:1018F00004F003C0A3F202C0A2F201C0A1F200C032
:10190000A0F2A3C2B6F6A2C2B5F6A1C2B4F6A0C2B6
:10191000B3F6FDEC04F00601B86B01C0B7F60001A8
:1019200033EC04F0D882A3C2BAF6A2C2B9F6A1C2BF
:10193000B8F6A0C2B7F603C0BEF602C0BDF601C03D
:10194000BCF600C0BBF61BEC05F003C0B2F602C04B
:10195000B1F601C0B0F600C0AFF603C0BAF602C0DF
:10196000B9F601C0B8F600C0B7F60601BE6BBD6B94
:10197000BC6BBB6B000157EC06F00DE1A3C2B6F6E1
:10198000A2C2B5F6A1C2B4F6A0C2B3F6FDEC04F053
:1019900001C06EF00DD0A3C2B6F6A2C2B5F6A1C2C8
:1019A000B4F6A0C2B3F6FDEC04F0010E01246E6F94
:1019B0000601B86B6EC0B7F6000133EC04F0A3C2A9
:1019C000BAF6A2C2B9F6A1C2B8F6A0C2B7F603C071
:1019D000BEF602C0BDF601C0BCF600C0BBF64EECC0
:1019E00004F003C08BF202C08AF201C089F200C089
:1019F00088F20601BA6BB96B7F0EB86F860EB76FAF
:101A00008BC2BEF68AC2BDF689C2BCF688C2BBF6DE
:101A10000001B5EC06F003C0B6F602C0B5F601C091
:101A2000B4F600C0B3F6FDEC04F002C0C9F001C08A
:101A3000C8F00601B86B6EC0B7F6000133EC04F0D5
:101A400003C0BAF602C0B9F601C0B8F600C0B7F6D6
:101A50009A0E0601BE6F990EBD6F190EBC6F7D0EFA
:101A6000BB6F0001B5EC06F003C0B2F602C0B1F6E0
:101A700001C0B0F600C0AFF60601B86B6EC0B7F695
:101A8000000133EC04F0D89203C0BAF602C0B9F6F4
:101A900001C0B8F600C0B7F6B2C6BEF6B1C6BDF614
:101AA000B0C6BCF6AFC6BBF61BEC05F003C0B6F67D
:101AB00002C0B5F601C0B4F600C0B3F6FDEC04F008
:101AC00001C06EF0200E06096B6EC8C06CFF6B94EF
:101AD000746B312C61D103013C5346E13B5344E12B
:101AE0003A51040841E303E13951FA083DE339353D
:101AF0000601AF6F03013A350601B06F03013B35B4
:101B00000601B16F03013C350601B26FAF37B03744
:101B1000B137B237AF37B037B137B237AF37B03789
:101B2000B137B237AF37B037B137B237AF37B03779
:101B3000B137B237C00EAF17D892B2C6B6F6B1C63B
:101B4000B5F6B0C6B4F6AFC6B3F6BA6BB96B010E54
:101B5000B86F040EB76F0001F8DD01C0CBF000C014
:101B6000CAF06F6B0FD103013CC3BAF63BC3B9F6A1
:101B70003AC3B8F639C3B7F6000131DE03C0B2F696
:101B800002C0B1F601C0B0F600C0AFF603C0BAF6AD
:101B900002C0B9F601C0B8F600C0B7F60601BE6BC8
:101BA000600EBD6F1F0EBC6F890EBB6F00014EEC47
:101BB00004F003C0A7F202C0A6F201C0A5F200C063
:101BC000A4F2A7C2B6F6A6C2B5F6A5C2B4F6A4C2E0
:101BD000B3F6FDEC04F00601B86B01C0B7F60001E6
:101BE00033EC04F0D882A7C2BAF6A6C2B9F6A5C2F1
:101BF000B8F6A4C2B7F603C0BEF602C0BDF601C077
:101C0000BCF600C0BBF61BEC05F003C0B2F602C088
:101C1000B1F601C0B0F600C0AFF603C0BAF602C01C
:101C2000B9F601C0B8F600C0B7F60601BE6BBD6BD1
:101C3000BC6BBB6B000157EC06F00DE1A7C2B6F61A
:101C4000A6C2B5F6A5C2B4F6A4C2B3F6FDEC04F084
:101C500001C06FF00DD0A7C2B6F6A6C2B5F6A5C2F8
:101C6000B4F6A4C2B3F6FDEC04F0010E01246F6FCC
:101C70000601B86B6FC0B7F6000133EC04F0A7C2E1
:101C8000BAF6A6C2B9F6A5C2B8F6A4C2B7F603C0A2
:101C9000BEF602C0BDF601C0BCF600C0BBF64EECFD
:101CA00004F003C08FF202C08EF201C08DF200C0BA
:101CB0008CF20601BA6BB96B7F0EB86F860EB76FE8
:101CC0008FC2BEF68EC2BDF68DC2BCF68CC2BBF60C
:101CD0000001B5EC06F003C0B6F602C0B5F601C0CF
:101CE000B4F600C0B3F6FDEC04F002C0CBF001C0C6
:101CF000CAF00601B86B6FC0B7F6000133EC04F010
:101D000003C0BAF602C0B9F601C0B8F600C0B7F613
:101D10009A0E0601BE6F990EBD6F190EBC6F7D0E37
:101D2000BB6F0001B5EC06F003C0B2F602C0B1F61D
:101D300001C0B0F600C0AFF60601B86B6FC0B7F6D1
:101D4000000133EC04F0D89203C0BAF602C0B9F631
:101D500001C0B8F600C0B7F6B2C6BEF6B1C6BDF651
:101D6000B0C6BCF6AFC6BBF61BEC05F003C0B6F6BA
:101D700002C0B5F601C0B4F600C0B3F6FDEC04F045
:101D800001C06FF0200E06090F01396FCAC03AFF7B
:101D90000F0139950001756B1200402AD8B4412A11
:101DA0004150455C09E303E14450405C05E2C7C093
:101DB000CFFFC6C0CEFFF9D2CD90416A406A040180
:101DC0004A53D8A42ED137500208D8A42AD12AB019
:101DD00028D142BB26D12BAC1ED10201E6A364D090
:101DE0000301302B3051030838E10F013095060E06
:101DF000326F0301116B106BBA9C306B0201E693DA
:101E0000CDC2B8F6CCC2B7F6000133EC04F006013F
:101E1000BA6BB96BB86B7F0EB76F03C0BEF602C06A
:101E2000BDF601C0BCF600C0BBF600014EEC04F0EC
:101E300003C002F302C001F301C000F300C0FFF2CF
:101E40000201EA6BE96BE86BE76B2B8E000141EC5A
:101E500009F0B98C0F01308503013051020802E00E
:101E6000302D0DD0026B016B006B0201FF6BEA6B32
:101E7000E96BE86BE76B000141EC09F003012BAA69
:101E80000DD0026B016B006B0201FF6B03012EB7DB
:101E900005D000012BEC0BF0BEDC03010201EA6B64
:101EA000E96BE86BE76BB5D0E6A59BD003012F2B60
:101EB0002F5103085AE10F013095060E326F0301CE
:101EC000116B106BBA9C000141EC09F0CFC2B8F65F
:101ED000CEC2B7F633EC04F00601BA6BB96BB86B3F
:101EE0007F0EB76F03C0BEF602C0BDF601C0BCF6E0
:101EF00000C0BBF600014EEC04F003C0B0F602C017
:101F0000AFF601C0AEF600C0ADF6D2C2B8F6D1C28F
:101F1000B7F633EC04F0D88203C0BAF602C0B9F6C3
:101F200001C0B8F600C0B7F6B0C6BEF6AFC6BDF683
:101F3000AEC6BCF6ADC6BBF61BEC05F003C002F3A3
:101F400002C001F301C000F300C0FFF20201EA6B1E
:101F5000E96BE86BE76B2B9EE69503012F6B060E92
:101F60000F01326FB98C308503012F51020802E056
:101F70002F2D18D0D2C2B8F6D1C2B7F6000133EC7B
:101F800004F003C002F302C001F301C000F300C07B
:101F9000FFF20201EA6BE96BE86BE76B000141ECD1
:101FA00009F003012BAA17D0D2C2B8F6D1C2B7F6F6
:101FB000000133EC04F003C002F302C001F301C0DE
:101FC00000F300C0FFF203012EB705D000012BEC97
:101FD0000BF021DC03010201EA6BE96BE86BE76BB4
:101FE00018D0EA6BE96BE86BE76BE6AB0ED0E69BCB
:101FF000F2C2B6F6F1C2B5F6F0C2B4F6EFC2B3F66D
:10200000000130EC07F006D00201C7C0CFFFC6C008
:10201000CEFF000104012BAA03D003012E85040189
:1020200004D0C7C0CFFFC6C0CEFFCD80C7C0CFFF92
:10203000C6C0CEFF4A53D8A42ED1375007081BE1A3
:1020400000017A51785DD8B402D0040114D07B51DC
:10205000795DD8B402D004010ED07C517A5DD8B439
:1020600002D0040108D07D517B5DD8B402D00401B8
:1020700002D02588040125A80AD037A408D0B19041
:10208000B368FA0EB26E47C043F046C042F037B0B4
:1020900002D037A6A5D0D6500101866FD7CF87F1E1
:1020A00024B89AD024BE3CD0865303E18753D8B4D9
:1020B00093D08635026E8735036E023603360236BC
:1020C000033602360336F00E02160250FF0A0601EE
:1020D000AD6FFF0E0318AE6F280E01015A25006E7A
:1020E000000E5B21016E000E5C21026E000E5D2170
:1020F000036E0352D8A470D002526EE10150060163
:10210000AE5DD8B002D0010167D0D8B402D00101D1
:1021100007D0AD51005CD8A002D001015DD0010113
:10212000248A249E000E956E8C94250E006E002E3F
:10213000FED7000E956E8C824F0E006E002EFED7DD
:1021400000D0000E956E8C8C6B840001875307E1E4
:10215000865305E1855303E184517C0801E23AD0BE
:102160002AAA1CD0350E006E002EFED71C0E016E62
:10217000C250830B0110C26E000E016EC150F80BED
:102180000110C16E350E006E002EFED7BBEC00F0C4
:1021900002C0DFF001C0DEF02A9A1CD0350E006EBE
:1021A000002EFED7080E016EC250830B0110C26EC6
:1021B000000E016EC150F80B0110C16E350E006E9D
:1021C000002EFED7BBEC00F002C0DBF001C0DAF05D
:1021D0002A8A288203D00101258600015AD00401F1
:1021E000248A000E956E8C94250E006E002EFED76C
:1021F000000E956E8C824F0E006E002EFED700D022
:10220000000E956E8C8C6B840001875307E186531A
:1022100005E1855303E184517C0801E23AD02AAA02
:102220001CD0350E006E002EFED71C0E016EC25063
:10223000830B0110C26E000E016EC150F80B01102D
:10224000C16E350E006E002EFED7BBEC00F002C052
:10225000DFF001C0DEF02A9A1CD0350E006E002E91
:10226000FED7080E016EC250830B0110C26E000E25
:10227000016EC150F80B0110C16E350E006E002EBC
:10228000FED7BBEC00F002C0DBF001C0DAF02A8A16
:1022900028828BD004014A51030827E16B5314E1D3
:1022A000000E956E8C94250E006E002EFED7000E4B
:1022B000956E8C824F0E006E002EFED700D0000E61
:1022C000956E8C8C6B8410D0000E956E8C92956EF2
:1022D0008C844F0E006E002EFED700D0000E956E3F
:1022E0008C8A0F01398504015FD04A2D5DD070536F
:1022F00001E07007705355E0000E956E8C9E250E20
:10230000006E002EFED7B190CDC0B3FFCCC0B2FF9F
:10231000436A426AB180000E966E8D844F0E006E45
:10232000002EFED700D0900E946E8B840F01368560
:10233000300E0601AD6F0001E5EC00F0200E016EDD
:10234000C250830B0110C26E000E016EC150F80B1B
:102350000110C16E250E006E002EFED7BBEC00F002
:1023600002C0E7F001C0E6F0350E006E002EFED789
:10237000240E016EC250830B0110C26E000E016E5E
:10238000C150F80B0110C16E250E006E002EFED755
:10239000BBEC00F002C0E3F001C0E2F0288405D0FD
:1023A0000401CD90BEC270F400019E9076EF00F063
:1023B000742B6E51745D03E2C8C06DFF78D1746BED
:1023C0006B94C8C06DFF04014A53D8A4CED000015D
:1023D000875307E1865305E1855303E184517C0867
:1023E00031E21C0E016EC250830B0110C26E000E52
:1023F000016EC150F80B0110C16E250E006E002E4B
:10240000FED7BBEC00F002C0DFF001C0DEF0350EFD
:10241000006E002EFED7080E016EC250830B011015
:10242000C26E000E016EC150F80B0110C16E250E78
:10243000006E002EFED7BBEC00F002C0DBF001C046
:10244000DAF02882000E956E8C9C250E006E002E10
:10245000FED7000E956E8C92312C64D0975307E115
:10246000965305E1955303E194517C080FE2000E69
:10247000956E8C844F0E006E002EFED700D0000E9D
:10248000956E8C8A0F0139854BD00001000E956E38
:102490008C84350E006E002EFED7000E956E8C8A51
:1024A0000F0139852AAC1ED0350E006E002EFED7E6
:1024B0002C0E016EC250830B0110C26E000E016E15
:1024C000C150F80B0110C16E350E006E002EFED704
:1024D0000001BBEC00F002C0E1F001C0E0F02A9C7A
:1024E0001ED00F01350E006E002EFED7080E016EB5
:1024F000C250830B0110C26E000E016EC150F80B6A
:102500000110C16E350E006E002EFED70001BBEC2F
:1025100000F002C0DDF001C0DCF02A8C28820F013F
:1025200022D00001000E956E8C92956E8C94249AA8
:1025300025A802D02598B18004014A5303E12882DE
:102540001F8602D028821F862BAA0CD003012E954D
:102550000201E6B506D0E6B304D000010BEC0CF0A6
:10256000020104010F01A4D004014A510308D8A4B8
:10257000A0D06B5334E11C0E016EC250830B0110CE
:10258000C26E000E016EC150F80B0110C16E250E17
:10259000006E002EFED70001BBEC00F002C0DFF0A1
:1025A00001C0DEF0350E006E002EFED7080E016E63
:1025B000C250830B0110C26E000E016EC150F80BA9
:1025C0000110C16E250E006E002EFED7BBEC00F090
:1025D00002C0DBF001C0DAF028823FD004012C0EEB
:1025E000016EC250830B0110C26E000E016EC1500D
:1025F000F80B0110C16E250E006E002EFED7AE0E38
:10260000926E898A0001BBEC00F002C0E1F001C0CB
:10261000E0F0AE0E926E899A350E006E002EFED757
:10262000080E016EC250830B0110C26E000E016EC7
:10263000C150F80B0110C16E250E006E002EFED7A2
:10264000AE0E926E898ABBEC00F002C0DDF001C0D4
:10265000DCF0AE0E926E899A2882000E956E8C9CEC
:10266000250E006E002EFED7345211E0000E956E3E
:102670008C92956E8C844F0E006E002EFED700D08B
:10268000000E956E8C8A0F01398512D00001000E64
:10269000956E8C9C956E8C9A250E006E002EFED742
:1026A000000E956E8C92956E8C941F8628820F0179
:1026B0000401BA90000176EF00F0752B6F51755D43
:1026C00003E2CAC03BFFEED0756B04014A533FE101
:1026D000346A312C3CD00001975307E1965305E151
:1026E000955303E194517C0831E22C0E016EC250E7
:1026F000830B0110C26E000E016EC150F80B011069
:10270000C16E250E006E002EFED7BBEC00F002C09D
:10271000E1F001C0E0F0350E006E002EFED7080E8D
:10272000016EC250830B0110C26E000E016EC150CB
:10273000F80B0110C16E250E006E002EFED7BBEC0B
:1027400000F002C0DDF001C0DCF028820401345248
:1027500033E02C0E016EC250830B0110C26E000ECE
:10276000016EC150F80B0110C16E250E006E002ED7
:10277000FED70001BBEC00F002C0E1F001C0E0F0C8
:10278000350E006E002EFED7080E016EC250830B70
:102790000110C26E000E016EC150F80B0110C16E27
:1027A000250E006E002EFED7BBEC00F002C0DDF05F
:1027B00001C0DCF0288204016B2D3FD02C0E016E8D
:1027C000C250830B0110C26E000E016EC150F80B97
:1027D0000110C16E250E006E002EFED7AE0E926E59
:1027E000898A0001BBEC00F002C0E1F001C0E0F01A
:1027F000AE0E926E899A350E006E002EFED7080E30
:10280000016EC250830B0110C26E000E016EC150EA
:10281000F80B0110C16E250E006E002EFED7AE0E15
:10282000926E898ABBEC00F002C0DDF001C0DCF0E2
:10283000AE0E926E899A288204010F013995CAC0A2
:102840003BFF000E956E8C9C956E8C9A956E8C92CB
:10285000956E8C94249A25A802D02598B180040105
:102860004A5312E10001875307E1865305E185537E
:1028700003E184517C0802E21F8604D02AAC01D017
:1028800001D01F8603D004011F8600012BAA0AD0A5
:1028900003012E950201E6B506D0E6B304D000018F
:1028A0000BEC0CF00201BA94000176EF00F0060187
:1028B000AF51B103F3CF01F0F4CF00F0B203F35006
:1028C0000026B051B103F3500020026E0001120047
:1028D000422AD8B4432A4350475C09E303E14650F7
:1028E000425C05E2CDC0B3FFCCC0B2FFFAD2436A6E
:1028F000426ACDC0B3FFCCC0B2FF04014A53D8A492
:1029000098D224B895D224BA93D237B002D037A641
:102910007CD1375007081BE100017A51785DD8B4AB
:1029200002D0040114D07B51795DD8B402D00401E7
:102930000ED07C517A5DD8B402D0040108D07D510C
:102940007B5DD8B402D0040102D025800401D650AA
:102950000101866FD7CF87F12B9225B03AD08653ED
:1029600002E1875337E08635026E8735036E023603
:1029700003360236033602360336F00E02160250D4
:10298000FF0A0601AD6FFF0E0318AE6F500E010176
:102990005E25006E000E5F21016E000E6021026E4A
:1029A000000E6121036E035215E1025213E1015042
:1029B0000601AE5DD8B002D001010CD0D8B402D06F
:1029C000010107D0AD51005CD8A002D0010102D0B6
:1029D00001012B822BA215D137A2B6D0CE50886F21
:1029E000CFCF89F12B9225B04BD0885302E1895388
:1029F00048E04050445C0601AD6F41504558AE6F11
:102A0000B06FADC6AFF663C1B2F662C1B1F60001F8
:102A10004EDF02C0AEF601C0ADF688C1AFF60601CA
:102A2000AF1F89C1B0F60601B01FD890B031036E58
:102A3000AF31026EAD270350AE23280E01015E2593
:102A4000006E000E5F21016E000E6021026E000E0E
:102A50006121036E035215E1025213E10150060198
:102A6000AE5DD8B002D001010CD0D8B402D00101C3
:102A700007D0AD51005CD8A002D0010102D0010105
:102A80002B822BA25DD02590248C000E956E8C9EFF
:102A9000250E006E002EFED7000E966E8D844F0E12
:102AA000006E002EFED700D0900E946E8B840F0126
:102AB000368500018B5307E18A5305E1895303E111
:102AC00088517C0801E23AD02AAE1CD0350E006E47
:102AD000002EFED7200E016EC250830B0110C26E75
:102AE000000E016EC150F80B0110C16E350E006E64
:102AF000002EFED7BBEC00F002C0E7F001C0E6F00C
:102B00002A9E1CD0350E006E002EFED7240E016EBC
:102B1000C250830B0110C26E000E016EC150F80B43
:102B20000110C16E350E006E002EFED7BBEC00F01A
:102B300002C0E3F001C0E2F02A8E288403D0010134
:102B4000258800015CD001012590248C000E956E33
:102B50008C9E250E006E002EFED7000E966E8D8484
:102B60004F0E006E002EFED700D0900E946E8B8418
:102B70000F01368500018B5307E18A5305E1895324
:102B800003E188517C0801E23AD02AAE1CD0350E10
:102B9000006E002EFED7200E016EC250830B011076
:102BA000C26E000E016EC150F80B0110C16E350EE1
:102BB000006E002EFED7BBEC00F002C0E7F001C0B3
:102BC000E6F02A9E1CD0350E006E002EFED7240E95
:102BD000016EC250830B0110C26E000E016EC15017
:102BE000F80B0110C16E350E006E002EFED7BBEC47
:102BF00000F002C0E3F001C0E2F02A8E288403D086
:102C000001012588000113D1040137A2B6D0CE50AE
:102C10000101886FCFCF89F125B04ED0885303E1F1
:102C20008953D8B4A6D04050445C0601AD6F4150E2
:102C30004558AE6FB06FADC6AFF663C1B2F662C1B4
:102C4000B1F6000134DE02C0AEF601C0ADF688C1B7
:102C5000AFF60601AF1F89C1B0F60601B01FD890CC
:102C6000B031036EAF31026EAD270350AE23280E94
:102C700001015E25006E000E5F21016E000E6021D5
:102C8000026E000E6121036E0352D8A472D002526C
:102C9000D8A46FD001500601AE5DD8B002D00101BA
:102CA00068D0D8B402D0010107D0AD51005CD8A0E3
:102CB00002D001015ED001012590248C000E956E9A
:102CC0008C9E250E006E002EFED7000E966E8D8413
:102CD0004F0E006E002EFED700D0900E946E8B84A7
:102CE0000F01368500018B5307E18A5305E18953B3
:102CF00003E188517C0801E23AD02AAE1CD0350E9F
:102D0000006E002EFED7200E016EC250830B011004
:102D1000C26E000E016EC150F80B0110C16E350E6F
:102D2000006E002EFED7BBEC00F002C0E7F001C041
:102D3000E6F02A9E1CD0350E006E002EFED7240E23
:102D4000016EC250830B0110C26E000E016EC150A5
:102D5000F80B0110C16E350E006E002EFED7BBECD5
:102D600000F002C0E3F001C0E2F02A8E288403D014
:102D70000101258800015BD00401248C000E956EB2
:102D80008C9E250E006E002EFED7000E966E8D8452
:102D90004F0E006E002EFED700D0900E946E8B84E6
:102DA0000F01368500018B5307E18A5305E18953F2
:102DB00003E188517C0801E23AD02AAE1CD0350EDE
:102DC000006E002EFED7200E016EC250830B011044
:102DD000C26E000E016EC150F80B0110C16E350EAF
:102DE000006E002EFED7BBEC00F002C0E7F001C081
:102DF000E6F02A9E1CD0350E006E002EFED7240E63
:102E0000016EC250830B0110C26E000E016EC150E4
:102E1000F80B0110C16E350E006E002EFED7BBEC14
:102E200000F002C0E3F001C0E2F02A8E2884040121
:102E300056D04A2D54D000016B5316E06B076B53EC
:102E400013E1476ABBC246F0010E0201B925040135
:102E50006E6F000E0201BA2104016F6FBEC270F4E2
:102E6000D58ECD80B180000104016E5302E16F5315
:102E700004E06E51D8B46F076E076E5306E16F53CE
:102E800004E100016B5317E00401000E956E8C9E67
:102E9000250E006E002EFED7000E966E8D844F0E0E
:102EA000006E002EFED700D0900E946E8B840F0122
:102EB000368516D00001B1900401715101080BE371
:102EC0007051010808E3D59ECD90B1900F01369561
:102ED000339506D00401BAC26FF4B9C26EF40F0183
:102EE0000001A19276EF00F0762B7051765D03E23F
:102EF000CEC038FFDDD1766B0F013695CEC038FFDE
:102F000004014A53D8A46DD124A2ACD024925050CD
:102F1000FF0A3714070806E05050FF0A37140E085E
:102F2000D8A49FD0200E06090F01336F54C134FF7F
:102F30000F01000E956E8C94250E006E002EFED7AC
:102F4000248AC7C0CFFFC6C0CEFF000E956E8C820C
:102F50004F0E006E002EFED700D0000E956E8C8CAA
:102F6000CD806B8433850001875307E1865305E1EB
:102F7000855303E184517C0838E2300E0601AD6FC1
:102F80000001E5EC00F01C0E016EC250830B011035
:102F9000C26E000E016EC150F80B0110C16E250EFD
:102FA000006E002EFED7BBEC00F002C0DFF001C0C7
:102FB000DEF0350E006E002EFED7080E016EC250F8
:102FC000830B0110C26E000E016EC150F80B011090
:102FD000C16E250E006E002EFED7BBEC00F002C0C5
:102FE000DBF001C0DAF028843AD02AAA1CD0350ED2
:102FF000006E002EFED71C0E016EC250830B011016
:10300000C26E000E016EC150F80B0110C16E350E7C
:10301000006E002EFED7BBEC00F002C0DFF001C056
:10302000DEF02A9A1CD0350E006E002EFED7080E58
:10303000016EC250830B0110C26E000E016EC150B2
:10304000F80B0110C16E350E006E002EFED7BBECE2
:1030500000F002C0DBF001C0DAF02A8A2884248262
:103060000401BED000018B5307E18A5305E1895367
:1030700003E188517C0831E2200E016EC250830BBF
:103080000110C26E000E016EC150F80B0110C16E2E
:10309000250E006E002EFED7BBEC00F002C0E7F05C
:1030A00001C0E6F0350E006E002EFED7240E016E34
:1030B000C250830B0110C26E000E016EC150F80B9E
:1030C0000110C16E250E006E002EFED7BBEC00F085
:1030D00002C0E3F001C0E2F02884900E946E8B945D
:1030E000250E006E002EFED7322C70D0000E966E8C
:1030F0008D94200E06090F01336FD0C034FF0F01ED
:1031000000019B5307E19A5305E1995303E198515C
:103110007C0810E2000E956E8C8E4F0E006E002E15
:10312000FED700D0900E946E8B820F0133852884D9
:103130004BD00001000E956E8C8E350E006E002E69
:10314000FED7900E946E8B820F0133852BA01ED07C
:10315000350E006E002EFED7280E016EC250830B76
:103160000110C26E000E016EC150F80B0110C16E4D
:10317000350E006E002EFED70001BBEC00F002C041
:10318000E9F001C0E8F02B901ED00F01350E006E63
:10319000002EFED7240E016EC250830B0110C26EAA
:1031A000000E016EC150F80B0110C16E350E006E9D
:1031B000002EFED70001BBEC00F002C0E5F001C01C
:1031C000E4F02B8028840F010AD00001000E966ED7
:1031D0008D94956E8C9E249C1F8828840F01040179
:1031E00066D04A2D64D0200E016EC250830B0110B0
:1031F000C26E000E016EC150F80B0110C16E250E9B
:10320000006E002EFED70001BBEC00F002C0E7F01C
:1032100001C0E6F0350E006E002EFED7240E016EC2
:10322000C250830B0110C26E000E016EC150F80B2C
:103230000110C16E250E006E002EFED7BBEC00F013
:1032400002C0E3F001C0E2F02884900E946E8B94EB
:10325000250E006E002EFED70201C15316E0000EAF
:10326000966E8D94250E006E002EFED7000E956E84
:103270008C8E4F0E006E002EFED700D0900E946EF6
:103280008B820F01338512D00201900E946E8B94C5
:10329000946E8B92250E006E002EFED7000E966E59
:1032A0008D94956E8C9E28841F880F010401000167
:1032B000BA9876EF00F0772B7151775D03E2D0C0BA
:1032C00035FFE3D2776B0F013395D0C035FF040192
:1032D0004A53D8A44AD224A2EFD124925050FF0AD4
:1032E0003714070806E05050FF0A37140E08D8A418
:1032F0009ED0000E956E8C9E250E006E002EFED781
:10330000248C200E06090F01366FCEC037FF0F0147
:10331000CDC0B3FFCCC0B2FF000E966E8D844F0EB1
:10332000006E002EFED700D0900E946E8B84B1807C
:10333000368500018B5307E18A5305E1895303E188
:1033400088517C0838E2300E0601AD6F0001E5ECD3
:1033500000F0200E016EC250830B0110C26E000EF1
:10336000016EC150F80B0110C16E250E006E002ECB
:10337000FED7BBEC00F002C0E7F001C0E6F0350E6E
:10338000006E002EFED7240E016EC250830B01107A
:10339000C26E000E016EC150F80B0110C16E250EF9
:1033A000006E002EFED7BBEC00F002C0E3F001C0BF
:1033B000E2F028843AD02AAE1CD0350E006E002EE2
:1033C000FED7200E016EC250830B0110C26E000E9C
:1033D000016EC150F80B0110C16E350E006E002E4B
:1033E000FED7BBEC00F002C0E7F001C0E6F02A9E79
:1033F0001CD0350E006E002EFED7240E016EC2507A
:10340000830B0110C26E000E016EC150F80B01104B
:10341000C16E350E006E002EFED7BBEC00F002C070
:10342000E3F001C0E2F02A8E288444D10401505018
:10343000FF0A371406080BE05050FF0A371405083E
:1034400006E05050FF0A37140C08D8A49ED0000E96
:10345000956E8C9E250E006E002EFED7248C200EBD
:1034600006090F01366FCEC037FF0F01CDC0B3FF85
:10347000CCC0B2FF000E966E8D844F0E006E002EF3
:10348000FED700D0900E946E8B84B18036850001FB
:103490008B5307E18A5305E1895303E188517C0886
:1034A00038E2300E0601AD6F0001E5EC00F0200EB1
:1034B000016EC250830B0110C26E000E016EC1502E
:1034C000F80B0110C16E250E006E002EFED7BBEC6E
:1034D00000F002C0E7F001C0E6F0350E006E002EED
:1034E000FED7240E016EC250830B0110C26E000E77
:1034F000016EC150F80B0110C16E250E006E002E3A
:10350000FED7BBEC00F002C0E3F001C0E2F028847B
:103510003AD02AAE1CD0350E006E002EFED7200EFB
:10352000016EC250830B0110C26E000E016EC150BD
:10353000F80B0110C16E350E006E002EFED7BBECED
:1035400000F002C0E7F001C0E6F02A9E1CD0350E64
:10355000006E002EFED7240E016EC250830B0110A8
:10356000C26E000E016EC150F80B0110C16E350E17
:10357000006E002EFED7BBEC00F002C0E3F001C0ED
:10358000E2F02A8E288496D00401000E956E8C9469
:10359000250E006E002EFED7248AC7C0CFFFC6C0FE
:1035A000CEFF000E956E8C824F0E006E002EFED761
:1035B00000D0000E956E8C8CCD806B8400018753FB
:1035C00007E1865305E1855303E184517C0838E225
:1035D000300E0601AD6F0001E5EC00F01C0E016E2F
:1035E000C250830B0110C26E000E016EC150F80B69
:1035F0000110C16E250E006E002EFED7BBEC00F050
:1036000002C0DFF001C0DEF0350E006E002EFED7E6
:10361000080E016EC250830B0110C26E000E016EC7
:10362000C150F80B0110C16E250E006E002EFED7A2
:10363000BBEC00F002C0DBF001C0DAF028843AD025
:103640002AAA1CD0350E006E002EFED71C0E016E6D
:10365000C250830B0110C26E000E016EC150F80BF8
:103660000110C16E350E006E002EFED7BBEC00F0CF
:1036700002C0DFF001C0DEF02A9A1CD0350E006EC9
:10368000002EFED7080E016EC250830B0110C26ED1
:10369000000E016EC150F80B0110C16E350E006EA8
:1036A000002EFED7BBEC00F002C0DBF001C0DAF068
:1036B0002A8A288458D0040100019B5307E19A53B9
:1036C00005E1995303E198517C0831E2280E016E1F
:1036D000C250830B0110C26E000E016EC150F80B78
:1036E0000110C16E250E006E002EFED7BBEC00F05F
:1036F00002C0E9F001C0E8F0350E006E002EFED7E2
:10370000240E016EC250830B0110C26E000E016EBA
:10371000C150F80B0110C16E250E006E002EFED7B1
:10372000BBEC00F002C0E5F001C0E4F02884900E8C
:10373000946E8B94946E8B92000E966E8D94956E13
:103740008C9E249C9B530DE19A530BE1995309E104
:1037500098517C0806E32AAE01D002D028841F8845
:1037600002D028841F8891D004014A2D8DD00201F7
:10377000C15333E0280E016EC250830B0110C26E9C
:10378000000E016EC150F80B0110C16E250E006EC7
:10379000002EFED70001BBEC00F002C0E9F001C032
:1037A000E8F0350E006E002EFED7240E016EC250DA
:1037B000830B0110C26E000E016EC150F80B011098
:1037C000C16E250E006E002EFED7BBEC00F002C0CD
:1037D000E5F001C0E4F028840201900E946E8B9411
:1037E000946E8B92250E006E002EFED7000E966E04
:1037F0008D94956E8C9E04016F5345E16E510108C6
:1038000042E3705101083FE32B86C3C2C5F2C2C236
:10381000C4F2C3C2C7F2C2C2C6F2300E0601AD6F17
:103820000001E5EC00F0200E016EC250830B011088
:10383000C26E000E016EC150F80B0110C16E250E54
:10384000006E002EFED7E76BE66BE96BE86B350E7A
:10385000006E002EFED7240E016EC250830B0110A5
:10386000C26E000E016EC150F80B0110C16E250E24
:10387000006E002EFED7E36BE26BE56BE46B2884F1
:10388000258A288404011F880001BA9A76EF00F087
:103890009EAAFED7ABCF1CF0AECF01F01CA202D087
:1038A000AB98AB88A2EF1CF00601AE91036AAD5154
:1038B000540FE96E040E0320EA6EEF5004013F5DE1
:1038C00024E023E303014551050819E1462D17D0F3
:1038D000036A0601AD51540FE96E040E0320EA6E2F
:1038E000020EEF2404013F5D04E10601AE8103D026
:1038F00004010601AE910401529706D003010401B0
:1039000052970601AE91040114D0036A0601AD512D
:10391000540FE96E040E0320EA6EEF5004013F5D80
:1039200005E252870601AE9103D004010601AE8183
:103930000401000E0601AEB1010E016E0001CFEFD1
:103940001CF0A6D701C043F404013F530EE14351DC
:1039500014080AE33F513F2B036A450FE96E030E3B
:103960000320EA6E43C4EFFF2AD03F513F2B036A86
:10397000450FE96E030E0320EA6E43C4EFFF3F518B
:1039800001081DE243510D0802E042A918D0428906
:1039900043510A0810E145C3ADF6000185D7015235
:1039A00004E003012E8D03D0000103012E9D0401CC
:1039B00042993F6B04D043510D0801E042999E9A11
:1039C000000176EF00F00601B26BB16BB06BAF6B2C
:1039D00003012EA3AFD0D2C2B8F6D1C2B7F6000110
:1039E00033EC04F003C0B6F602C0B5F601C0B4F67D
:1039F00000C0B3F6D88203C0BAF602C0B9F601C05F
:103A0000B8F600C0B7F634C3BEF633C3BDF632C352
:103A1000BCF631C3BBF61BEC05F003C0B6F602C022
:103A2000B5F601C0B4F600C0B3F6CFC2B8F6CEC248
:103A3000B7F633EC04F00601BA6BB96BB86B7F0EC6
:103A4000B76F03C0BEF602C0BDF601C0BCF600C031
:103A5000BBF600014EEC04F0D882B6C6BAF6B5C685
:103A6000B9F6B4C6B8F6B3C6B7F603C0BEF602C020
:103A7000BDF601C0BCF600C0BBF61BEC05F003C0F0
:103A8000B6F602C0B5F601C0B4F600C0B3F6CDC2BA
:103A9000B8F6CCC2B7F633EC04F00601BA6BB96BDA
:103AA000B86B7F0EB76F03C0BEF602C0BDF601C093
:103AB000BCF600C0BBF600014EEC04F0D882B6C6DE
:103AC000BAF6B5C6B9F6B4C6B8F6B3C6B7F603C00B
:103AD000BEF602C0BDF601C0BCF600C0BBF61BECD2
:103AE00005F003C0B6F602C0B5F601C0B4F600C0DA
:103AF000B3F603C0BAF602C0B9F601C0B8F600C00A
:103B0000B7F60601BE6BBD6B200EBC6F820EBB6F9D
:103B10000001B5EC06F003C0B2F602C0B1F601C078
:103B2000B0F600C0AFF60301346B336B326B316B10
:103B30002E938ED0D2C2B8F6D1C2B7F6000133ECC4
:103B400004F003C0B6F602C0B5F601C0B4F600C07A
:103B5000B3F6CFC2B8F6CEC2B7F633EC04F0060126
:103B6000BA6BB96BB86B7F0EB76F03C0BEF602C0FD
:103B7000BDF601C0BCF600C0BBF600014EEC04F07F
:103B8000D882B6C6BAF6B5C6B9F6B4C6B8F6B3C6E4
:103B9000B7F603C0BEF602C0BDF601C0BCF600C059
:103BA000BBF61BEC05F003C0B6F602C0B5F601C0CB
:103BB000B4F600C0B3F6CDC2B8F6CCC2B7F633EC5B
:103BC00004F00601BA6BB96BB86B7F0EB76F03C018
:103BD000BEF602C0BDF601C0BCF600C0BBF60001D7
:103BE0004EEC04F0D882B6C6BAF6B5C6B9F6B4C67D
:103BF000B8F6B3C6B7F603C0BEF602C0BDF601C044
:103C0000BCF600C0BBF61BEC05F003C0B6F602C064
:103C1000B5F601C0B4F600C0B3F603C0BAF602C0F0
:103C2000B9F601C0B8F600C0B7F60601BE6BBD6BB1
:103C3000200EBC6F820EBB6F0001B5EC06F003C016
:103C4000B2F602C0B1F601C0B0F600C0AFF6030193
:103C50000201CC51CE5D006ECD51CF59036E00C034
:103C6000B7F60601B86F000133EC04F003C0B6F6F6
:103C700002C0B5F601C0B4F600C0B3F603C0BAF690
:103C800002C0B9F601C0B8F600C0B7F6B2C6BEF6BB
:103C9000B1C6BDF6B0C6BCF6AFC6BBF64EEC04F07E
:103CA00003C0EEF202C0EDF201C0ECF200C0EBF294
:103CB000B2C6B6F6B1C6B5F6B0C6B4F6AFC6B3F680
:103CC000FDEC04F002C013F301C012F3B2C6B6F665
:103CD000B1C6B5F6B0C6B4F6AFC6B3F6FDEC04F0A7
:103CE00002C0E0F201C0DFF2E0C2B8F6DFC2B7F610
:103CF00033EC04F0D882B2C6BAF6B1C6B9F6B0C693
:103D0000B8F6AFC6B7F603C0BEF602C0BDF601C036
:103D1000BCF600C0BBF61BEC05F003C0DEF202C02F
:103D2000DDF201C0DCF200C0DBF212002BAC3DD0B2
:103D30002BAE1ED0D89202C3BAF601C3B9F600C3A7
:103D4000B8F6FFC2B7F6CD0E0601BE6FCC0EBD6F42
:103D50004C0EBC6F7B0EBB6F00011BEC05F003C06B
:103D600002F302C001F301C000F300C0FFF21DD056
:103D7000D88202C3BAF601C3B9F600C3B8F6FFC2CF
:103D8000B7F6CD0E0601BE6FCC0EBD6F4C0EBC6FEC
:103D90007B0EBB6F00011BEC05F003C002F302C0F9
:103DA00001F301C000F300C0FFF22BB802D02BAA30
:103DB000ABD12BBCA9D10201E693E695D2C2B8F6ED
:103DC000D1C2B7F6000133EC04F002C3BAF601C366
:103DD000B9F600C3B8F6FFC2B7F603C0BEF602C01C
:103DE000BDF601C0BCF600C0BBF657EC06F0D8A08B
:103DF000A2D00201E6B102D000019DD0D89202C348
:103E0000BAF601C3B9F600C3B8F6FFC2B7F6CD0ED5
:103E10000601BE6FCC0EBD6F4C0EBC6F7B0EBB6F30
:103E200000011BEC05F003C002F302C001F301C066
:103E300000F300C0FFF22BAA7BD07BC0B8F67AC09B
:103E4000B7F633EC04F00601BA6BB96BB86B7F0EB2
:103E5000B76F03C0BEF602C0BDF601C0BCF600C01D
:103E6000BBF600014EEC04F0330E0601BA6FB96FD9
:103E7000730EB86F7F0EB76F03C0BEF602C0BDF6FB
:103E800001C0BCF600C0BBF60001B5EC06F003C0F3
:103E9000B2F602C0B1F601C0B0F600C0AFF6D2C2B1
:103EA000B8F6D1C2B7F633EC04F0D88203C0BAF644
:103EB00002C0B9F601C0B8F600C0B7F6B2C6BEF689
:103EC000B1C6BDF6B0C6BCF6AFC6BBF61BEC05F07E
:103ED00003C0BAF602C0B9F601C0B8F600C0B7F622
:103EE00002C3BEF601C3BDF600C3BCF6FFC2BBF6FB
:103EF00057EC06F001E21CE103012E87D6C23CF329
:103F0000D5C23BF3D4C23AF3D3C239F33CC387F0F2
:103F10003BC386F03AC385F039C384F03CC397F0C5
:103F20003BC396F03AC395F039C394F003D0000137
:103F300003012E97E8D00201E6A131D0D2C2B8F633
:103F4000D1C2B7F6000133EC04F003C0BAF602C0E8
:103F5000B9F601C0B8F600C0B7F602C3BEF601C399
:103F6000BDF600C3BCF6FFC2BBF657EC06F004E298
:103F7000D8B402D0020113D00201E691D2C2B8F641
:103F8000D1C2B7F6000133EC04F003C002F302C063
:103F900001F301C000F300C0FFF2B4D00201E6B1AA
:103FA00092D00601BA6BB96BB86BB76B02C3BEF6A1
:103FB00001C3BDF600C3BCF6FFC2BBF6000157EC5F
:103FC00006F0D8B002D002017ED0D88202C3BAF681
:103FD00001C3B9F600C3B8F6FFC2B7F6CD0E0601AD
:103FE000BE6FCC0EBD6F4C0EBC6F7B0EBB6F000165
:103FF0001BEC05F003C002F302C001F301C000F3A3
:1040000000C0FFF22BAA5DD07BC0B8F67AC0B7F62D
:1040100033EC04F00601BA6BB96BB86B7F0EB76F67
:1040200003C0BEF602C0BDF601C0BCF600C0BBF6C0
:1040300000014EEC04F0330E0601BA6FB96F730E37
:10404000B86F7F0EB76F03C0BEF602C0BDF601C0E9
:10405000BCF600C0BBF60001B5EC06F002C3BAF630
:1040600001C3B9F600C3B8F6FFC2B7F603C0BEF687
:1040700002C0BDF601C0BCF600C0BBF657EC06F0AE
:1040800001E21CE103012E87DAC23CF3D9C23BF303
:10409000D8C23AF3D7C239F33CC387F03BC386F0AA
:1040A0003AC385F039C384F03CC397F03BC396F024
:1040B0003AC395F039C394F003D0000103012E9761
:1040C000000120D00201E6B11DD002C3BAF601C33F
:1040D000B9F600C3B8F6FFC2B7F60601BE6BBD6BFA
:1040E000BC6BBB6B000157EC06F004E2D8B402D005
:1040F000020108D00201E6810301026B016B006B33
:104100000201FF6B030100011200A3C0B0F6A2C0C0
:10411000AFF60601B26B320EB16F000157EC14F02E
:1041200002C01DF301C01CF3030120511C5D1E6F72
:1041300021511D591F6F1F5303E11E51640807E2EF
:104140001D511F5D07E303E11E511C5D03E21F6B60
:10415000640E1E6F1DC3B8F61CC3B7F6000133EC26
:1041600004F0D89203C0BAF602C0B9F601C0B8F69E
:1041700000C0B7F6660E0601BE6FC60EBD6F7F0E9D
:10418000BC6F880EBB6F00011BEC05F003C0B2F6DC
:1041900002C0B1F601C0B0F600C0AFF603C0BAF677
:1041A00002C0B9F601C0B8F600C0B7F6CD0E0601E0
:1041B000BE6FCC0EBD6F130EBC6F830EBB6F0001C4
:1041C0004EEC04F003C025F302C024F301C023F336
:1041D00000C022F31FC3B8F61EC3B7F633EC04F0D9
:1041E000D89203C0BAF602C0B9F601C0B8F600C052
:1041F000B7F6660E0601BE6FC60EBD6F7F0EBC6FB2
:10420000880EBB6F00011BEC05F003C0B2F602C0C4
:10421000B1F601C0B0F600C0AFF603C0BAF602C0F6
:10422000B9F601C0B8F600C0B7F6CD0E0601BE6FF4
:10423000CC0EBD6F130EBC6F830EBB6F00014EEC36
:1042400004F003C0FAF202C0F9F201C0F8F200C0B3
:10425000F7F22BBC75D0D88225C3BAF624C3B9F6C1
:1042600023C3B8F622C3B7F6FAC2BEF6F9C2BDF64A
:10427000F8C2BCF6F7C2BBF61BEC05F003C0B2F601
:1042800002C0B1F601C0B0F600C0AFF6D2C2B8F6B7
:10429000D1C2B7F633EC04F0B2C6BAF6B1C6B9F67D
:1042A000B0C6B8F6AFC6B7F603C0BEF602C0BDF6DC
:1042B00001C0BCF600C0BBF64EEC04F003C029F30D
:1042C00002C028F301C027F300C026F303011E51EA
:1042D0001C5D0601AF6F03011F511D590601B06F30
:1042E000D2C2B8F6D1C2B7F6000133EC04F003C075
:1042F000B4F602C0B3F601C0B2F600C0B1F6B0C663
:10430000B8F6AFC6B7F633EC04F003C0BAF602C095
:10431000B9F601C0B8F600C0B7F6B4C6BEF6B3C66B
:10432000BDF6B2C6BCF6B1C6BBF64EEC04F003C097
:104330002DF302C02CF301C02BF300C02AF374D07C
:10434000D88225C3BAF624C3B9F623C3B8F622C36C
:10435000B7F6FAC2BEF6F9C2BDF6F8C2BCF6F7C2AD
:10436000BBF61BEC05F003C0B2F602C0B1F601C00B
:10437000B0F600C0AFF6D2C2B8F6D1C2B7F633EC91
:1043800004F0B2C6BAF6B1C6B9F6B0C6B8F6AFC652
:10439000B7F603C0BEF602C0BDF601C0BCF600C051
:1043A000BBF64EEC04F003C029F302C028F301C0B1
:1043B00027F300C026F303011E511C5D0601AF6FF9
:1043C00003011F511D590601B06FD2C2B8F6D1C208
:1043D000B7F6000133EC04F003C0B4F602C0B3F644
:1043E00001C0B2F600C0B1F6B0C6B8F6AFC6B7F6B7
:1043F00033EC04F003C0BAF602C0B9F601C0B8F657
:1044000000C0B7F6B4C6BEF6B3C6BDF6B2C6BCF6BB
:10441000B1C6BBF64EEC04F003C02DF302C02CF382
:1044200001C02BF300C02AF3A3C01BF3A2C01AF3F0
:10443000120003012EAB46D02BAE43D0FEC2B6F61F
:10444000FDC2B5F6FCC2B4F6FBC2B3F60001FDEC4A
:1044500004F002C0B0F601C0AFF60601B033AF33CE
:10446000B033AF33B033AFC644FFB033B031300BED
:10447000006E0F014351CF0B0010436F315220E00B
:10448000FEC2B6F6FDC2B5F6FCC2B4F6FBC2B3F688
:104490000001FDEC04F002C0B0F601C0AFF6060169
:1044A000B033AF33B033AF33B033AFC647FFB03301
:1044B000B031300B006E0F014651CF0B0010466F2C
:1044C0000301B4D0D2C2B8F6D1C2B7F6000133ECC2
:1044D00004F0D88203C0BAF602C0B9F601C0B8F63B
:1044E00000C0B7F602C3BEF601C3BDF600C3BCF6FA
:1044F000FFC2BBF61BEC05F003C0B2F602C0B1F67A
:1045000001C0B0F600C0AFF603C0BAF602C0B9F6FB
:1045100001C0B8F600C0B7F629C3BEF628C3BDF681
:1045200027C3BCF626C3BBF6B5EC06F003C0B2F653
:1045300002C0B1F601C0B0F600C0AFF6D89203C019
:10454000BAF602C0B9F601C0B8F600C0B7F6FAC2B2
:10455000BEF6F9C2BDF6F8C2BCF6F7C2BBF61BEC5C
:1045600005F003C0FEF202C0FDF201C0FCF200C083
:10457000FBF2D2C2B8F6D1C2B7F633EC04F0D8825F
:1045800003C0BAF602C0B9F601C0B8F600C0B7F66B
:1045900002C3BEF601C3BDF600C3BCF6FFC2BBF644
:1045A0001BEC05F003C0B2F602C0B1F601C0B0F6D4
:1045B00000C0AFF603C0BAF602C0B9F601C0B8F643
:1045C00000C0B7F62DC3BEF62CC3BDF62BC3BCF698
:1045D0002AC3BBF6B5EC06F003C0B2F602C0B1F6D2
:1045E00001C0B0F600C0AFF61FC3B8F61EC3B7F6E1
:1045F00033EC04F0D892B2C6BAF6B1C6B9F6B0C67A
:10460000B8F6AFC6B7F603C0BEF602C0BDF601C02D
:10461000BCF600C0BBF61BEC05F003C018F302C0EB
:1046200017F301C016F300C015F3030100011200D7
:1046300001012A2BD8B42B2B442BD8B4452B0301D2
:10464000102BD8B4112B01012B5303E12A517C0804
:1046500013E237520EE1040142A102D0010109D058
:1046600042A302D0010105D024B602D0010104D03A
:10467000010124802B6B2A6B04014A53D8A49FD2DA
:1046800037500208D8A49BD21FBC99D242BB97D204
:104690002AB095D20201E6A302D0040190D2E6A589
:1046A00002D004018CD22BBC06D02BB804D02BBA7C
:1046B00002D0040184D20301115304E11451105DAE
:1046C000D8A07CD2116B106B190E146F2BACE2D1F9
:1046D0001251D8B4130712070201E6A708D02BAE77
:1046E00006D0E697E68503012E8309D00201E6A7EE
:1046F00007D02BBE05D0E697E68303012E83020187
:1047000003011253D8A49DD01353D8A49AD0DEC26B
:10471000BAF6DDC2B9F6DCC2B8F6DBC2B7F60601FE
:10472000BE6BBD6B480EBC6F850EBB6F0001B5EC58
:1047300006F003C0B6F602C0B5F601C0B4F600C07C
:10474000B3F6FDEC04F00601B86B01C0B7F600014A
:1047500033EC04F003C0BAF602C0B9F601C0B8F6F3
:1047600000C0B7F60601BE6BBD6BBC6B810EBB6FA4
:1047700000014EEC04F003C0B6F602C0B5F601C06D
:10478000B4F600C0B3F6FDEC04F001C014F3010E62
:104790000201DF250301126F000E0201E021030177
:1047A000136F0201E68703012EAB4BD0FAC2FEF273
:1047B000F9C2FDF2F8C2FCF2F7C2FBF2FEC2B6F695
:1047C000FDC2B5F6FCC2B4F6FBC2B3F60001FDECC7
:1047D00004F002C0B0F601C0AFF60601B033AF334B
:1047E000B033AF33B033AFC644FFB033B031300B6A
:1047F000006E0F014351CF0B0010436F315220E088
:10480000FEC2B6F6FDC2B5F6FCC2B4F6FBC2B3F604
:104810000001FDEC04F002C0B0F601C0AFF60601E5
:10482000B033AF33B033AF33B033AFC647FFB0337D
:10483000B031300B006E0F014651CF0B0010466FA8
:1048400003019E90CE500601AD6FCFCFAEF60001B2
:10485000C6510601AD5D006E0001C7510601AE599B
:10486000036E00C0B7F6B86F000133EC04F003C06C
:10487000B2F602C0B1F601C0B0F600C0AFF641C05A
:10488000B8F640C0B7F633EC04F003C0B6F602C089
:10489000B5F601C0B4F600C0B3F6000ED880C65518
:1048A000006E000EC755016E010ED8A0E806026E1C
:1048B000000ED8A0E806036EE8CFBAF602C0B9F63B
:1048C00001C0B8F600C0B7F6EFEC0BF0B6C6BAF60A
:1048D000B5C6B9F6B4C6B8F6B3C6B7F603C0BEF6E9
:1048E00002C0BDF601C0BCF600C0BBF6B5EC06F0D8
:1048F000D892B2C6BAF6B1C6B9F6B0C6B8F6AFC667
:10490000B7F603C0BEF602C0BDF601C0BCF600C0DB
:10491000BBF61BEC05F003C0B2F602C0B1F601C055
:10492000B0F600C0AFF603C0BAF602C0B9F601C0D7
:10493000B8F600C0B7F6BD0E0601BE6F370EBD6FEC
:10494000060EBC6F6A0EBB6F0001B5EC06F0D89284
:10495000EAC2BAF6E9C2B9F6E8C2B8F6E7C2B7F6F3
:1049600003C0BEF602C0BDF601C0BCF600C0BBF677
:104970001BEC05F003C0EAF202C0E9F201C0E8F264
:1049800000C0E7F2416A406A03012EA37DD02BAE3E
:104990003DD0CFC2B8F6CEC2B7F6000133EC04F07A
:1049A0000601BA6BB96BB86B7F0EB76F03C0BEF66A
:1049B00002C0BDF601C0BCF600C0BBF600014EEC63
:1049C00004F003C0B2F602C0B1F601C0B0F600C0F8
:1049D000AFF6D88203C0BAF602C0B9F601C0B8F685
:1049E00000C0B7F6EAC2BEF6E9C2BDF6E8C2BCF640
:1049F000E7C2BBF61BEC05F003C034F302C033F38F
:104A000001C032F300C031F33CD00301CDC2B8F68F
:104A1000CCC2B7F6000133EC04F00601BA6BB96BF7
:104A2000B86B7F0EB76F03C0BEF602C0BDF601C003
:104A3000BCF600C0BBF600014EEC04F003C0B2F6B9
:104A400002C0B1F601C0B0F600C0AFF6D88203C014
:104A5000BAF602C0B9F601C0B8F600C0B7F6EAC2AD
:104A6000BEF6E9C2BDF6E8C2BCF6E7C2BBF61BEC77
:104A700005F003C034F302C033F301C032F300C0C9
:104A800031F3E3EC1CF00301000141EC09F00201F9
:104A9000E68B0301000196EC1EF02BA877D0010EE7
:104AA00003011A5D0601AF6F000E03011B590601D9
:104AB000B06F0001A3510601B05D08E31FE1AF51E3
:104AC0000001A25DD8B002D0060118D0010E03018A
:104AD0001A250601AF6F000E03011B210601B06FFE
:104AE0000001A35D0EE3D8B402D0060107D0A251A5
:104AF0000601AF5DD8A002D0000103D0000185EC13
:104B000020F097DC2AB042D0FEC2B6F6FDC2B5F660
:104B1000FCC2B4F6FBC2B3F6FDEC04F002C0B0F682
:104B200001C0AFF60601B033AF33B033AF33B033AB
:104B3000AFC644FFB033B031300B006E0F014351AC
:104B4000CF0B0010436F315220E0FEC2B6F6FDC21B
:104B5000B5F6FCC2B4F6FBC2B3F60001FDEC04F0FE
:104B600002C0B0F601C0AFF60601B033AF33B033C8
:104B7000AF33B033AFC647FFB033B031300B006E48
:104B80000F014651CF0B0010466F00012BAA15D024
:104B900003012EB704D000012BEC0BF003012EB55E
:104BA0000DD00201E6A502D0030108D0E6A302D091
:104BB000030104D000010BEC0CF00301040101011E
:104BC000455303E14451170813E237520EE1040143
:104BD00042A102D0010109D042A302D0010105D0B7
:104BE00024B602D0010104D001012484456B446B3A
:104BF0005150180801E2516ABA9C000176EF00F0AA
:104C0000F29276EF00F006019391996B986B976B97
:104C1000966B000E0F01236F246F080E256FC1964F
:104C2000C198C19AC050C00B0A09C06EC08EC28024
:104C30000201236B226B216B206B0C0E016EC250A4
:104C4000830B0110C26E000E016EC150F80B0110F3
:104C5000C16EC282C2B2FED7C4CF95F60601C3CFE1
:104C600094F6C2B2FED7956B946B9A6B9A51040876
:104C700020E30C0E016EC250830B0110C26E000EB9
:104C8000016EC150F80B0110C16EC2B2FED7C282D4
:104C9000C2B2FED7C3CF94F6C4CF95F6C2B2FED748
:104CA0009451962795519723000E982399239A2B78
:104CB000DDD7D8921B6AF2BE1B8EF29E99C6B6F65D
:104CC00098C6B5F697C6B4F696C6B3F6BA6BB96B86
:104CD000B86B050EB76F0001A5EC0BF01BBEF28E92
:104CE00003C099F602C098F601C097F600C096F688
:104CF0001B6AF2BE1B8EF29E99C6BAF698C6B9F62A
:104D000097C6B8F696C6B7F6EFEC0BF01BBEF28E60
:104D10001B6AF2BE1B8EF29E03C0BAF602C0B9F641
:104D200001C0B8F600C0B7F60601BE6B400EBD6FFD
:104D30001C0EBC6F8B0EBB6F0001B5EC06F01BBEEA
:104D4000F28E03C09EF602C09DF601C09CF600C024
:104D50009BF61B6AF2BE1B8EF29E03C0BAF602C01F
:104D6000B9F601C0B8F600C0B7F60601BE6BF00E8A
:104D7000BD6F7F0EBC6F8A0EBB6F00014EEC04F05E
:104D80001BBEF28E03C023F202C022F201C021F248
:104D900000C020F21B6AF2BE1B8EF29E0601BA6BA7
:104DA000F00EB96F200EB86F8B0EB76F23C2BEF630
:104DB00022C2BDF621C2BCF620C2BBF6000157ECF0
:104DC00006F01BBEF28E1AE21B6AF2BE1B8EF29E2A
:104DD00023C2BAF622C2B9F621C2B8F620C2B7F68B
:104DE0000601BE6B900EBD6F170EBC6F8B0EBB6FB6
:104DF000000157EC06F01BBEF28E04E3060193910E
:104E000003D0000106019381000E0F01236F0F0EE6
:104E1000246FF60E256FC196C188C19AC050C00B91
:104E20001609C06EC08EC280000E060193B1010E3D
:104E3000016E00011200060EEA6E810EE96EEF505F
:104E40000EE0140E016E006A002EFED7012EFBD775
:104E5000BF0E006E002EFED700D0EF2EF2D712004C
:104E600006013F514119800B436F3FAF05D03E1FF4
:104E70003F1F3E2BD8B43F2B41AF05D0401F411FF1
:104E8000402BD8B4412B016A026A006A036A41517F
:104E900002E1405118E0100E426FD8903E373F3784
:104EA000003603364151035C02E14051005C07E3E8
:104EB0004051005ED8A003064151035ED880013600
:104EC0000236422FEAD743AF05D0011E021E012A47
:104ED000D8B4022A0001BEEF27F006013A6B396B05
:104EE0003C6B3B6B100E016EC250830B0110C26E07
:104EF000000E016EC150F80B0110C16E250E006E40
:104F0000002EFED7C282C2B2FED7C3CF39F6C4CFBD
:104F10003AF6C2B2FED73A6B396B3D6B3D51090888
:104F200024E3100E016EC250830B0110C26E000EFE
:104F3000016EC150F80B0110C16E250E006E002EDF
:104F4000FED7C282C2B2FED7C3CF3BF6C4CF3CF677
:104F5000C2B2FED73B5139273C513A230A0E816F2A
:104F6000000169DF06013D2BD9D73AC63FF639C6A5
:104F70003EF6416B0A0E406F000172D702C03AF64E
:104F800001C039F63AC644F339C643F33DEFD2F0D7
:104F90000601806B8051130812E3036A8051720F7F
:104FA000E96E040E0320EA6EEF6A036A8051860FF1
:104FB000E96E040E0320EA6EEF6A802BEBD7040142
:104FC0009A6B9B6B9C6B00011200040E0401556FE1
:104FD000566F576F080E586F050E596F1A0E5A6F9D
:104FE0000B0E5B6F280E5C6F080E5D6F110E5E6F0F
:104FF000060E5F6F300E606F110E616F0E0E626FE6
:10500000050E636F0D0E646F090E656F666F040EFB
:10501000676F000141EFD2F00601816B806B80C6A3
:10502000F1F40401F26B0601816B806B80C6F3F42E
:105030000401F46B0601816B806B80C601F50501EC
:10504000026B0601816B806B80C603F50501046B62
:105050000601806B80C611F5806B80C612F5806BEF
:1050600080C619F55A6A5B6A0001626B120006017C
:10507000816B806B80C6F5F40401F66B0601816BD1
:10508000806B80C6F7F40401F86B0601816B806BBE
:1050900080C605F50501066B0601816B806B80C635
:1050A00007F50501086B0601806B80C613F5806B60
:1050B00080C614F5806B80C61AF55C6A5D6A0001D3
:1050C000636B12000601816B806B80C6F9F40401EA
:1050D000FA6B0601816B806B80C6FBF40401FC6BEC
:1050E0000601816B806B80C609F505010A6B06011C
:1050F000816B806B80C60BF505010C6B0601806B24
:1051000080C615F5806B80C616F5806B80C61BF5D2
:105110005E6A5F6A0001646B12000601816B806B3E
:1051200080C6FDF40401FE6B0601816B806B80C6B6
:10513000FFF40501006B0601816B806B80C60DF5E5
:1051400005010E6B0601816B806B80C60FF50501B2
:10515000106B0601806B80C617F5806B80C618F552
:10516000806B80C61CF50001606B616B656B120083
:1051700053DF7DDFA7DFD1DF46EFD2F09EA8FED759
:10518000AD6E1200060192699051050800E0905141
:105190000001F4DF06019051040A000109E0060A4B
:1051A0001CE0110A25E0100A2EE0060A37E05BD069
:1051B000060191510001E2DF3750E0DF5050DEDFA1
:1051C0004F50DCDF04016C510001D8DF90C641F480
:1051D000DD0E0601926F000146D0060191510001DB
:1051E000CDDF90C641F4DD0E0601926F00013BD089
:1051F000060191510001C2DF90C641F4DD0E0601A7
:10520000926F000130D0060191510001B7DF90C6C6
:1052100041F4DD0E0601926F000125D00601915187
:105220000001ACDF0601912D17D00001ECDC259CBC
:1052300001B0258C000E25BC010EA0DF1EC093F628
:105240000601935100019ADF1DC093F606019351A8
:10525000000194DF04D00601CC0E00018FDFDD0ECB
:105260000601926F000106019251DD0806E10D0E64
:10527000000184DF0A0E82DF060192C601F0000100
:1052800012000601936B010E926F915304E1936B30
:10529000010E926F1BD0946B9151945D17E21B6AC3
:1052A000F2BE1B8EF29E93C6B0F692C6AFF6B26BFC
:1052B00090C6B1F6000157EC14F01BBEF28E02C08E
:1052C00093F601C092F60601942BE6D792C601F040
:1052D00093C602F0000143EF2AF006019451FF0A41
:1052E000010F016E000112000601946B936B945143
:1052F000925D19E303E19151935D15E2966B956B15
:10530000965103080CE303E19551830808E3050E69
:10531000006E002EFED7952BD8B4962BF1D7932B89
:10532000D8B4942BE4D7000112000601902D04D0CC
:10533000010E936E8A8405D0905303E1010E936EA3
:105340008A86926B960E916F0001CEDF010E936EEE
:105350008A94936E8A96120006018169826B836B30
:1053600045C340F404014051050802E040C441F443
:10537000010E405DED0FD8B00BEF2FF0130F0001C1
:105380004FEF2FF003014651CA0808E1050E060150
:10539000906F010E916F0001F5DE0301DD0E060135
:1053A000816F04010BEF2FF047C337F048C350F073
:1053B00049C34FF04AC36CF46CC49EF56CC4BDF590
:1053C00003014651AA0A00010BE0110A32E0660A05
:1053D0004BE0330A4FE0410A5EE0110A62E08CD0F4
:1053E00004014A51FB0F21E2050F000110EF2FF0DD
:1053F00003012E8F040119D004014281429F15D070
:1054000004014283249642AF02D05283429F0DD0C2
:10541000040142932486429F08D00401428542AF92
:1054200002D05283429F01D00401DD0E0601816F3C
:1054300065D004014A51FB0F13E2050F000125EF6F
:105440002FF003012E9F04010BD00401429108D0DC
:1054500004014293249604D00401429501D0040132
:10546000DD0E0601816F4AD00401428BDD0E06017C
:10547000816F44D00401429B020E0601906F4FC021
:1054800091F60001FED601C066F003012E8FDD0EFD
:105490000601816F33D00401428FDD0E0601816F5A
:1054A0002DD004014A51FB0F22E2050F00013AEF13
:1054B0002FF004011CD00401428119D06A2D02D0C2
:1054C000010E356E355204E10401428303D0000120
:1054D0002486040142AF02D0429F528308D00401C7
:1054E000428542AF02D0429F528301D00401DD0EBB
:1054F0000601816F03D00001060181698151DD0839
:1055000007E1050E906F040E916F00013BDE06016E
:1055100004010BEF2FF00601846B8451240830E363
:10552000036A8451C20F016E040E032203C091F678
:10553000010E8425036A450FE96E030E0320EA6E0F
:10554000EFCF92F691C6EAFF01C0E9FF92C6EFFFE6
:10555000845124080AE0036A8451C20FE96E040EE4
:105560000320EA6EEF50822709D0036A8451C20FEC
:10557000E96E040E0320EA6EEFCF83F6842BCDD7BD
:1055800082C694F60001A9DE01500601835D17E191
:10559000040EEA6E9D0EE96E040EE26EC20EE16E1E
:1055A000250E016EE6CFEEFF012EFCD7050E906FA3
:1055B000080E916F0001E6DDDD0E0601816F04012A
:1055C0000BEF2FF00601856B8551040830E3036A69
:1055D0008551EC0F016E040E032203C091F6010EFB
:1055E0008525036A450FE96E030E0320EA6EEFCFAF
:1055F00092F691C6EAFF01C0E9FF92C6EFFF85511E
:1056000004080AE0036A8551EC0FE96E040E0320DA
:10561000EA6EEF50822709D0036A8551EC0FE96EDC
:10562000040E0320EA6EEFCF83F6852BCDD782C61A
:1056300094F6000152DE01500601835D17E1040E6D
:10564000EA6EE70EE96E040EE26EEC0EE16E050EF8
:10565000016EE6CFEEFF012EFCD7050E906F090E0E
:10566000916F00018FDDDD0E0601816F04010BEFEC
:105670002FF00601866B86510D0830E3036A8651D0
:10568000590F016E050E032203C091F6010E862507
:10569000036A450FE96E030E0320EA6EEFCF92F620
:1056A00091C6EAFF01C0E9FF92C6EFFF86510D08DF
:1056B0000AE0036A8651590FE96E050E0320EA6E6F
:1056C000EF50822709D0036A8651590FE96E050E03
:1056D0000320EA6EEFCF83F6862BCDD782C694F6F1
:1056E0000001FBDD01500601835D17E1050EEA6E46
:1056F0004B0EE96E050EE26E590EE16E0E0E016E56
:10570000E6CFEEFF012EFCD7050E906F0A0E916FCB
:10571000000138DDDD0E0601816F04017CD3060136
:10572000876B8751020830E3036A87516A0F016E65
:10573000050E032203C091F6010E8725036A450F6B
:10574000E96E030E0320EA6EEFCF92F691C6EAFFF0
:1057500001C0E9FF92C6EFFF875102080AE0036A21
:1057600087516A0FE96E050E0320EA6EEF5082271B
:1057700009D0036A87516A0FE96E050E0320EA6EAD
:10578000EFCF83F6872BCDD782C694F60001A5DD37
:1057900001500601835D0FE16AC567F56BC568F5C9
:1057A0006CC569F5050E906F0B0E916F0001EADC78
:1057B000DD0E0601816F04012ED30601886B88512E
:1057C000160830E3036A8851A00F016E050E03220C
:1057D00003C091F6010E8825036A450FE96E030E9A
:1057E0000320EA6EEFCF92F691C6EAFF01C0E9FF0F
:1057F00092C6EFFF885116080AE0036A8851A00F8D
:10580000E96E050E0320EA6EEF50822709D0036A85
:105810008851A00FE96E050E0320EA6EEFCF83F6E4
:10582000882BCDD782C694F6000157DD01500601C2
:10583000835D17E1050EEA6E890EE96E050EE26ED4
:10584000A00EE16E170E016EE6CFEEFF012EFCD723
:10585000050E906F060E916F000194DCDD0E0601BF
:10586000816F0401D8D20601896B8951070830E3A2
:10587000036A8951BF0F016E050E032203C091F622
:10588000010E8925036A450FE96E030E0320EA6EB7
:10589000EFCF92F691C6EAFF01C0E9FF92C6EFFF93
:1058A000895107080AE0036A8951BF0FE96E050EA6
:1058B0000320EA6EEF50822709D0036A8951BF0F97
:1058C000E96E050E0320EA6EEFCF83F6892BCDD764
:1058D00082C694F6000101DD01500601835D17E1E7
:1058E000050EEA6EB70EE96E050EE26EBF0EE16EB2
:1058F000080E016EE6CFEEFF012EFCD7050E906F6D
:10590000070E916F00013EDCDD0E0601816F040180
:1059100082D206018A6B8A512C0830E3036A8A51CD
:105920001E0F016E050E032203C091F6010E8A259B
:10593000036A450FE96E030E0320EA6EEFCF92F67D
:1059400091C6EAFF01C0E9FF92C6EFFF8A512C0819
:105950000AE0036A8A511E0FE96E050E0320EA6E03
:10596000EF50822709D0036A8A511E0FE96E050E97
:105970000320EA6EEFCF83F68A2BCDD782C694F64A
:105980000001ABDC01500601835D18E1040EEA6EF4
:10599000F10EE96E050EE26E1E0EE16E2D0E016E29
:1059A000E6CFEEFF012EFCD7050E906F0C0E916F27
:1059B0000001C2EC28F0DD0E0601816F04012BD23C
:1059C00006018B6B8B510D0830E3036A8B517B0F03
:1059D000016E050E032203C091F6010E8B25036AAA
:1059E000450FE96E030E0320EA6EEFCF92F691C6E3
:1059F000EAFF01C0E9FF92C6EFFF8B510D080AE0F4
:105A0000036A8B517B0FE96E050E0320EA6EEF509F
:105A1000822709D0036A8B517B0FE96E050E0320A4
:105A2000EA6EEFCF83F68B2BCDD782C694F60001BA
:105A300054DC01500601835D18E1050EEA6E6D0E1F
:105A4000E96E050EE26E7B0EE16E0E0E016EE6CF84
:105A5000EEFF012EFCD7050E906F0D0E916F000129
:105A6000C2EC28F0DD0E0601816F0401D4D10601DD
:105A70008C6B8C510A0830E3036A8C51D20F016E93
:105A8000050E032203C091F6010E8C25036A450F13
:105A9000E96E030E0320EA6EEFCF92F691C6EAFF9D
:105AA00001C0E9FF92C6EFFF8C510A080AE0036AC1
:105AB0008C51D20FE96E050E0320EA6EEF5082275B
:105AC00009D0036A8C51D20FE96E050E0320EA6EED
:105AD000EFCF83F68C2BCDD782C694F600016DEC08
:105AE00029F001500601835D18E1050EEA6EC70E2C
:105AF000E96E050EE26ED20EE16E0B0E016EE6CF80
:105B0000EEFF012EFCD7050E906F0E0E916F000177
:105B1000C2EC28F0DD0E0601816F04017CD146C382
:105B200045F447C344F4050E0601906F0F0E916FC4
:105B30000001C2EC28F0DD0E0601816F04016BD17B
:105B4000040141510301465D08E14751CC0805E1DC
:105B5000DD0E0601816F03D0030106018169040196
:105B60005AD104015291030146A103D0040152818C
:105B70000301050E0601906F030E916F0001C2EC48
:105B800028F0DD0E0601816F040145D10301465165
:105B90000E0A000103E0010A08E00CD0010E060124
:105BA000906F000195EC29F005D00601906B000183
:105BB00095EC29F0050E0601906F020E916F000121
:105BC000C2EC28F0DD0E0601816F040124D106012C
:105BD0008D6B8D51090830E3036A8D51E70F016E1B
:105BE000050E032203C091F6010E8D25036A450FB1
:105BF000E96E030E0320EA6EEFCF92F691C6EAFF3C
:105C000001C0E9FF92C6EFFF8D5109080AE0036A5F
:105C10008D51E70FE96E050E0320EA6EEF508227E3
:105C200009D0036A8D51E70FE96E050E0320EA6E75
:105C3000EFCF83F68D2BCDD782C694F600016DECA5
:105C400029F001500601835D18E1050EEA6EDD0EB4
:105C5000E96E050EE26EE70EE16E0A0E016EE6CF0A
:105C6000EEFF012EFCD7050E906F100E916F000114
:105C7000C2EC28F0DD0E0601816F0401CCD00601D4
:105C80008E6B8E51050830E3036A8E51F70F016E5B
:105C9000050E032203C091F6010E8E25036A450FFF
:105CA000E96E030E0320EA6EEFCF92F691C6EAFF8B
:105CB00001C0E9FF92C6EFFF8E5105080AE0036AB2
:105CC0008E51F70FE96E050E0320EA6EEF50822722
:105CD00009D0036A8E51F70FE96E050E0320EA6EB4
:105CE000EFCF83F68E2BCDD782C694F600016DECF4
:105CF00029F001500601835D18E1050EEA6EF10EF0
:105D0000E96E050EE26EF70EE16E060E016EE6CF4D
:105D1000EEFF012EFCD7050E906F110E916F000162
:105D2000C2EC28F0DD0E0601816F040174D006017B
:105D30008F6B8F51050830E3036A8F51030F016E9B
:105D4000060E032203C091F6010E8F25036A450F4C
:105D5000E96E030E0320EA6EEFCF92F691C6EAFFDA
:105D600001C0E9FF92C6EFFF8F5105080AE0036A00
:105D70008F51030FE96E060E0320EA6EEF50822763
:105D800009D0036A8F51030FE96E060E0320EA6EF5
:105D9000EFCF83F68F2BCDD782C694F600016DEC42
:105DA00029F001500601835D18E1050EEA6EFD0E33
:105DB000E96E060EE26E030EE16E060E016EE6CF90
:105DC000EEFF012EFCD7050E906F120E916F0001B1
:105DD000C2EC28F0DD0E0601816F04011CD0030126
:105DE0004651AB0804E1000E956E8C8206D04651F8
:105DF000CD0803E1000E956E8C92050E0601906FA2
:105E0000130E916F0001C2EC28F0DD0E0601816FC8
:105E1000040101D00401060181C601F00001120055
:105E2000E824F76AF736410FF66E5E0EF722000E91
:105E3000F86EFB6E0A00F550FA6E0800F550F96E28
:105E4000F053F853005410541A54E824F76AF73604
:105E50006B0FF66E5E0EF722000EF86EFB6E0A00F8
:105E6000F550FA6E0800F550F96E42544A545054F9
:105E700050545854E824F76AF736950FF66E5E0EC4
:105E8000F722000EF86EFB6E0A00F550FA6E08005D
:105E9000F550F96EB254B654BC54BC54DE54E824E8
:105EA000F76AF736BF0FF66E5E0EF722000EF86E39
:105EB000FB6E0A00F550FA6E0800F550F96E845337
:105EC0008C5B625BA853405BBA5766581655C45545
:105ED00072561E571259C0596E5A1E5BCE5B7E5CBD
:105EE0002E5DDE5D0601836B826B8351815D0CE369
:105EF00003E18051825D08E2050E006E002EFED7A0
:105F0000822BD8B4832BF1D70001120006018251F5
:105F1000070B006E8231016E013201321F0E011635
:105F200001508425E96E000E8521EA6E016A012A7E
:105F3000002A01D00136002EFDD7835303E0015023
:105F4000EF1203D0011E0150EF16000112000601EE
:105F5000805302E1000E01D0010E81C682F6836FEC
:105F60000F0E856F890E846F0001D0DF81C682F627
:105F70000601836B0F0E856F920E846F0001C6DFE2
:105F80001200F29AB992B996375205E1B99CBA9CBF
:105F90002490C8EC27F0F294BA92BA96D59E7B90E2
:105FA0000F013D91375200E1040142BB11D042BFC5
:105FB0000FD06F6A6E50CF0B6E6E726A7150CF0B3E
:105FC000716E6E6A716A000E966E8D9A966E8D9CD9
:105FD00037520DE1000E966E8D8E956E8C80030EFD
:105FE0000601816FE80E806F00017CDF0401000E66
:105FF000956E8C98030E0601816FE80E806F00018C
:1060000071DF000E956E8C96966E8D9E030E0601C6
:10601000816FE80E806F000165DF000E956E8C9039
:1060200050B006D00601806B150E816F00018FDF26
:106030001F921F941F9A209022902390375201E1C3
:10604000366A37B01DD0A151000809E2FF0A03E10A
:10605000A051220804E2010EA16F220EA06FEB6B8B
:10606000EA6BED6BEC6B0101236B226B02010B6B96
:106070000A6B096B086B0F6B0E6B0D6B0C6B0001E1
:10608000209622962396375201E1366A37B626D0FB
:10609000A751000809E2FF0A03E1A651220804E221
:1060A000010EA76F220EA66F040142BF05D00001AA
:1060B000A76B040EA66F04010001EB6BEA6BED6B9E
:1060C000EC6B0101296B286B02010B6B0A6B096BEE
:1060D000086B0F6B0E6B0D6B0C6B000124980401A9
:1060E000456B446B4B6B0601806B80C6DDF5000190
:1060F0008DEC28F00CEC28F012009D90B990B9942A
:10610000375205E1B99CBA9C2490C8EC27F037506F
:10611000040811E0375005080EE0375006080BE080
:106120003750070808E0B998B99ABA98BA9A0F0197
:106130003695339500019E90BA90BA94CD906B94A9
:106140000F013995375200E1040142BB13D042BF21
:1061500011D00F01446B4351CF0B436F476B465136
:10616000CF0B466F436B466B000E966E8D96966E08
:106170008D9804012BA852D042AF50D01B6AF2BEBA
:106180001B8EF29EFEC2B6F6FDC2B5F6FCC2B4F698
:10619000FBC2B3F60001FDEC04F01BBEF28E02C0A0
:1061A00081F601C080F6060181338033813380336C
:1061B000813380C644FF81338131300B006E0F0183
:1061C0004351CF0B0010436F315226E01B6AF2BEE1
:1061D0001B8EF29EFEC2B6F6FDC2B5F6FCC2B4F648
:1061E000FBC2B3F60001FDEC04F01BBEF28E02C050
:1061F00081F601C080F6060181338033813380331C
:10620000813380C647FF81338131300B006E0F012F
:106210004651CF0B0010466F55D004012BA853D028
:1062200042BF02D042AB4FD01B6AF2BE1B8EF29E21
:1062300025C3B6F624C3B5F623C3B4F622C3B3F61A
:106240000001FDEC04F01BBEF28E02C081F601C01D
:1062500080F606018133803381338033813380C6F9
:1062600044FF81338131300B006E0F014351CF0B5E
:106270000010436F315226E01B6AF2BE1B8EF29E65
:1062800025C3B6F624C3B5F623C3B4F622C3B3F6CA
:106290000001FDEC04F01BBEF28E02C081F601C0CD
:1062A00080F606018133803381338033813380C6A9
:1062B00047FF81338131300B006E0F014651CF0B08
:1062C0000010466F04012B982B9C2B9A03012E95EE
:1062D00037520DE1000E956E8C82956E8C84030E04
:1062E0000601816FE80E806F0001FCDD0301000EE6
:1062F000956E8C9C030E0601816FE80E806F000185
:10630000F1DD000E956E8C9A956E8C92030E06014F
:10631000816FE80E806F0001E5DD000E956E8C94B4
:1063200050B206D00601806B040E816F00010FDEB3
:106330001F921F961F9C209222922392375201E1B6
:10634000366A37B21DD0A351000809E2FF0A03E103
:10635000A251220804E2010EA36F220EA26FEF6B7E
:10636000EE6BF16BF06B0101256B246B0201136B7B
:10637000126B116B106B176B166B156B146B0001A6
:10638000249A0401456B446B4C6B0601806B80C6FC
:10639000DEF5249A000137EC28F01200A092B9989B
:1063A000375205E1B99CBA9C2490C8EC27F0A19221
:1063B000BA98B1900F0136953750030806E0375070
:1063C000070803E0B99ABA9A3395375200E1756A23
:1063D0007450CF0B746E786A7750CF0B776E0401D0
:1063E00042BB11D042BF0FD0756A7450CF0B746E90
:1063F000786A7750CF0B776E746A776AE40E986E7E
:106400008F98986E8F9637520DE1000E966E8D84A0
:10641000956E8C8E030E0601816FE80E806F000171
:1064200061DD0401900E946E8B94030E0601816F62
:10643000E80E806F000156DD900E946E8B92000E78
:10644000966E8D94030E0601816FE80E806F000139
:1064500049DD000E956E8C9E50B405D00601806B10
:10646000816B000174DD1F921F981F9E209422945F
:106470002394375201E1366A37B41DD0A551000884
:1064800009E2FF0A03E1A451220804E2010EA56F0C
:10649000220EA46FF36BF26BF56BF46B0101276BAB
:1064A000266B02011B6B1A6B196B186B1F6B1E6B33
:1064B0001D6B1C6B00010401456B446B4D6B0601A9
:1064C000806B80C6DFF5249C000162EC28F012008E
:1064D0000401536B43C690F644C691F60001C2EC2A
:1064E00028F00401496B486B476B466B03012EBDD6
:1064F00024D004014953D8B402D003011ED048511E
:106500000808D8B002D0030118D00DE14751640843
:10651000D8B002D0030111D006E146517008D8B0BE
:1065200002D003010AD0010E4627D8B0472BD8B4B9
:10653000482BD8B4492BDAD703012E9D04014953C7
:106540000DE14851070813E2FF0A08E147516308CB
:106550000EE2FF0A03E146516F0809E2532B535143
:10656000050803E2FF00429701D042970CD00001DA
:10657000ACEC29F00150DD0804E104014287010E72
:1065800002D00401429742A7A5D7000112000601DC
:10659000526B516B546B536B566B556B526B516B0B
:1065A0005251505DD8A09ED004E14F51515DD8B0FA
:1065B00099D0546B536B010E4F5D006E000E505915
:1065C000036E00C001F05451035CD8A087D004E1F1
:1065D0000150535DD8B082D0D8905335026E5435F7
:1065E000036E02504D25E96E4E510320EA6EECCF4A
:1065F00058F6ED52EFCF57F6010E5325596F000EA6
:1066000054215A6FD8905935026E5A35036E025094
:106610004D25E96E4E510320EA6EECCF03F0ED52AA
:10662000EFCF01F00350585D55E303E15751015C92
:1066300051E2D8905335026E5435036E02504D2509
:10664000E96E4E510320EA6EECCF56F6ED52EFCFD5
:1066500055F6D8905335026E5435036E02504D25D1
:10666000016E4E51032203C058F6010E5325596F97
:10667000000E54215A6FD8905935026E5A35036E68
:1066800002504D25E96E4E510320EA6EECCF03F027
:10669000ED52EFCF59F658C6EAFF01C0E9FF03C03B
:1066A000ECFFED5259C6EFFF010E5325576F000E58
:1066B0005421586FD8905735026E5835036E0250EA
:1066C0004D25E96E4E510320EA6E56C6ECFFED52A1
:1066D00055C6EFFF532BD8B4542B6DD7512BD8B4DC
:1066E000522B5ED7000112001B6AF2BE1B8EF29E77
:1066F00081C6B8F680C6B7F633EC04F01BBEF28E46
:106700001B6AF2BE1B8EF29E03C0BAF602C0B9F637
:1067100001C0B8F600C0B7F60601BE6B400EBD6FF3
:106720001C0EBC6F8B0EBB6F0001B5EC06F01BBEE0
:10673000F28E03C089F602C088F601C087F600C059
:1067400086F61B6AF2BE1B8EF29E03C0BAF602C02A
:10675000B9F601C0B8F600C0B7F60601BE6BBD6B56
:10676000BC6B8B0EBB6F00014EEC04F01BBEF28EB7
:1067700003C085F602C084F601C083F600C082F62D
:106780001B6AF2BE1B8EF29E85C6BAF684C6B9F6A7
:1067900083C6B8F682C6B7F60601BE6BBD6B480E5F
:1067A000BC6F850EBB6F0001B5EC06F01BBEF28E10
:1067B00003C089F602C088F601C087F600C086F6DD
:1067C0001B6AF2BE1B8EF29E03C0BAF602C0B9F677
:1067D00001C0B8F600C0B7F6E70E0601BE6FBB0EEB
:1067E000BD6F040EBC6F840EBB6F00014EEC04F055
:1067F0001BBEF28E1B6AF2BE1B8EF29E03C0B6F663
:1068000002C0B5F601C0B4F600C0B3F6FDEC04F06A
:106810001BBEF28E025012001B6AF2BE1B8EF29E4D
:1068200082C6B8F681C6B7F633EC04F01BBEF28E12
:106830001B6AF2BE1B8EF29E03C0BAF602C0B9F606
:1068400001C0B8F600C0B7F60601BE6BBD6B200EE6
:10685000BC6F810EBB6F0001B5EC06F01BBEF28E63
:1068600003C08BF602C08AF601C089F600C088F624
:106870001B6AF2BE1B8EF29E8BC6BAF68AC6B9F6AA
:1068800089C6B8F688C6B7F60601BE6BBD6BBC6B91
:106890008B0EBB6F00014EEC04F01BBEF28E03C0EA
:1068A00087F602C086F601C085F600C084F60601B0
:1068B000832D20D01B6AF2BE1B8EF29E87C6BAF6CD
:1068C00086C6B9F685C6B8F684C6B7F6BE6BBD6B8C
:1068D000300EBC6F820EBB6F0001B5EC06F01BBE24
:1068E000F28E03C087F602C086F601C085F600C0AE
:1068F00084F6060184C600F085C601F086C602F063
:1069000087C603F00001120006014551000A00018C
:1069100007E0010AD8B40AD1030AD8B403D2FFD2DF
:10692000040E016EC250830B0110C26E000E016E88
:10693000C150F80B0110C16E250E006E002EFED75F
:106940001B6AF2BE1B8EF29EBBEC00F01BBEF28EE9
:1069500002C08DF101C08CF1C2B2FED701018D6B76
:106960008C6B0601476B47510E082EE3040E016E37
:10697000C250830B0110C26E000E016EC150F80BA5
:106980000110C16ED8904735036A980F016E010E51
:10699000032201C04DF603C04EF61B6AF2BE1B8EE9
:1069A000F29E0001BBEC00F01BBEF28E4EC6EAFF69
:1069B0004DC6E9FF02C0ECFFED5201C0EFFFC2B2CD
:1069C000FED70601472BCFD7010E4E6F980E4D6FA5
:1069D000506B0F0E4F6F0001DADDA7C181F6A6C123
:1069E00080F682DE02C08FF101C08EF18D82000E32
:1069F000966E060146530DE1180E016EC250830BD0
:106A00000110C26E000E016EC150F80B0110C16E74
:106A10000ED0462D0CD0140E016EC250830B011007
:106A2000C26E000E016EC150F80B0110C16E250E32
:106A3000006E002EFED71B6AF2BE1B8EF29E000176
:106A4000BBEC00F01BBEF28E02C091F101C090F1D0
:106A5000C2B2FED70101916B906B0601486B4851A1
:106A60000E083FE346530DE1180E016EC250830B32
:106A70000110C26E000E016EC150F80B0110C16E04
:106A80000ED0462D0CD0140E016EC250830B011097
:106A9000C26E000E016EC150F80B0110C16ED8908D
:106AA0004835036AB60F016E010E032201C04DF690
:106AB00003C04EF61B6AF2BE1B8EF29E0001BBECB9
:106AC00000F01BBEF28E4EC6EAFF4DC6E9FF02C0C3
:106AD000ECFFED5201C0EFFFC2B2FED70601482B1A
:106AE000BED7010E4E6FB60E4D6F506B0F0E4F6F2F
:106AF00000014DDD010E06014E6FB60E4D6F0F0EFB
:106B00004F6F000102EF00F0C5C182F6C4C181F6EB
:106B1000010E0601836F00017FDE03C07FF202C019
:106B20007EF201C07DF200C07CF2F9D1080E016E48
:106B3000C250830B0110C26E000E016EC150F80BE3
:106B40000110C16E250E006E002EFED71B6AF2BE2C
:106B50001B8EF29EBBEC00F01BBEF28E02C08DF1CC
:106B600001C08CF1C2B2FED701018D6B8C6B0601A6
:106B7000496B49510E082EE3080E016EC250830B7B
:106B80000110C26E000E016EC150F80B0110C16EF3
:106B9000D8904935036A980F016E010E032201C097
:106BA0004DF603C04EF61B6AF2BE1B8EF29E00012C
:106BB000BBEC00F01BBEF28E4EC6EAFF4DC6E9FFED
:106BC00002C0ECFFED5201C0EFFFC2B2FED70601DA
:106BD000492BCFD7010E4E6F980E4D6F506B0F0E95
:106BE0004F6F0001D4DCA7C181F6A6C180F67CDD21
:106BF00002C08FF101C08EF18D80000E966E0601ED
:106C000046530DE11C0E016EC250830B0110C26E83
:106C1000000E016EC150F80B0110C16E0ED0462D52
:106C20000CD02C0E016EC250830B0110C26E000EF0
:106C3000016EC150F80B0110C16E250E006E002EC2
:106C4000FED71B6AF2BE1B8EF29E0001BBEC00F069
:106C50001BBEF28E02C091F101C090F1C2B2FED70C
:106C60000101916B906B06014A6B4A510E083FE39C
:106C700046530DE11C0E016EC250830B0110C26E13
:106C8000000E016EC150F80B0110C16E0ED0462DE2
:106C90000CD02C0E016EC250830B0110C26E000E80
:106CA000016EC150F80B0110C16ED8904A35036ACD
:106CB000B60F016E010E032201C04DF603C04EF661
:106CC0001B6AF2BE1B8EF29E0001BBEC00F01BBEE5
:106CD000F28E4EC6EAFF4DC6E9FF02C0ECFFED5250
:106CE00001C0EFFFC2B2FED706014A2BBED7010E8C
:106CF0004E6FB60E4D6F506B0F0E4F6F000147DC9D
:106D0000C5C182F6C4C181F6010E0601836F000180
:106D100083DD03C07FF202C07EF201C07DF200C0BD
:106D20007CF2FDD0240E016EC250830B0110C26EA6
:106D3000000E016EC150F80B0110C16E250E006EE1
:106D4000002EFED71B6AF2BE1B8EF29EBBEC00F03B
:106D50001BBEF28E02C08DF101C08CF1C2B2FED713
:106D600001018D6B8C6B06014B6B4B510E082EE3B2
:106D7000240E016EC250830B0110C26E000E016E14
:106D8000C150F80B0110C16ED8904B35036A980FB3
:106D9000016E010E032201C04DF603C04EF61B6AC0
:106DA000F2BE1B8EF29E0001BBEC00F01BBEF28E09
:106DB0004EC6EAFF4DC6E9FF02C0ECFFED5201C02E
:106DC000EFFFC2B2FED706014B2BCFD7010E4E6F9D
:106DD000980E4D6F506B0F0E4F6F0001C7EC32F0E5
:106DE000A7C181F6A6C180F67FDC02C08FF101C089
:106DF0008EF18F80E40E986E060146530DE1200E51
:106E0000016EC250830B0110C26E000E016EC150A4
:106E1000F80B0110C16E0ED0462D0CD0280E016E5D
:106E2000C250830B0110C26E000E016EC150F80BF0
:106E30000110C16E250E006E002EFED71B6AF2BE39
:106E40001B8EF29E0001BBEC00F01BBEF28E02C056
:106E500091F101C090F1C2B2FED70101916B906B2C
:106E600006014C6B4C510E083FE346530DE1200EDA
:106E7000016EC250830B0110C26E000E016EC15034
:106E8000F80B0110C16E0ED0462D0CD0280E016EED
:106E9000C250830B0110C26E000E016EC150F80B80
:106EA0000110C16ED8904C35036AB60F016E010E09
:106EB000032201C04DF603C04EF61B6AF2BE1B8EC4
:106EC000F29E0001BBEC00F01BBEF28E4EC6EAFF44
:106ED0004DC6E9FF02C0ECFFED5201C0EFFFC2B2A8
:106EE000FED706014C2BBED7010E4E6FB60E4D6F6E
:106EF000506B0F0E4F6F0001C7EC32F0C5C182F628
:106F0000C4C181F6010E0601836F000185DC03C058
:106F10007FF202C07EF201C07DF200C07CF212005E
:106F2000060144914351000A000108E0010AD8B467
:106F3000B0D1030AD8B465D3B8EF3CF0000E956E1B
:106F40008C98966E8D9E956E8C96956E8C900101A8
:106F5000936BA10E926F93C102F092C101F00232C5
:106F6000013202320132023201C06FFF02320230BE
:106F7000300B006E6E50CF0B00106E6E010E0601CE
:106F8000926FF40E916F000174EC29F00601456BCD
:106F9000466B0001B9DC01018F531CE18E5196084C
:106FA00019E31B6AF2BE1B8EF29E0601BA6BB96B27
:106FB000B86B7E0EB76F7FC2BEF67EC2BDF67DC2D5
:106FC000BCF67CC2BBF6000157EC06F01BBEF28E8D
:106FD00005E30101060144814DD10001000E956ECB
:106FE0008C880601456B466B00018EDC01018F51D8
:106FF000000805E2FF0A1DE18E51F4081AE31B6A3E
:10700000F2BE1B8EF29E7FC2BAF67EC2B9F67DC278
:10701000B8F67CC2B7F60601BE6BBD6B700EBC6FD6
:10702000830EBB6F000157EC06F01BBEF28E05E32A
:107030000101060144811ED10001000E956E8C8075
:107040000601456B466B00015FDC1B6AF2BE1B8EBE
:10705000F29E8FC1B8F68EC1B7F633EC04F01BBEBA
:10706000F28E1B6AF2BE1B8EF29E0601BA6B800E78
:10707000B96F090EB86F8A0EB76F03C0BEF602C0B3
:10708000BDF601C0BCF600C0BBF6000157EC06F02F
:107090001BBEF28E18E21B6AF2BE1B8EF29E060128
:1070A000BA6BB96BB86B7F0EB76F7FC2BEF67EC28C
:1070B000BDF67DC2BCF67CC2BBF6000157EC06F003
:1070C0001BBEF28E04E306014481D4D00001000E01
:1070D000956E8C98956E8C906F6A0101936BA10EE2
:1070E000926F93C102F092C101F00232013202327A
:1070F0000132023201C072FF02320230300B006EE8
:107100007150CF0B0010716E010E0601926FF40EDC
:10711000916F000174EC29F00601456B010E466F7A
:10712000000184EC34F001018F531CE18E5196086C
:1071300019E31B6AF2BE1B8EF29E0601BA6BB96B95
:10714000B86B7E0EB76F7FC2BEF67EC2BDF67DC243
:10715000BCF67CC2BBF6000157EC06F01BBEF28EFB
:1071600005E301010601448185D00001000E956E02
:107170008C860601456B010E466F000184EC34F0ED
:1071800001018F51000805E2FF0A1DE18E51F4084C
:107190001AE31B6AF2BE1B8EF29E7FC2BAF67EC253
:1071A000B9F67DC2B8F67CC2B7F60601BE6BBD6B00
:1071B000700EBC6F830EBB6F000157EC06F01BBE58
:1071C000F28E05E301010601448154D00001000E56
:1071D000966E8D8E0601456B010E466F000184ECA4
:1071E00034F01B6AF2BE1B8EF29E8FC1B8F68EC1C0
:1071F000B7F633EC04F01BBEF28E1B6AF2BE1B8E98
:10720000F29E0601BA6B800EB96F090EB86F8A0E36
:10721000B76F03C0BEF602C0BDF601C0BCF600C029
:10722000BBF6000157EC06F01BBEF28E18E21B6A9B
:10723000F2BE1B8EF29E0601BA6BB96BB86B7F0E65
:10724000B76F7FC2BEF67EC2BDF67DC2BCF67CC201
:10725000BBF6000157EC06F01BBEF28E04E30601FC
:10726000448108D00001000E966E8D9E956E8C961E
:10727000726A060144A10BD0000E966E8D9E956E2B
:107280008C90956E8C98956E8C966F6A726A0001E0
:107290006FD3000E956E8C92956E8C94956E8C9C2F
:1072A000956E8C9A0101936BA30E926F93C102F0BD
:1072B00092C101F00232013202320132023201C0C7
:1072C00044FF02320230300B006E0F014351CF0BEE
:1072D0000010436F010E0601926FF40E916F0001D2
:1072E00074EC29F0010E0601456F466B000184EC39
:1072F00034F001018F51010805E2FF0A1CE18E51B3
:10730000580819E31B6AF2BE1B8EF29E0601BA6B87
:10731000B96BB86B7E0EB76F7FC2BEF67EC2BDF68C
:107320007DC2BCF67CC2BBF6000157EC06F01BBE6A
:10733000F28E05E301010601448152D10001000EE5
:10734000956E8C8C010E0601456F466B000184EC36
:1073500034F001018F51020805E2FF0A1DE18E5150
:10736000E8081AE31B6AF2BE1B8EF29E7FC2BAF6D1
:107370007EC2B9F67DC2B8F67CC2B7F60601BE6B16
:10738000BD6B700EBC6F830EBB6F000157EC06F037
:107390001BBEF28E05E301010601448121D10001EB
:1073A000000E956E8C84010E0601456F466B000140
:1073B00084EC34F01B6AF2BE1B8EF29E8FC1B8F6CD
:1073C0008EC1B7F633EC04F01BBEF28E1B6AF2BE20
:1073D0001B8EF29E0601BA6B400EB96F1C0EB86F81
:1073E0008A0EB76F03C0BEF602C0BDF601C0BCF680
:1073F00000C0BBF6000157EC06F01BBEF28E18E28F
:107400001B6AF2BE1B8EF29E0601BA6BB96BB86B9B
:107410007F0EB76F7FC2BEF67EC2BDF67DC2BCF6E0
:107420007CC2BBF6000157EC06F01BBEF28E04E3F3
:1074300006014481D5D00001000E956E8C9C956E9E
:107440008C940F01446B93C102F092C101F002329F
:10745000013202320132023201C047FF02320230F1
:10746000300B006E4651CF0B0010466F010E060127
:10747000926FF40E916F000174EC29F0010E060179
:10748000456F466F000184EC34F001018F51010813
:1074900005E2FF0A1CE18E51580819E31B6AF2BE8F
:1074A0001B8EF29E0601BA6BB96BB86B7E0EB76F7E
:1074B0007FC2BEF67EC2BDF67DC2BCF67CC2BBF604
:1074C000000157EC06F01BBEF28E05E30101060138
:1074D000448186D00001000E956E8C8A010E060153
:1074E000456F466F000184EC34F001018F510208B2
:1074F00005E2FF0A1DE18E51E8081AE31B6AF2BE9D
:107500001B8EF29E7FC2BAF67EC2B9F67DC2B8F675
:107510007CC2B7F60601BE6BBD6B700EBC6F830EEE
:10752000BB6F000157EC06F01BBEF28E05E30101B4
:107530000601448155D00001000E956E8C82010E2B
:107540000601456F466F000184EC34F01B6AF2BE01
:107550001B8EF29E8FC1B8F68EC1B7F633EC04F0E5
:107560001BBEF28E1B6AF2BE1B8EF29E0601BA6B28
:10757000400EB96F1C0EB86F8A0EB76F03C0BEF60F
:1075800002C0BDF601C0BCF600C0BBF6000157EC5E
:1075900006F01BBEF28E18E21B6AF2BE1B8EF29E34
:1075A0000601BA6BB96BB86B7F0EB76F7FC2BEF6C0
:1075B0007EC2BDF67DC2BCF67CC2BBF6000157ECB4
:1075C00006F01BBEF28E04E30601448109D00001DF
:1075D000000E956E8C92956E8C9A0F01476B06018A
:1075E00044A10DD0000E956E8C92956E8C94956E84
:1075F0008C9C956E8C9A0F01446B476B06010001C1
:10760000B7D1000E966E8D94956E8C9E900E946EF2
:107610008B94946E8B920101936BA10E926F93C128
:1076200002F092C101F00232013202320132023222
:1076300001C075FF02320230300B006E7450CF0B68
:107640000010746E010E0601926FF40E916F00012E
:1076500074EC29F0020E0601456F466B000184ECC4
:1076600034F001018F531CE18E51960819E31B6A17
:10767000F2BE1B8EF29E0601BA6BB96BB86B7E0E22
:10768000B76F7FC2BEF67EC2BDF67DC2BCF67CC2BD
:10769000BBF6000157EC06F01BBEF28E05E30101BC
:1076A0000601448156D10001900E946E8B84020E27
:1076B0000601456F466B000184EC34F001018F51E7
:1076C000000805E2FF0A1DE18E51F4081AE31B6A67
:1076D000F2BE1B8EF29E7FC2BAF67EC2B9F67DC2A2
:1076E000B8F67CC2B7F60601BE6BBD6B700EBC6F00
:1076F000830EBB6F000157EC06F01BBEF28E05E354
:1077000001010601448125D10001000E956E8C8E89
:10771000020E0601456F466B000184EC34F01B6AD3
:10772000F2BE1B8EF29E8FC1B8F68EC1B7F633EC57
:1077300004F01BBEF28E1B6AF2BE1B8EF29E060187
:10774000BA6B800EB96F090EB86F8A0EB76F03C09F
:10775000BEF602C0BDF601C0BCF600C0BBF600011B
:1077600057EC06F01BBEF28E18E21B6AF2BE1B8EAF
:10777000F29E0601BA6BB96BB86B7F0EB76F7FC212
:10778000BEF67EC2BDF67DC2BCF67CC2BBF6000171
:1077900057EC06F01BBEF28E04E306014481D9D0FB
:1077A0000001900E946E8B94000E956E8C9E756AFF
:1077B0000101936BA10E926F93C102F092C101F08F
:1077C0000232013202320132023201C078FF02324B
:1077D0000230300B006E7750CF0B0010776E010E29
:1077E0000601926FF40E916F000174EC29F0020E05
:1077F0000601456F010E466F000184EC34F0010173
:107800008F531CE18E51960819E31B6AF2BE1B8E42
:10781000F29E0601BA6BB96BB86B7E0EB76F7FC272
:10782000BEF67EC2BDF67DC2BCF67CC2BBF60001D0
:1078300057EC06F01BBEF28E05E301010601448100
:1078400088D00001900E946E8B82020E0601456F67
:10785000010E466F000184EC34F001018F510008E5
:1078600005E2FF0A1DE18E51F4081AE31B6AF2BE1D
:107870001B8EF29E7FC2BAF67EC2B9F67DC2B8F602
:107880007CC2B7F60601BE6BBD6B700EBC6F830E7B
:10789000BB6F000157EC06F01BBEF28E05E3010141
:1078A0000601448156D00001000E966E8D84020EB2
:1078B0000601456F010E466F000184EC34F01B6A2F
:1078C000F2BE1B8EF29E8FC1B8F68EC1B7F633ECB6
:1078D00004F01BBEF28E1B6AF2BE1B8EF29E0601E6
:1078E000BA6B800EB96F090EB86F8A0EB76F03C0FE
:1078F000BEF602C0BDF601C0BCF600C0BBF600017A
:1079000057EC06F01BBEF28E18E21B6AF2BE1B8E0D
:10791000F29E0601BA6BB96BB86B7F0EB76F7FC270
:10792000BEF67EC2BDF67DC2BCF67CC2BBF60001CF
:1079300057EC06F01BBEF28E04E30601448109D029
:107940000001000E966E8D94900E946E8B92786A64
:10795000060144A10CD0000E966E8D94956E8C9EFF
:10796000900E946E8B94946E8B92756A786A000177
:10797000060144B10BD043C682F6010E836F856BBE
:10798000290E846F000186EC2FF00601000E44B131
:10799000010E016E0001120006019291936B010E1F
:1079A000915DED0FD8B057EF42F0130F00015EEF7D
:1079B00042F00601928157EF42F00601928157EFA3
:1079C00042F09DC494F60601945193279EC494F608
:1079D000945193279FC494F694519327A0C494F68E
:1079E00094519327A1C494F6A2C495F69451932779
:1079F000A1C494F6A2C495F695519327A3C494F616
:107A0000A4C495F694519327A3C494F6A4C495F600
:107A100095519327A5C494F694519327A6C494F640
:107A2000A7C495F694519327A6C494F6A7C495F6D7
:107A300095519327A8C494F6A9C495F69451932719
:107A4000A8C494F6A9C495F695519327AAC494F6B0
:107A5000ABC495F6ACC496F6ADC497F69451932793
:107A6000AAC494F6ABC495F6ACC496F6ADC497F62A
:107A700095519327AAC494F6ABC495F6ACC496F678
:107A8000ADC497F696519327AAC494F6ABC495F665
:107A9000ACC496F6ADC497F697519327AEC494F64E
:107AA000AFC495F6B0C496F6B1C497F69451932737
:107AB000AEC494F6AFC495F6B0C496F6B1C497F6CA
:107AC00095519327AEC494F6AFC495F6B0C496F61C
:107AD000B1C497F696519327AEC494F6AFC495F609
:107AE000B0C496F6B1C497F697519327B2C494F6F2
:107AF000B3C495F694519327B2C494F6B3C495F6E3
:107B000095519327B4C494F6B5C495F69451932730
:107B1000B4C494F6B5C495F695519327B6C494F6BB
:107B200094519327B7C494F6B8C495F6B9C496F6A1
:107B3000BAC497F694519327B7C494F6B8C495F68F
:107B4000B9C496F6BAC497F695519327B7C494F67C
:107B5000B8C495F6B9C496F6BAC497F69651932769
:107B6000B7C494F6B8C495F6B9C496F6BAC497F6F5
:107B700097519327BBC494F6BCC495F6BDC496F642
:107B8000BEC497F694519327BBC494F6BCC495F633
:107B9000BDC496F6BEC497F695519327BBC494F620
:107BA000BCC495F6BDC496F6BEC497F6965193270D
:107BB000BBC494F6BCC495F6BDC496F6BEC497F695
:107BC00097519327BFC494F694519327C0C494F659
:107BD00094519327905311E093C694F600016DECF5
:107BE00029F001C094F6C1C495F606019551945D43
:107BF00002E0929101D092810BD093C694F60001DD
:107C00006DEC29F001C094F694C6C1F4060192818E
:107C100057EF42F0E7C494F6060194519327E8C465
:107C200094F694519327E9C494F6EAC495F69451D6
:107C30009327E9C494F6EAC495F695519327905397
:107C400011E093C694F600016DEC29F001C094F6A2
:107C5000EBC495F606019551945D02E0929101D036
:107C600092810BD093C694F600016DEC29F001C00F
:107C700094F694C6EBF40601928157EF42F04BC59F
:107C800094F64CC595F60601945193274BC594F68E
:107C90004CC595F6955193274DC594F64EC595F66E
:107CA000945193274DC594F64EC595F6955193275B
:107CB0004FC594F69451932750C594F651C595F647
:107CC0009451932750C594F651C595F69551932735
:107CD00052C594F69451932753C594F69451932723
:107CE00054C594F69451932755C594F6945193270F
:107CF00056C594F657C595F69451932756C594F6F4
:107D000057C595F695519327905311E093C694F675
:107D100000016DEC29F001C094F658C595F60601F6
:107D20009551945D02E0929101D092810BD093C65F
:107D300094F600016DEC29F001C094F694C658F554
:107D400006019281B4D367C594F668C595F606011D
:107D50009451932767C594F668C595F69551932776
:107D6000905311E093C694F600016DEC29F001C028
:107D700094F669C595F606019551945D02E09291DD
:107D800001D092810BD093C694F600016DEC29F0DE
:107D900001C094F694C669F50601928188D389C51D
:107DA00094F60601945193278AC594F68BC595F6EF
:107DB0008CC596F68DC597F6945193278AC594F68F
:107DC0008BC595F68CC596F68DC597F6955193277C
:107DD0008AC594F68BC595F68CC596F68DC597F633
:107DE000965193278AC594F68BC595F68CC596F661
:107DF0008DC597F6975193278EC594F68FC595F646
:107E0000945193278EC594F68FC595F69551932777
:107E100090C594F691C595F69451932790C594F624
:107E200091C595F69551932792C594F69451932751
:107E300093C594F694C595F69451932793C594F6FB
:107E400094C595F69551932795C594F696C595F6E4
:107E50009451932795C594F696C595F69551932719
:107E600097C594F69451932798C594F699C595F6BD
:107E70009451932798C594F699C595F695519327F3
:107E80009AC594F6945193279BC594F694519327E1
:107E90009CC594F6945193279EC594F694519327CC
:107EA0009DC594F694519327905311E093C694F690
:107EB00000016DEC29F001C094F69FC595F606010E
:107EC0009551945D02E0929101D092810BD093C6BE
:107ED00094F600016DEC29F001C094F694C69FF56C
:107EE00006019281E4D2B7C594F6B8C595F60601AD
:107EF00094519327B7C594F6B8C595F69551932735
:107F0000B9C594F6BAC595F694519327B9C594F6B8
:107F1000BAC595F695519327BBC594F6945193270E
:107F2000BCC594F694519327BDC594F694519327FC
:107F3000905311E093C694F600016DEC29F001C056
:107F400094F6BEC595F606019551945D02E09291B6
:107F500001D092810BD093C694F600016DEC29F00C
:107F600001C094F694C6BEF506019281A0D2F1C478
:107F700094F6F2C495F6060194519327F1C494F651
:107F8000F2C495F695519327F3C494F6F4C495F68C
:107F900094519327F3C494F6F4C495F6955193271E
:107FA000F5C494F6F6C495F694519327F5C494F667
:107FB000F6C495F695519327F7C494F6F8C495F650
:107FC00094519327F7C494F6F8C495F695519327E6
:107FD000F9C494F6FAC495F694519327F9C494F62B
:107FE000FAC495F695519327FBC494F6FCC495F614
:107FF00094519327FBC494F6FCC495F695519327AE
:10800000FDC494F6FEC495F694519327FDC494F6EE
:10801000FEC495F695519327FFC494F600C595F6D6
:1080200094519327FFC494F600C595F69551932774
:1080300001C594F602C595F69451932701C594F6AF
:1080400002C595F69551932703C594F604C595F698
:108050009451932703C594F604C595F6955193273B
:1080600005C594F606C595F69451932705C594F673
:1080700006C595F69551932707C594F608C595F65C
:108080009451932707C594F608C595F69551932703
:1080900009C594F60AC595F69451932709C594F637
:1080A0000AC595F6955193270BC594F60CC595F620
:1080B000945193270BC594F60CC595F695519327CB
:1080C0000DC594F60EC595F6945193270DC594F6FB
:1080D0000EC595F6955193270FC594F610C595F6E4
:1080E000945193270FC594F610C595F69551932793
:1080F00011C594F69451932712C594F69451932781
:1081000013C594F69451932714C594F6945193276C
:1081100015C594F69451932716C594F69451932758
:1081200017C594F69451932718C594F69451932744
:1081300019C594F6945193271AC594F69451932730
:108140001BC594F6945193271CC594F6945193271C
:10815000905311E093C694F600016DEC29F001C034
:1081600094F61DC595F606019551945D02E0929135
:1081700001D092810BD093C694F600016DEC29F0EA
:1081800001C094F694C61DF50601928190D16DC58B
:1081900094F66EC595F60601945193276DC594F635
:1081A0006EC595F6955193276FC594F670C595F6F3
:1081B000945193276FC594F670C595F69551932702
:1081C00071C594F672C595F69451932771C594F6CE
:1081D00072C595F69551932773C594F674C595F6B7
:1081E0009451932773C594F674C595F695519327CA
:1081F00075C594F69451932776C594F694519327B8
:1082000077C594F69451932778C594F694519327A3
:1082100079C594F694519327905311E093C694F640
:1082200000016DEC29F001C094F67AC595F60601BF
:108230009551945D02E0929101D092810BD093C64A
:1082400094F600016DEC29F001C094F694C67AF51D
:10825000060192812CD1C7C594F6C8C595F60601D2
:1082600094519327C7C594F6C8C595F695519327A1
:10827000C9C594F6CAC595F694519327C9C594F615
:10828000CAC595F695519327CBC594F6CCC595F6FE
:1082900094519327CBC594F6CCC595F69551932769
:1082A000CDC594F694519327CEC594F69451932757
:1082B000CFC594F694519327D0C594F69451932743
:1082C000905311E093C694F600016DEC29F001C0C3
:1082D00094F6D1C595F606019551945D02E0929110
:1082E00001D092810BD093C694F600016DEC29F079
:1082F00001C094F694C6D1F506019281D8D006014A
:108300009281D5D006019281D2D006019281CFD040
:1083100006019281CCD006019281C9D0DDC594F6C8
:10832000060194519327DEC594F694519327DFC537
:1083300094F694519327E0C594F694519327E1C5A0
:1083400094F694519327E2C594F694519327E3C58C
:1083500094F694519327E4C594F694519327E5C578
:1083600094F694519327905311E093C694F600012C
:108370006DEC29F001C094F6E6C595F6060195511D
:10838000945D02E0929101D092810BD093C694F655
:1083900000016DEC29F001C094F694C6E6F50601E3
:1083A000928185D0F1C594F6F2C595F6F3C596F69F
:1083B000F4C597F6060194519327F1C594F6F2C5DA
:1083C00095F6F3C596F6F4C597F695519327F1C542
:1083D00094F6F2C595F6F3C596F6F4C597F6965160
:1083E0009327F1C594F6F2C595F6F3C596F6F4C554
:1083F00097F697519327F5C594F694519327905388
:1084000011E093C694F600016DEC29F001C094F6DA
:10841000F6C595F606019551945D02E0929101D062
:1084200092810BD093C694F600016DEC29F001C047
:1084300094F694C6F6F50601928139D0FDC594F6FE
:10844000060194519327FEC594F694519327FFC5D6
:1084500094F69451932700C694F601C695F694516C
:10846000932700C694F601C695F69551932790532D
:1084700011E093C694F600016DEC29F001C094F66A
:1084800002C695F606019551945D02E0929101D0E5
:1084900092810BD093C694F600016DEC29F001C0D7
:1084A00094F694C602F60601928101D00601000EF0
:1084B00092B1010E016E000190EF42F0E824F76ADC
:1084C000F736DD0FF66E840EF722000EF86EFB6EA7
:1084D0000A00F550FA6E0800F550F96EB279108373
:1084E0000A83BA7904839E7DE67EC279147C7E7C01
:1084F000467D6E7F8E815682FE821C83A4833C84DF
:1085000016830601826981510001BEEC28F081C604
:1085100041F40601906B81C691F60001CCEF3CF06E
:108520000601836B010E815DEE0FD8B0EAD1120F08
:10853000000191EF44F0CA0EBEEC28F0DD0E0601FA
:10854000826FDFD1040EEA6EC20EE96E040EE26E97
:108550009D0EE16E250E016EE6CFEEFF012EFCD7DB
:108560000601846B8451240810E3036A8451C20F0E
:10857000E96E040E0320EA6EEFCF90F690510001F1
:10858000BEEC28F00601842BEDD7DD0E826FB9D149
:10859000040EEA6EEC0EE96E040EE26EE70EE16E7A
:1085A000050E016EE6CFEEFF012EFCD70601856BAE
:1085B0008551040810E3036A8551EC0FE96E040E3F
:1085C0000320EA6EEFCF90F690510001BEEC28F048
:1085D0000601852BEDD7DD0E826F93D1050EEA6E75
:1085E000590EE96E050EE26E4B0EE16E0E0E016E37
:1085F000E6CFEEFF012EFCD70601866B86510D08F3
:1086000010E3036A8651590FE96E050E0320EA6EE6
:10861000EFCF90F690510001BEEC28F00601862BBA
:10862000EDD7DD0E826F6DD167C56AF568C56BF554
:1086300069C56CF50601876B8751020810E3036A70
:1086400087516A0FE96E050E0320EA6EEFCF90F6B0
:1086500090510001BEEC28F00601872BEDD7DD0E0E
:10866000826F4FD1050EEA6EA00EE96E050EE26E26
:10867000890EE16E170E016EE6CFEEFF012EFCD7DC
:108680000601886B8851160810E3036A8851A00F11
:10869000E96E050E0320EA6EEFCF90F690510001CF
:1086A000BEEC28F00601882BEDD7DD0E826F29D1B4
:1086B000050EEA6EBF0EE96E050EE26EB70EE16EB4
:1086C000080E016EE6CFEEFF012EFCD70601896B86
:1086D0008951070810E3036A8951BF0FE96E050E3F
:1086E0000320EA6EEFCF90F690510001BEEC28F027
:1086F0000601892BEDD7DD0E826F03D1050EEA6EE0
:108700001E0EE96E040EE26EF10EE16E2D0E016E8C
:10871000E6CFEEFF012EFCD706018A6B8A512C08AA
:108720001CE3036A8A511E0FE96E050E0320EA6EF0
:10873000EFCF90F690510001BEEC28F006018A516F
:108740002B0809E3036A8A511E0FE96E050E032008
:10875000EA6EEF5083278A2BE1D7DD0E826FD1D0EE
:10876000050EEA6E7B0EE96E050EE26E6D0EE16E91
:108770000E0E016EE6CFEEFF012EFCD706018B6BCD
:108780008B510D0810E3036A8B517B0FE96E050EC8
:108790000320EA6EEFCF90F690510001BEEC28F076
:1087A00006018B2BEDD7DD0E826FABD0050EEA6E86
:1087B000D20EE96E050EE26EC70EE16E0B0E016E73
:1087C000E6CFEEFF012EFCD706018C6B8C510A0818
:1087D00010E3036A8C51D20FE96E050E0320EA6E96
:1087E000EFCF90F690510001BEEC28F006018C2BE3
:1087F000EDD7DD0E826F85D045C490F6060190510D
:108800000001BEEC28F044C490F60601905100012E
:10881000BEEC28F0DD0E0601826F73D0050EEA6E05
:10882000E70EE96E050EE26EDD0EE16E0A0E016ED8
:10883000E6CFEEFF012EFCD706018D6B8D510908A6
:1088400010E3036A8D51E70FE96E050E0320EA6E0F
:10885000EFCF90F690510001BEEC28F006018D2B71
:10886000EDD7DD0E826F4DD0050EEA6EF70EE96E84
:10887000050EE26EF10EE16E060E016EE6CFEEFF22
:10888000012EFCD706018E6B8E51050810E3036A9A
:108890008E51F70FE96E050E0320EA6EEFCF90F6CA
:1088A00090510001BEEC28F006018E2BEDD7DD0EB5
:1088B000826F27D0060EEA6E030EE96E050EE26E99
:1088C000FD0EE16E060E016EE6CFEEFF012EFCD727
:1088D00006018F6B8F51050810E3036A8F51030F58
:1088E000E96E060E0320EA6EEFCF90F6905100017C
:1088F000BEEC28F006018F2BEDD7DD0E826F01D084
:1089000006018251DD0808E10D0E0001BEEC28F0E1
:108910000A0EBEEC28F0060182C601F00001B9EF94
:1089200044F0E824F76AF736430FF66E890EF72213
:10893000000EF86EFB6E0A00F550FA6E0800F55056
:10894000F96E368500890089008900896486B086C1
:1089500044859085DC852886FC866087AC87F8870F
:108960001C886888B4880401536B80C681F60001B6
:10897000C8D50401496B486B476B466B03012EBD9C
:1089800024D004014953D8B402D003011ED0485169
:108990000808D8B002D0030118D00DE1475164088F
:1089A000D8B002D0030111D006E146517008D8B00A
:1089B00002D003010AD0010E4627D8B0472BD8B405
:1089C000482BD8B4492BDAD703012E9D0401495313
:1089D0000DE14851070813E2FF0A08E14751630817
:1089E0000EE2FF0A03E146516F0809E2532B53518F
:1089F000050803E24297FF0001D042970CD0000126
:108A0000ACEC29F00150DD0804E104014287010EBD
:108A100002D00401429742A7A8D742970001120052
:108A2000016A026A006A036A0601465102E1455181
:108A300018E0100E476FD89043374437003603369E
:108A40004651035C02E14551005C07E34551005E7D
:108A5000D8A003064651035ED88001360236472F60
:108A6000EAD70001120006014B6B4C6B010E4D6FF3
:108A7000DA6AD96A060E506F430E4F6F060EEA6E21
:108A8000470EE96E50C6E2FF4FC6E1FF4DC64EF6F7
:108A9000D890E550EE02F3504B23F4504C234E2F68
:108AA000F7D74BC6DEFF4CC64BF64C6BD8B04C2B01
:108AB0004F2BD8B4502B4D2B4D510508DFE1000151
:108AC0001200010E06013A6F2090526A536A83C069
:108AD0003EF682C03DF681C03CF680C03BF693C0B6
:108AE00042F692C041F691C040F690C03FF60001B8
:108AF000835307E1825305E1815303E180517C08F0
:108B000014E2400E805D06013B6F000E00018159AA
:108B100006013C6F000E0001825906013D6F000EF8
:108B20000001835906013E6F0001302C1DD0935384
:108B300007E1925305E1915303E190517C0814E25F
:108B4000400E905D06013F6F000E00019159060135
:108B5000406F000E000192590601416F000E0001A6
:108B600093590601426F0001665316E103012EB9C5
:108B700012D06F6A000E966E8D9A0C0E6E6E3F0EBE
:108B80000F012C17000E2C13726A966E8D9C0C0E22
:108B9000716E2C9903010001000E956E8C98966EF3
:108BA0008D9E956E8C96956E8C90662D01D017D00B
:108BB000010E0601806F150E816F0001A7EC2FF0EA
:108BC00081B0FED7010E936E8A82020E0601436FBA
:108BD000446B000168EC32F0010E936E8A9206013C
:108BE000926B0A0E916F000174EC29F029B05FD3EB
:108BF0000601436B000190EC37F0015216E00401CE
:108C0000458981B0FED7010E936E8A820F0E060150
:108C1000806F0001A8DE010E936E8A92C1EC2FF0E6
:108C2000010E06013A6F41D30001662D01D010D02C
:108C300081B0FED7010E936E8A82020E0601436F49
:108C4000010E446F000168EC32F0010E936E8A92BF
:108C5000870ED56EF40E0601446F240E436F79C063
:108C600046F678C045F60001DBDE0150FF0A010F31
:108C7000C06F000E0254C16FD59EC1C0D7FFC0C0E7
:108C8000D6FF7A6A070E7B6E06013E5332E13D53F2
:108C900030E13C510F082DE33B35006E3C35016E51
:108CA0003D35026E3E35036E003601360236033620
:108CB00000360136023603360036013602360336F8
:108CC000F00E0016000ED8800054436F000E0154C1
:108CD000446F010E0254000E0354580E4325000148
:108CE000C26F000E060144210001C36F6C6B24D1DA
:108CF00006011B6AF2BE1B8EF29E3EC6BAF63DC648
:108D0000B9F63CC6B8F63BC6B7F60001EFEC0BF07F
:108D10001BBEF28E03C046F602C045F601C044F603
:108D200000C043F61B6AF2BE1B8EF29E03C0BAF669
:108D300002C0B9F601C0B8F600C0B7F60601BE6BB6
:108D4000BD6BBC6B8B0EBB6F00014EEC04F01BBE09
:108D5000F28E03C09BF202C09AF201C099F200C0E9
:108D600098F21B6AF2BE1B8EF29E9BC2B6F69AC2A6
:108D7000B5F699C2B4F698C2B3F6FDEC04F01BBE8A
:108D8000F28E1B6AF2BE1B8EF29E0601B86B01C00A
:108D9000B7F6000133EC04F01BBEF28ED8821B6ADA
:108DA000F2BE1B8EF29E9BC2BAF69AC2B9F699C267
:108DB000B8F698C2B7F603C0BEF602C0BDF601C051
:108DC000BCF600C0BBF61BEC05F01BBEF28E03C068
:108DD00046F602C045F601C044F600C043F61B6AE1
:108DE000F2BE1B8EF29E03C0BAF602C0B9F601C0F5
:108DF000B8F600C0B7F60601BE6BBD6BBC6BBB6BB3
:108E0000000157EC06F01BBEF28E13E11B6AF2BEA6
:108E10001B8EF29E9BC2B6F69AC2B5F699C2B4F604
:108E200098C2B3F6FDEC04F01BBEF28E01C06CF0EC
:108E300013D01B6AF2BE1B8EF29E9BC2B6F69AC27C
:108E4000B5F699C2B4F698C2B3F6FDEC04F01BBEB9
:108E5000F28E010E01246C6F1B6AF2BE1B8EF29E15
:108E60000601B86B6CC0B7F6000133EC04F01BBE12
:108E7000F28E1B6AF2BE1B8EF29E9BC2BAF69AC29B
:108E8000B9F699C2B8F698C2B7F603C0BEF602C0EA
:108E9000BDF601C0BCF600C0BBF64EEC04F01BBE34
:108EA000F28E03C083F202C082F201C081F200C0E0
:108EB00080F21B6AF2BE1B8EF29E0601BA6BB96B82
:108EC000B86B8F0EB76F83C2BEF682C2BDF681C289
:108ED000BCF680C2BBF60001B5EC06F01BBEF28EFC
:108EE000D8821B6AF2BE1B8EF29E0601BA6BB96B6A
:108EF000B86B8F0EB76F03C0BEF602C0BDF601C0DF
:108F0000BCF600C0BBF600011BEC05F01BBEF28EE8
:108F10001B6AF2BE1B8EF29E03C0B6F602C0B5F607
:108F200001C0B4F600C0B3F6FDEC04F01BBEF28E37
:108F300002C0C3F001C0C2F07B90C3C07DFFC2C0BD
:108F40007CFF726B302C64D10F013C6B070E3D6FC0
:108F50000601425332E1415330E140510F082DE305
:108F60003F35006E4035016E4135026E4235036E6D
:108F70000036013602360336003601360236033635
:108F80000036013602360336F00E0016000ED88089
:108F90000054436F000E0154446F010E0254000E42
:108FA0000354580E43250001C46F000E06014421EE
:108FB0000001C56F6D6B24D106011B6AF2BE1B8ECA
:108FC000F29E42C6BAF641C6B9F640C6B8F63FC6EA
:108FD000B7F60001EFEC0BF01BBEF28E03C046F6B5
:108FE00002C045F601C044F600C043F61B6AF2BE5B
:108FF0001B8EF29E03C0BAF602C0B9F601C0B8F6E5
:1090000000C0B7F60601BE6BBD6BBC6B8B0EBB6FB1
:1090100000014EEC04F01BBEF28E03C09FF202C0B2
:109020009EF201C09DF200C09CF21B6AF2BE1B8E34
:10903000F29E9FC2B6F69EC2B5F69DC2B4F69CC221
:10904000B3F6FDEC04F01BBEF28E1B6AF2BE1B8E63
:10905000F29E0601B86B01C0B7F6000133EC04F0D4
:109060001BBEF28ED8821B6AF2BE1B8EF29E9FC27E
:10907000BAF69EC2B9F69DC2B8F69CC2B7F603C056
:10908000BEF602C0BDF601C0BCF600C0BBF61BECCC
:1090900005F01BBEF28E03C046F602C045F601C0C5
:1090A00044F600C043F61B6AF2BE1B8EF29E03C05C
:1090B000BAF602C0B9F601C0B8F600C0B7F60601AC
:1090C000BE6BBD6BBC6BBB6B000157EC06F01BBEEF
:1090D000F28E13E11B6AF2BE1B8EF29E9FC2B6F6A1
:1090E0009EC2B5F69DC2B4F69CC2B3F6FDEC04F088
:1090F0001BBEF28E01C06DF013D01B6AF2BE1B8E38
:10910000F29E9FC2B6F69EC2B5F69DC2B4F69CC250
:10911000B3F6FDEC04F01BBEF28E010E01246D6F60
:109120001B6AF2BE1B8EF29E0601B86B6DC0B7F6CD
:10913000000133EC04F01BBEF28E1B6AF2BE1B8EE4
:10914000F29E9FC2BAF69EC2B9F69DC2B8F69CC204
:10915000B7F603C0BEF602C0BDF601C0BCF600C043
:10916000BBF64EEC04F01BBEF28E03C087F202C0C9
:1091700086F201C085F200C084F21B6AF2BE1B8E2B
:10918000F29E0601BA6BB96BB86B8F0EB76F87C2D0
:10919000BEF686C2BDF685C2BCF684C2BBF600012F
:1091A000B5EC06F01BBEF28ED8821B6AF2BE1B8E97
:1091B000F29E0601BA6BB96BB86B8F0EB76F03C026
:1091C000BEF602C0BDF601C0BCF600C0BBF6000191
:1091D0001BEC05F01BBEF28E1B6AF2BE1B8EF29ECC
:1091E00003C0B6F602C0B5F601C0B4F600C0B3F6CF
:1091F000FDEC04F01BBEF28E02C0C5F001C0C4F04D
:109200000F013D91C5C03FFFC4C03EFF0001736B1D
:10921000F294BA92302C01D0BA96F28AB982302CEC
:1092200001D0B98606013A6B436B43C6DDF50401F4
:109230004B6B42C646F641C645F640C644F63FC6AD
:1092400043F606014A6B496B486B30C047F6000194
:109250000ADC005006013B25436F01503C21446F5E
:1092600002503D21456F03503E21466F0F0E4327AC
:10927000000E44234523462330500F0DF350432561
:109280000101566F000E060144210101576F000EC7
:10929000060145210101586F000E0601462101011A
:1092A000596F00010CEC28F0060141D30001662D36
:1092B00001D010D081B0FED7010E936E8A82020ECB
:1092C0000601436F010E446F000168EC32F0010E9D
:1092D000936E8A92870ED56EF40E0601446F240EAB
:1092E000436F79C046F678C045F6000110EC45F0B2
:1092F0000150FF0A010FC06F000E0254C16FD59ECE
:10930000C1C0D7FFC0C0D6FF7A6A070E7B6E0601C8
:109310003E5332E13D5330E13C510F082DE33B35E4
:10932000006E3C35016E3D35026E3E35036E0036F3
:109330000136023603360036013602360336003671
:10934000013602360336F00E0016000ED8800054A7
:10935000436F000E0154446F010E0254000E03547B
:10936000580E43250001C26F000E06014421000182
:10937000C36F6C6B24D106011B6AF2BE1B8EF29E7A
:109380003EC6BAF63DC6B9F63CC6B8F63BC6B7F619
:109390000001EFEC0BF01BBEF28E03C046F602C0DC
:1093A00045F601C044F600C043F61B6AF2BE1B8EB0
:1093B000F29E03C0BAF602C0B9F601C0B8F600C00A
:1093C000B7F60601BE6BBD6BBC6B8B0EBB6F0001AD
:1093D0004EEC04F01BBEF28E03C09BF202C09AF268
:1093E00001C099F200C098F21B6AF2BE1B8EF29E79
:1093F0009BC2B6F69AC2B5F699C2B4F698C2B3F655
:10940000FDEC04F01BBEF28E1B6AF2BE1B8EF29EB8
:109410000601B86B01C0B7F6000133EC04F01BBEC7
:10942000F28ED8821B6AF2BE1B8EF29E9BC2BAF6E7
:109430009AC2B9F699C2B8F698C2B7F603C0BEF69A
:1094400002C0BDF601C0BCF600C0BBF61BEC05F0C7
:109450001BBEF28E03C046F602C045F601C044F6BC
:1094600000C043F61B6AF2BE1B8EF29E03C0BAF622
:1094700002C0B9F601C0B8F600C0B7F60601BE6B6F
:10948000BD6BBC6BBB6B000157EC06F01BBEF28ED4
:1094900013E11B6AF2BE1B8EF29E9BC2B6F69AC205
:1094A000B5F699C2B4F698C2B3F6FDEC04F01BBE53
:1094B000F28E01C06CF013D01B6AF2BE1B8EF29EBE
:1094C0009BC2B6F69AC2B5F699C2B4F698C2B3F684
:1094D000FDEC04F01BBEF28E010E01246C6F1B6AC2
:1094E000F2BE1B8EF29E0601B86B6CC0B7F600018F
:1094F00033EC04F01BBEF28E1B6AF2BE1B8EF29E92
:109500009BC2BAF69AC2B9F699C2B8F698C2B7F633
:1095100003C0BEF602C0BDF601C0BCF600C0BBF67B
:109520004EEC04F01BBEF28E03C083F202C082F246
:1095300001C081F200C080F21B6AF2BE1B8EF29E57
:109540000601BA6BB96BB86B8F0EB76F83C2BEF6EC
:1095500082C2BDF681C2BCF680C2BBF60001B5EC8A
:1095600006F01BBEF28ED8821B6AF2BE1B8EF29EE4
:109570000601BA6BB96BB86B8F0EB76F03C0BEF63E
:1095800002C0BDF601C0BCF600C0BBF600011BEC7A
:1095900005F01BBEF28E1B6AF2BE1B8EF29E03C04C
:1095A000B6F602C0B5F601C0B4F600C0B3F6FDECE5
:1095B00004F01BBEF28E02C0C3F001C0C2F07B906B
:1095C000C3C07DFFC2C07CFF302C63D10F013C6B58
:1095D000070E3D6F0601425332E1415330E14051E5
:1095E0000F082DE33F35006E4035016E4135026EA8
:1095F0004235036E00360136023603360036013638
:10960000023603360036013602360336F00E0016F7
:10961000000ED8800054436F000E0154446F010EB9
:109620000254000E0354580E43250001C46F000E6F
:10963000060144210001C56F6D6B24D106011B6A30
:10964000F2BE1B8EF29E42C6BAF641C6B9F640C6BD
:10965000B8F63FC6B7F60001EFEC0BF01BBEF28E7A
:1096600003C046F602C045F601C044F600C043F60A
:109670001B6AF2BE1B8EF29E03C0BAF602C0B9F698
:1096800001C0B8F600C0B7F60601BE6BBD6BBC6B7F
:109690008B0EBB6F00014EEC04F01BBEF28E03C0BC
:1096A0009FF202C09EF201C09DF200C09CF21B6AB4
:1096B000F2BE1B8EF29E9FC2B6F69EC2B5F69DC24A
:1096C000B4F69CC2B3F6FDEC04F01BBEF28E1B6A2E
:1096D000F2BE1B8EF29E0601B86B01C0B7F6000108
:1096E00033EC04F01BBEF28ED8821B6AF2BE1B8ED6
:1096F000F29E9FC2BAF69EC2B9F69DC2B8F69CC24F
:10970000B7F603C0BEF602C0BDF601C0BCF600C08D
:10971000BBF61BEC05F01BBEF28E03C046F602C082
:1097200045F601C044F600C043F61B6AF2BE1B8E2C
:10973000F29E03C0BAF602C0B9F601C0B8F600C086
:10974000B7F60601BE6BBD6BBC6BBB6B000157EC83
:1097500006F01BBEF28E13E11B6AF2BE1B8EF29E58
:109760009FC2B6F69EC2B5F69DC2B4F69CC2B3F6D1
:10977000FDEC04F01BBEF28E01C06DF013D01B6A2D
:10978000F2BE1B8EF29E9FC2B6F69EC2B5F69DC279
:10979000B4F69CC2B3F6FDEC04F01BBEF28E010ED3
:1097A00001246D6F1B6AF2BE1B8EF29E0601B86B20
:1097B0006DC0B7F6000133EC04F01BBEF28E1B6ADD
:1097C000F2BE1B8EF29E9FC2BAF69EC2B9F69DC231
:1097D000B8F69CC2B7F603C0BEF602C0BDF601C023
:1097E000BCF600C0BBF64EEC04F01BBEF28E03C00C
:1097F00087F202C086F201C085F200C084F21B6AC3
:10980000F2BE1B8EF29E0601BA6BB96BB86B8F0E5F
:10981000B76F87C2BEF686C2BDF685C2BCF684C2EB
:10982000BBF60001B5EC06F01BBEF28ED8821B6AB7
:10983000F2BE1B8EF29E0601BA6BB96BB86B8F0E2F
:10984000B76F03C0BEF602C0BDF601C0BCF600C0D3
:10985000BBF600011BEC05F01BBEF28E1B6AF2BECC
:109860001B8EF29E03C0B6F602C0B5F601C0B4F678
:1098700000C0B3F6FDEC04F01BBEF28E02C0C5F0D2
:1098800001C0C4F00F013D91C5C03FFFC4C03EFF01
:109890000001F294BA92302C01D0BA96F28AB982C1
:1098A000302C01D0B98606013A6B436B43C6DDF517
:1098B00004014B6B42C646F641C645F640C644F627
:1098C0003FC643F606014A6B496B486B30C047F60A
:1098D000000133EC45F0005006013B25436F015079
:1098E0003C21446F02503D21456F03503E21466F9D
:1098F0000F0E4327000E44234523462330500F0DFF
:10990000F35043250101566F000E06014421010169
:10991000576F000E060145210101586F000E060128
:1099200046210101596F00010CEC28F006013AC6EE
:1099300001F000011200010E06013A6F2092546AF4
:10994000556A0101656B646B87C03EF686C03DF6C3
:1099500085C03CF684C03BF697C042F696C041F6FF
:1099600095C040F694C03FF60001875307E1865347
:1099700005E1855303E184517C0814E2400E845DC7
:1099800006013B6F000E0001855906013C6F000E79
:109990000001865906013D6F000E0001875906013E
:1099A0003E6F0001312C1DD0975307E1965305E11E
:1099B000955303E194517C0814E2400E945D060136
:1099C0003F6F000E000195590601406F000E000127
:1099D00096590601416F000E000197590601426F2A
:1099E0000001665317E103012EB913D00F01446B38
:1099F000000E966E8D960C0E436F2B95476B000EE6
:109A0000966E8D980C0E466FFC0E2B17000E2B13C6
:109A100003010001000E956E8C9C956E8C92956EE4
:109A20008C9A956E8C94665102081AE0010E06011C
:109A3000806F040E816F0001A7EC2FF0010E936E72
:109A40008A8881B0FED7010E936E8A82020E0601CB
:109A5000436F446B000168EC32F0010E936E8A9202
:109A60000601926B0A0E916F000174EC29F029B285
:109A70006EEF54F0010E0601436F000190EC37F0D9
:109A8000015214E00401458B81B0FED7010E936EA4
:109A90008A820F0E0601806F0001B3EC44F0010EC4
:109AA000936E8A927DEC30F06CEF54F066510208B0
:109AB0000FE081B0FED7010E936E8A82020E06017E
:109AC000436F446F000168EC32F0010E936E8A928E
:109AD000010E0601906F000195EC29F0370ECD6E56
:109AE000AA6A7B5303E17A511F082EE2456A446A51
:109AF000D8921B6AF2BE1B8EF29E0601B66B1E0E3A
:109B0000B56F840EB46F800EB36FBA6BB96B7BC048
:109B1000B8F67AC0B7F60001A5EC0BF01BBEF28ECA
:109B200003C0DFF102C0DEF101C0DDF100C0DCF1F5
:109B3000000ED8800101DC550001C66F000E010146
:109B4000DD550001C76F67D17B5346E17A510108AB
:109B500043E3456A280E446E1B6AF2BE1B8EF29EDA
:109B60007BC0B0F67AC0AFF645C0B2F644C0B1F6DD
:109B700057EC14F01BBEF28E02C044F6060101C081
:109B800043F6D8921B6AF2BE1B8EF29EB66B1E0E77
:109B9000B56F840EB46F800EB36FBA6BB96B02C031
:109BA000B8F601C0B7F60001A5EC0BF01BBEF28EB3
:109BB00003C0DFF102C0DEF101C0DDF100C0DCF165
:109BC000000ED8800101DC550001C66F000E0101B6
:109BD000DD550001C76F1FD17B5346E17A51030861
:109BE00043E3456A140E446E1B6AF2BE1B8EF29E5E
:109BF0007BC0B0F67AC0AFF645C0B2F644C0B1F64D
:109C000057EC14F01BBEF28E02C044F6060101C0F0
:109C100043F6D8921B6AF2BE1B8EF29EB66B1E0EE6
:109C2000B56F840EB46F800EB36FBA6BB96B02C0A0
:109C3000B8F601C0B7F60001A5EC0BF01BBEF28E22
:109C400003C0DFF102C0DEF101C0DDF100C0DCF1D4
:109C5000000ED8800101DC550001C66F000E010125
:109C6000DD550001C76FD7D07B5346E17A51070815
:109C700043E3456A0A0E446E1B6AF2BE1B8EF29ED7
:109C80007BC0B0F67AC0AFF645C0B2F644C0B1F6BC
:109C900057EC14F01BBEF28E02C044F6060101C060
:109CA00043F6D8921B6AF2BE1B8EF29EB66B1E0E56
:109CB000B56F840EB46F800EB36FBA6BB96B02C010
:109CC000B8F601C0B7F60001A5EC0BF01BBEF28E92
:109CD00003C0DFF102C0DEF101C0DDF100C0DCF144
:109CE000000ED8800101DC550001C66F000E010195
:109CF000DD550001C76F8FD07B5346E17A511408C0
:109D000043E3456A050E446E1B6AF2BE1B8EF29E4B
:109D10007BC0B0F67AC0AFF645C0B2F644C0B1F62B
:109D200057EC14F01BBEF28E02C044F6060101C0CF
:109D300043F6D8921B6AF2BE1B8EF29EB66B1E0EC5
:109D4000B56F840EB46F800EB36FBA6BB96B02C07F
:109D5000B8F601C0B7F60001A5EC0BF01BBEF28E01
:109D600003C0DFF102C0DEF101C0DDF100C0DCF1B3
:109D7000000ED8800101DC550001C66F000E010104
:109D8000DD550001C76F47D07B5345E17A511E086E
:109D900042E3456A020E446E1B6AF2BE1B8EF29EBF
:109DA0007BC0B0F67AC0AFF645C0B2F644C0B1F69B
:109DB00057EC14F01BBEF28E02C044F6060101C03F
:109DC00043F6D8921B6AF2BE1B8EF29EB66B1E0E35
:109DD000B56F840EB46F800EB36FBA6BB96B02C0EF
:109DE000B8F601C0B7F60001A5EC0BF01BBEF28E71
:109DF00003C0DFF102C0DEF101C0DDF100C0DCF123
:109E0000000ED8800101DC550001C66F000E010173
:109E1000DD550001C76FDDC163F1DCC162F1CD909A
:109E2000416A406AC7C0CFFFC6C0CEFF06013E539D
:109E3000D8A4AFD03D53D8A4ACD03C510408D8A08E
:109E4000A8D004E13B51FA08D8A0A3D01B6AF2BE07
:109E50001B8EF29E3EC6BAF63DC6B9F63CC6B8F6B3
:109E60003BC6B7F60001EFEC0BF01BBEF28E1B6A8F
:109E7000F2BE1B8EF29E03C0BAF602C0B9F601C054
:109E8000B8F600C0B7F6CD0E0601BE6FCC0EBD6FA2
:109E90004C0EBC6F7C0EBB6F0001B5EC06F01BBE18
:109EA000F28E1B6AF2BE1B8EF29E03C0B6F602C093
:109EB000B5F601C0B4F600C0B3F6FDEC04F01BBE6D
:109EC000F28E02C0C9F001C0C8F06E6B06013B51B2
:109ED00032080EE13C530CE13D530AE13E5308E1E8
:109EE000200E06096B6E0001C8C06CFF50D0060141
:109EF0000A0E3B5D436F000E3C59446F000E3D5906
:109F0000456F000E3E59466F1B6AF2BE1B8EF29ED5
:109F1000BA6F45C6B9F644C6B8F643C6B7F60001EF
:109F2000EFEC0BF01BBEF28E1B6AF2BE1B8EF29E94
:109F300003C0BAF602C0B9F601C0B8F600C0B7F661
:109F4000CD0E0601BE6FCC0EBD6F4C0EBC6F7C0EED
:109F5000BB6F0001B5EC06F01BBEF28E1B6AF2BEB1
:109F60001B8EF29E03C0B6F602C0B5F601C0B4F671
:109F700000C0B3F6FDEC04F01BBEF28E02C0C9F0C7
:109F800001C0C8F0280E06096B6EC8C06CFFBDD1B9
:109F900006011B6AF2BE1B8EF29E3EC6BAF63DC695
:109FA000B9F63CC6B8F63BC6B7F60001EFEC0BF0CD
:109FB0001BBEF28E1B6AF2BE1B8EF29E03C0BAF667
:109FC00002C0B9F601C0B8F600C0B7F68F0E0601A0
:109FD000BE6FC20EBD6F750EBC6F7E0EBB6F0001F3
:109FE000B5EC06F01BBEF28E1B6AF2BE1B8EF29E13
:109FF00003C0BAF602C0B9F601C0B8F600C0B7F6A1
:10A0000094EC06F01BBEF28E03C03EF602C03DF695
:10A0100001C03CF600C03BF61B6AF2BE1B8EF29EEE
:10A020003EC6BAF63DC6B9F63CC6B8F63BC6B7F66C
:10A03000EFEC0BF01BBEF28E03C046F602C045F6F5
:10A0400001C044F600C043F61B6AF2BE1B8EF29EAE
:10A0500003C0BAF602C0B9F601C0B8F600C0B7F640
:10A060000601BE6B600EBD6F1F0EBC6F890EBB6F0D
:10A0700000014EEC04F01BBEF28E03C0A3F202C03E
:10A08000A2F201C0A1F200C0A0F21B6AF2BE1B8EB8
:10A09000F29EA3C2B6F6A2C2B5F6A1C2B4F6A0C2A1
:10A0A000B3F6FDEC04F01BBEF28E1B6AF2BE1B8EF3
:10A0B000F29E0601B86B01C0B7F6000133EC04F064
:10A0C0001BBEF28ED8821B6AF2BE1B8EF29EA3C20A
:10A0D000BAF6A2C2B9F6A1C2B8F6A0C2B7F603C0DA
:10A0E000BEF602C0BDF601C0BCF600C0BBF61BEC5C
:10A0F00005F01BBEF28E03C046F602C045F601C055
:10A1000044F600C043F61B6AF2BE1B8EF29E03C0EB
:10A11000BAF602C0B9F601C0B8F600C0B7F606013B
:10A12000BE6BBD6BBC6BBB6B000157EC06F01BBE7E
:10A13000F28E13E11B6AF2BE1B8EF29EA3C2B6F62C
:10A14000A2C2B5F6A1C2B4F6A0C2B3F6FDEC04F00B
:10A150001BBEF28E01C06EF013D01B6AF2BE1B8EC6
:10A16000F29EA3C2B6F6A2C2B5F6A1C2B4F6A0C2D0
:10A17000B3F6FDEC04F01BBEF28E010E01246E6FEF
:10A180001B6AF2BE1B8EF29E0601B86B6EC0B7F65C
:10A19000000133EC04F01BBEF28E1B6AF2BE1B8E74
:10A1A000F29EA3C2BAF6A2C2B9F6A1C2B8F6A0C284
:10A1B000B7F603C0BEF602C0BDF601C0BCF600C0D3
:10A1C000BBF64EEC04F01BBEF28E03C08BF202C055
:10A1D0008AF201C089F200C088F21B6AF2BE1B8EAF
:10A1E000F29E0601BA6BB96B7F0EB86F860EB76F21
:10A1F0008BC2BEF68AC2BDF689C2BCF688C2BBF667
:10A200000001B5EC06F01BBEF28E1B6AF2BE1B8E7F
:10A21000F29E03C0B6F602C0B5F601C0B4F600C0A7
:10A22000B3F6FDEC04F01BBEF28E02C0C9F001C013
:10A23000C8F01B6AF2BE1B8EF29E0601B86B6EC0A0
:10A24000B7F6000133EC04F01BBEF28E1B6AF2BEBF
:10A250001B8EF29E03C0BAF602C0B9F601C0B8F672
:10A2600000C0B7F69A0E0601BE6F990EBD6F190EAB
:10A27000BC6F7D0EBB6F0001B5EC06F01BBEF28E0D
:10A2800003C046F602C045F601C044F600C043F6DE
:10A290001B6AF2BE1B8EF29E0601B86B6EC0B7F64B
:10A2A000000133EC04F01BBEF28ED8921B6AF2BEA2
:10A2B0001B8EF29E03C0BAF602C0B9F601C0B8F612
:10A2C00000C0B7F646C6BEF645C6BDF644C6BCF6E7
:10A2D00043C6BBF61BEC05F01BBEF28E1B6AF2BE3A
:10A2E0001B8EF29E03C0B6F602C0B5F601C0B4F6EE
:10A2F00000C0B3F6FDEC04F01BBEF28E01C06EF0A0
:10A30000200E06096B6EC8C06CFF6B94746B312C09
:10A3100077D206014253D8A4B2D04153D8A4AFD0CB
:10A3200040510408D8A0ABD004E13F51FA08D8A0AE
:10A33000A6D000016F6B1B6AF2BE1B8EF29E42C656
:10A34000BAF641C6B9F640C6B8F63FC6B7F6EFEC66
:10A350000BF01BBEF28E1B6AF2BE1B8EF29E03C078
:10A36000BAF602C0B9F601C0B8F600C0B7F6CD0E15
:10A370000601BE6FCC0EBD6F4C0EBC6F7C0EBB6F6A
:10A380000001B5EC06F01BBEF28E1B6AF2BE1B8EFE
:10A39000F29E03C0B6F602C0B5F601C0B4F600C026
:10A3A000B3F6FDEC04F01BBEF28E02C0CBF001C090
:10A3B000CAF006013F5132080FE140530DE141530D
:10A3C0000BE1425309E1200E06090F01396FCAC0A3
:10A3D0003AFF0F0152D006010A0E3F5D436F000E97
:10A3E0004059446F000E4159456F000E4259466F67
:10A3F0001B6AF2BE1B8EF29EBA6F45C6B9F644C602
:10A40000B8F643C6B7F60001EFEC0BF01BBEF28EB8
:10A410001B6AF2BE1B8EF29E03C0BAF602C0B9F6EA
:10A4200001C0B8F600C0B7F6CD0E0601BE6FCC0E67
:10A43000BD6F4C0EBC6F7C0EBB6F0001B5EC06F01F
:10A440001BBEF28E1B6AF2BE1B8EF29E03C0B6F6D6
:10A4500002C0B5F601C0B4F600C0B3F6FDEC04F0DE
:10A460001BBEF28E02C0CBF001C0CAF0280E060956
:10A470000F01396FCAC03AFF0F01BFD106011B6A35
:10A48000F2BE1B8EF29E3EC6BAF63DC6B9F63CC67B
:10A49000B8F63BC6B7F60001EFEC0BF01BBEF28E30
:10A4A0001B6AF2BE1B8EF29E03C0BAF602C0B9F65A
:10A4B00001C0B8F600C0B7F68F0E0601BE6FC20E1F
:10A4C000BD6F750EBC6F7E0EBB6F0001B5EC06F064
:10A4D0001BBEF28E1B6AF2BE1B8EF29E03C0BAF642
:10A4E00002C0B9F601C0B8F600C0B7F694EC06F0A9
:10A4F0001BBEF28E03C03EF602C03DF601C03CF624
:10A5000000C03BF61B6AF2BE1B8EF29E42C6BAF634
:10A5100041C6B9F640C6B8F63FC6B7F6EFEC0BF049
:10A520001BBEF28E03C046F602C045F601C044F6DB
:10A5300000C043F61B6AF2BE1B8EF29E03C0BAF641
:10A5400002C0B9F601C0B8F600C0B7F60601BE6B8E
:10A55000600EBD6F1F0EBC6F890EBB6F00014EEC0D
:10A5600004F01BBEF28E03C0A7F202C0A6F201C027
:10A57000A5F200C0A4F21B6AF2BE1B8EF29EA7C217
:10A58000B6F6A6C2B5F6A5C2B4F6A4C2B3F6FDEC03
:10A5900004F01BBEF28E1B6AF2BE1B8EF29E0601F9
:10A5A000B86B01C0B7F6000133EC04F01BBEF28EAD
:10A5B000D8821B6AF2BE1B8EF29EA7C2BAF6A6C252
:10A5C000B9F6A5C2B8F6A4C2B7F603C0BEF602C07B
:10A5D000BDF601C0BCF600C0BBF61BEC05F01BBE0F
:10A5E000F28E03C046F602C045F601C044F600C034
:10A5F00043F61B6AF2BE1B8EF29E03C0BAF602C07F
:10A60000B9F601C0B8F600C0B7F60601BE6BBD6B67
:10A61000BC6BBB6B000157EC06F01BBEF28E13E166
:10A620001B6AF2BE1B8EF29EA7C2B6F6A6C2B5F694
:10A63000A5C2B4F6A4C2B3F6FDEC04F01BBEF28EC4
:10A6400001C06FF013D01B6AF2BE1B8EF29EA7C230
:10A65000B6F6A6C2B5F6A5C2B4F6A4C2B3F6FDEC32
:10A6600004F01BBEF28E010E01246F6F1B6AF2BE56
:10A670001B8EF29E0601B86B6FC0B7F6000133EC7B
:10A6800004F01BBEF28E1B6AF2BE1B8EF29EA7C2A6
:10A69000BAF6A6C2B9F6A5C2B8F6A4C2B7F603C008
:10A6A000BEF602C0BDF601C0BCF600C0BBF64EEC63
:10A6B00004F01BBEF28E03C08FF202C08EF201C006
:10A6C0008DF200C08CF21B6AF2BE1B8EF29E060158
:10A6D000BA6BB96B7F0EB86F860EB76F8FC2BEF6BE
:10A6E0008EC2BDF68DC2BCF68CC2BBF60001B5ECC5
:10A6F00006F01BBEF28E1B6AF2BE1B8EF29E03C0DA
:10A70000B6F602C0B5F601C0B4F600C0B3F6FDEC73
:10A7100004F01BBEF28E02C0CBF001C0CAF01B6A6F
:10A72000F2BE1B8EF29E0601B86B6FC0B7F6000139
:10A7300033EC04F01BBEF28E1B6AF2BE1B8EF29E3F
:10A7400003C0BAF602C0B9F601C0B8F600C0B7F649
:10A750009A0E0601BE6F990EBD6F190EBC6F7D0E6D
:10A76000BB6F0001B5EC06F01BBEF28E03C046F6CF
:10A7700002C045F601C044F600C043F61B6AF2BEB3
:10A780001B8EF29E0601B86B6FC0B7F6000133EC6A
:10A7900004F01BBEF28ED8921B6AF2BE1B8EF29E94
:10A7A00003C0BAF602C0B9F601C0B8F600C0B7F6E9
:10A7B00046C6BEF645C6BDF644C6BCF643C6BBF6A5
:10A7C0001BEC05F01BBEF28E1B6AF2BE1B8EF29EC6
:10A7D00003C0B6F602C0B5F601C0B4F600C0B3F6C9
:10A7E000FDEC04F01BBEF28E01C06FF0200E0609D6
:10A7F0000F01396FCAC03AFF0F0139950001756B1F
:10A800009E90BA90312C01D0BA949D80B980312CA1
:10A8100001D0B98406013A6B42C646F641C645F6F8
:10A8200040C644F63FC643F64A6B496B486B31C09D
:10A8300047F6000133EC45F0005006013B25436F1D
:10A8400001503C21446F02503D21456F03503E2191
:10A85000466F0F0E4327000E4423452346233150F5
:10A860000F0DF350432501015A6F000E06014421DC
:10A8700001015B6F000E0601452101015C6F000EB6
:10A880000601462101015D6F080E016EC250830B67
:10A890000110C26E000E016EC150F80B0110C16EA6
:10A8A0000601816B070E806F000172EC2FF01B6AAE
:10A8B000F2BE1B8EF29EBBEC00F01BBEF28E02C0FD
:10A8C00065F101C064F10601436B43C6DEF5040186
:10A8D0004C6B000137EC28F084EF5BF06651020806
:10A8E0000FE081B0FED7010E936E8A82020E060140
:10A8F000436F446F000168EC32F0010E936E8A9250
:10A90000010E0601906F000195EC29F0370ECD6E17
:10A91000AA6A7B5303E17A511F082EE2456A446A12
:10A92000D8921B6AF2BE1B8EF29E0601B66B1E0EFB
:10A93000B56F840EB46F800EB36FBA6BB96B7BC00A
:10A94000B8F67AC0B7F60001A5EC0BF01BBEF28E8C
:10A9500003C0DFF102C0DEF101C0DDF100C0DCF1B7
:10A96000000ED8800101DC550001C66F000E010108
:10A97000DD550001C76F67D17B5346E17A5101086D
:10A9800043E3456A280E446E1B6AF2BE1B8EF29E9C
:10A990007BC0B0F67AC0AFF645C0B2F644C0B1F69F
:10A9A00057EC14F01BBEF28E02C044F6060101C043
:10A9B00043F6D8921B6AF2BE1B8EF29EB66B1E0E39
:10A9C000B56F840EB46F800EB36FBA6BB96B02C0F3
:10A9D000B8F601C0B7F60001A5EC0BF01BBEF28E75
:10A9E00003C0DFF102C0DEF101C0DDF100C0DCF127
:10A9F000000ED8800101DC550001C66F000E010178
:10AA0000DD550001C76F1FD17B5346E17A51030822
:10AA100043E3456A140E446E1B6AF2BE1B8EF29E1F
:10AA20007BC0B0F67AC0AFF645C0B2F644C0B1F60E
:10AA300057EC14F01BBEF28E02C044F6060101C0B2
:10AA400043F6D8921B6AF2BE1B8EF29EB66B1E0EA8
:10AA5000B56F840EB46F800EB36FBA6BB96B02C062
:10AA6000B8F601C0B7F60001A5EC0BF01BBEF28EE4
:10AA700003C0DFF102C0DEF101C0DDF100C0DCF196
:10AA8000000ED8800101DC550001C66F000E0101E7
:10AA9000DD550001C76FD7D07B5346E17A510708D7
:10AAA00043E3456A0A0E446E1B6AF2BE1B8EF29E99
:10AAB0007BC0B0F67AC0AFF645C0B2F644C0B1F67E
:10AAC00057EC14F01BBEF28E02C044F6060101C022
:10AAD00043F6D8921B6AF2BE1B8EF29EB66B1E0E18
:10AAE000B56F840EB46F800EB36FBA6BB96B02C0D2
:10AAF000B8F601C0B7F60001A5EC0BF01BBEF28E54
:10AB000003C0DFF102C0DEF101C0DDF100C0DCF105
:10AB1000000ED8800101DC550001C66F000E010156
:10AB2000DD550001C76F8FD07B5346E17A51140881
:10AB300043E3456A050E446E1B6AF2BE1B8EF29E0D
:10AB40007BC0B0F67AC0AFF645C0B2F644C0B1F6ED
:10AB500057EC14F01BBEF28E02C044F6060101C091
:10AB600043F6D8921B6AF2BE1B8EF29EB66B1E0E87
:10AB7000B56F840EB46F800EB36FBA6BB96B02C041
:10AB8000B8F601C0B7F60001A5EC0BF01BBEF28EC3
:10AB900003C0DFF102C0DEF101C0DDF100C0DCF175
:10ABA000000ED8800101DC550001C66F000E0101C6
:10ABB000DD550001C76F47D07B5345E17A511E0830
:10ABC00042E3456A020E446E1B6AF2BE1B8EF29E81
:10ABD0007BC0B0F67AC0AFF645C0B2F644C0B1F65D
:10ABE00057EC14F01BBEF28E02C044F6060101C001
:10ABF00043F6D8921B6AF2BE1B8EF29EB66B1E0EF7
:10AC0000B56F840EB46F800EB36FBA6BB96B02C0B0
:10AC1000B8F601C0B7F60001A5EC0BF01BBEF28E32
:10AC200003C0DFF102C0DEF101C0DDF100C0DCF1E4
:10AC3000000ED8800101DC550001C66F000E010135
:10AC4000DD550001C76FDDC163F1DCC162F1CD905C
:10AC5000416A406AC7C0CFFFC6C0CEFF06013E535F
:10AC6000D8A4AFD03D53D8A4ACD03C510408D8A050
:10AC7000A8D004E13B51FA08D8A0A3D01B6AF2BEC9
:10AC80001B8EF29E3EC6BAF63DC6B9F63CC6B8F675
:10AC90003BC6B7F60001EFEC0BF01BBEF28E1B6A51
:10ACA000F2BE1B8EF29E03C0BAF602C0B9F601C016
:10ACB000B8F600C0B7F6CD0E0601BE6FCC0EBD6F64
:10ACC0004C0EBC6F7C0EBB6F0001B5EC06F01BBEDA
:10ACD000F28E1B6AF2BE1B8EF29E03C0B6F602C055
:10ACE000B5F601C0B4F600C0B3F6FDEC04F01BBE2F
:10ACF000F28E02C0C9F001C0C8F06E6B06013B5174
:10AD000032080EE13C530CE13D530AE13E5308E1A9
:10AD1000200E06096B6E0001C8C06CFF50D0060102
:10AD20000A0E3B5D436F000E3C59446F000E3D59C7
:10AD3000456F000E3E59466F1B6AF2BE1B8EF29E97
:10AD4000BA6F45C6B9F644C6B8F643C6B7F60001B1
:10AD5000EFEC0BF01BBEF28E1B6AF2BE1B8EF29E56
:10AD600003C0BAF602C0B9F601C0B8F600C0B7F623
:10AD7000CD0E0601BE6FCC0EBD6F4C0EBC6F7C0EAF
:10AD8000BB6F0001B5EC06F01BBEF28E1B6AF2BE73
:10AD90001B8EF29E03C0B6F602C0B5F601C0B4F633
:10ADA00000C0B3F6FDEC04F01BBEF28E02C0C9F089
:10ADB00001C0C8F0280E06096B6EC8C06CFFBDD17B
:10ADC00006011B6AF2BE1B8EF29E3EC6BAF63DC657
:10ADD000B9F63CC6B8F63BC6B7F60001EFEC0BF08F
:10ADE0001BBEF28E1B6AF2BE1B8EF29E03C0BAF629
:10ADF00002C0B9F601C0B8F600C0B7F68F0E060162
:10AE0000BE6FC20EBD6F750EBC6F7E0EBB6F0001B4
:10AE1000B5EC06F01BBEF28E1B6AF2BE1B8EF29ED4
:10AE200003C0BAF602C0B9F601C0B8F600C0B7F662
:10AE300094EC06F01BBEF28E03C03EF602C03DF657
:10AE400001C03CF600C03BF61B6AF2BE1B8EF29EB0
:10AE50003EC6BAF63DC6B9F63CC6B8F63BC6B7F62E
:10AE6000EFEC0BF01BBEF28E03C046F602C045F6B7
:10AE700001C044F600C043F61B6AF2BE1B8EF29E70
:10AE800003C0BAF602C0B9F601C0B8F600C0B7F602
:10AE90000601BE6B600EBD6F1F0EBC6F890EBB6FCF
:10AEA00000014EEC04F01BBEF28E03C0A3F202C000
:10AEB000A2F201C0A1F200C0A0F21B6AF2BE1B8E7A
:10AEC000F29EA3C2B6F6A2C2B5F6A1C2B4F6A0C263
:10AED000B3F6FDEC04F01BBEF28E1B6AF2BE1B8EB5
:10AEE000F29E0601B86B01C0B7F6000133EC04F026
:10AEF0001BBEF28ED8821B6AF2BE1B8EF29EA3C2CC
:10AF0000BAF6A2C2B9F6A1C2B8F6A0C2B7F603C09B
:10AF1000BEF602C0BDF601C0BCF600C0BBF61BEC1D
:10AF200005F01BBEF28E03C046F602C045F601C016
:10AF300044F600C043F61B6AF2BE1B8EF29E03C0AD
:10AF4000BAF602C0B9F601C0B8F600C0B7F60601FD
:10AF5000BE6BBD6BBC6BBB6B000157EC06F01BBE40
:10AF6000F28E13E11B6AF2BE1B8EF29EA3C2B6F6EE
:10AF7000A2C2B5F6A1C2B4F6A0C2B3F6FDEC04F0CD
:10AF80001BBEF28E01C06EF013D01B6AF2BE1B8E88
:10AF9000F29EA3C2B6F6A2C2B5F6A1C2B4F6A0C292
:10AFA000B3F6FDEC04F01BBEF28E010E01246E6FB1
:10AFB0001B6AF2BE1B8EF29E0601B86B6EC0B7F61E
:10AFC000000133EC04F01BBEF28E1B6AF2BE1B8E36
:10AFD000F29EA3C2BAF6A2C2B9F6A1C2B8F6A0C246
:10AFE000B7F603C0BEF602C0BDF601C0BCF600C095
:10AFF000BBF64EEC04F01BBEF28E03C08BF202C017
:10B000008AF201C089F200C088F21B6AF2BE1B8E70
:10B01000F29E0601BA6BB96B7F0EB86F860EB76FE2
:10B020008BC2BEF68AC2BDF689C2BCF688C2BBF628
:10B030000001B5EC06F01BBEF28E1B6AF2BE1B8E41
:10B04000F29E03C0B6F602C0B5F601C0B4F600C069
:10B05000B3F6FDEC04F01BBEF28E02C0C9F001C0D5
:10B06000C8F01B6AF2BE1B8EF29E0601B86B6EC062
:10B07000B7F6000133EC04F01BBEF28E1B6AF2BE81
:10B080001B8EF29E03C0BAF602C0B9F601C0B8F634
:10B0900000C0B7F69A0E0601BE6F990EBD6F190E6D
:10B0A000BC6F7D0EBB6F0001B5EC06F01BBEF28ECF
:10B0B00003C046F602C045F601C044F600C043F6A0
:10B0C0001B6AF2BE1B8EF29E0601B86B6EC0B7F60D
:10B0D000000133EC04F01BBEF28ED8921B6AF2BE64
:10B0E0001B8EF29E03C0BAF602C0B9F601C0B8F6D4
:10B0F00000C0B7F646C6BEF645C6BDF644C6BCF6A9
:10B1000043C6BBF61BEC05F01BBEF28E1B6AF2BEFB
:10B110001B8EF29E03C0B6F602C0B5F601C0B4F6AF
:10B1200000C0B3F6FDEC04F01BBEF28E01C06EF061
:10B13000200E06096B6EC8C06CFF6B94746B312CCB
:10B1400077D206014253D8A4B2D04153D8A4AFD08D
:10B1500040510408D8A0ABD004E13F51FA08D8A070
:10B16000A6D000016F6B1B6AF2BE1B8EF29E42C618
:10B17000BAF641C6B9F640C6B8F63FC6B7F6EFEC28
:10B180000BF01BBEF28E1B6AF2BE1B8EF29E03C03A
:10B19000BAF602C0B9F601C0B8F600C0B7F6CD0ED7
:10B1A0000601BE6FCC0EBD6F4C0EBC6F7C0EBB6F2C
:10B1B0000001B5EC06F01BBEF28E1B6AF2BE1B8EC0
:10B1C000F29E03C0B6F602C0B5F601C0B4F600C0E8
:10B1D000B3F6FDEC04F01BBEF28E02C0CBF001C052
:10B1E000CAF006013F5132080FE140530DE14153CF
:10B1F0000BE1425309E1200E06090F01396FCAC065
:10B200003AFF0F0152D006010A0E3F5D436F000E58
:10B210004059446F000E4159456F000E4259466F28
:10B220001B6AF2BE1B8EF29EBA6F45C6B9F644C6C3
:10B23000B8F643C6B7F60001EFEC0BF01BBEF28E7A
:10B240001B6AF2BE1B8EF29E03C0BAF602C0B9F6AC
:10B2500001C0B8F600C0B7F6CD0E0601BE6FCC0E29
:10B26000BD6F4C0EBC6F7C0EBB6F0001B5EC06F0E1
:10B270001BBEF28E1B6AF2BE1B8EF29E03C0B6F698
:10B2800002C0B5F601C0B4F600C0B3F6FDEC04F0A0
:10B290001BBEF28E02C0CBF001C0CAF0280E060918
:10B2A0000F01396FCAC03AFF0F01BFD106011B6AF7
:10B2B000F2BE1B8EF29E3EC6BAF63DC6B9F63CC63D
:10B2C000B8F63BC6B7F60001EFEC0BF01BBEF28EF2
:10B2D0001B6AF2BE1B8EF29E03C0BAF602C0B9F61C
:10B2E00001C0B8F600C0B7F68F0E0601BE6FC20EE1
:10B2F000BD6F750EBC6F7E0EBB6F0001B5EC06F026
:10B300001BBEF28E1B6AF2BE1B8EF29E03C0BAF603
:10B3100002C0B9F601C0B8F600C0B7F694EC06F06A
:10B320001BBEF28E03C03EF602C03DF601C03CF6E5
:10B3300000C03BF61B6AF2BE1B8EF29E42C6BAF6F6
:10B3400041C6B9F640C6B8F63FC6B7F6EFEC0BF00B
:10B350001BBEF28E03C046F602C045F601C044F69D
:10B3600000C043F61B6AF2BE1B8EF29E03C0BAF603
:10B3700002C0B9F601C0B8F600C0B7F60601BE6B50
:10B38000600EBD6F1F0EBC6F890EBB6F00014EECCF
:10B3900004F01BBEF28E03C0A7F202C0A6F201C0E9
:10B3A000A5F200C0A4F21B6AF2BE1B8EF29EA7C2D9
:10B3B000B6F6A6C2B5F6A5C2B4F6A4C2B3F6FDECC5
:10B3C00004F01BBEF28E1B6AF2BE1B8EF29E0601BB
:10B3D000B86B01C0B7F6000133EC04F01BBEF28E6F
:10B3E000D8821B6AF2BE1B8EF29EA7C2BAF6A6C214
:10B3F000B9F6A5C2B8F6A4C2B7F603C0BEF602C03D
:10B40000BDF601C0BCF600C0BBF61BEC05F01BBED0
:10B41000F28E03C046F602C045F601C044F600C0F5
:10B4200043F61B6AF2BE1B8EF29E03C0BAF602C040
:10B43000B9F601C0B8F600C0B7F60601BE6BBD6B29
:10B44000BC6BBB6B000157EC06F01BBEF28E13E128
:10B450001B6AF2BE1B8EF29EA7C2B6F6A6C2B5F656
:10B46000A5C2B4F6A4C2B3F6FDEC04F01BBEF28E86
:10B4700001C06FF013D01B6AF2BE1B8EF29EA7C2F2
:10B48000B6F6A6C2B5F6A5C2B4F6A4C2B3F6FDECF4
:10B4900004F01BBEF28E010E01246F6F1B6AF2BE18
:10B4A0001B8EF29E0601B86B6FC0B7F6000133EC3D
:10B4B00004F01BBEF28E1B6AF2BE1B8EF29EA7C268
:10B4C000BAF6A6C2B9F6A5C2B8F6A4C2B7F603C0CA
:10B4D000BEF602C0BDF601C0BCF600C0BBF64EEC25
:10B4E00004F01BBEF28E03C08FF202C08EF201C0C8
:10B4F0008DF200C08CF21B6AF2BE1B8EF29E06011A
:10B50000BA6BB96B7F0EB86F860EB76F8FC2BEF67F
:10B510008EC2BDF68DC2BCF68CC2BBF60001B5EC86
:10B5200006F01BBEF28E1B6AF2BE1B8EF29E03C09B
:10B53000B6F602C0B5F601C0B4F600C0B3F6FDEC35
:10B5400004F01BBEF28E02C0CBF001C0CAF01B6A31
:10B55000F2BE1B8EF29E0601B86B6FC0B7F60001FB
:10B5600033EC04F01BBEF28E1B6AF2BE1B8EF29E01
:10B5700003C0BAF602C0B9F601C0B8F600C0B7F60B
:10B580009A0E0601BE6F990EBD6F190EBC6F7D0E2F
:10B59000BB6F0001B5EC06F01BBEF28E03C046F691
:10B5A00002C045F601C044F600C043F61B6AF2BE75
:10B5B0001B8EF29E0601B86B6FC0B7F6000133EC2C
:10B5C00004F01BBEF28ED8921B6AF2BE1B8EF29E56
:10B5D00003C0BAF602C0B9F601C0B8F600C0B7F6AB
:10B5E00046C6BEF645C6BDF644C6BCF643C6BBF667
:10B5F0001BEC05F01BBEF28E1B6AF2BE1B8EF29E88
:10B6000003C0B6F602C0B5F601C0B4F600C0B3F68A
:10B61000FDEC04F01BBEF28E01C06FF0200E060997
:10B620000F01396FCAC03AFF0F0139950001756BE0
:10B630009E90BA90312C01D0BA949D80B980312C63
:10B6400001D0B98406013A6B42C646F641C645F6BA
:10B6500040C644F63FC643F64A6B496B486B31C05F
:10B6600047F6000133EC45F0005006013B25436FDF
:10B6700001503C21446F02503D21456F03503E2153
:10B68000466F0F0E4327000E4423452346233150B7
:10B690000F0DF350432501015A6F000E060144219E
:10B6A00001015B6F000E0601452101015C6F000E78
:10B6B0000601462101015D6F080E016EC250830B29
:10B6C0000110C26E000E016EC150F80B0110C16E68
:10B6D0000601816B070E806F000172EC2FF01B6A70
:10B6E000F2BE1B8EF29EBBEC00F01BBEF28E02C0BF
:10B6F00065F101C064F10601436B43C6DEF5040148
:10B700004C6B000137EC28F006013AC601F000014D
:10B710001200010E06013A6F2094566A576A25906E
:10B720008BC03EF68AC03DF689C03CF688C03BF629
:10B730009BC042F69AC041F699C040F698C03FF6C9
:10B7400000018B5307E18A5305E1895303E18851D6
:10B750007C0814E2400E885D06013B6F000E00017C
:10B76000895906013C6F000E00018A5906013D6FA0
:10B77000000E00018B5906013E6F0001322C1DD0D6
:10B780009B5307E19A5305E1995303E198517C08D3
:10B7900014E2400E985D06013F6F000E00019959BA
:10B7A0000601406F000E00019A590601416F000E1C
:10B7B00000019B590601426F0001665317E1030126
:10B7C0002EB913D0756AE40E986E8F980C0E746EB5
:10B7D0000F012C95786AE40E986E8F960C0E776E9A
:10B7E000FC0E2C17000E2C1303010001900E946E1A
:10B7F0008B94000E966E8D94900E946E8B92000E2C
:10B80000956E8C9E010E0601806F816B0001A7EC86
:10B810002FF06651040816E0010E0601806F816B5F
:10B820000001A7EC2FF081B0FED7010E936E8A8243
:10B83000020E0601436F446B000168EC32F0010E0A
:10B84000936E8A920601926B0A0E916F000174EC5E
:10B8500029F029B49CEF64F0020E0601436F000149
:10B8600090EC37F0015214E00401458D81B0FED711
:10B87000010E936E8A820F0E0601806F0001B3ECF9
:10B8800044F0010E936E8A92CEEC31F09AEF64F0A0
:10B890006651040810E081B0FED7010E936E8A82D3
:10B8A000020E0601436F030E446F000168EC32F094
:10B8B000010E936E8A92B06A370EB16E7D5303E12A
:10B8C0007C511F082EE2476A466AD8921B6AF2BE74
:10B8D0001B8EF29E0601B66B1E0EB56F840EB46F02
:10B8E000800EB36FBA6BB96B7DC0B8F67CC0B7F68B
:10B8F0000001A5EC0BF01BBEF28E03C0DFF102C00D
:10B90000DEF101C0DDF100C0DCF1000ED8800101E4
:10B91000DC550001CC6F000E0101DD550001CD6F3B
:10B9200067D17D5346E17C51010843E3476A280E05
:10B93000466E1B6AF2BE1B8EF29E7DC0B0F67CC0C6
:10B94000AFF647C0B2F646C0B1F657EC14F01BBED6
:10B95000F28E02C044F6060101C043F6D8921B6A7B
:10B96000F2BE1B8EF29EB66B1E0EB56F840EB46FC8
:10B97000800EB36FBA6BB96B02C0B8F601C0B7F6F0
:10B980000001A5EC0BF01BBEF28E03C0DFF102C07C
:10B99000DEF101C0DDF100C0DCF1000ED880010154
:10B9A000DC550001CC6F000E0101DD550001CD6FAB
:10B9B0001FD17D5346E17C51030843E3476A140ECF
:10B9C000466E1B6AF2BE1B8EF29E7DC0B0F67CC036
:10B9D000AFF647C0B2F646C0B1F657EC14F01BBE46
:10B9E000F28E02C044F6060101C043F6D8921B6AEB
:10B9F000F2BE1B8EF29EB66B1E0EB56F840EB46F38
:10BA0000800EB36FBA6BB96B02C0B8F601C0B7F65F
:10BA10000001A5EC0BF01BBEF28E03C0DFF102C0EB
:10BA2000DEF101C0DDF100C0DCF1000ED8800101C3
:10BA3000DC550001CC6F000E0101DD550001CD6F1A
:10BA4000D7D07D5346E17C51070843E3476A0A0E8D
:10BA5000466E1B6AF2BE1B8EF29E7DC0B0F67CC0A5
:10BA6000AFF647C0B2F646C0B1F657EC14F01BBEB5
:10BA7000F28E02C044F6060101C043F6D8921B6A5A
:10BA8000F2BE1B8EF29EB66B1E0EB56F840EB46FA7
:10BA9000800EB36FBA6BB96B02C0B8F601C0B7F6CF
:10BAA0000001A5EC0BF01BBEF28E03C0DFF102C05B
:10BAB000DEF101C0DDF100C0DCF1000ED880010133
:10BAC000DC550001CC6F000E0101DD550001CD6F8A
:10BAD0008FD07D5346E17C51140843E3476A050E3D
:10BAE000466E1B6AF2BE1B8EF29E7DC0B0F67CC015
:10BAF000AFF647C0B2F646C0B1F657EC14F01BBE25
:10BB0000F28E02C044F6060101C043F6D8921B6AC9
:10BB1000F2BE1B8EF29EB66B1E0EB56F840EB46F16
:10BB2000800EB36FBA6BB96B02C0B8F601C0B7F63E
:10BB30000001A5EC0BF01BBEF28E03C0DFF102C0CA
:10BB4000DEF101C0DDF100C0DCF1000ED8800101A2
:10BB5000DC550001CC6F000E0101DD550001CD6FF9
:10BB600047D07D5345E17C511E0842E3476A020EEF
:10BB7000466E1B6AF2BE1B8EF29E7DC0B0F67CC084
:10BB8000AFF647C0B2F646C0B1F657EC14F01BBE94
:10BB9000F28E02C044F6060101C043F6D8921B6A39
:10BBA000F2BE1B8EF29EB66B1E0EB56F840EB46F86
:10BBB000800EB36FBA6BB96B02C0B8F601C0B7F6AE
:10BBC0000001A5EC0BF01BBEF28E03C0DFF102C03A
:10BBD000DEF101C0DDF100C0DCF1000ED880010112
:10BBE000DC550001CC6F000E0101DD550001CD6F69
:10BBF000B190436A426ACDC0B3FFCCC0B2FF060128
:10BC00003E53D8A4BFD03D53D8A4BCD03C51040867
:10BC1000D8A0B8D004E13B51FA08D8A0B3D03E5325
:10BC20000EE13D530CE13C530AE13B51950807E31B
:10BC3000090E3B5F000E3C5B3D5B3E5B66D01B6AC2
:10BC4000F2BE1B8EF29E3EC6BAF63DC6B9F63CC6A3
:10BC5000B8F63BC6B7F60001EFEC0BF01BBEF28E58
:10BC60001B6AF2BE1B8EF29ECD0E0601BA6F3B0E12
:10BC7000B96F7E0EB86FB76F03C0BEF602C0BDF6D7
:10BC800001C0BCF600C0BBF60001B5EC06F01BBE5F
:10BC9000F28E03C046F602C045F601C044F600C06D
:10BCA00043F6D8921B6AF2BE1B8EF29E03C0BAF610
:10BCB00002C0B9F601C0B8F600C0B7F62F0E0601F3
:10BCC000BE6FDD0EBD6F380EBC6F820EBB6F000104
:10BCD0001BEC05F01BBEF28E1B6AF2BE1B8EF29EA1
:10BCE00003C0BAF602C0B9F601C0B8F600C0B7F694
:10BCF00094EC06F01BBEF28E03C03EF602C03DF689
:10BD000001C03CF600C03BF606013B35436F3C35B5
:10BD1000446F3D35456F3E35466F433744374537B1
:10BD20004637433744374537463743374437453737
:10BD30004637433744374537463743374437453727
:10BD40004637C00E4317D8921B6AF2BE1B8EF29E76
:10BD500046C6B6F645C6B5F644C6B4F643C6B3F60F
:10BD6000BA6BB96B010EB86F040EB76F0001A5EC8A
:10BD70000BF01BBEF28E01C0CFF000C0CEF0706B96
:10BD800055D206013B51D0084BE13C51070848E130
:10BD90003D5346E13E5344E11B6AF2BE1B8EF29EC8
:10BDA0003EC6BAF63DC6B9F63CC6B8F63BC6B7F6CF
:10BDB0000001EFEC0BF01BBEF28E1B6AF2BE1B8E75
:10BDC000F29E03C0BAF602C0B9F601C0B8F600C0D0
:10BDD000B7F6190E0601BE6F040EBD6F1E0EBC6FC6
:10BDE0007F0EBB6F0001B5EC06F01BBEF28E1B6A26
:10BDF000F2BE1B8EF29E03C0BAF602C0B9F601C0B5
:10BE0000B8F600C0B7F694EC06F01BBEF28E03C085
:10BE10003EF602C03DF601C03CF600C03BF606010E
:10BE20003B51B8084CE13C510B0849E13D5347E117
:10BE30003E5345E11B6AF2BE1B8EF29E3EC6BAF629
:10BE40003DC6B9F63CC6B8F63BC6B7F60001EFEC06
:10BE50000BF01BBEF28E1B6AF2BE1B8EF29E03C05D
:10BE6000BAF602C0B9F601C0B8F600C0B7F62E0E99
:10BE70000601BE6FAD0EBD6F1E0EBC6F7F0EBB6F99
:10BE80000001B5EC06F01BBEF28E1B6AF2BE1B8EE3
:10BE9000F29E03C0BAF602C0B9F601C0B8F600C0FF
:10BEA000B7F694EC06F01BBEF28E03C03EF602C05D
:10BEB0003DF601C03CF600C03BF644D006011B6ACB
:10BEC000F2BE1B8EF29E3EC6BAF63DC6B9F63CC621
:10BED000B8F63BC6B7F60001EFEC0BF01BBEF28ED6
:10BEE0001B6AF2BE1B8EF29E03C0BAF602C0B9F600
:10BEF00001C0B8F600C0B7F65B0E0601BE6F270E94
:10BF0000BD6F760EBC6F7E0EBB6F0001B5EC06F008
:10BF10001BBEF28E1B6AF2BE1B8EF29E03C0BAF6E7
:10BF200002C0B9F601C0B8F600C0B7F694EC06F04E
:10BF30001BBEF28E03C03EF602C03DF601C03CF6C9
:10BF400000C03BF61B6AF2BE1B8EF29E3EC6BAF6DE
:10BF50003DC6B9F63CC6B8F63BC6B7F6EFEC0BF0FB
:10BF60001BBEF28E03C046F602C045F601C044F681
:10BF700000C043F61B6AF2BE1B8EF29E03C0BAF6E7
:10BF800002C0B9F601C0B8F600C0B7F60601BE6B34
:10BF9000600EBD6F1F0EBC6F890EBB6F00014EECB3
:10BFA00004F01BBEF28E03C0ABF202C0AAF201C0C5
:10BFB000A9F200C0A8F21B6AF2BE1B8EF29EABC2B1
:10BFC000B6F6AAC2B5F6A9C2B4F6A8C2B3F6FDEC9D
:10BFD00004F01BBEF28E1B6AF2BE1B8EF29E06019F
:10BFE000B86B01C0B7F6000133EC04F01BBEF28E53
:10BFF000D8821B6AF2BE1B8EF29EABC2BAF6AAC2F0
:10C00000B9F6A9C2B8F6A8C2B7F603C0BEF602C018
:10C01000BDF601C0BCF600C0BBF61BEC05F01BBEB4
:10C02000F28E03C046F602C045F601C044F600C0D9
:10C0300043F61B6AF2BE1B8EF29E03C0BAF602C024
:10C04000B9F601C0B8F600C0B7F60601BE6BBD6B0D
:10C05000BC6BBB6B000157EC06F01BBEF28E13E10C
:10C060001B6AF2BE1B8EF29EABC2B6F6AAC2B5F632
:10C07000A9C2B4F6A8C2B3F6FDEC04F01BBEF28E62
:10C0800001C070F013D01B6AF2BE1B8EF29EABC2D1
:10C09000B6F6AAC2B5F6A9C2B4F6A8C2B3F6FDECCC
:10C0A00004F01BBEF28E010E0124706F1B6AF2BEFB
:10C0B0001B8EF29E0601B86B70C0B7F6000133EC20
:10C0C00004F01BBEF28E1B6AF2BE1B8EF29EABC248
:10C0D000BAF6AAC2B9F6A9C2B8F6A8C2B7F603C0A2
:10C0E000BEF602C0BDF601C0BCF600C0BBF64EEC09
:10C0F00004F01BBEF28E03C093F202C092F201C0A4
:10C1000091F200C090F21B6AF2BE1B8EF29E0601F5
:10C11000BA6BB96B7F0EB86F860EB76F93C2BEF65F
:10C1200092C2BDF691C2BCF690C2BBF60001B5EC5E
:10C1300006F01BBEF28E1B6AF2BE1B8EF29E03C07F
:10C14000B6F602C0B5F601C0B4F600C0B3F6FDEC19
:10C1500004F01BBEF28E02C0CFF001C0CEF01B6A0D
:10C16000F2BE1B8EF29E0601B86B70C0B7F60001DE
:10C1700033EC04F01BBEF28E1B6AF2BE1B8EF29EE5
:10C1800003C0BAF602C0B9F601C0B8F600C0B7F6EF
:10C190009A0E0601BE6F990EBD6F190EBC6F7D0E13
:10C1A000BB6F0001B5EC06F01BBEF28E03C046F675
:10C1B00002C045F601C044F600C043F61B6AF2BE59
:10C1C0001B8EF29E0601B86B70C0B7F6000133EC0F
:10C1D00004F01BBEF28ED8921B6AF2BE1B8EF29E3A
:10C1E00003C0BAF602C0B9F601C0B8F600C0B7F68F
:10C1F00046C6BEF645C6BDF644C6BCF643C6BBF64B
:10C200001BEC05F01BBEF28E1B6AF2BE1B8EF29E6B
:10C2100003C0B6F602C0B5F601C0B4F600C0B3F66E
:10C22000FDEC04F01BBEF28E01C070F0200E06097A
:10C230000F01366FCEC037FF0F0136950001766BC8
:10C24000322C2BD306014253D8A4C6D04153D8A4D4
:10C25000C3D040510408D8A0BFD004E13F51FA0830
:10C26000D8A0BAD042530EE141530CE140530AE149
:10C270003F51950807E3090E3F5F000E405B415BAD
:10C28000425B67D01B6AF2BE1B8EF29E42C6BAF6B4
:10C2900041C6B9F640C6B8F63FC6B7F60001EFECA6
:10C2A0000BF01BBEF28E1B6AF2BE1B8EF29ECD0EF1
:10C2B0000601BA6FCC0EB96F4C0EB86F7E0EB76F19
:10C2C00003C0BEF602C0BDF601C0BCF600C0BBF69E
:10C2D0000001B5EC06F01BBEF28E03C046F602C0AC
:10C2E00045F601C044F600C043F6D8921B6AF2BE80
:10C2F0001B8EF29E03C0BAF602C0B9F601C0B8F6B2
:10C3000000C0B7F62F0E0601BE6FDD0EBD6F380EF2
:10C31000BC6F820EBB6F00011BEC05F01BBEF28EE2
:10C320001B6AF2BE1B8EF29E03C0BAF602C0B9F6BB
:10C3300001C0B8F600C0B7F694EC06F01BBEF28E52
:10C3400003C042F602C041F601C040F600C03FF60D
:10C3500006013F35436F4035446F4135456F4235E7
:10C36000466F4337443745374637433744374537B9
:10C3700046374337443745374637433744374537E1
:10C3800046374337443745374637C00E4317D892B0
:10C390001B6AF2BE1B8EF29E46C6B6F645C6B5F6C1
:10C3A00044C6B4F643C6B3F6BA6BB96B010EB86FA8
:10C3B000040EB76F0001A5EC0BF01BBEF28E010E50
:10C3C0000601005C0001D06F000E0601015800015B
:10C3D000D16F716B58D2060142534EE141534CE18B
:10C3E0004051070849E303E13F51D00845E31B6A88
:10C3F000F2BE1B8EF29E42C6BAF641C6B9F640C6E0
:10C40000B8F63FC6B7F60001EFEC0BF01BBEF28E9C
:10C410001B6AF2BE1B8EF29E03C0BAF602C0B9F6CA
:10C4200001C0B8F600C0B7F6120E0601BE6F140EBA
:10C43000BD6F0F0EBC6F7F0EBB6F0001B5EC06F039
:10C440001BBEF28E1B6AF2BE1B8EF29E03C0BAF6B2
:10C4500002C0B9F601C0B8F600C0B7F694EC06F019
:10C460001BBEF28E03C042F602C041F601C040F688
:10C4700000C03FF694D0060142534EE141534CE1D7
:10C4800040510B0849E303E13F51B80845E31B6AFB
:10C49000F2BE1B8EF29E42C6BAF641C6B9F640C63F
:10C4A000B8F63FC6B7F60001EFEC0BF01BBEF28EFC
:10C4B0001B6AF2BE1B8EF29E03C0BAF602C0B9F62A
:10C4C00001C0B8F600C0B7F6280E0601BE6F490ECF
:10C4D000BD6F130EBC6F7F0EBB6F0001B5EC06F095
:10C4E0001BBEF28E1B6AF2BE1B8EF29E03C0BAF612
:10C4F00002C0B9F601C0B8F600C0B7F694EC06F079
:10C500001BBEF28E03C042F602C041F601C040F6E7
:10C5100000C03FF644D006011B6AF2BE1B8EF29E9D
:10C5200042C6BAF641C6B9F640C6B8F63FC6B7F637
:10C530000001EFEC0BF01BBEF28E1B6AF2BE1B8EED
:10C54000F29E03C0BAF602C0B9F601C0B8F600C048
:10C55000B7F6550E0601BE6FBE0EBD6F730EBC6FF3
:10C560007E0EBB6F0001B5EC06F01BBEF28E1B6A9F
:10C57000F2BE1B8EF29E03C0BAF602C0B9F601C02D
:10C58000B8F600C0B7F694EC06F01BBEF28E03C0FE
:10C5900042F602C041F601C040F600C03FF61B6AF9
:10C5A000F2BE1B8EF29E42C6BAF641C6B9F640C62E
:10C5B000B8F63FC6B7F6EFEC0BF01BBEF28E03C029
:10C5C00046F602C045F601C044F600C043F61B6AB9
:10C5D000F2BE1B8EF29E03C0BAF602C0B9F601C0CD
:10C5E000B8F600C0B7F60601BE6B600EBD6F1F0E39
:10C5F000BC6F890EBB6F00014EEC04F01BBEF28EC7
:10C6000003C0AFF202C0AEF201C0ADF200C0ACF2A6
:10C610001B6AF2BE1B8EF29EAFC2B6F6AEC2B5F674
:10C62000ADC2B4F6ACC2B3F6FDEC04F01BBEF28EA4
:10C630001B6AF2BE1B8EF29E0601B86B01C0B7F6F4
:10C64000000133EC04F01BBEF28ED8821B6AF2BEEE
:10C650001B8EF29EAFC2BAF6AEC2B9F6ADC2B8F644
:10C66000ACC2B7F603C0BEF602C0BDF601C0BCF650
:10C6700000C0BBF61BEC05F01BBEF28E03C046F6F5
:10C6800002C045F601C044F600C043F61B6AF2BE84
:10C690001B8EF29E03C0BAF602C0B9F601C0B8F60E
:10C6A00000C0B7F60601BE6BBD6BBC6BBB6B000177
:10C6B00057EC06F01BBEF28E13E11B6AF2BE1B8E16
:10C6C000F29EAFC2B6F6AEC2B5F6ADC2B4F6ACC21B
:10C6D000B3F6FDEC04F01BBEF28E01C071F013D076
:10C6E0001B6AF2BE1B8EF29EAFC2B6F6AEC2B5F6A4
:10C6F000ADC2B4F6ACC2B3F6FDEC04F01BBEF28ED4
:10C70000010E0124716F1B6AF2BE1B8EF29E0601A0
:10C71000B86B71C0B7F6000133EC04F01BBEF28EAB
:10C720001B6AF2BE1B8EF29EAFC2BAF6AEC2B9F65B
:10C73000ADC2B8F6ACC2B7F603C0BEF602C0BDF6D5
:10C7400001C0BCF600C0BBF64EEC04F01BBEF28E7E
:10C7500003C097F202C096F201C095F200C094F2B5
:10C760001B6AF2BE1B8EF29E0601BA6BB96B7F0E7E
:10C77000B86F860EB76F97C2BEF696C2BDF695C269
:10C78000BCF694C2BBF60001B5EC06F01BBEF28EFF
:10C790001B6AF2BE1B8EF29E03C0B6F602C0B5F64F
:10C7A00001C0B4F600C0B3F6FDEC04F01BBEF28E7F
:10C7B00002C0D1F001C0D0F01B6AF2BE1B8EF29E07
:10C7C0000601B86B71C0B7F6000133EC04F01BBE74
:10C7D000F28E1B6AF2BE1B8EF29E03C0BAF602C036
:10C7E000B9F601C0B8F600C0B7F69A0E0601BE6FE2
:10C7F000990EBD6F190EBC6F7D0EBB6F0001B5ECBD
:10C8000006F01BBEF28E03C046F602C045F601C01C
:10C8100044F600C043F61B6AF2BE1B8EF29E060170
:10C82000B86B71C0B7F6000133EC04F01BBEF28E9A
:10C83000D8921B6AF2BE1B8EF29E03C0BAF602C0EB
:10C84000B9F601C0B8F600C0B7F646C6BEF645C692
:10C85000BDF644C6BCF643C6BBF61BEC05F01BBEDA
:10C86000F28E1B6AF2BE1B8EF29E03C0B6F602C0A9
:10C87000B5F601C0B4F600C0B3F6FDEC04F01BBE83
:10C88000F28E01C071F0200E06090F01336FD0C087
:10C8900034FF0F0133950001776BA192BA98322CC7
:10C8A00001D0BA9AA082B988322C01D0B98A060187
:10C8B0003A6B42C646F641C645F640C644F63FC608
:10C8C00043F64A6B496B486B32C047F6000133ECC4
:10C8D00045F0005006013B25436F01503C21446F59
:10C8E00002503D21456F03503E21466F0F0E4327F6
:10C8F000000E44234523462332500F0DF3504325A9
:10C9000001015E6F000E0601442101015F6F000E00
:10C91000060145210101606F000E0601462101015B
:10C92000616F0601436B43C6DFF504014D6B0001E7
:10C9300062EC28F0E0EF6CF06651040810E081B082
:10C94000FED7010E936E8A82020E0601436F030E1C
:10C95000446F000168EC32F0010E936E8A92B06A67
:10C96000370EB16E7D5303E17C511F082EE2476AFA
:10C97000466AD8921B6AF2BE1B8EF29E0601B66B07
:10C980001E0EB56F840EB46F800EB36FBA6BB96BA9
:10C990007DC0B8F67CC0B7F60001A5EC0BF01BBE5D
:10C9A000F28E03C0DFF102C0DEF101C0DDF100C094
:10C9B000DCF1000ED8800101DC550001CC6F000EC7
:10C9C0000101DD550001CD6F67D17D5346E17C51FA
:10C9D000010843E3476A280E466E1B6AF2BE1B8EAF
:10C9E000F29E7DC0B0F67CC0AFF647C0B2F646C03E
:10C9F000B1F657EC14F01BBEF28E02C044F60601ED
:10CA000001C043F6D8921B6AF2BE1B8EF29EB66B33
:10CA10001E0EB56F840EB46F800EB36FBA6BB96B18
:10CA200002C0B8F601C0B7F60001A5EC0BF01BBEC2
:10CA3000F28E03C0DFF102C0DEF101C0DDF100C003
:10CA4000DCF1000ED8800101DC550001CC6F000E36
:10CA50000101DD550001CD6F1FD17D5346E17C51B1
:10CA6000030843E3476A140E466E1B6AF2BE1B8E30
:10CA7000F29E7DC0B0F67CC0AFF647C0B2F646C0AD
:10CA8000B1F657EC14F01BBEF28E02C044F606015C
:10CA900001C043F6D8921B6AF2BE1B8EF29EB66BA3
:10CAA0001E0EB56F840EB46F800EB36FBA6BB96B88
:10CAB00002C0B8F601C0B7F60001A5EC0BF01BBE32
:10CAC000F28E03C0DFF102C0DEF101C0DDF100C073
:10CAD000DCF1000ED8800101DC550001CC6F000EA6
:10CAE0000101DD550001CD6FD7D07D5346E17C516A
:10CAF000070843E3476A0A0E466E1B6AF2BE1B8EA6
:10CB0000F29E7DC0B0F67CC0AFF647C0B2F646C01C
:10CB1000B1F657EC14F01BBEF28E02C044F60601CB
:10CB200001C043F6D8921B6AF2BE1B8EF29EB66B12
:10CB30001E0EB56F840EB46F800EB36FBA6BB96BF7
:10CB400002C0B8F601C0B7F60001A5EC0BF01BBEA1
:10CB5000F28E03C0DFF102C0DEF101C0DDF100C0E2
:10CB6000DCF1000ED8800101DC550001CC6F000E15
:10CB70000101DD550001CD6F8FD07D5346E17C5121
:10CB8000140843E3476A050E466E1B6AF2BE1B8E0D
:10CB9000F29E7DC0B0F67CC0AFF647C0B2F646C08C
:10CBA000B1F657EC14F01BBEF28E02C044F606013B
:10CBB00001C043F6D8921B6AF2BE1B8EF29EB66B82
:10CBC0001E0EB56F840EB46F800EB36FBA6BB96B67
:10CBD00002C0B8F601C0B7F60001A5EC0BF01BBE11
:10CBE000F28E03C0DFF102C0DEF101C0DDF100C052
:10CBF000DCF1000ED8800101DC550001CC6F000E85
:10CC00000101DD550001CD6F47D07D5345E17C51D9
:10CC10001E0842E3476A020E466E1B6AF2BE1B8E76
:10CC2000F29E7DC0B0F67CC0AFF647C0B2F646C0FB
:10CC3000B1F657EC14F01BBEF28E02C044F60601AA
:10CC400001C043F6D8921B6AF2BE1B8EF29EB66BF1
:10CC50001E0EB56F840EB46F800EB36FBA6BB96BD6
:10CC600002C0B8F601C0B7F60001A5EC0BF01BBE80
:10CC7000F28E03C0DFF102C0DEF101C0DDF100C0C1
:10CC8000DCF1000ED8800101DC550001CC6F000EF4
:10CC90000101DD550001CD6FB190436A426ACDC0FC
:10CCA000B3FFCCC0B2FF06013E53D8A4BFD03D5362
:10CCB000D8A4BCD03C510408D8A0B8D004E13B5162
:10CCC000FA08D8A0B3D03E530EE13D530CE13C53DB
:10CCD0000AE13B51950807E3090E3B5F000E3C5B00
:10CCE0003D5B3E5B66D01B6AF2BE1B8EF29E3EC66B
:10CCF000BAF63DC6B9F63CC6B8F63BC6B7F6000173
:10CD0000EFEC0BF01BBEF28E1B6AF2BE1B8EF29E86
:10CD1000CD0E0601BA6F3B0EB96F7E0EB86FB76FBE
:10CD200003C0BEF602C0BDF601C0BCF600C0BBF633
:10CD30000001B5EC06F01BBEF28E03C046F602C041
:10CD400045F601C044F600C043F6D8921B6AF2BE15
:10CD50001B8EF29E03C0BAF602C0B9F601C0B8F647
:10CD600000C0B7F62F0E0601BE6FDD0EBD6F380E88
:10CD7000BC6F820EBB6F00011BEC05F01BBEF28E78
:10CD80001B6AF2BE1B8EF29E03C0BAF602C0B9F651
:10CD900001C0B8F600C0B7F694EC06F01BBEF28EE8
:10CDA00003C03EF602C03DF601C03CF600C03BF6B3
:10CDB00006013B35436F3C35446F3D35456F3E358D
:10CDC000466F43374437453746374337443745374F
:10CDD0004637433744374537463743374437453777
:10CDE00046374337443745374637C00E4317D89246
:10CDF0001B6AF2BE1B8EF29E46C6B6F645C6B5F657
:10CE000044C6B4F643C6B3F6BA6BB96B010EB86F3D
:10CE1000040EB76F0001A5EC0BF01BBEF28E01C033
:10CE2000CFF000C0CEF0706B55D206013B51D00858
:10CE30004BE13C51070848E13D5346E13E5344E194
:10CE40001B6AF2BE1B8EF29E3EC6BAF63DC6B9F60E
:10CE50003CC6B8F63BC6B7F60001EFEC0BF01BBEC4
:10CE6000F28E1B6AF2BE1B8EF29E03C0BAF602C09F
:10CE7000B9F601C0B8F600C0B7F6190E0601BE6FCC
:10CE8000040EBD6F1E0EBC6F7F0EBB6F0001B5ECB4
:10CE900006F01BBEF28E1B6AF2BE1B8EF29E03C012
:10CEA000BAF602C0B9F601C0B8F600C0B7F694EC05
:10CEB00006F01BBEF28E03C03EF602C03DF601C076
:10CEC0003CF600C03BF606013B51B8084CE13C5132
:10CED0000B0849E13D5347E13E5345E11B6AF2BE71
:10CEE0001B8EF29E3EC6BAF63DC6B9F63CC6B8F6F3
:10CEF0003BC6B7F60001EFEC0BF01BBEF28E1B6ACF
:10CF0000F2BE1B8EF29E03C0BAF602C0B9F601C093
:10CF1000B8F600C0B7F62E0E0601BE6FAD0EBD6F9F
:10CF20001E0EBC6F7F0EBB6F0001B5EC06F01BBE82
:10CF3000F28E1B6AF2BE1B8EF29E03C0BAF602C0CE
:10CF4000B9F601C0B8F600C0B7F694EC06F01BBE07
:10CF5000F28E03C03EF602C03DF601C03CF600C0B2
:10CF60003BF644D006011B6AF2BE1B8EF29E3EC603
:10CF7000BAF63DC6B9F63CC6B8F63BC6B7F60001F0
:10CF8000EFEC0BF01BBEF28E1B6AF2BE1B8EF29E04
:10CF900003C0BAF602C0B9F601C0B8F600C0B7F6D1
:10CFA0005B0E0601BE6F270EBD6F760EBC6F7E0E48
:10CFB000BB6F0001B5EC06F01BBEF28E1B6AF2BE21
:10CFC0001B8EF29E03C0BAF602C0B9F601C0B8F6D5
:10CFD00000C0B7F694EC06F01BBEF28E03C03EF61E
:10CFE00002C03DF601C03CF600C03BF61B6AF2BE33
:10CFF0001B8EF29E3EC6BAF63DC6B9F63CC6B8F6E2
:10D000003BC6B7F6EFEC0BF01BBEF28E03C046F644
:10D0100002C045F601C044F600C043F61B6AF2BEEA
:10D020001B8EF29E03C0BAF602C0B9F601C0B8F674
:10D0300000C0B7F60601BE6B600EBD6F1F0EBC6F61
:10D04000890EBB6F00014EEC04F01BBEF28E03C0D4
:10D05000ABF202C0AAF201C0A9F200C0A8F21B6A9A
:10D06000F2BE1B8EF29EABC2B6F6AAC2B5F6A9C23C
:10D07000B4F6A8C2B3F6FDEC04F01BBEF28E1B6A38
:10D08000F2BE1B8EF29E0601B86B01C0B7F600011E
:10D0900033EC04F01BBEF28ED8821B6AF2BE1B8EEC
:10D0A000F29EABC2BAF6AAC2B9F6A9C2B8F6A8C235
:10D0B000B7F603C0BEF602C0BDF601C0BCF600C0A4
:10D0C000BBF61BEC05F01BBEF28E03C046F602C099
:10D0D00045F601C044F600C043F61B6AF2BE1B8E43
:10D0E000F29E03C0BAF602C0B9F601C0B8F600C09D
:10D0F000B7F60601BE6BBD6BBC6BBB6B000157EC9A
:10D1000006F01BBEF28E13E11B6AF2BE1B8EF29E6E
:10D11000ABC2B6F6AAC2B5F6A9C2B4F6A8C2B3F6B7
:10D12000FDEC04F01BBEF28E01C070F013D01B6A40
:10D13000F2BE1B8EF29EABC2B6F6AAC2B5F6A9C26B
:10D14000B4F6A8C2B3F6FDEC04F01BBEF28E010EDD
:10D150000124706F1B6AF2BE1B8EF29E0601B86B33
:10D1600070C0B7F6000133EC04F01BBEF28E1B6AF0
:10D17000F2BE1B8EF29EABC2BAF6AAC2B9F6A9C223
:10D18000B8F6A8C2B7F603C0BEF602C0BDF601C02D
:10D19000BCF600C0BBF64EEC04F01BBEF28E03C022
:10D1A00093F202C092F201C091F200C090F21B6AA9
:10D1B000F2BE1B8EF29E0601BA6BB96B7F0EB86F82
:10D1C000860EB76F93C2BEF692C2BDF691C2BCF690
:10D1D00090C2BBF60001B5EC06F01BBEF28E1B6AD6
:10D1E000F2BE1B8EF29E03C0B6F602C0B5F601C0B9
:10D1F000B4F600C0B3F6FDEC04F01BBEF28E02C024
:10D20000CFF001C0CEF01B6AF2BE1B8EF29E06016B
:10D21000B86B70C0B7F6000133EC04F01BBEF28EA1
:10D220001B6AF2BE1B8EF29E03C0BAF602C0B9F6AC
:10D2300001C0B8F600C0B7F69A0E0601BE6F990E8F
:10D24000BD6F190EBC6F7D0EBB6F0001B5EC06F013
:10D250001BBEF28E03C046F602C045F601C044F67E
:10D2600000C043F61B6AF2BE1B8EF29E0601B86B2D
:10D2700070C0B7F6000133EC04F01BBEF28ED892FA
:10D280001B6AF2BE1B8EF29E03C0BAF602C0B9F64C
:10D2900001C0B8F600C0B7F646C6BEF645C6BDF634
:10D2A00044C6BCF643C6BBF61BEC05F01BBEF28EB3
:10D2B0001B6AF2BE1B8EF29E03C0B6F602C0B5F624
:10D2C00001C0B4F600C0B3F6FDEC04F01BBEF28E54
:10D2D00001C070F0200E06090F01366FCEC037FF77
:10D2E0000F0136950001766B322C1DD30601425397
:10D2F0000EE141530CE140530AE13F51950807E329
:10D30000090E3F5F000E405B415B425B66D01B6ACB
:10D31000F2BE1B8EF29E42C6BAF641C6B9F640C6B0
:10D32000B8F63FC6B7F60001EFEC0BF01BBEF28E6D
:10D330001B6AF2BE1B8EF29ECD0E0601BA6F3B0E2B
:10D34000B96F7E0EB86FB76F03C0BEF602C0BDF6F0
:10D3500001C0BCF600C0BBF60001B5EC06F01BBE78
:10D36000F28E03C046F602C045F601C044F600C086
:10D3700043F6D8921B6AF2BE1B8EF29E03C0BAF629
:10D3800002C0B9F601C0B8F600C0B7F62F0E06010C
:10D39000BE6FDD0EBD6F380EBC6F820EBB6F00011D
:10D3A0001BEC05F01BBEF28E1B6AF2BE1B8EF29EBA
:10D3B00003C0BAF602C0B9F601C0B8F600C0B7F6AD
:10D3C00094EC06F01BBEF28E03C042F602C041F69A
:10D3D00001C040F600C03FF60601425346E141530A
:10D3E00044E14051040841E303E13F51FA083DE3C1
:10D3F0003F35436F4035446F4135456F4235466F89
:10D400004337443745374637433744374537463740
:10D410004337443745374637433744374537463730
:10D420004337443745374637C00E4317D8921B6AF7
:10D43000F2BE1B8EF29E46C6B6F645C6B5F644C68B
:10D44000B4F643C6B3F6BA6BB96B010EB86F040EEF
:10D45000B76F0001A5EC0BF01BBEF28E01C0D1F03E
:10D4600000C0D0F0716B55D206013F51D0084BE19E
:10D470004051070848E1415346E1425344E11B6AE9
:10D48000F2BE1B8EF29E42C6BAF641C6B9F640C63F
:10D49000B8F63FC6B7F60001EFEC0BF01BBEF28EFC
:10D4A0001B6AF2BE1B8EF29E03C0BAF602C0B9F62A
:10D4B00001C0B8F600C0B7F6190E0601BE6F040E23
:10D4C000BD6F1E0EBC6F7F0EBB6F0001B5EC06F08A
:10D4D0001BBEF28E1B6AF2BE1B8EF29E03C0BAF612
:10D4E00002C0B9F601C0B8F600C0B7F694EC06F079
:10D4F0001BBEF28E03C042F602C041F601C040F6E8
:10D5000000C03FF606013F51B8084CE140510B08FE
:10D5100049E1415347E1425345E11B6AF2BE1B8E8C
:10D52000F29E42C6BAF641C6B9F640C6B8F63FC644
:10D53000B7F60001EFEC0BF01BBEF28E1B6AF2BED9
:10D540001B8EF29E03C0BAF602C0B9F601C0B8F64F
:10D5500000C0B7F62E0E0601BE6FAD0EBD6F1E0EDB
:10D56000BC6F7F0EBB6F0001B5EC06F01BBEF28EE8
:10D570001B6AF2BE1B8EF29E03C0BAF602C0B9F659
:10D5800001C0B8F600C0B7F694EC06F01BBEF28EF0
:10D5900003C042F602C041F601C040F600C03FF6AB
:10D5A00044D006011B6AF2BE1B8EF29E42C6BAF63A
:10D5B00041C6B9F640C6B8F63FC6B7F60001EFEC73
:10D5C0000BF01BBEF28E1B6AF2BE1B8EF29E03C0D6
:10D5D000BAF602C0B9F601C0B8F600C0B7F65B0EE5
:10D5E0000601BE6F270EBD6F760EBC6F7E0EBB6F41
:10D5F0000001B5EC06F01BBEF28E1B6AF2BE1B8E5C
:10D60000F29E03C0BAF602C0B9F601C0B8F600C077
:10D61000B7F694EC06F01BBEF28E03C042F602C0D1
:10D6200041F601C040F600C03FF61B6AF2BE1B8EF9
:10D63000F29E42C6BAF641C6B9F640C6B8F63FC633
:10D64000B7F6EFEC0BF01BBEF28E03C046F602C03D
:10D6500045F601C044F600C043F61B6AF2BE1B8EBD
:10D66000F29E03C0BAF602C0B9F601C0B8F600C017
:10D67000B7F60601BE6B600EBD6F1F0EBC6F890E44
:10D68000BB6F00014EEC04F01BBEF28E03C0AFF284
:10D6900002C0AEF201C0ADF200C0ACF21B6AF2BE35
:10D6A0001B8EF29EAFC2B6F6AEC2B5F6ADC2B4F6F0
:10D6B000ACC2B3F6FDEC04F01BBEF28E1B6AF2BEE8
:10D6C0001B8EF29E0601B86B01C0B7F6000133EC69
:10D6D00004F01BBEF28ED8821B6AF2BE1B8EF29E35
:10D6E000AFC2BAF6AEC2B9F6ADC2B8F6ACC2B7F6C2
:10D6F00003C0BEF602C0BDF601C0BCF600C0BBF65A
:10D700001BEC05F01BBEF28E03C046F602C045F6C8
:10D7100001C044F600C043F61B6AF2BE1B8EF29EA7
:10D7200003C0BAF602C0B9F601C0B8F600C0B7F639
:10D730000601BE6BBD6BBC6BBB6B000157EC06F00A
:10D740001BBEF28E13E11B6AF2BE1B8EF29EAFC2AD
:10D75000B6F6AEC2B5F6ADC2B4F6ACC2B3F6FDECE9
:10D7600004F01BBEF28E01C071F013D01B6AF2BE32
:10D770001B8EF29EAFC2B6F6AEC2B5F6ADC2B4F61F
:10D78000ACC2B3F6FDEC04F01BBEF28E010E012418
:10D79000716F1B6AF2BE1B8EF29E0601B86B71C0E0
:10D7A000B7F6000133EC04F01BBEF28E1B6AF2BE2A
:10D7B0001B8EF29EAFC2BAF6AEC2B9F6ADC2B8F6D3
:10D7C000ACC2B7F603C0BEF602C0BDF601C0BCF6DF
:10D7D00000C0BBF64EEC04F01BBEF28E03C097F205
:10D7E00002C096F201C095F200C094F21B6AF2BE2C
:10D7F0001B8EF29E0601BA6BB96B7F0EB86F860E58
:10D80000B76F97C2BEF696C2BDF695C2BCF694C27B
:10D81000BBF60001B5EC06F01BBEF28E1B6AF2BE31
:10D820001B8EF29E03C0B6F602C0B5F601C0B4F678
:10D8300000C0B3F6FDEC04F01BBEF28E02C0D1F0C6
:10D8400001C0D0F01B6AF2BE1B8EF29E0601B86BBF
:10D8500071C0B7F6000133EC04F01BBEF28E1B6AF8
:10D86000F2BE1B8EF29E03C0BAF602C0B9F601C02A
:10D87000B8F600C0B7F69A0E0601BE6F990EBD6FDE
:10D88000190EBC6F7D0EBB6F0001B5EC06F01BBE20
:10D89000F28E03C046F602C045F601C044F600C051
:10D8A00043F61B6AF2BE1B8EF29E0601B86B71C076
:10D8B000B7F6000133EC04F01BBEF28ED8921B6A5F
:10D8C000F2BE1B8EF29E03C0BAF602C0B9F601C0CA
:10D8D000B8F600C0B7F646C6BEF645C6BDF644C6A5
:10D8E000BCF643C6BBF61BEC05F01BBEF28E1B6AF2
:10D8F000F2BE1B8EF29E03C0B6F602C0B5F601C0A2
:10D90000B4F600C0B3F6FDEC04F01BBEF28E01C00D
:10D9100071F0200E06090F01336FD0C034FF0F01E4
:10D9200033950001776BA192BA98322C01D0BA9A44
:10D93000A082B988322C01D0B98A06013A6B42C65E
:10D9400046F641C645F640C644F63FC643F64A6B26
:10D95000496B486B32C047F6000133EC45F000508C
:10D9600006013B25436F01503C21446F02503D218D
:10D97000456F03503E21466F0F0E4327000E442390
:10D980004523462332500F0DF350432501015E6FAE
:10D99000000E0601442101015F6F000E06014521C2
:10D9A0000101606F000E060146210101616F060151
:10D9B000436B43C6DFF504014D6B000162EC28F0B8
:10D9C00006013AC601F000011200010E06013A6F8D
:10D9D0002090526A536A8FC03EF68EC03DF68DC0CD
:10D9E0003CF68CC03BF69FC042F69EC041F69DC0FF
:10D9F00040F69CC03FF66F6A726A000E966E8D9A72
:10DA00000C0E6E6E3F0E0F012C17000E2C13966E2F
:10DA10008D9C0C0E716E2C99000E956E8C98966EE6
:10DA20008D9E956E8C96956E8C90010E0601806F82
:10DA3000150E816F0001A7EC2FF0662D01D017D0D5
:10DA4000010E0601806F150E816F0001A7EC2FF00B
:10DA500081B0FED7010E936E8A82020E0601436FDB
:10DA6000446B000168EC32F0010E936E8A9206015D
:10DA7000926B0A0E916F000174EC29F00601436B62
:10DA8000000190EC37F0015213E00401458981B0A8
:10DA9000FED7010E936E8A820F0E0601806F000181
:10DAA000B3EC44F0010E936E8A92C1EC2FF0CAD011
:10DAB000662D01D010D081B0FED7010E936E8A8200
:10DAC000020E0601436F010E446F000168EC32F054
:10DAD000010E936E8A92870ED56EF40E0601446F86
:10DAE000240E436F7FC046F67EC045F6000110EC61
:10DAF00045F00150FF0A010FC06F000E0254C16FC4
:10DB0000D59EC1C0D7FFC0C0D6FF7A6A070E7B6E14
:10DB100006013B35006E3C35016E3D35026E3E35EB
:10DB2000036E003601360236033600360136023601
:10DB300003360036013602360336F00E0016000EAC
:10DB4000D8800054436F000E0154446F010E0254FC
:10DB5000000E0354580E43250001C26F000E06014B
:10DB600044210001C36F6C6B7B90C3C07DFFC2C0BA
:10DB70007CFF726B0F013C6B070E3D6F06013F355A
:10DB8000006E4035016E4135026E4235036E00363F
:10DB900001360236033600360136023603360036C9
:10DBA000013602360336F00E0016000ED8800054FF
:10DBB000436F000E0154446F010E0254000E0354D3
:10DBC000580E43250001C46F000E060144210001D8
:10DBD000C56F6D6B0F013D91C5C03FFFC4C03EFFD7
:10DBE0000001736BF294BA92BA96F28AB982B9863E
:10DBF00006013A6B3F513B25436F40513C21446F36
:10DC000041513D21456F42513E21466F1E0E432535
:10DC10000101566F000E060144210101576F000EED
:10DC2000060145210101586F000E06014621010140
:10DC3000596F0601436B43C6E0F504014E6B0001CA
:10DC40008DEC28F006013AC601F000011200010E29
:10DC50000601396F20B008D021901F9A5A6A5B6A7A
:10DC60000001626B2290060120B208D021921F9C15
:10DC70005C6A5D6A0001636B2292060120B408D0E1
:10DC800021941F9E5E6A5F6A0001646B2294060104
:10DC900020B608D021961F9A0001606B616B656BFE
:10DCA0002296060120B00DD020B20BD020B409D0AE
:10DCB00001012B6B2A6B456B446BB98C0F013085CE
:10DCC0000601010E375CF20FD8B01ED10E0F000115
:10DCD0008CEF6FF061EC45F001C039F6000E966EE6
:10DCE0008D82060111D19BEC4CF001C039F6000E7B
:10DCF000966E8D80060108D189EC5BF001C039F683
:10DD0000E40E986E8F800601FFD020B008D061EC41
:10DD100045F001C039F6000E966E8D8203D00601E3
:10DD2000396B000120B20ED006013953D8B402D0AD
:10DD3000000108D000019BEC4CF001C039F6000E48
:10DD4000966E8D800601E0D020B208D09BEC4CF09E
:10DD500001C039F6000E966E8D8003D00601396B36
:10DD6000000120B40ED006013953D8B402D000010E
:10DD700008D0000189EC5BF001C039F6E40E986E22
:10DD80008F800601C1D020B008D061EC45F001C001
:10DD900039F6000E966E8D8203D00601396B0001B4
:10DDA00020B40ED006013953D8B402D0000108D0F7
:10DDB000000189EC5BF001C039F6E40E986E8F80AB
:10DDC0000601A2D020B008D061EC45F001C039F6C0
:10DDD000000E966E8D8203D00601396B000120B2D1
:10DDE0000ED006013953D8B402D0000108D000018A
:10DDF0009BEC4CF001C039F6000E966E8D8020B47D
:10DE00000ED006013953D8B402D0000108D0000169
:10DE100089EC5BF001C039F6E40E986E8F80060144
:10DE200073D0D3DD01C039F6000E966E8D820601E7
:10DE30006BD020B408D089EC5BF001C039F6E40E59
:10DE4000986E8F8003D00601396B000120B00DD091
:10DE500006013953D8B402D0000107D00001B5DD66
:10DE600001C039F6000E966E8D8206014DD020B2AB
:10DE700008D09BEC4CF001C039F6000E966E8D80F8
:10DE800003D00601396B000120B00DD006013953D3
:10DE9000D8B402D0000107D0000197DD01C039F6E7
:10DEA000000E966E8D8206012FD020B408D089EC2A
:10DEB0005BF001C039F6E40E986E8F8003D0060146
:10DEC000396B000120B20ED006013953D8B402D00C
:10DED000000108D000019BEC4CF001C039F6000EA7
:10DEE000966E8D8020B00DD006013953D8B402D083
:10DEF000000107D0000169DD01C039F6000E966E01
:10DF00008D82060101D00601392D01D0376A39C64C
:10DF100001F0000192EFD4F0E824F76AF736390FE8
:10DF2000F66EDF0EF722000EF86EFB6E0A00F5505B
:10DF3000FA6E0800F550F96ED4DCE6DC0ADDF8DC98
:10DF400086DD48DDC4DD22DE06DF6EDE06DF32DE82
:10DF500006DFAADE0601859104019C51010815E245
:10DF60000601866B04019C510601865D0DE2036A81
:10DF70008651720FE96E040E0320EA6E8451EF5C45
:10DF800001E18581862BEED70401000E060185B1E3
:10DF9000010E016E0001120080C684F6DBDF015223
:10DFA00015E1036A04019C51720FE96E040E03200F
:10DFB000EA6E80C6EFFF9C519C2B036A860FE96EC8
:10DFC000040E0320EA6EEF6A9B2B0001120004018D
:10DFD00042BF08D0BAC26FF4B9C26EF4BEC270F4C8
:10DFE000C0C271F46EC473F56FC474F570C475F576
:10DFF00071C476F50601816B806B80C66DF50501F5
:10E000006E6B0601816B806B80C66FF50501706BCE
:10E010000601816B806B80C671F50501726B06018C
:10E02000806B80C677F5806B80C678F5806B80C684
:10E0300079F55E6A5F6A0001646B04016D6B000133
:10E040008CEF70F0A092B998B99AB99CF29A9D9011
:10E05000A192BA98BA9ABA9CF2949E90B1900F018C
:10E0600036953395D59ECD90756A7450CF0B746EEE
:10E07000786A7750CF0B776E746A776AE40E986E81
:10E080008F98986E8F96000E966E8D84956E8C8EFE
:10E09000030E0601816FE80E806F000172EC2FF015
:10E0A000900E946E8B940601926B050E916F000199
:10E0B00074EC29F0900E946E8B92000E966E8D94F7
:10E0C0000601926B050E916F000174EC29F0000EB1
:10E0D000956E8C9E0601806B816B0001A7EC2FF082
:10E0E0001F921F981F9E0401456B446B506B0601E5
:10E0F000806B80C6E2F520940001E56BE46BE36B76
:10E10000E26B040142BF05D024900001C8EC27F067
:10E110000401259E00015BD71200010E0601396F34
:10E1200001012B6B2A6B456B446BB98C0F01308559
:10E13000566A576A2B96400E0201B75D06013A6F88
:10E14000000E0201B85906013B6F756A786AE40E49
:10E15000986E8F980C0E746E0F012C95E40E986ECD
:10E160008F960C0E776EFC0E2C17000E2C13900E53
:10E17000946E8B94000E966E8D94900E946E8B928E
:10E18000000E956E8C9E010E0601806F816B000162
:10E19000A7EC2FF081B0FED7010E936E8A82020E9B
:10E1A0000601436F446B000168EC32F0010E936E80
:10E1B0008A920601926B0A0E916F000174EC29F0AD
:10E1C000020E0601436F000190EC37F0015214E09B
:10E1D0000401458D81B0FED7010E936E8A820F0E29
:10E1E0000601806F0001B3EC44F0010E936E8A9239
:10E1F000CEEC31F01FEF77F081B0FED7010E936EB9
:10E200008A82020E0601436F030E446F000168EC20
:10E2100032F0010E936E8A92B06A070EB16EC10E93
:10E22000CD6F800ECC6FB190030E6B6F010E476EF9
:10E23000F40E466E436A426ACDC0B3FFCCC0B2FF53
:10E24000070ECD6EAA6AC10EC76F800EC66FCD9045
:10E25000BDC245F0BCC244F0416A406AC7C0CFFFAE
:10E26000C6C0CEFF870ED56E0B0EC16FDC0EC06F21
:10E27000D59EBFC269F0686BC1C0D7FFC0C0D6FFD2
:10E2800006013B510408D8A08FD004E13A51FA08A6
:10E29000D8A08AD03B5308E13A51950805E3090E0E
:10E2A0003A5F000E3B5B5ED01B6AF2BE1B8EF29E95
:10E2B0003BC6B8F63AC6B7F6000133EC04F01BBE15
:10E2C000F28E1B6AF2BE1B8EF29ECD0E0601BA6F55
:10E2D0003B0EB96F7E0EB86FB76F03C0BEF602C0BB
:10E2E000BDF601C0BCF600C0BBF60001B5EC06F0FF
:10E2F0001BBEF28E03C03FF602C03EF601C03DF6E3
:10E3000000C03CF6D8921B6AF2BE1B8EF29E03C080
:10E31000BAF602C0B9F601C0B8F600C0B7F62F0EC3
:10E320000601BE6FDD0EBD6F380EBC6F820EBB6F77
:10E3300000011BEC05F01BBEF28E1B6AF2BE1B8EA9
:10E34000F29E03C0B6F602C0B5F601C0B4F600C036
:10E35000B3F6FDEC04F01BBEF28E02C03BF601C02A
:10E360003AF606013A353C6F3B353D6F3C373D3759
:10E370003C373D373C373D373C373D373C373D3701
:10E38000C00E3C173DC644F63CC643F6010E466F30
:10E39000040E456F000110EC45F002C0CFF001C043
:10E3A000CEF0706B31D206013A51D0083FE13B51BB
:10E3B00007083CE11B6AF2BE1B8EF29E3BC6B8F614
:10E3C0003AC6B7F6000133EC04F01BBEF28E1B6AAE
:10E3D000F2BE1B8EF29E03C0BAF602C0B9F601C0AF
:10E3E000B8F600C0B7F6190E0601BE6F040EBD6F79
:10E3F0001E0EBC6F7F0EBB6F0001B5EC06F01BBE9E
:10E40000F28E1B6AF2BE1B8EF29E03C0B6F602C0ED
:10E41000B5F601C0B4F600C0B3F6FDEC04F01BBEC7
:10E42000F28E02C03BF601C03AF606013A51B80836
:10E4300040E13B510B083DE11B6AF2BE1B8EF29E90
:10E440003BC6B8F63AC6B7F6000133EC04F01BBE83
:10E45000F28E1B6AF2BE1B8EF29E03C0BAF602C099
:10E46000B9F601C0B8F600C0B7F62E0E0601BE6FB1
:10E47000AD0EBD6F1E0EBC6F7F0EBB6F0001B5EC05
:10E4800006F01BBEF28E1B6AF2BE1B8EF29E03C00C
:10E49000B6F602C0B5F601C0B4F600C0B3F6FDECA6
:10E4A00004F01BBEF28E02C03BF601C03AF63CD02F
:10E4B00006011B6AF2BE1B8EF29E3BC6B8F63AC638
:10E4C000B7F6000133EC04F01BBEF28E1B6AF2BEFD
:10E4D0001B8EF29E03C0BAF602C0B9F601C0B8F6B0
:10E4E00000C0B7F65B0E0601BE6F270EBD6F760E3D
:10E4F000BC6F7E0EBB6F0001B5EC06F01BBEF28E4A
:10E500001B6AF2BE1B8EF29E03C0B6F602C0B5F6C1
:10E5100001C0B4F600C0B3F6FDEC04F01BBEF28EF1
:10E5200002C03BF601C03AF61B6AF2BE1B8EF29E99
:10E530003BC6B8F63AC6B7F633EC04F01BBEF28E13
:10E5400003C03FF602C03EF601C03DF600C03CF6F7
:10E550001B6AF2BE1B8EF29E03C0BAF602C0B9F669
:10E5600001C0B8F600C0B7F60601BE6B600EBD6F05
:10E570001F0EBC6F890EBB6F00014EEC04F01BBE7A
:10E58000F28E03C0ABF202C0AAF201C0A9F200C031
:10E59000A8F21B6AF2BE1B8EF29EABC2B6F6AAC2EE
:10E5A000B5F6A9C2B4F6A8C2B3F6FDEC04F01BBEE2
:10E5B000F28E1B6AF2BE1B8EF29E0601B86B01C082
:10E5C000B7F6000133EC04F01BBEF28ED8821B6A52
:10E5D000F2BE1B8EF29EABC2BAF6AAC2B9F6A9C2AF
:10E5E000B8F6A8C2B7F603C0BEF602C0BDF601C0B9
:10E5F000BCF600C0BBF61BEC05F01BBEF28E03C0E0
:10E600003FF602C03EF601C03DF600C03CF61B6A74
:10E61000F2BE1B8EF29E03C0BAF602C0B9F601C06C
:10E62000B8F600C0B7F60601BE6BBD6BBC6BBB6B2A
:10E63000000157EC06F01BBEF28E13E11B6AF2BE1E
:10E640001B8EF29EABC2B6F6AAC2B5F6A9C2B4F64C
:10E65000A8C2B3F6FDEC04F01BBEF28E01C070F050
:10E6600013D01B6AF2BE1B8EF29EABC2B6F6AAC2D4
:10E67000B5F6A9C2B4F6A8C2B3F6FDEC04F01BBE11
:10E68000F28E010E0124706F1B6AF2BE1B8EF29E89
:10E690000601B86B70C0B7F6000133EC04F01BBE86
:10E6A000F28E1B6AF2BE1B8EF29EABC2BAF6AAC2F3
:10E6B000B9F6A9C2B8F6A8C2B7F603C0BEF602C042
:10E6C000BDF601C0BCF600C0BBF64EEC04F01BBEAC
:10E6D000F28E03C093F202C092F201C091F200C028
:10E6E00090F21B6AF2BE1B8EF29E0601BA6BB96BEA
:10E6F0007F0EB86F860EB76F93C2BEF692C2BDF69C
:10E7000091C2BCF690C2BBF60001B5EC06F01BBE90
:10E71000F28E1B6AF2BE1B8EF29E03C0B6F602C0DA
:10E72000B5F601C0B4F600C0B3F6FDEC04F01BBEB4
:10E73000F28E02C0CFF001C0CEF01B6AF2BE1B8E7B
:10E74000F29E0601B86B70C0B7F6000133EC04F01E
:10E750001BBEF28E1B6AF2BE1B8EF29E03C0BAF67F
:10E7600002C0B9F601C0B8F600C0B7F69A0E0601AD
:10E77000BE6F990EBD6F190EBC6F7D0EBB6F000191
:10E78000B5EC06F01BBEF28E03C03FF602C03EF6AB
:10E7900001C03DF600C03CF61B6AF2BE1B8EF29E25
:10E7A0000601B86B70C0B7F6000133EC04F01BBE75
:10E7B000F28ED8921B6AF2BE1B8EF29E03C0BAF68E
:10E7C00002C0B9F601C0B8F600C0B7F63FC6BEF643
:10E7D0003EC6BDF63DC6BCF63CC6BBF61BEC05F01E
:10E7E0001BBEF28E1B6AF2BE1B8EF29E03C0B6F6F3
:10E7F00002C0B5F601C0B4F600C0B3F6FDEC04F0FB
:10E800001BBEF28E01C070F0200E06090F01366F9C
:10E81000CEC037FF0F0136950001766B0201C15360
:10E82000D8B4CDD206013B5308E13A51950805E32F
:10E83000090E3A5F000E3B5B5ED01B6AF2BE1B8E78
:10E84000F29E3BC6B8F63AC6B7F6000133EC04F0C8
:10E850001BBEF28E1B6AF2BE1B8EF29ECD0E06010F
:10E86000BA6F3B0EB96F7E0EB86FB76F03C0BEF6BE
:10E8700002C0BDF601C0BCF600C0BBF60001B5EC9D
:10E8800006F01BBEF28E03C03FF602C03EF601C08A
:10E890003DF600C03CF6D8921B6AF2BE1B8EF29E7B
:10E8A00003C0BAF602C0B9F601C0B8F600C0B7F6A8
:10E8B0002F0E0601BE6FDD0EBD6F380EBC6F820ECF
:10E8C000BB6F00011BEC05F01BBEF28E1B6AF2BE93
:10E8D0001B8EF29E03C0B6F602C0B5F601C0B4F6B8
:10E8E00000C0B3F6FDEC04F01BBEF28E02C03BF696
:10E8F00001C03AF606013B51040826E303E13A5110
:10E90000FA0822E33A353C6F3B353D6F3C373D37E3
:10E910003C373D373C373D373C373D373C373D375B
:10E92000C00E3C173DC644F63CC643F6010E466F8A
:10E93000040E456F000110EC45F002C0D1F001C09B
:10E94000D0F0716B31D206013A51D0083FE13B5112
:10E9500007083CE11B6AF2BE1B8EF29E3BC6B8F66E
:10E960003AC6B7F6000133EC04F01BBEF28E1B6A08
:10E97000F2BE1B8EF29E03C0BAF602C0B9F601C009
:10E98000B8F600C0B7F6190E0601BE6F040EBD6FD3
:10E990001E0EBC6F7F0EBB6F0001B5EC06F01BBEF8
:10E9A000F28E1B6AF2BE1B8EF29E03C0B6F602C048
:10E9B000B5F601C0B4F600C0B3F6FDEC04F01BBE22
:10E9C000F28E02C03BF601C03AF606013A51B80891
:10E9D00040E13B510B083DE11B6AF2BE1B8EF29EEB
:10E9E0003BC6B8F63AC6B7F6000133EC04F01BBEDE
:10E9F000F28E1B6AF2BE1B8EF29E03C0BAF602C0F4
:10EA0000B9F601C0B8F600C0B7F62E0E0601BE6F0B
:10EA1000AD0EBD6F1E0EBC6F7F0EBB6F0001B5EC5F
:10EA200006F01BBEF28E1B6AF2BE1B8EF29E03C066
:10EA3000B6F602C0B5F601C0B4F600C0B3F6FDEC00
:10EA400004F01BBEF28E02C03BF601C03AF63CD089
:10EA500006011B6AF2BE1B8EF29E3BC6B8F63AC692
:10EA6000B7F6000133EC04F01BBEF28E1B6AF2BE57
:10EA70001B8EF29E03C0BAF602C0B9F601C0B8F60A
:10EA800000C0B7F65B0E0601BE6F270EBD6F760E97
:10EA9000BC6F7E0EBB6F0001B5EC06F01BBEF28EA4
:10EAA0001B6AF2BE1B8EF29E03C0B6F602C0B5F61C
:10EAB00001C0B4F600C0B3F6FDEC04F01BBEF28E4C
:10EAC00002C03BF601C03AF61B6AF2BE1B8EF29EF4
:10EAD0003BC6B8F63AC6B7F633EC04F01BBEF28E6E
:10EAE00003C03FF602C03EF601C03DF600C03CF652
:10EAF0001B6AF2BE1B8EF29E03C0BAF602C0B9F6C4
:10EB000001C0B8F600C0B7F60601BE6B600EBD6F5F
:10EB10001F0EBC6F890EBB6F00014EEC04F01BBED4
:10EB2000F28E03C0AFF202C0AEF201C0ADF200C07F
:10EB3000ACF21B6AF2BE1B8EF29EAFC2B6F6AEC23C
:10EB4000B5F6ADC2B4F6ACC2B3F6FDEC04F01BBE34
:10EB5000F28E1B6AF2BE1B8EF29E0601B86B01C0DC
:10EB6000B7F6000133EC04F01BBEF28ED8821B6AAC
:10EB7000F2BE1B8EF29EAFC2BAF6AEC2B9F6ADC2FD
:10EB8000B8F6ACC2B7F603C0BEF602C0BDF601C00F
:10EB9000BCF600C0BBF61BEC05F01BBEF28E03C03A
:10EBA0003FF602C03EF601C03DF600C03CF61B6ACF
:10EBB000F2BE1B8EF29E03C0BAF602C0B9F601C0C7
:10EBC000B8F600C0B7F60601BE6BBD6BBC6BBB6B85
:10EBD000000157EC06F01BBEF28E13E11B6AF2BE79
:10EBE0001B8EF29EAFC2B6F6AEC2B5F6ADC2B4F69B
:10EBF000ACC2B3F6FDEC04F01BBEF28E01C071F0A6
:10EC000013D01B6AF2BE1B8EF29EAFC2B6F6AEC226
:10EC1000B5F6ADC2B4F6ACC2B3F6FDEC04F01BBE63
:10EC2000F28E010E0124716F1B6AF2BE1B8EF29EE2
:10EC30000601B86B71C0B7F6000133EC04F01BBEDF
:10EC4000F28E1B6AF2BE1B8EF29EAFC2BAF6AEC245
:10EC5000B9F6ADC2B8F6ACC2B7F603C0BEF602C094
:10EC6000BDF601C0BCF600C0BBF64EEC04F01BBE06
:10EC7000F28E03C097F202C096F201C095F200C076
:10EC800094F21B6AF2BE1B8EF29E0601BA6BB96B40
:10EC90007F0EB86F860EB76F97C2BEF696C2BDF6EE
:10ECA00095C2BCF694C2BBF60001B5EC06F01BBEE3
:10ECB000F28E1B6AF2BE1B8EF29E03C0B6F602C035
:10ECC000B5F601C0B4F600C0B3F6FDEC04F01BBE0F
:10ECD000F28E02C0D1F001C0D0F01B6AF2BE1B8ED2
:10ECE000F29E0601B86B71C0B7F6000133EC04F078
:10ECF0001BBEF28E1B6AF2BE1B8EF29E03C0BAF6DA
:10ED000002C0B9F601C0B8F600C0B7F69A0E060107
:10ED1000BE6F990EBD6F190EBC6F7D0EBB6F0001EB
:10ED2000B5EC06F01BBEF28E03C03FF602C03EF605
:10ED300001C03DF600C03CF61B6AF2BE1B8EF29E7F
:10ED40000601B86B71C0B7F6000133EC04F01BBECE
:10ED5000F28ED8921B6AF2BE1B8EF29E03C0BAF6E8
:10ED600002C0B9F601C0B8F600C0B7F63FC6BEF69D
:10ED70003EC6BDF63DC6BCF63CC6BBF61BEC05F078
:10ED80001BBEF28E1B6AF2BE1B8EF29E03C0B6F64D
:10ED900002C0B5F601C0B4F600C0B3F6FDEC04F055
:10EDA0001BBEF28E01C071F0200E06090F01336FF9
:10EDB000D0C034FF0F0133950001776B0201A1929F
:10EDC000BA98BA9AF2949E90A082B988C15301E091
:10EDD000B98AF28A9D80040142811F9E2194229467
:10EDE0000601396B6EC473F56FC474F570C475F5A4
:10EDF00071C476F53D6B3C6B3CC66DF505016E6BE1
:10EE000006013D6B3C6B3CC66FF50501706B06015E
:10EE10003D6B3C6B3CC671F50501726B06013C6BAA
:10EE20003CC677F53C6B3CC678F53C6B3CC679F547
:10EE30005E6A5F6A0001646B04016D6B000106018C
:10EE400039C601F000015DEFDBF00601816B806BDC
:10EE500080C6C7F50501C86B0601816B806B80C653
:10EE6000C9F50501CA6B0601816B806B80C6CBF5C5
:10EE70000501CC6B0601806B80C6CDF5806B80C62A
:10EE8000CEF5806B80C6CFF5806B80C6D0F55C6A0E
:10EE90005D6A0001636B1200355204E0040142AF69
:10EEA00015D00001B99CBA9C24900F01446B4351CA
:10EEB000CF0B436F476B4651CF0B466F436B466B8F
:10EEC000000E966E8D96966E8D9804016A530EE034
:10EED000000E956E8C82956E8C84030E0601816FF8
:10EEE000E80E806F000172EC2FF00401000E956EA9
:10EEF0008C9C0601926B050E916F000174EC29F059
:10EF0000000E956E8C92956E8C9A956E8C943552FF
:10EF100004E0040142AF1AD000010601806B040E28
:10EF2000816F0001A7EC2FF0C8EC27F01FBC00D0C8
:10EF3000010E936E8A981F922496040142931F96A5
:10EF4000209224900001C8EC27F004012392229221
:10EF50001F9C456B446B4F6B0601806B80C6E1F5CF
:10EF6000259E0401696B0601806B80C6BCF52A945E
:10EF700000016BDF1200010E0601396F546A556AF9
:10EF800001012B6B2A6B356A04014F6B0101456B44
:10EF9000446B2A94B98C0F013085476B446B000E8B
:10EFA000966E8D980C0E466FFC0E2B17000E2B13D1
:10EFB000966E8D960C0E436F2B95000E956E8C9C65
:10EFC000956E8C92956E8C9A956E8C94010E0601BE
:10EFD000806F040E816F0001A7EC2FF0010E936E7D
:10EFE0008A9881B0FED7010E936E8A82020E0601C6
:10EFF000436F446B000168EC32F0010E936E8A920D
:10F000000601926B0A0E916F000174EC29F0010E5B
:10F010000601436F000190EC37F0015212E0040149
:10F02000458B81B0FED7010E936E8A820F0E0601CA
:10F03000806F0001B3EC44F0010E936E8A922CDFD6
:10F040001CD081B0FED7010E936E8A82020E06019B
:10F05000436F0D0E446F000168EC32F0010E936EA9
:10F060008A920601906B000195EC29F00601396B3C
:10F070000401428322920001E8DE060139C601F054
:10F08000000193EFDBF09D90B990B994B99CB998C9
:10F09000B99A9E90BA90BA94BA98BA9ACD906B9455
:10F0A0000F01399536953395446B4351CF0B436F20
:10F0B000476B4651CF0B466F436B466B000E966E07
:10F0C0008D96966E8D98956E8C82956E8C84030EBF
:10F0D0000601816FE80E806F000172EC2FF0000EC8
:10F0E000956E8C9C0601926B050E916F000174EC7D
:10F0F00029F0000E956E8C9A956E8C920601926B9B
:10F10000050E916F000174EC29F0000E956E8C9441
:10F110000601806B040E816F0001A7EC2FF0010E39
:10F12000936E8A982490C8EC27F01F921F961F9C1C
:10F1300020920401456B446B24964F6B0601806B53
:10F1400080C6E1F5239222921F9C0401456B446B1B
:10F15000259E00017ADE1200010E0601396F0101C1
:10F16000656B646B2B6B2A6B04014F6B0101456B64
:10F17000446BB98C0F013085546A556A000E956E48
:10F180008C9C956E8C92956E8C9A956E8C94446B3B
:10F19000966E8D960C0E436F2B95476B000E966EF8
:10F1A0008D980C0E466FFC0E2B17000E2B13010EC4
:10F1B0000601806F040E816F0001A7EC2FF0010E95
:10F1C000936E8A8881B0FED7010E936E8A82020EFA
:10F1D0000601436F446B000168EC32F0010E936E40
:10F1E0008A920601926B0A0E916F000174EC29F06D
:10F1F00029B200D3010E0601436F000190EC37F0F5
:10F20000015212E00401458B81B0FED7010E936ECE
:10F210008A820F0E0601806F0001B3EC44F0010EEC
:10F22000936E8A9230DFE5D281B0FED7010E936EE5
:10F230008A820601906B000195EC29F0020E06010E
:10F24000436F0D0E446F000168EC32F0010E936EB7
:10F250008A92370ECD6EAA6A01014D5303E14C51DB
:10F260001F082FE2456A446AD8921B6AF2BE1B8EC1
:10F27000F29E0601B66B1E0EB56F840EB46F800E43
:10F28000B36FBA6BB96B4DC1B8F64CC1B7F600019C
:10F29000A5EC0BF01BBEF28E03C0DFF102C0DEF165
:10F2A00001C0DDF100C0DCF1000ED8800101DC55A9
:10F2B0000001C66F000E0101DD550001C76F71D15D
:10F2C00001014D5348E14C51010845E3456A280EC0
:10F2D000446E1B6AF2BE1B8EF29E4DC1B0F64CC14D
:10F2E000AFF645C0B2F644C0B1F6000157EC14F0D9
:10F2F0001BBEF28E02C03BF6060101C03AF6D89260
:10F300001B6AF2BE1B8EF29EB66B1E0EB56F840E8C
:10F31000B46F800EB36FBA6BB96B02C0B8F601C0A0
:10F32000B7F60001A5EC0BF01BBEF28E03C0DFF1B7
:10F3300002C0DEF101C0DDF100C0DCF1000ED880BA
:10F340000101DC550001C66F000E0101DD55000111
:10F35000C76F27D101014D5348E14C51030845E3E4
:10F36000456A140E446E1B6AF2BE1B8EF29E4DC19E
:10F37000B0F64CC1AFF645C0B2F644C0B1F60001DC
:10F3800057EC14F01BBEF28E02C03BF6060101C022
:10F390003AF6D8921B6AF2BE1B8EF29EB66B1E0E18
:10F3A000B56F840EB46F800EB36FBA6BB96B02C0C9
:10F3B000B8F601C0B7F60001A5EC0BF01BBEF28E4B
:10F3C00003C0DFF102C0DEF101C0DDF100C0DCF1FD
:10F3D000000ED8800101DC550001C66F000E01014E
:10F3E000DD550001C76FDDD001014D5348E14C519F
:10F3F000070845E3456A0A0E446E1B6AF2BE1B8E7F
:10F40000F29E4DC1B0F64CC1AFF645C0B2F644C055
:10F41000B1F6000157EC14F01BBEF28E02C03BF6B1
:10F42000060101C03AF6D8921B6AF2BE1B8EF29E0C
:10F43000B66B1E0EB56F840EB46F800EB36FBA6BD1
:10F44000B96B02C0B8F601C0B7F60001A5EC0BF02D
:10F450001BBEF28E03C0DFF102C0DEF101C0DDF1A0
:10F4600000C0DCF1000ED8800101DC550001C66F40
:10F47000000E0101DD550001C76F93D001014D530E
:10F4800048E14C51140845E3456A050E446E1B6A79
:10F49000F2BE1B8EF29E4DC1B0F64CC1AFF645C018
:10F4A000B2F644C0B1F6000157EC14F01BBEF28E68
:10F4B00002C03BF6060101C03AF6D8921B6AF2BEC2
:10F4C0001B8EF29EB66B1E0EB56F840EB46F800E4F
:10F4D000B36FBA6BB96B02C0B8F601C0B7F60001E2
:10F4E000A5EC0BF01BBEF28E03C0DFF102C0DEF113
:10F4F00001C0DDF100C0DCF1000ED8800101DC5557
:10F500000001C66F000E0101DD550001C76F49D033
:10F5100001014D5347E14C511E0844E3456A020E78
:10F52000446E1B6AF2BE1B8EF29E4DC1B0F64CC1FA
:10F53000AFF645C0B2F644C0B1F6000157EC14F086
:10F540001BBEF28E02C03BF6060101C03AF6D8920D
:10F550001B6AF2BE1B8EF29EB66B1E0EB56F840E3A
:10F56000B46F800EB36FBA6BB96B02C0B8F601C04E
:10F57000B7F60001A5EC0BF01BBEF28E03C0DFF165
:10F5800002C0DEF101C0DDF100C0DCF1000ED88068
:10F590000101DC550001C66F000E0101DD550001BF
:10F5A000C76F0101CD90416A406AC7C0CFFFC6C096
:10F5B000CEFF34526EE0400E4A5D06013A6F000EF7
:10F5C00001014B5906013B6F3A373B373A373B371E
:10F5D0003A373B373A373B373A373B373A373B379F
:10F5E000C00E3A173BC644F63AC643F6010E466FC4
:10F5F000040E456F000110EC45F0010E0601015CA0
:10F600000001C86F000E060102580001C96F200EEC
:10F6100006096B6EC8C06CFF6B946E6B746B400E0A
:10F6200001014A5D06013A6F000E01014B590601C6
:10F630003B6F3A373B373A373B373A373B373A3706
:10F640003B373A373B373A373B37C00E3A173BC662
:10F6500044F63AC643F6010E466F040E456F0001AC
:10F6600010EC45F0010E0601015C0001CA6F000EAE
:10F67000060102580001CB6F200E06090F01396FF9
:10F68000CAC03AFF0F01399500016F6B756B73D0DB
:10F69000010104016B5337E1400E01014A5D06018F
:10F6A0003A6F000E01014B5906013B6F3A373B3769
:10F6B0003A373B373A373B373A373B373A373B37BE
:10F6C0003A373B37C00E3A173BC644F63AC643F6C4
:10F6D000010E466F040E456F000110EC45F0010E5F
:10F6E0000601015C0001C86F000E0601025800010E
:10F6F000C96F200E06096B6EC8C06CFF6B946E6BF1
:10F70000746B39D00401400E01014A5D06013A6F65
:10F71000000E01014B5906013B6F3A373B373A3730
:10F720003B373A373B373A373B373A373B373A374D
:10F730003B37C00E3A173BC644F63AC643F6010EB5
:10F74000466F040E456F000110EC45F0010E0601F6
:10F75000015C0001CA6F000E060102580001CB6F68
:10F76000200E06090F01396FCAC03AFF0F01399503
:10F7700000016F6B756B9E90345203E0BA90BA949F
:10F7800007D004016B5302E1BA9001D0BA94000192
:10F790009D80345203E0B980B98407D004016B53D3
:10F7A00002E1B98001D0B98400010601396B080E6D
:10F7B000016EC250830B0110C26E000E016EC1506B
:10F7C000F80B0110C16E816B070E806F000172ECA7
:10F7D0002FF01B6AF2BE1B8EF29EBBEC00F01BBE2C
:10F7E000F28E02C065F101C064F12082248625EC0E
:10F7F00077F0E5D281B0FED7010E936E8A820601C2
:10F80000906B000195EC29F0020E0601436F0D0E7E
:10F81000446F000168EC32F0010E936E8A92370E4D
:10F82000CD6EAA6A01014D5303E14C511F082FE22E
:10F83000456A446AD8921B6AF2BE1B8EF29E06018C
:10F84000B66B1E0EB56F840EB46F800EB36FBA6BBD
:10F85000B96B4DC1B8F64CC1B7F60001A5EC0BF081
:10F860001BBEF28E03C0DFF102C0DEF101C0DDF18C
:10F8700000C0DCF1000ED8800101DC550001C66F2C
:10F88000000E0101DD550001C76F71D101014D531B
:10F8900048E14C51010845E3456A280E446E1B6A55
:10F8A000F2BE1B8EF29E4DC1B0F64CC1AFF645C004
:10F8B000B2F644C0B1F6000157EC14F01BBEF28E54
:10F8C00002C03BF6060101C03AF6D8921B6AF2BEAE
:10F8D0001B8EF29EB66B1E0EB56F840EB46F800E3B
:10F8E000B36FBA6BB96B02C0B8F601C0B7F60001CE
:10F8F000A5EC0BF01BBEF28E03C0DFF102C0DEF1FF
:10F9000001C0DDF100C0DCF1000ED8800101DC5542
:10F910000001C66F000E0101DD550001C76F27D140
:10F9200001014D5348E14C51030845E3456A140E6B
:10F93000446E1B6AF2BE1B8EF29E4DC1B0F64CC1E6
:10F94000AFF645C0B2F644C0B1F6000157EC14F072
:10F950001BBEF28E02C03BF6060101C03AF6D892F9
:10F960001B6AF2BE1B8EF29EB66B1E0EB56F840E26
:10F97000B46F800EB36FBA6BB96B02C0B8F601C03A
:10F98000B7F60001A5EC0BF01BBEF28E03C0DFF151
:10F9900002C0DEF101C0DDF100C0DCF1000ED88054
:10F9A0000101DC550001C66F000E0101DD550001AB
:10F9B000C76FDDD001014D5348E14C51070845E3C5
:10F9C000456A0A0E446E1B6AF2BE1B8EF29E4DC142
:10F9D000B0F64CC1AFF645C0B2F644C0B1F6000176
:10F9E00057EC14F01BBEF28E02C03BF6060101C0BC
:10F9F0003AF6D8921B6AF2BE1B8EF29EB66B1E0EB2
:10FA0000B56F840EB46F800EB36FBA6BB96B02C062
:10FA1000B8F601C0B7F60001A5EC0BF01BBEF28EE4
:10FA200003C0DFF102C0DEF101C0DDF100C0DCF196
:10FA3000000ED8800101DC550001C66F000E0101E7
:10FA4000DD550001C76F93D001014D5348E14C5182
:10FA5000140845E3456A050E446E1B6AF2BE1B8E10
:10FA6000F29E4DC1B0F64CC1AFF645C0B2F644C0EF
:10FA7000B1F6000157EC14F01BBEF28E02C03BF64B
:10FA8000060101C03AF6D8921B6AF2BE1B8EF29EA6
:10FA9000B66B1E0EB56F840EB46F800EB36FBA6B6B
:10FAA000B96B02C0B8F601C0B7F60001A5EC0BF0C7
:10FAB0001BBEF28E03C0DFF102C0DEF101C0DDF13A
:10FAC00000C0DCF1000ED8800101DC550001C66FDA
:10FAD000000E0101DD550001C76F49D001014D53F2
:10FAE00047E14C511E0844E3456A020E446E1B6A0E
:10FAF000F2BE1B8EF29E4DC1B0F64CC1AFF645C0B2
:10FB0000B2F644C0B1F6000157EC14F01BBEF28E01
:10FB100002C03BF6060101C03AF6D8921B6AF2BE5B
:10FB20001B8EF29EB66B1E0EB56F840EB46F800EE8
:10FB3000B36FBA6BB96B02C0B8F601C0B7F600017B
:10FB4000A5EC0BF01BBEF28E03C0DFF102C0DEF1AC
:10FB500001C0DDF100C0DCF1000ED8800101DC55F0
:10FB60000001C66F000E0101DD550001C76F0101E4
:10FB7000CD90416A406AC7C0CFFFC6C0CEFF3452A5
:10FB80006EE0400E4A5D06013A6F000E01014B59CE
:10FB900006013B6F3A373B373A373B373A373B370B
:10FBA0003A373B373A373B373A373B37C00E3A178D
:10FBB0003BC644F63AC643F6010E466F040E456F47
:10FBC000000110EC45F0010E0601015C0001C86F58
:10FBD000000E060102580001C96F200E06096B6E67
:10FBE000C8C06CFF6B946E6B746B400E01014A5D74
:10FBF00006013A6F000E01014B5906013B6F3A377F
:10FC00003B373A373B373A373B373A373B373A3768
:10FC10003B373A373B37C00E3A173BC644F63AC635
:10FC200043F6010E466F040E456F000110EC45F0DF
:10FC3000010E0601015C0001CA6F000E06010258A8
:10FC40000001CB6F200E06090F01396FCAC03AFFC1
:10FC50000F01399500016F6B756B73D001010401C1
:10FC60006B5337E1400E01014A5D06013A6F000E09
:10FC700001014B5906013B6F3A373B373A373B3767
:10FC80003A373B373A373B373A373B373A373B37E8
:10FC9000C00E3A173BC644F63AC643F6010E466F0D
:10FCA000040E456F000110EC45F0010E0601015CE9
:10FCB0000001C86F000E060102580001C96F200E36
:10FCC00006096B6EC8C06CFF6B946E6B746B39D099
:10FCD0000401400E01014A5D06013A6F000E010168
:10FCE0004B5906013B6F3A373B373A373B373A3788
:10FCF0003B373A373B373A373B373A373B37C00E1B
:10FD00003A173BC644F63AC643F6010E466F040E58
:10FD1000456F000110EC45F0010E0601015C000189
:10FD2000CA6F000E060102580001CB6F200E0609B3
:10FD30000F01396FCAC03AFF0F01399500016F6B8F
:10FD4000756B9E90345203E0BA90BA9407D00401C8
:10FD50006B5302E1BA9001D0BA9400019D803452F5
:10FD600003E0B980B98407D004016B5302E1B98084
:10FD700001D0B98400010601396B080E016EC25032
:10FD8000830B0110C26E000E016EC150F80B011002
:10FD9000C16E816B070E806F000172EC2FF01B6A41
:10FDA000F2BE1B8EF29EBBEC00F01BBEF28E02C0B8
:10FDB00065F101C064F12082248625EC77F006010C
:10FDC00039C601F00001120006018251040817E152
:10FDD000036A04019C51720FE96E040E0320EA6E5F
:10FDE00082C6EFFF9C519C2B036A860FE96E040EBE
:10FDF0000320EA6E83C6EFFF9B2B1DD0060182C64F
:10FE000084F60001AAEC6FF0015216E1036A0401C6
:10FE10009C51720FE96E040E0320EA6E82C6EFFF5A
:10FE20009C519C2B036A860FE96E040E0320EA6E38
:10FE300083C6EFFF9B2B000112001B6AF2BE1B8ED4
:10FE4000F29E83C6B8F682C6B7F633EC04F01BBE4A
:10FE5000F28E1B6AF2BE1B8EF29E03C0BAF602C07F
:10FE6000B9F601C0B8F600C0B7F60601BE6BBD6BAF
:10FE7000480EBC6F840EBB6F00014EEC04F01BBE3D
:10FE8000F28E03C087F602C086F601C085F600C078
:10FE900084F6D8921B6AF2BE1B8EF29E03C0BAF69D
:10FEA00002C0B9F601C0B8F600C0B7F60601BE6BD5
:10FEB000BD6BBC6B7E0EBB6F00011BEC05F01BBE67
:10FEC000F28E1B6AF2BE1B8EF29E03C0B6F602C013
:10FED000B5F601C0B4F600C0B3F6FDEC04F01BBEED
:10FEE000F28E02C085F601C084F61B6AF2BE1B8E3C
:10FEF000F29E02C0B0F601C0AFF60601B26B320E40
:10FF0000B16F000157EC14F01BBEF28E02C003F07B
:10FF100002C002F012008E0E006E87C601F086C687
:10FF200002F0036A01AE05D0011E021E022A01E1A1
:10FF3000012A015209E102C001F0026A080E005EC6
:10FF4000015202E1006A0ED0D89001BE04D0023600
:10FF500001360006F9D7060187AF02D0000102D0B2
:10FF6000019E0001120006018051070B006E8031D6
:10FF7000016E013201321F0E011601508125E96E1A
:10FF8000000E8221EA6EEFCF01F0002A01D001328B
:0EFF9000002EFDD7010E0116000103EFC7F091
:020000040001F9
:1000000004014A53D8A49CEFA1F0036A4F503C0F5F
:10001000E96E000E0320EA6EEF52D8A40CEF8AF0CE
:10002000010E375CF20FD8B0D8EF89F00E0F000147
:1000300059EFA6F020B095EF80F01B6AF2BE1B8E40
:10004000F29EA1C0B0F6A0C0AFF60601B26B320EB0
:10005000B16F000157EC14F01BBEF28E02C081F6A6
:1000600001C080F61B6AF2BE1B8EF29E81C6B8F6F6
:1000700080C6B7F633EC04F01BBEF28ED8921B6A32
:10008000F2BE1B8EF29E03C0BAF602C0B9F601C0E2
:10009000B8F600C0B7F6CD0E0601BE6F2C0EBD6FD0
:1000A0007A0EBC6F880EBB6F00011BEC05F01BBE07
:1000B000F28E03C083F602C082F601C081F600C052
:1000C00080F61B6AF2BE1B8EF29E83C6BAF682C60B
:1000D000B9F681C6B8F680C6B7F6A80E0601BE6F9F
:1000E000C60EBD6F140EBC6F830EBB6F00014EECCD
:1000F00004F01BBEF28E1B6AF2BE1B8EF29E03C082
:10010000B6F602C0B5F601C0B4F600C0B3F6FDEC19
:1001100004F01BBEF28E02C007F101C006F107C158
:10012000FFF006C1FEF0010E366E0401D8EF89F033
:1001300020B213EF81F01B6AF2BE1B8EF29EA3C0A9
:10014000B0F6A2C0AFF60601B26B320EB16F00017D
:1001500057EC14F01BBEF28E02C081F601C080F68F
:100160001B6AF2BE1B8EF29E81C6B8F680C6B7F639
:1001700033EC04F01BBEF28ED8921B6AF2BE1B8ECB
:10018000F29E03C0BAF602C0B9F601C0B8F600C0CC
:10019000B7F6660E0601BE6FC60EBD6F7F0EBC6F52
:1001A000880EBB6F00011BEC05F01BBEF28E03C076
:1001B00083F602C082F601C081F600C080F61B6A99
:1001C000F2BE1B8EF29E83C6BAF682C6B9F681C60F
:1001D000B8F680C6B7F6CD0E0601BE6FCC0EBD6F69
:1001E000130EBC6F830EBB6F00014EEC04F01BBE00
:1001F000F28E1B6AF2BE1B8EF29E03C0B6F602C0E0
:10020000B5F601C0B4F600C0B3F6FDEC04F01BBEB9
:10021000F28E02C009F101C008F109C101F108C163
:1002200000F1020E366E0401D8EF89F020B490EF91
:1002300081F01B6AF2BE1B8EF29EA5C0B0F6A4C070
:10024000AFF60601B26B320EB16F000157EC14F03D
:100250001BBEF28E02C081F601C080F61B6AF2BEA0
:100260001B8EF29E81C6B8F680C6B7F633EC04F05A
:100270001BBEF28ED8921B6AF2BE1B8EF29E03C08A
:10028000BAF602C0B9F601C0B8F600C0B7F6CD0E96
:100290000601BE6F2C0EBD6F7A0EBC6F880EBB6F51
:1002A00000011BEC05F01BBEF28E03C083F602C0FA
:1002B00082F601C081F600C080F61B6AF2BE1B8E7A
:1002C000F29E83C6BAF682C6B9F681C6B8F680C673
:1002D000B7F6A80E0601BE6FC60EBD6F140EBC6F3A
:1002E000830EBB6F00014EEC04F01BBEF28E1B6A46
:1002F000F2BE1B8EF29E03C0B6F602C0B5F601C078
:10030000B4F600C0B3F6FDEC04F01BBEF28E02C0E2
:100310000BF101C00AF10BC103F10AC102F13684ED
:1003200020B60AEF82F01B6AF2BE1B8EF29EA7C0B7
:10033000B0F6A6C0AFF60601B26B320EB16F000187
:1003400057EC14F01BBEF28E02C081F601C080F69D
:100350001B6AF2BE1B8EF29E81C6B8F680C6B7F647
:1003600033EC04F01BBEF28ED8921B6AF2BE1B8ED9
:10037000F29E03C0BAF602C0B9F601C0B8F600C0DA
:10038000B7F6CD0E0601BE6F2C0EBD6F7A0EBC6F98
:10039000880EBB6F00011BEC05F01BBEF28E03C084
:1003A00083F602C082F601C081F600C080F61B6AA7
:1003B000F2BE1B8EF29E83C6BAF682C6B9F681C61D
:1003C000B8F680C6B7F6A80E0601BE6FC60EBD6FA2
:1003D000140EBC6F830EBB6F00014EEC04F01BBE0D
:1003E000F28E1B6AF2BE1B8EF29E03C0B6F602C0EE
:1003F000B5F601C0B4F600C0B3F6FDEC04F01BBEC8
:10040000F28E02C00DF101C00CF10DC105F10CC15D
:1004100004F136860401D8EF89F020B287EF82F02C
:100420001B6AF2BE1B8EF29EA3C0B0F6A2C0AFF64E
:100430000601B26B320EB16F000157EC14F01BBE17
:10044000F28E02C081F601C080F61B6AF2BE1B8EDE
:10045000F29E81C6B8F680C6B7F633EC04F01BBE38
:10046000F28ED8921B6AF2BE1B8EF29E03C0BAF6C1
:1004700002C0B9F601C0B8F600C0B7F6660E0601B4
:10048000BE6FC60EBD6F7F0EBC6F880EBB6F0001C6
:100490001BEC05F01BBEF28E03C083F602C082F691
:1004A00001C081F600C080F61B6AF2BE1B8EF29E70
:1004B00083C6BAF682C6B9F681C6B8F680C6B7F664
:1004C000CD0E0601BE6FCC0EBD6F130EBC6F830E3A
:1004D000BB6F00014EEC04F01BBEF28E1B6AF2BE35
:1004E0001B8EF29E03C0B6F602C0B5F601C0B4F68C
:1004F00000C0B3F6FDEC04F01BBEF28E02C009F1A1
:1005000001C008F109C101F108C100F1368220B62D
:1005100001EF83F01B6AF2BE1B8EF29EA7C0B0F6FD
:10052000A6C0AFF60601B26B320EB16F000157ECF8
:1005300014F01BBEF28E02C081F601C080F61B6A69
:10054000F2BE1B8EF29E81C6B8F680C6B7F633ECBB
:1005500004F01BBEF28ED8921B6AF2BE1B8EF29E76
:1005600003C0BAF602C0B9F601C0B8F600C0B7F6CB
:10057000CD0E0601BE6F2C0EBD6F7A0EBC6F880EBD
:10058000BB6F00011BEC05F01BBEF28E03C083F6AF
:1005900002C082F601C081F600C080F61B6AF2BE7E
:1005A0001B8EF29E83C6BAF682C6B9F681C6B8F62D
:1005B00080C6B7F6A80E0601BE6FC60EBD6F140E3C
:1005C000BC6F830EBB6F00014EEC04F01BBEF28EBD
:1005D0001B6AF2BE1B8EF29E03C0B6F602C0B5F6D1
:1005E00001C0B4F600C0B3F6FDEC04F01BBEF28E01
:1005F00002C00DF101C00CF10DC105F10CC104F1F7
:1006000036860401D8EF89F020B47FEF83F01B6AAF
:10061000F2BE1B8EF29EA5C0B0F6A4C0AFF60601D6
:10062000B26B320EB16F000157EC14F01BBEF28EAC
:1006300002C081F601C080F61B6AF2BE1B8EF29EDC
:1006400081C6B8F680C6B7F633EC04F01BBEF28E56
:10065000D8921B6AF2BE1B8EF29E03C0BAF602C08D
:10066000B9F601C0B8F600C0B7F6CD0E0601BE6FF0
:100670002C0EBD6F7A0EBC6F880EBB6F00011BEC99
:1006800005F01BBEF28E03C083F602C082F601C0E5
:1006900081F600C080F61B6AF2BE1B8EF29E83C6F6
:1006A000BAF682C6B9F681C6B8F680C6B7F6A80E05
:1006B0000601BE6FC60EBD6F140EBC6F830EBB6FFE
:1006C00000014EEC04F01BBEF28E1B6AF2BE1B8EC4
:1006D000F29E03C0B6F602C0B5F601C0B4F600C083
:1006E000B3F6FDEC04F01BBEF28E02C00BF101C0AC
:1006F0000AF10BC103F10AC102F1040E366E0401C6
:10070000D8EF89F020B6FDEF83F01B6AF2BE1B8E96
:10071000F29EA7C0B0F6A6C0AFF60601B26B320ECD
:10072000B16F000157EC14F01BBEF28E02C081F6CF
:1007300001C080F61B6AF2BE1B8EF29E81C6B8F61F
:1007400080C6B7F633EC04F01BBEF28ED8921B6A5B
:10075000F2BE1B8EF29E03C0BAF602C0B9F601C00B
:10076000B8F600C0B7F6CD0E0601BE6F2C0EBD6FF9
:100770007A0EBC6F880EBB6F00011BEC05F01BBE30
:10078000F28E03C083F602C082F601C081F600C07B
:1007900080F61B6AF2BE1B8EF29E83C6BAF682C634
:1007A000B9F681C6B8F680C6B7F6A80E0601BE6FC8
:1007B000C60EBD6F140EBC6F830EBB6F00014EECF6
:1007C00004F01BBEF28E1B6AF2BE1B8EF29E03C0AB
:1007D000B6F602C0B5F601C0B4F600C0B3F6FDEC43
:1007E00004F01BBEF28E02C00DF101C00CF10DC170
:1007F00005F10CC104F1080E366E0401D8EF89F042
:1008000020B081EF84F06653D8B40AEF84F0662DEF
:1008100081EF84F01B6AF2BE1B8EF29EA1C0B0F67F
:10082000A0C0AFF60601B26B320EB16F000157ECFB
:1008300014F01BBEF28E02C081F601C080F61B6A66
:10084000F2BE1B8EF29E81C6B8F680C6B7F633ECB8
:1008500004F01BBEF28ED8921B6AF2BE1B8EF29E73
:1008600003C0BAF602C0B9F601C0B8F600C0B7F6C8
:10087000CD0E0601BE6F2C0EBD6F7A0EBC6F880EBA
:10088000BB6F00011BEC05F01BBEF28E03C083F6AC
:1008900002C082F601C081F600C080F61B6AF2BE7B
:1008A0001B8EF29E83C6BAF682C6B9F681C6B8F62A
:1008B00080C6B7F6A80E0601BE6FC60EBD6F140E39
:1008C000BC6F830EBB6F00014EEC04F01BBEF28EBA
:1008D0001B6AF2BE1B8EF29E03C0B6F602C0B5F6CE
:1008E00001C0B4F600C0B3F6FDEC04F01BBEF28EFE
:1008F00002C007F101C006F107C1FFF006C1FEF01A
:10090000368020B204EF85F06653D8B48DEF84F0C2
:1009100066510208D8A404EF85F01B6AF2BE1B8E54
:10092000F29EA3C0B0F6A2C0AFF60601B26B320EC3
:10093000B16F000157EC14F01BBEF28E02C081F6BD
:1009400001C080F61B6AF2BE1B8EF29E81C6B8F60D
:1009500080C6B7F633EC04F01BBEF28ED8921B6A49
:10096000F2BE1B8EF29E03C0BAF602C0B9F601C0F9
:10097000B8F600C0B7F6660E0601BE6FC60EBD6FB4
:100980007F0EBC6F880EBB6F00011BEC05F01BBE19
:10099000F28E03C083F602C082F601C081F600C069
:1009A00080F61B6AF2BE1B8EF29E83C6BAF682C622
:1009B000B9F681C6B8F680C6B7F6CD0E0601BE6F91
:1009C000CC0EBD6F130EBC6F830EBB6F00014EECDF
:1009D00004F01BBEF28E1B6AF2BE1B8EF29E03C099
:1009E000B6F602C0B5F601C0B4F600C0B3F6FDEC31
:1009F00004F01BBEF28E02C009F101C008F109C16A
:100A000001F108C100F136820401D8EF89F020B26B
:100A100081EF85F01B6AF2BE1B8EF29EA3C0B0F67A
:100A2000A2C0AFF60601B26B320EB16F000157ECF7
:100A300014F01BBEF28E02C081F601C080F61B6A64
:100A4000F2BE1B8EF29E81C6B8F680C6B7F633ECB6
:100A500004F01BBEF28ED8921B6AF2BE1B8EF29E71
:100A600003C0BAF602C0B9F601C0B8F600C0B7F6C6
:100A7000660E0601BE6FC60EBD6F7F0EBC6F880E80
:100A8000BB6F00011BEC05F01BBEF28E03C083F6AA
:100A900002C082F601C081F600C080F61B6AF2BE79
:100AA0001B8EF29E83C6BAF682C6B9F681C6B8F628
:100AB00080C6B7F6CD0E0601BE6FCC0EBD6F130E0D
:100AC000BC6F830EBB6F00014EEC04F01BBEF28EB8
:100AD0001B6AF2BE1B8EF29E03C0B6F602C0B5F6CC
:100AE00001C0B4F600C0B3F6FDEC04F01BBEF28EFC
:100AF00002C009F101C008F109C101F108C100F10A
:100B0000368220B4FBEF85F01B6AF2BE1B8EF29E8C
:100B1000A5C0B0F6A4C0AFF60601B26B320EB16F3D
:100B2000000157EC14F01BBEF28E02C081F601C02A
:100B300080F61B6AF2BE1B8EF29E81C6B8F680C696
:100B4000B7F633EC04F01BBEF28ED8921B6AF2BEED
:100B50001B8EF29E03C0BAF602C0B9F601C0B8F609
:100B600000C0B7F6CD0E0601BE6F2C0EBD6F7A0E1B
:100B7000BC6F880EBB6F00011BEC05F01BBEF28E34
:100B800003C083F602C082F601C081F600C080F681
:100B90001B6AF2BE1B8EF29E83C6BAF682C6B9F6F7
:100BA00081C6B8F680C6B7F6A80E0601BE6FC60E9F
:100BB000BD6F140EBC6F830EBB6F00014EEC04F0D2
:100BC0001BBEF28E1B6AF2BE1B8EF29E03C0B6F6EF
:100BD00002C0B5F601C0B4F600C0B3F6FDEC04F0F7
:100BE0001BBEF28E02C00BF101C00AF10BC103F172
:100BF0000AC102F1368420B675EF86F01B6AF2BE98
:100C00001B8EF29EA7C0B0F6A6C0AFF60601B26B6F
:100C1000320EB16F000157EC14F01BBEF28E02C011
:100C200081F601C080F61B6AF2BE1B8EF29E81C661
:100C3000B8F680C6B7F633EC04F01BBEF28ED8923D
:100C40001B6AF2BE1B8EF29E03C0BAF602C0B9F652
:100C500001C0B8F600C0B7F6CD0E0601BE6F2C0E6F
:100C6000BD6F7A0EBC6F880EBB6F00011BEC05F0E8
:100C70001BBEF28E03C083F602C082F601C081F66D
:100C800000C080F61B6AF2BE1B8EF29E83C6BAF6C7
:100C900082C6B9F681C6B8F680C6B7F6A80E0601B8
:100CA000BE6FC60EBD6F140EBC6F830EBB6F00010E
:100CB0004EEC04F01BBEF28E1B6AF2BE1B8EF29E3F
:100CC00003C0B6F602C0B5F601C0B4F600C0B3F674
:100CD000FDEC04F01BBEF28E02C00DF101C00CF160
:100CE0000DC105F10CC104F136860401D8EF89F07D
:100CF00020B2F2EF86F01B6AF2BE1B8EF29EA3C0FA
:100D0000B0F6A2C0AFF60601B26B320EB16F0001B1
:100D100057EC14F01BBEF28E02C081F601C080F6C3
:100D20001B6AF2BE1B8EF29E81C6B8F680C6B7F66D
:100D300033EC04F01BBEF28ED8921B6AF2BE1B8EFF
:100D4000F29E03C0BAF602C0B9F601C0B8F600C000
:100D5000B7F6660E0601BE6FC60EBD6F7F0EBC6F86
:100D6000880EBB6F00011BEC05F01BBEF28E03C0AA
:100D700083F602C082F601C081F600C080F61B6ACD
:100D8000F2BE1B8EF29E83C6BAF682C6B9F681C643
:100D9000B8F680C6B7F6CD0E0601BE6FCC0EBD6F9D
:100DA000130EBC6F830EBB6F00014EEC04F01BBE34
:100DB000F28E1B6AF2BE1B8EF29E03C0B6F602C014
:100DC000B5F601C0B4F600C0B3F6FDEC04F01BBEEE
:100DD000F28E02C009F101C008F109C101F108C198
:100DE00000F1368220B46CEF87F01B6AF2BE1B8ED6
:100DF000F29EA5C0B0F6A4C0AFF60601B26B320EEB
:100E0000B16F000157EC14F01BBEF28E02C081F6E8
:100E100001C080F61B6AF2BE1B8EF29E81C6B8F638
:100E200080C6B7F633EC04F01BBEF28ED8921B6A74
:100E3000F2BE1B8EF29E03C0BAF602C0B9F601C024
:100E4000B8F600C0B7F6CD0E0601BE6F2C0EBD6F12
:100E50007A0EBC6F880EBB6F00011BEC05F01BBE49
:100E6000F28E03C083F602C082F601C081F600C094
:100E700080F61B6AF2BE1B8EF29E83C6BAF682C64D
:100E8000B9F681C6B8F680C6B7F6A80E0601BE6FE1
:100E9000C60EBD6F140EBC6F830EBB6F00014EEC0F
:100EA00004F01BBEF28E1B6AF2BE1B8EF29E03C0C4
:100EB000B6F602C0B5F601C0B4F600C0B3F6FDEC5C
:100EC00004F01BBEF28E02C00BF101C00AF10BC18F
:100ED00003F10AC102F136840401D8EF89F020B091
:100EE000E9EF87F01B6AF2BE1B8EF29EA1C0B0F63E
:100EF000A0C0AFF60601B26B320EB16F000157EC25
:100F000014F01BBEF28E02C081F601C080F61B6A8F
:100F1000F2BE1B8EF29E81C6B8F680C6B7F633ECE1
:100F200004F01BBEF28ED8921B6AF2BE1B8EF29E9C
:100F300003C0BAF602C0B9F601C0B8F600C0B7F6F1
:100F4000CD0E0601BE6F2C0EBD6F7A0EBC6F880EE3
:100F5000BB6F00011BEC05F01BBEF28E03C083F6D5
:100F600002C082F601C081F600C080F61B6AF2BEA4
:100F70001B8EF29E83C6BAF682C6B9F681C6B8F653
:100F800080C6B7F6A80E0601BE6FC60EBD6F140E62
:100F9000BC6F830EBB6F00014EEC04F01BBEF28EE3
:100FA0001B6AF2BE1B8EF29E03C0B6F602C0B5F6F7
:100FB00001C0B4F600C0B3F6FDEC04F01BBEF28E27
:100FC00002C007F101C006F107C1FFF006C1FEF043
:100FD000368020B463EF88F01B6AF2BE1B8EF29E4F
:100FE000A5C0B0F6A4C0AFF60601B26B320EB16F69
:100FF000000157EC14F01BBEF28E02C081F601C056
:1010000080F61B6AF2BE1B8EF29E81C6B8F680C6C1
:10101000B7F633EC04F01BBEF28ED8921B6AF2BE18
:101020001B8EF29E03C0BAF602C0B9F601C0B8F634
:1010300000C0B7F6CD0E0601BE6F2C0EBD6F7A0E46
:10104000BC6F880EBB6F00011BEC05F01BBEF28E5F
:1010500003C083F602C082F601C081F600C080F6AC
:101060001B6AF2BE1B8EF29E83C6BAF682C6B9F622
:1010700081C6B8F680C6B7F6A80E0601BE6FC60ECA
:10108000BD6F140EBC6F830EBB6F00014EEC04F0FD
:101090001BBEF28E1B6AF2BE1B8EF29E03C0B6F61A
:1010A00002C0B5F601C0B4F600C0B3F6FDEC04F022
:1010B0001BBEF28E02C00BF101C00AF10BC103F19D
:1010C0000AC102F136840401D8EF89F020B0E0EFC4
:1010D00088F01B6AF2BE1B8EF29EA1C0B0F6A0C0C3
:1010E000AFF60601B26B320EB16F000157EC14F08F
:1010F0001BBEF28E02C081F601C080F61B6AF2BEF2
:101100001B8EF29E81C6B8F680C6B7F633EC04F0AB
:101110001BBEF28ED8921B6AF2BE1B8EF29E03C0DB
:10112000BAF602C0B9F601C0B8F600C0B7F6CD0EE7
:101130000601BE6F2C0EBD6F7A0EBC6F880EBB6FA2
:1011400000011BEC05F01BBEF28E03C083F602C04B
:1011500082F601C081F600C080F61B6AF2BE1B8ECB
:10116000F29E83C6BAF682C6B9F681C6B8F680C6C4
:10117000B7F6A80E0601BE6FC60EBD6F140EBC6F8B
:10118000830EBB6F00014EEC04F01BBEF28E1B6A97
:10119000F2BE1B8EF29E03C0B6F602C0B5F601C0C9
:1011A000B4F600C0B3F6FDEC04F01BBEF28E02C034
:1011B00007F101C006F107C1FFF006C1FEF036805D
:1011C00020B25AEF89F01B6AF2BE1B8EF29EA3C0BA
:1011D000B0F6A2C0AFF60601B26B320EB16F0001DD
:1011E00057EC14F01BBEF28E02C081F601C080F6EF
:1011F0001B6AF2BE1B8EF29E81C6B8F680C6B7F699
:1012000033EC04F01BBEF28ED8921B6AF2BE1B8E2A
:10121000F29E03C0BAF602C0B9F601C0B8F600C02B
:10122000B7F6660E0601BE6FC60EBD6F7F0EBC6FB1
:10123000880EBB6F00011BEC05F01BBEF28E03C0D5
:1012400083F602C082F601C081F600C080F61B6AF8
:10125000F2BE1B8EF29E83C6BAF682C6B9F681C66E
:10126000B8F680C6B7F6CD0E0601BE6FCC0EBD6FC8
:10127000130EBC6F830EBB6F00014EEC04F01BBE5F
:10128000F28E1B6AF2BE1B8EF29E03C0B6F602C03F
:10129000B5F601C0B4F600C0B3F6FDEC04F01BBE19
:1012A000F28E02C009F101C008F109C101F108C1C3
:1012B00000F1368220B4D4EF89F01B6AF2BE1B8E97
:1012C000F29EA5C0B0F6A4C0AFF60601B26B320E16
:1012D000B16F000157EC14F01BBEF28E02C081F614
:1012E00001C080F61B6AF2BE1B8EF29E81C6B8F664
:1012F00080C6B7F633EC04F01BBEF28ED8921B6AA0
:10130000F2BE1B8EF29E03C0BAF602C0B9F601C04F
:10131000B8F600C0B7F6CD0E0601BE6F2C0EBD6F3D
:101320007A0EBC6F880EBB6F00011BEC05F01BBE74
:10133000F28E03C083F602C082F601C081F600C0BF
:1013400080F61B6AF2BE1B8EF29E83C6BAF682C678
:10135000B9F681C6B8F680C6B7F6A80E0601BE6F0C
:10136000C60EBD6F140EBC6F830EBB6F00014EEC3A
:1013700004F01BBEF28E1B6AF2BE1B8EF29E03C0EF
:10138000B6F602C0B5F601C0B4F600C0B3F6FDEC87
:1013900004F01BBEF28E02C00BF101C00AF10BC1BA
:1013A00003F10AC102F136840401D8EF89F0040187
:1013B00020B0E9EF89F000016653D8B4E6EF89F078
:1013C000662D01D003D00401E9EF89F0F76BF66BCD
:1013D000040120B2FBEF89F000016653D8B4F8EFA6
:1013E00089F066510208D8B403D00401FBEF89F0FC
:1013F000F96BF86B040120B402EF8AF00001FB6B7B
:10140000FA6B040120B609EF8AF00001FD6BFC6B5A
:1014100004012A90CAEF9DF02A80010E375CF20F7A
:10142000D8B0CAEF9DF00E0F000177EFA6F020B004
:1014300031EF8BF01FC107F11EC106F107C1FFF0AC
:1014400006C1FEF01B6AF2BE1B8EF29E1FC1B8F6EB
:101450001EC1B7F633EC04F01BBEF28E03C0FBF1E5
:1014600002C0FAF101C0F9F100C0F8F17953D8A433
:101470005DEF8AF078510908D8A05DEF8AF0036A21
:101480004F503C0FE96E000E0320EA6E1B6AF2BE5D
:101490001B8EF29E0601B06BEFCFAFF679C0B2F6AD
:1014A00078C0B1F6000157EC14F01BBEF28E02C0FA
:1014B000F7F001C0F6F069EF8AF0036A4F503C0F75
:1014C000E96E000E0320EA6EEF500A0DF350F76B41
:1014D000F66F1B6AF2BE1B8EF29EA1C0B0F6A0C0D2
:1014E000AFF60601B26B320EB16F000157EC14F08B
:1014F0001BBEF28E02C081F601C080F61B6AF2BEEE
:101500001B8EF29E81C6B8F680C6B7F633EC04F0A7
:101510001BBEF28ED8921B6AF2BE1B8EF29E03C0D7
:10152000BAF602C0B9F601C0B8F600C0B7F6CD0EE3
:101530000601BE6F2C0EBD6F7A0EBC6F880EBB6F9E
:1015400000011BEC05F01BBEF28E03C083F602C047
:1015500082F601C081F600C080F61B6AF2BE1B8EC7
:10156000F29E83C6BAF682C6B9F681C6B8F680C6C0
:10157000B7F6A80E0601BE6FC60EBD6F140EBC6F87
:10158000830EBB6F00014EEC04F01BBEF28E03C055
:1015900083F602C082F601C081F600C080F61B6AA5
:1015A000F2BE1B8EF29E1FC1B8F61EC1B7F633EC19
:1015B00004F01BBEF28ED8821B6AF2BE1B8EF29E16
:1015C00083C6BAF682C6B9F681C6B8F680C6B7F643
:1015D00003C0BEF602C0BDF601C0BCF600C0BBF63B
:1015E0001BEC05F01BBEF28E03C083F602C082F630
:1015F00001C081F600C080F61B6AF2BE1B8EF29E0F
:10160000F7C0B8F6F6C0B7F633EC04F01BBEF28EA6
:101610001B6AF2BE1B8EF29E83C6BAF682C6B9F66C
:1016200081C6B8F680C6B7F603C0BEF602C0BDF6E6
:1016300001C0BCF600C0BBF64EEC04F01BBEF28E3F
:1016400003C0EBF102C0EAF101C0E9F100C0E8F12A
:101650000601806B80C6DDF504014B6B010E366E12
:1016600000010401CAEF9DF020B44DEF8CF01FC1C2
:101670000BF11EC10AF10BC103F10AC102F11B6A91
:10168000F2BE1B8EF29E1FC1B8F61EC1B7F633EC38
:1016900004F01BBEF28E03C003F202C002F201C0CE
:1016A00001F200C000F27D53D8A47AEF8BF07C5198
:1016B0000908D8A07AEF8BF0036A4F503C0FE96E0F
:1016C000000E0320EA6E1B6AF2BE1B8EF29E06011C
:1016D000B06BEFCFAFF67DC0B2F67CC0B1F60001C3
:1016E00057EC14F01BBEF28E02C0FBF001C0FAF002
:1016F00086EF8BF0036A4F503C0FE96E000E03201B
:10170000EA6EEF500A0DF350FB6BFA6F1B6AF2BEE4
:101710001B8EF29EA5C0B0F6A4C0AFF60601B26B58
:10172000320EB16F000157EC14F01BBEF28E02C0F6
:1017300081F601C080F61B6AF2BE1B8EF29E81C646
:10174000B8F680C6B7F633EC04F01BBEF28ED89222
:101750001B6AF2BE1B8EF29E03C0BAF602C0B9F637
:1017600001C0B8F600C0B7F6CD0E0601BE6F2C0E54
:10177000BD6F7A0EBC6F880EBB6F00011BEC05F0CD
:101780001BBEF28E03C083F602C082F601C081F652
:1017900000C080F61B6AF2BE1B8EF29E83C6BAF6AC
:1017A00082C6B9F681C6B8F680C6B7F6A80E06019D
:1017B000BE6FC60EBD6F140EBC6F830EBB6F0001F3
:1017C0004EEC04F01BBEF28E03C083F602C082F61C
:1017D00001C081F600C080F61B6AF2BE1B8EF29E2D
:1017E0001FC1B8F61EC1B7F633EC04F01BBEF28E73
:1017F000D8821B6AF2BE1B8EF29E83C6BAF682C6E0
:10180000B9F681C6B8F680C6B7F603C0BEF602C008
:10181000BDF601C0BCF600C0BBF61BEC05F01BBE5C
:10182000F28E03C083F602C082F601C081F600C0CA
:1018300080F61B6AF2BE1B8EF29EFBC0B8F6FAC0A1
:10184000B7F633EC04F01BBEF28E1B6AF2BE1B8EA1
:10185000F29E83C6BAF682C6B9F681C6B8F680C6CD
:10186000B7F603C0BEF602C0BDF601C0BCF600C0AC
:10187000BBF64EEC04F01BBEF28E03C0F3F102C0C7
:10188000F2F101C0F1F100C0F0F10601806B80C6F9
:10189000DFF504014D6B3684000120B0CEEF8CF0F3
:1018A0001B6AF2BE1B8EF29EA7C0B0F6A6C0AFF6B2
:1018B0000601B26B320EB16F000157EC14F01BBE83
:1018C000F28E02C081F601C080F61B6AF2BE1B8E4A
:1018D000F29E81C6B8F680C6B7F633EC04F01BBEA4
:1018E000F28ED8921B6AF2BE1B8EF29E03C0BAF62D
:1018F00002C0B9F601C0B8F600C0B7F6CD0E0601B9
:10190000BE6F2C0EBD6F7A0EBC6F880EBB6F0001D0
:101910001BEC05F01BBEF28E03C083F602C082F6FC
:1019200001C081F600C080F61B6AF2BE1B8EF29EDB
:1019300083C6BAF682C6B9F681C6B8F680C6B7F6CF
:10194000A80E0601BE6FC60EBD6F140EBC6F830ECF
:10195000BB6F00014EEC04F01BBEF28E1B6AF2BEA0
:101960001B8EF29E03C0B6F602C0B5F601C0B4F6F7
:1019700000C0B3F6FDEC04F01BBEF28E02C00DF108
:1019800001C00CF10DC105F10CC104F10601806B21
:1019900080C6E0F504014E6B368600010401CAEFF3
:1019A0009DF020B2E4EF8DF01FC109F11EC108F1D6
:1019B00009C101F108C100F11B6AF2BE1B8EF29E43
:1019C0001FC1B8F61EC1B7F633EC04F01BBEF28E91
:1019D00003C0FFF102C0FEF101C0FDF100C0FCF147
:1019E0002BACF7EF8CF0CDC27BF0CCC27AF07B53FE
:1019F000D8A417EF8DF07A510908D8A017EF8DF011
:101A00001B6AF2BE1B8EF29E0601B06B3DC0AFF6A4
:101A10007BC0B2F67AC0B1F6000157EC14F01BBEE1
:101A2000F28E02C0F9F001C0F8F01CEF8DF03D50CD
:101A30000A0DF350F96BF86F1B6AF2BE1B8EF29E13
:101A4000A3C0B0F6A2C0AFF60601B26B320EB16F02
:101A5000000157EC14F01BBEF28E02C081F601C0EB
:101A600080F61B6AF2BE1B8EF29E81C6B8F680C657
:101A7000B7F633EC04F01BBEF28ED8921B6AF2BEAE
:101A80001B8EF29E03C0BAF602C0B9F601C0B8F6CA
:101A900000C0B7F6660E0601BE6FC60EBD6F7F0EA4
:101AA000BC6F880EBB6F00011BEC05F01BBEF28EF5
:101AB00003C083F602C082F601C081F600C080F642
:101AC0001B6AF2BE1B8EF29E83C6BAF682C6B9F6B8
:101AD00081C6B8F680C6B7F6CD0E0601BE6FCC0E35
:101AE000BD6F130EBC6F830EBB6F00014EEC04F094
:101AF0001BBEF28E03C083F602C082F601C081F6DF
:101B000000C080F61B6AF2BE1B8EF29E1FC1B8F6A3
:101B10001EC1B7F633EC04F01BBEF28ED8821B6AEE
:101B2000F2BE1B8EF29E83C6BAF682C6B9F681C695
:101B3000B8F680C6B7F603C0BEF602C0BDF601C057
:101B4000BCF600C0BBF61BEC05F01BBEF28E03C05A
:101B500083F602C082F601C081F600C080F61B6ADF
:101B6000F2BE1B8EF29EF9C0B8F6F8C0B7F633ECA1
:101B700004F01BBEF28E1B6AF2BE1B8EF29E83C661
:101B8000BAF682C6B9F681C6B8F680C6B7F603C003
:101B9000BEF602C0BDF601C0BCF600C0BBF64EECFE
:101BA00004F01BBEF28E03C0EFF102C0EEF101C0E3
:101BB000EDF100C0ECF10601806B80C6DEF504019A
:101BC0004C6B020E366E00010401CAEF9DF020B28C
:101BD00000EF8FF01FC109F11EC108F109C101F129
:101BE00008C100F11B6AF2BE1B8EF29E1FC1B8F63F
:101BF0001EC1B7F633EC04F01BBEF28E03C0FFF13A
:101C000002C0FEF101C0FDF100C0FCF17B53D8A47D
:101C10002DEF8EF07A510908D8A02DEF8EF0036ACF
:101C20004F503C0FE96E000E0320EA6E1B6AF2BEB5
:101C30001B8EF29E0601B06BEFCFAFF67BC0B2F603
:101C40007AC0B1F6000157EC14F01BBEF28E02C050
:101C5000F9F001C0F8F039EF8EF0036A4F503C0FF5
:101C6000E96E000E0320EA6EEF500A0DF350F96B97
:101C7000F86F1B6AF2BE1B8EF29EA3C0B0F6A2C024
:101C8000AFF60601B26B320EB16F000157EC14F0E3
:101C90001BBEF28E02C081F601C080F61B6AF2BE46
:101CA0001B8EF29E81C6B8F680C6B7F633EC04F000
:101CB0001BBEF28ED8921B6AF2BE1B8EF29E03C030
:101CC000BAF602C0B9F601C0B8F600C0B7F6660EA3
:101CD0000601BE6FC60EBD6F7F0EBC6F880EBB6F58
:101CE00000011BEC05F01BBEF28E03C083F602C0A0
:101CF00082F601C081F600C080F61B6AF2BE1B8E20
:101D0000F29E83C6BAF682C6B9F681C6B8F680C618
:101D1000B7F6CD0E0601BE6FCC0EBD6F130EBC6FB5
:101D2000830EBB6F00014EEC04F01BBEF28E03C0AD
:101D300083F602C082F601C081F600C080F61B6AFD
:101D4000F2BE1B8EF29E1FC1B8F61EC1B7F633EC71
:101D500004F01BBEF28ED8821B6AF2BE1B8EF29E6E
:101D600083C6BAF682C6B9F681C6B8F680C6B7F69B
:101D700003C0BEF602C0BDF601C0BCF600C0BBF693
:101D80001BEC05F01BBEF28E03C083F602C082F688
:101D900001C081F600C080F61B6AF2BE1B8EF29E67
:101DA000F9C0B8F6F8C0B7F633EC04F01BBEF28EFB
:101DB0001B6AF2BE1B8EF29E83C6BAF682C6B9F6C5
:101DC00081C6B8F680C6B7F603C0BEF602C0BDF63F
:101DD00001C0BCF600C0BBF64EEC04F01BBEF28E98
:101DE00003C0EFF102C0EEF101C0EDF100C0ECF173
:101DF0000601806B80C6DEF504014C6B3682000163
:101E000020B081EF8FF01B6AF2BE1B8EF29EA7C03E
:101E1000B0F6A6C0AFF60601B26B320EB16F00018C
:101E200057EC14F01BBEF28E02C081F601C080F6A2
:101E30001B6AF2BE1B8EF29E81C6B8F680C6B7F64C
:101E400033EC04F01BBEF28ED8921B6AF2BE1B8EDE
:101E5000F29E03C0BAF602C0B9F601C0B8F600C0DF
:101E6000B7F6CD0E0601BE6F2C0EBD6F7A0EBC6F9D
:101E7000880EBB6F00011BEC05F01BBEF28E03C089
:101E800083F602C082F601C081F600C080F61B6AAC
:101E9000F2BE1B8EF29E83C6BAF682C6B9F681C622
:101EA000B8F680C6B7F6A80E0601BE6FC60EBD6FA7
:101EB000140EBC6F830EBB6F00014EEC04F01BBE12
:101EC000F28E1B6AF2BE1B8EF29E03C0B6F602C0F3
:101ED000B5F601C0B4F600C0B3F6FDEC04F01BBECD
:101EE000F28E02C00DF101C00CF10DC105F10CC163
:101EF00004F10601806B80C6E0F504014E6B36806C
:101F000000010401CAEF9DF020B49EEF90F01FC1C4
:101F10000BF11EC10AF10BC103F10AC102F11B6AE8
:101F2000F2BE1B8EF29E1FC1B8F61EC1B7F633EC8F
:101F300004F01BBEF28E03C003F202C002F201C025
:101F400001F200C000F27D53D8A4CAEF8FF07C519B
:101F50000908D8A0CAEF8FF0036A4F503C0FE96E12
:101F6000000E0320EA6E1B6AF2BE1B8EF29E060173
:101F7000B06BEFCFAFF67DC0B2F67CC0B1F600011A
:101F800057EC14F01BBEF28E02C0FBF001C0FAF059
:101F9000D6EF8FF0036A4F503C0FE96E000E03201E
:101FA000EA6EEF500A0DF350FB6BFA6F1B6AF2BE3C
:101FB0001B8EF29EA5C0B0F6A4C0AFF60601B26BB0
:101FC000320EB16F000157EC14F01BBEF28E02C04E
:101FD00081F601C080F61B6AF2BE1B8EF29E81C69E
:101FE000B8F680C6B7F633EC04F01BBEF28ED8927A
:101FF0001B6AF2BE1B8EF29E03C0BAF602C0B9F68F
:1020000001C0B8F600C0B7F6CD0E0601BE6F2C0EAB
:10201000BD6F7A0EBC6F880EBB6F00011BEC05F024
:102020001BBEF28E03C083F602C082F601C081F6A9
:1020300000C080F61B6AF2BE1B8EF29E83C6BAF603
:1020400082C6B9F681C6B8F680C6B7F6A80E0601F4
:10205000BE6FC60EBD6F140EBC6F830EBB6F00014A
:102060004EEC04F01BBEF28E03C083F602C082F673
:1020700001C081F600C080F61B6AF2BE1B8EF29E84
:102080001FC1B8F61EC1B7F633EC04F01BBEF28ECA
:10209000D8821B6AF2BE1B8EF29E83C6BAF682C637
:1020A000B9F681C6B8F680C6B7F603C0BEF602C060
:1020B000BDF601C0BCF600C0BBF61BEC05F01BBEB4
:1020C000F28E03C083F602C082F601C081F600C022
:1020D00080F61B6AF2BE1B8EF29EFBC0B8F6FAC0F9
:1020E000B7F633EC04F01BBEF28E1B6AF2BE1B8EF9
:1020F000F29E83C6BAF682C6B9F681C6B8F680C625
:10210000B7F603C0BEF602C0BDF601C0BCF600C003
:10211000BBF64EEC04F01BBEF28E03C0F3F102C01E
:10212000F2F101C0F1F100C0F0F10601806B80C650
:10213000DFF504014D6B040E366E00010401CAEF99
:102140009DF020B023EF91F01B6AF2BE1B8EF29E31
:10215000A7C0B0F6A6C0AFF60601B26B320EB16FE3
:10216000000157EC14F01BBEF28E02C081F601C0D4
:1021700080F61B6AF2BE1B8EF29E81C6B8F680C640
:10218000B7F633EC04F01BBEF28ED8921B6AF2BE97
:102190001B8EF29E03C0BAF602C0B9F601C0B8F6B3
:1021A00000C0B7F6CD0E0601BE6F2C0EBD6F7A0EC5
:1021B000BC6F880EBB6F00011BEC05F01BBEF28EDE
:1021C00003C083F602C082F601C081F600C080F62B
:1021D0001B6AF2BE1B8EF29E83C6BAF682C6B9F6A1
:1021E00081C6B8F680C6B7F6A80E0601BE6FC60E49
:1021F000BD6F140EBC6F830EBB6F00014EEC04F07C
:102200001BBEF28E1B6AF2BE1B8EF29E03C0B6F698
:1022100002C0B5F601C0B4F600C0B3F6FDEC04F0A0
:102220001BBEF28E02C00DF101C00CF10DC105F113
:102230000CC104F10601806B80C6E0F504014E6B11
:10224000080E366E00010401CAEF9DF020B03FEF8A
:1022500092F01FC107F11EC106F107C1FFF006C1D0
:10226000FEF01B6AF2BE1B8EF29E1FC1B8F61EC1A5
:10227000B7F633EC04F01BBEF28E03C0FBF102C0D4
:10228000FAF101C0F9F100C0F8F17953D8A46CEF6C
:1022900091F078510908D8A06CEF91F0036A4F5083
:1022A0003C0FE96E000E0320EA6E1B6AF2BE1B8E25
:1022B000F29E0601B06BEFCFAFF679C0B2F678C0F0
:1022C000B1F6000157EC14F01BBEF28E02C0F7F01D
:1022D00001C0F6F078EF91F0036A4F503C0FE96EC1
:1022E000000E0320EA6EEF500A0DF350F76BF66F05
:1022F0001B6AF2BE1B8EF29EA1C0B0F6A0C0AFF664
:102300000601B26B320EB16F000157EC14F01BBE28
:10231000F28E02C081F601C080F61B6AF2BE1B8EEF
:10232000F29E81C6B8F680C6B7F633EC04F01BBE49
:10233000F28ED8921B6AF2BE1B8EF29E03C0BAF6D2
:1023400002C0B9F601C0B8F600C0B7F6CD0E06015E
:10235000BE6F2C0EBD6F7A0EBC6F880EBB6F000176
:102360001BEC05F01BBEF28E03C083F602C082F6A2
:1023700001C081F600C080F61B6AF2BE1B8EF29E81
:1023800083C6BAF682C6B9F681C6B8F680C6B7F675
:10239000A80E0601BE6FC60EBD6F140EBC6F830E75
:1023A000BB6F00014EEC04F01BBEF28E03C083F63F
:1023B00002C082F601C081F600C080F61B6AF2BE40
:1023C0001B8EF29E1FC1B8F61EC1B7F633EC04F0A7
:1023D0001BBEF28ED8821B6AF2BE1B8EF29E83C693
:1023E000BAF682C6B9F681C6B8F680C6B7F603C09B
:1023F000BEF602C0BDF601C0BCF600C0BBF61BECC9
:1024000005F01BBEF28E03C083F602C082F601C047
:1024100081F600C080F61B6AF2BE1B8EF29EF7C0EA
:10242000B8F6F6C0B7F633EC04F01BBEF28E1B6AAA
:10243000F2BE1B8EF29E83C6BAF682C6B9F681C67C
:10244000B8F680C6B7F603C0BEF602C0BDF601C03E
:10245000BCF600C0BBF64EEC04F01BBEF28E03C00F
:10246000EBF102C0EAF101C0E9F100C0E8F10601B8
:10247000806B80C6DDF504014B6B3680000120B215
:1024800058EF93F01FC109F11EC108F109C101F114
:1024900008C100F11B6AF2BE1B8EF29E1FC1B8F686
:1024A0001EC1B7F633EC04F01BBEF28E03C0FFF181
:1024B00002C0FEF101C0FDF100C0FCF17B53D8A4C5
:1024C00085EF92F07A510908D8A085EF92F0036A5F
:1024D0004F503C0FE96E000E0320EA6E1B6AF2BEFD
:1024E0001B8EF29E0601B06BEFCFAFF67BC0B2F64B
:1024F0007AC0B1F6000157EC14F01BBEF28E02C098
:10250000F9F001C0F8F091EF92F0036A4F503C0FE0
:10251000E96E000E0320EA6EEF500A0DF350F96BDE
:10252000F86F1B6AF2BE1B8EF29EA3C0B0F6A2C06B
:10253000AFF60601B26B320EB16F000157EC14F02A
:102540001BBEF28E02C081F601C080F61B6AF2BE8D
:102550001B8EF29E81C6B8F680C6B7F633EC04F047
:102560001BBEF28ED8921B6AF2BE1B8EF29E03C077
:10257000BAF602C0B9F601C0B8F600C0B7F6660EEA
:102580000601BE6FC60EBD6F7F0EBC6F880EBB6F9F
:1025900000011BEC05F01BBEF28E03C083F602C0E7
:1025A00082F601C081F600C080F61B6AF2BE1B8E67
:1025B000F29E83C6BAF682C6B9F681C6B8F680C660
:1025C000B7F6CD0E0601BE6FCC0EBD6F130EBC6FFD
:1025D000830EBB6F00014EEC04F01BBEF28E03C0F5
:1025E00083F602C082F601C081F600C080F61B6A45
:1025F000F2BE1B8EF29E1FC1B8F61EC1B7F633ECB9
:1026000004F01BBEF28ED8821B6AF2BE1B8EF29EB5
:1026100083C6BAF682C6B9F681C6B8F680C6B7F6E2
:1026200003C0BEF602C0BDF601C0BCF600C0BBF6DA
:102630001BEC05F01BBEF28E03C083F602C082F6CF
:1026400001C081F600C080F61B6AF2BE1B8EF29EAE
:10265000F9C0B8F6F8C0B7F633EC04F01BBEF28E42
:102660001B6AF2BE1B8EF29E83C6BAF682C6B9F60C
:1026700081C6B8F680C6B7F603C0BEF602C0BDF686
:1026800001C0BCF600C0BBF64EEC04F01BBEF28EDF
:1026900003C0EFF102C0EEF101C0EDF100C0ECF1BA
:1026A0000601806B80C6DEF504014C6B36820001AA
:1026B0000401CAEF9DF020B474EF94F01FC10BF138
:1026C0001EC10AF10BC103F10AC102F11B6AF2BE7D
:1026D0001B8EF29E1FC1B8F61EC1B7F633EC04F094
:1026E0001BBEF28E03C003F202C002F201C001F26F
:1026F00000C000F27D53D8A4A1EF93F07C510908EB
:10270000D8A0A1EF93F0036A4F503C0FE96E000E82
:102710000320EA6E1B6AF2BE1B8EF29E0601B06BAE
:10272000EFCFAFF67DC0B2F67CC0B1F6000157EC3A
:1027300014F01BBEF28E02C0FBF001C0FAF0ADEF48
:1027400093F0036A4F503C0FE96E000E0320EA6ECF
:10275000EF500A0DF350FB6BFA6F1B6AF2BE1B8E33
:10276000F29EA5C0B0F6A4C0AFF60601B26B320E61
:10277000B16F000157EC14F01BBEF28E02C081F65F
:1027800001C080F61B6AF2BE1B8EF29E81C6B8F6AF
:1027900080C6B7F633EC04F01BBEF28ED8921B6AEB
:1027A000F2BE1B8EF29E03C0BAF602C0B9F601C09B
:1027B000B8F600C0B7F6CD0E0601BE6F2C0EBD6F89
:1027C0007A0EBC6F880EBB6F00011BEC05F01BBEC0
:1027D000F28E03C083F602C082F601C081F600C00B
:1027E00080F61B6AF2BE1B8EF29E83C6BAF682C6C4
:1027F000B9F681C6B8F680C6B7F6A80E0601BE6F58
:10280000C60EBD6F140EBC6F830EBB6F00014EEC85
:1028100004F01BBEF28E03C083F602C082F601C034
:1028200081F600C080F61B6AF2BE1B8EF29E1FC1AD
:10283000B8F61EC1B7F633EC04F01BBEF28ED88298
:102840001B6AF2BE1B8EF29E83C6BAF682C6B9F62A
:1028500081C6B8F680C6B7F603C0BEF602C0BDF6A4
:1028600001C0BCF600C0BBF61BEC05F01BBEF28E2F
:1028700003C083F602C082F601C081F600C080F674
:102880001B6AF2BE1B8EF29EFBC0B8F6FAC0B7F60A
:1028900033EC04F01BBEF28E1B6AF2BE1B8EF29E5E
:1028A00083C6BAF682C6B9F681C6B8F680C6B7F650
:1028B00003C0BEF602C0BDF601C0BCF600C0BBF648
:1028C0004EEC04F01BBEF28E03C0F3F102C0F2F135
:1028D00001C0F1F100C0F0F10601806B80C6DFF5A8
:1028E00004014D6B3684000120B28DEF95F01FC1BD
:1028F00009F11EC108F109C101F108C100F11B6A0B
:10290000F2BE1B8EF29E1FC1B8F61EC1B7F633ECA5
:1029100004F01BBEF28E03C0FFF102C0FEF101C045
:10292000FDF100C0FCF17B53D8A4BAEF94F07A51CA
:102930000908D8A0BAEF94F0036A4F503C0FE96E33
:10294000000E0320EA6E1B6AF2BE1B8EF29E060189
:10295000B06BEFCFAFF67BC0B2F67AC0B1F6000134
:1029600057EC14F01BBEF28E02C0F9F001C0F8F073
:10297000C6EF94F0036A4F503C0FE96E000E03203F
:10298000EA6EEF500A0DF350F96BF86F1B6AF2BE56
:102990001B8EF29EA3C0B0F6A2C0AFF60601B26BCA
:1029A000320EB16F000157EC14F01BBEF28E02C064
:1029B00081F601C080F61B6AF2BE1B8EF29E81C6B4
:1029C000B8F680C6B7F633EC04F01BBEF28ED89290
:1029D0001B6AF2BE1B8EF29E03C0BAF602C0B9F6A5
:1029E00001C0B8F600C0B7F6660E0601BE6FC60E8F
:1029F000BD6F7F0EBC6F880EBB6F00011BEC05F036
:102A00001BBEF28E03C083F602C082F601C081F6BF
:102A100000C080F61B6AF2BE1B8EF29E83C6BAF619
:102A200082C6B9F681C6B8F680C6B7F6CD0E0601E5
:102A3000BE6FCC0EBD6F130EBC6F830EBB6F00015B
:102A40004EEC04F01BBEF28E03C083F602C082F689
:102A500001C081F600C080F61B6AF2BE1B8EF29E9A
:102A60001FC1B8F61EC1B7F633EC04F01BBEF28EE0
:102A7000D8821B6AF2BE1B8EF29E83C6BAF682C64D
:102A8000B9F681C6B8F680C6B7F603C0BEF602C076
:102A9000BDF601C0BCF600C0BBF61BEC05F01BBECA
:102AA000F28E03C083F602C082F601C081F600C038
:102AB00080F61B6AF2BE1B8EF29EF9C0B8F6F8C013
:102AC000B7F633EC04F01BBEF28E1B6AF2BE1B8E0F
:102AD000F29E83C6BAF682C6B9F681C6B8F680C63B
:102AE000B7F603C0BEF602C0BDF601C0BCF600C01A
:102AF000BBF64EEC04F01BBEF28E03C0EFF102C039
:102B0000EEF101C0EDF100C0ECF10601806B80C672
:102B1000DEF504014C6B3682000120B00EEF96F01A
:102B20001B6AF2BE1B8EF29EA7C0B0F6A6C0AFF61F
:102B30000601B26B320EB16F000157EC14F01BBEF0
:102B4000F28E02C081F601C080F61B6AF2BE1B8EB7
:102B5000F29E81C6B8F680C6B7F633EC04F01BBE11
:102B6000F28ED8921B6AF2BE1B8EF29E03C0BAF69A
:102B700002C0B9F601C0B8F600C0B7F6CD0E060126
:102B8000BE6F2C0EBD6F7A0EBC6F880EBB6F00013E
:102B90001BEC05F01BBEF28E03C083F602C082F66A
:102BA00001C081F600C080F61B6AF2BE1B8EF29E49
:102BB00083C6BAF682C6B9F681C6B8F680C6B7F63D
:102BC000A80E0601BE6FC60EBD6F140EBC6F830E3D
:102BD000BB6F00014EEC04F01BBEF28E1B6AF2BE0E
:102BE0001B8EF29E03C0B6F602C0B5F601C0B4F665
:102BF00000C0B3F6FDEC04F01BBEF28E02C00DF176
:102C000001C00CF10DC105F10CC104F10601806B8E
:102C100080C6E0F504014E6B368600010401CAEF60
:102C20009DF020B22AEF97F01FC109F11EC108F1F3
:102C300009C101F108C100F11B6AF2BE1B8EF29EB0
:102C40001FC1B8F61EC1B7F633EC04F01BBEF28EFE
:102C500003C0FFF102C0FEF101C0FDF100C0FCF1B4
:102C60007B53D8A457EF96F07A510908D8A057EFB4
:102C700096F0036A4F503C0FE96E000E0320EA6E97
:102C80001B6AF2BE1B8EF29E0601B06BEFCFAFF651
:102C90007BC0B2F67AC0B1F6000157EC14F01BBE4F
:102CA000F28E02C0F9F001C0F8F063EF96F0036A0B
:102CB0004F503C0FE96E000E0320EA6EEF500A0DF4
:102CC000F350F96BF86F1B6AF2BE1B8EF29EA3C025
:102CD000B0F6A2C0AFF60601B26B320EB16F0001C2
:102CE00057EC14F01BBEF28E02C081F601C080F6D4
:102CF0001B6AF2BE1B8EF29E81C6B8F680C6B7F67E
:102D000033EC04F01BBEF28ED8921B6AF2BE1B8E0F
:102D1000F29E03C0BAF602C0B9F601C0B8F600C010
:102D2000B7F6660E0601BE6FC60EBD6F7F0EBC6F96
:102D3000880EBB6F00011BEC05F01BBEF28E03C0BA
:102D400083F602C082F601C081F600C080F61B6ADD
:102D5000F2BE1B8EF29E83C6BAF682C6B9F681C653
:102D6000B8F680C6B7F6CD0E0601BE6FCC0EBD6FAD
:102D7000130EBC6F830EBB6F00014EEC04F01BBE44
:102D8000F28E03C083F602C082F601C081F600C055
:102D900080F61B6AF2BE1B8EF29E1FC1B8F61EC1E2
:102DA000B7F633EC04F01BBEF28ED8821B6AF2BE7B
:102DB0001B8EF29E83C6BAF682C6B9F681C6B8F6F5
:102DC00080C6B7F603C0BEF602C0BDF601C0BCF6B1
:102DD00000C0BBF61BEC05F01BBEF28E03C083F6F1
:102DE00002C082F601C081F600C080F61B6AF2BE06
:102DF0001B8EF29EF9C0B8F6F8C0B7F633EC04F0BB
:102E00001BBEF28E1B6AF2BE1B8EF29E83C6BAF602
:102E100082C6B9F681C6B8F680C6B7F603C0BEF65C
:102E200002C0BDF601C0BCF600C0BBF64EEC04F01B
:102E30001BBEF28E03C0EFF102C0EEF101C0EDF156
:102E400000C0ECF10601806B80C6DEF504014C6B1E
:102E50003682000120B443EF98F01FC10BF11EC170
:102E60000AF10BC103F10AC102F11B6AF2BE1B8E0B
:102E7000F29E1FC1B8F61EC1B7F633EC04F01BBEBC
:102E8000F28E03C003F202C002F201C001F200C0E0
:102E900000F27D53D8A470EF97F07C510908D8A0B8
:102EA00070EF97F0036A4F503C0FE96E000E03205D
:102EB000EA6E1B6AF2BE1B8EF29E0601B06BEFCF6C
:102EC000AFF67DC0B2F67CC0B1F6000157EC14F04D
:102ED0001BBEF28E02C0FBF001C0FAF07CEF97F04F
:102EE000036A4F503C0FE96E000E0320EA6EEF506C
:102EF0000A0DF350FB6BFA6F1B6AF2BE1B8EF29E3B
:102F0000A5C0B0F6A4C0AFF60601B26B320EB16F29
:102F1000000157EC14F01BBEF28E02C081F601C016
:102F200080F61B6AF2BE1B8EF29E81C6B8F680C682
:102F3000B7F633EC04F01BBEF28ED8921B6AF2BED9
:102F40001B8EF29E03C0BAF602C0B9F601C0B8F6F5
:102F500000C0B7F6CD0E0601BE6F2C0EBD6F7A0E07
:102F6000BC6F880EBB6F00011BEC05F01BBEF28E20
:102F700003C083F602C082F601C081F600C080F66D
:102F80001B6AF2BE1B8EF29E83C6BAF682C6B9F6E3
:102F900081C6B8F680C6B7F6A80E0601BE6FC60E8B
:102FA000BD6F140EBC6F830EBB6F00014EEC04F0BE
:102FB0001BBEF28E03C083F602C082F601C081F60A
:102FC00000C080F61B6AF2BE1B8EF29E1FC1B8F6CF
:102FD0001EC1B7F633EC04F01BBEF28ED8821B6A1A
:102FE000F2BE1B8EF29E83C6BAF682C6B9F681C6C1
:102FF000B8F680C6B7F603C0BEF602C0BDF601C083
:10300000BCF600C0BBF61BEC05F01BBEF28E03C085
:1030100083F602C082F601C081F600C080F61B6A0A
:10302000F2BE1B8EF29EFBC0B8F6FAC0B7F633ECC8
:1030300004F01BBEF28E1B6AF2BE1B8EF29E83C68C
:10304000BAF682C6B9F681C6B8F680C6B7F603C02E
:10305000BEF602C0BDF601C0BCF600C0BBF64EEC29
:1030600004F01BBEF28E03C0F3F102C0F2F101C006
:10307000F1F100C0F0F10601806B80C6DFF50401BC
:103080004D6B368400010401CAEF9DF020B05FEF64
:1030900099F01FC107F11EC106F107C1FFF006C17B
:1030A000FEF01B6AF2BE1B8EF29E1FC1B8F61EC157
:1030B000B7F633EC04F01BBEF28E03C0FBF102C086
:1030C000FAF101C0F9F100C0F8F17953D8A48CEFFE
:1030D00098F078510908D8A08CEF98F0036A4F5007
:1030E0003C0FE96E000E0320EA6E1B6AF2BE1B8ED7
:1030F000F29E0601B06BEFCFAFF679C0B2F678C0A2
:10310000B1F6000157EC14F01BBEF28E02C0F7F0CE
:1031100001C0F6F098EF98F0036A4F503C0FE96E4B
:10312000000E0320EA6EEF500A0DF350F76BF66FB6
:103130001B6AF2BE1B8EF29EA1C0B0F6A0C0AFF615
:103140000601B26B320EB16F000157EC14F01BBEDA
:10315000F28E02C081F601C080F61B6AF2BE1B8EA1
:10316000F29E81C6B8F680C6B7F633EC04F01BBEFB
:10317000F28ED8921B6AF2BE1B8EF29E03C0BAF684
:1031800002C0B9F601C0B8F600C0B7F6CD0E060110
:10319000BE6F2C0EBD6F7A0EBC6F880EBB6F000128
:1031A0001BEC05F01BBEF28E03C083F602C082F654
:1031B00001C081F600C080F61B6AF2BE1B8EF29E33
:1031C00083C6BAF682C6B9F681C6B8F680C6B7F627
:1031D000A80E0601BE6FC60EBD6F140EBC6F830E27
:1031E000BB6F00014EEC04F01BBEF28E03C083F6F1
:1031F00002C082F601C081F600C080F61B6AF2BEF2
:103200001B8EF29E1FC1B8F61EC1B7F633EC04F058
:103210001BBEF28ED8821B6AF2BE1B8EF29E83C644
:10322000BAF682C6B9F681C6B8F680C6B7F603C04C
:10323000BEF602C0BDF601C0BCF600C0BBF61BEC7A
:1032400005F01BBEF28E03C083F602C082F601C0F9
:1032500081F600C080F61B6AF2BE1B8EF29EF7C09C
:10326000B8F6F6C0B7F633EC04F01BBEF28E1B6A5C
:10327000F2BE1B8EF29E83C6BAF682C6B9F681C62E
:10328000B8F680C6B7F603C0BEF602C0BDF601C0F0
:10329000BCF600C0BBF64EEC04F01BBEF28E03C0C1
:1032A000EBF102C0EAF101C0E9F100C0E8F106016A
:1032B000806B80C6DDF504014B6B3680000120B4C5
:1032C00078EF9AF01FC10BF11EC10AF10BC103F197
:1032D0000AC102F11B6AF2BE1B8EF29E1FC1B8F634
:1032E0001EC1B7F633EC04F01BBEF28E03C003F22E
:1032F00002C002F201C001F200C000F27D53D8A466
:10330000A5EF99F07C510908D8A0A5EF99F0036AC0
:103310004F503C0FE96E000E0320EA6E1B6AF2BEAE
:103320001B8EF29E0601B06BEFCFAFF67DC0B2F6FA
:103330007CC0B1F6000157EC14F01BBEF28E02C047
:10334000FBF001C0FAF0B1EF99F0036A4F503C0F67
:10335000E96E000E0320EA6EEF500A0DF350FB6B8E
:10336000FA6F1B6AF2BE1B8EF29EA5C0B0F6A4C017
:10337000AFF60601B26B320EB16F000157EC14F0DC
:103380001BBEF28E02C081F601C080F61B6AF2BE3F
:103390001B8EF29E81C6B8F680C6B7F633EC04F0F9
:1033A0001BBEF28ED8921B6AF2BE1B8EF29E03C029
:1033B000BAF602C0B9F601C0B8F600C0B7F6CD0E35
:1033C0000601BE6F2C0EBD6F7A0EBC6F880EBB6FF0
:1033D00000011BEC05F01BBEF28E03C083F602C099
:1033E00082F601C081F600C080F61B6AF2BE1B8E19
:1033F000F29E83C6BAF682C6B9F681C6B8F680C612
:10340000B7F6A80E0601BE6FC60EBD6F140EBC6FD8
:10341000830EBB6F00014EEC04F01BBEF28E03C0A6
:1034200083F602C082F601C081F600C080F61B6AF6
:10343000F2BE1B8EF29E1FC1B8F61EC1B7F633EC6A
:1034400004F01BBEF28ED8821B6AF2BE1B8EF29E67
:1034500083C6BAF682C6B9F681C6B8F680C6B7F694
:1034600003C0BEF602C0BDF601C0BCF600C0BBF68C
:103470001BEC05F01BBEF28E03C083F602C082F681
:1034800001C081F600C080F61B6AF2BE1B8EF29E60
:10349000FBC0B8F6FAC0B7F633EC04F01BBEF28EF0
:1034A0001B6AF2BE1B8EF29E83C6BAF682C6B9F6BE
:1034B00081C6B8F680C6B7F603C0BEF602C0BDF638
:1034C00001C0BCF600C0BBF64EEC04F01BBEF28E91
:1034D00003C0F3F102C0F2F101C0F1F100C0F0F15C
:1034E0000601806B80C6DFF504014D6B3684000158
:1034F0000401CAEF9DF020B094EF9BF01FC107F1CB
:103500001EC106F107C1FFF006C1FEF01B6AF2BE44
:103510001B8EF29E1FC1B8F61EC1B7F633EC04F045
:103520001BBEF28E03C0FBF102C0FAF101C0F9F13B
:1035300000C0F8F17953D8A4C1EF9AF07851090886
:10354000D8A0C1EF9AF0036A4F503C0FE96E000E0D
:103550000320EA6E1B6AF2BE1B8EF29E0601B06B60
:10356000EFCFAFF679C0B2F678C0B1F6000157ECF4
:1035700014F01BBEF28E02C0F7F001C0F6F0CDEFE2
:103580009AF0036A4F503C0FE96E000E0320EA6E7A
:10359000EF500A0DF350F76BF66F1B6AF2BE1B8EED
:1035A000F29EA1C0B0F6A0C0AFF60601B26B320E1B
:1035B000B16F000157EC14F01BBEF28E02C081F611
:1035C00001C080F61B6AF2BE1B8EF29E81C6B8F661
:1035D00080C6B7F633EC04F01BBEF28ED8921B6A9D
:1035E000F2BE1B8EF29E03C0BAF602C0B9F601C04D
:1035F000B8F600C0B7F6CD0E0601BE6F2C0EBD6F3B
:103600007A0EBC6F880EBB6F00011BEC05F01BBE71
:10361000F28E03C083F602C082F601C081F600C0BC
:1036200080F61B6AF2BE1B8EF29E83C6BAF682C675
:10363000B9F681C6B8F680C6B7F6A80E0601BE6F09
:10364000C60EBD6F140EBC6F830EBB6F00014EEC37
:1036500004F01BBEF28E03C083F602C082F601C0E6
:1036600081F600C080F61B6AF2BE1B8EF29E1FC15F
:10367000B8F61EC1B7F633EC04F01BBEF28ED8824A
:103680001B6AF2BE1B8EF29E83C6BAF682C6B9F6DC
:1036900081C6B8F680C6B7F603C0BEF602C0BDF656
:1036A00001C0BCF600C0BBF61BEC05F01BBEF28EE1
:1036B00003C083F602C082F601C081F600C080F626
:1036C0001B6AF2BE1B8EF29EF7C0B8F6F6C0B7F6C4
:1036D00033EC04F01BBEF28E1B6AF2BE1B8EF29E10
:1036E00083C6BAF682C6B9F681C6B8F680C6B7F602
:1036F00003C0BEF602C0BDF601C0BCF600C0BBF6FA
:103700004EEC04F01BBEF28E03C0EBF102C0EAF1F6
:1037100001C0E9F100C0E8F10601806B80C6DDF56B
:1037200004014B6B3680000120B2ADEF9CF01FC14D
:1037300009F11EC108F109C101F108C100F11B6ABC
:10374000F2BE1B8EF29E1FC1B8F61EC1B7F633EC57
:1037500004F01BBEF28E03C0FFF102C0FEF101C0F7
:10376000FDF100C0FCF17B53D8A4DAEF9BF07A5155
:103770000908D8A0DAEF9BF0036A4F503C0FE96EBE
:10378000000E0320EA6E1B6AF2BE1B8EF29E06013B
:10379000B06BEFCFAFF67BC0B2F67AC0B1F60001E6
:1037A00057EC14F01BBEF28E02C0F9F001C0F8F025
:1037B000E6EF9BF0036A4F503C0FE96E000E0320CA
:1037C000EA6EEF500A0DF350F96BF86F1B6AF2BE08
:1037D0001B8EF29EA3C0B0F6A2C0AFF60601B26B7C
:1037E000320EB16F000157EC14F01BBEF28E02C016
:1037F00081F601C080F61B6AF2BE1B8EF29E81C666
:10380000B8F680C6B7F633EC04F01BBEF28ED89241
:103810001B6AF2BE1B8EF29E03C0BAF602C0B9F656
:1038200001C0B8F600C0B7F6660E0601BE6FC60E40
:10383000BD6F7F0EBC6F880EBB6F00011BEC05F0E7
:103840001BBEF28E03C083F602C082F601C081F671
:1038500000C080F61B6AF2BE1B8EF29E83C6BAF6CB
:1038600082C6B9F681C6B8F680C6B7F6CD0E060197
:10387000BE6FCC0EBD6F130EBC6F830EBB6F00010D
:103880004EEC04F01BBEF28E03C083F602C082F63B
:1038900001C081F600C080F61B6AF2BE1B8EF29E4C
:1038A0001FC1B8F61EC1B7F633EC04F01BBEF28E92
:1038B000D8821B6AF2BE1B8EF29E83C6BAF682C6FF
:1038C000B9F681C6B8F680C6B7F603C0BEF602C028
:1038D000BDF601C0BCF600C0BBF61BEC05F01BBE7C
:1038E000F28E03C083F602C082F601C081F600C0EA
:1038F00080F61B6AF2BE1B8EF29EF9C0B8F6F8C0C5
:10390000B7F633EC04F01BBEF28E1B6AF2BE1B8EC0
:10391000F29E83C6BAF682C6B9F681C6B8F680C6EC
:10392000B7F603C0BEF602C0BDF601C0BCF600C0CB
:10393000BBF64EEC04F01BBEF28E03C0EFF102C0EA
:10394000EEF101C0EDF100C0ECF10601806B80C624
:10395000DEF504014C6B3682000120B4C6EF9DF009
:103960001FC10BF11EC10AF10BC103F10AC102F123
:103970001B6AF2BE1B8EF29E1FC1B8F61EC1B7F6BF
:1039800033EC04F01BBEF28E03C003F202C002F25D
:1039900001C001F200C000F27D53D8A4F3EF9CF007
:1039A0007C510908D8A0F3EF9CF0036A4F503C0FFC
:1039B000E96E000E0320EA6E1B6AF2BE1B8EF29EB9
:1039C0000601B06BEFCFAFF67DC0B2F67CC0B1F6AA
:1039D000000157EC14F01BBEF28E02C0FBF001C0D8
:1039E000FAF0FFEF9CF0036A4F503C0FE96E000EB7
:1039F0000320EA6EEF500A0DF350FB6BFA6F1B6A5F
:103A0000F2BE1B8EF29EA5C0B0F6A4C0AFF60601B2
:103A1000B26B320EB16F000157EC14F01BBEF28E88
:103A200002C081F601C080F61B6AF2BE1B8EF29EB8
:103A300081C6B8F680C6B7F633EC04F01BBEF28E32
:103A4000D8921B6AF2BE1B8EF29E03C0BAF602C069
:103A5000B9F601C0B8F600C0B7F6CD0E0601BE6FCC
:103A60002C0EBD6F7A0EBC6F880EBB6F00011BEC75
:103A700005F01BBEF28E03C083F602C082F601C0C1
:103A800081F600C080F61B6AF2BE1B8EF29E83C6D2
:103A9000BAF682C6B9F681C6B8F680C6B7F6A80EE1
:103AA0000601BE6FC60EBD6F140EBC6F830EBB6FDA
:103AB00000014EEC04F01BBEF28E03C083F602C080
:103AC00082F601C081F600C080F61B6AF2BE1B8E32
:103AD000F29E1FC1B8F61EC1B7F633EC04F01BBE50
:103AE000F28ED8821B6AF2BE1B8EF29E83C6BAF695
:103AF00082C6B9F681C6B8F680C6B7F603C0BEF670
:103B000002C0BDF601C0BCF600C0BBF61BEC05F060
:103B10001BBEF28E03C083F602C082F601C081F69E
:103B200000C080F61B6AF2BE1B8EF29EFBC0B8F688
:103B3000FAC0B7F633EC04F01BBEF28E1B6AF2BE7D
:103B40001B8EF29E83C6BAF682C6B9F681C6B8F657
:103B500080C6B7F603C0BEF602C0BDF601C0BCF613
:103B600000C0BBF64EEC04F01BBEF28E03C0F3F1B6
:103B700002C0F2F101C0F1F100C0F0F10601806B6A
:103B800080C6DFF504014D6B368400010401CAEFE5
:103B90009DF00401010E375CF20FD8B09AEFA1F04E
:103BA0000E0F000195EFA6F020B002EF9EF02080EE
:103BB000FFC002F0FEC001F00232013202320132D7
:103BC000023201C06FFF02320230300B006E6E50C5
:103BD000CF0B00106E6E3052D8B402EF9EF007C1CA
:103BE00002F006C101F00232013202320132023229
:103BF00001C072FF02320230300B006E7150CF0BE9
:103C00000010716E04019AEFA1F020B433EF9EF022
:103C1000208403C102F002C101F0023201320232FB
:103C20000132023201C075FF02320230300B006EE9
:103C30007450CF0B0010746E3252D8B433EF9EF034
:103C40000BC102F00AC101F002320132023201322C
:103C5000023201C078FF02320230300B006E775022
:103C6000CF0B0010776E20B05DEF9EF0208005C175
:103C700002F004C101F0023201320232013202329A
:103C800001C06FFF02320230300B006E6E50CF0B5E
:103C900000106E6E0DC102F00CC101F00232013253
:103CA00002320132023201C072FF02320230300BA6
:103CB000006E7150CF0B0010716E04019AEFA1F0ED
:103CC00020B290EF9EF0208201C102F000C101F00D
:103CD0000232013202320132023201C044FF0232AA
:103CE0000230300B006E0F014351CF0B0010436FB9
:103CF0003152D8B48FEF9EF009C102F008C101F033
:103D00000232013202320132023201C047FF023276
:103D10000230300B006E4651CF0B0010466F000191
:103D200004019AEFA1F020B2C3EF9EF0208201C1FE
:103D300002F000C101F002320132023201320232DD
:103D400001C044FF02320230300B006E0F014351BC
:103D5000CF0B0010436F3152D8B4C2EF9EF009C1AF
:103D600002F008C101F002320132023201320232A5
:103D700001C047FF02320230300B006E4651CF0BBC
:103D80000010466F000120B0EDEF9EF0208005C1CD
:103D900002F004C101F00232013202320132023279
:103DA00001C075FF02320230300B006E7450CF0B31
:103DB0000010746E0DC102F00CC101F0023201322C
:103DC00002320132023201C078FF02320230300B7F
:103DD000006E7750CF0B0010776E04019AEFA1F0C0
:103DE00020B41EEF9FF0208403C102F002C101F055
:103DF0000232013202320132023201C075FF023258
:103E00000230300B006E7450CF0B0010746E3252C3
:103E1000D8B41EEF9FF00BC102F00AC101F00232CC
:103E2000013202320132023201C078FF0232023026
:103E3000300B006E7750CF0B0010776E04019AEFB5
:103E4000A1F020B04BEF9FF0208005C102F004C12B
:103E500001F00232013202320132023201C06FFF40
:103E600002320230300B006E6E50CF0B00106E6EBF
:103E70000DC102F00CC101F00232013202320132F6
:103E8000023201C072FF02320230300B006E7150FC
:103E9000CF0B0010716E04019AEFA1F020B083EFF8
:103EA0009FF06653D8B458EF9FF0662D83EF9FF0D4
:103EB0002080FFC002F0FEC001F002320132023267
:103EC0000132023201C06FFF02320230300B006E4D
:103ED0006E50CF0B00106E6E3052D8B483EF9FF04F
:103EE00007C102F006C101F0023201320232013292
:103EF000023201C072FF02320230300B006E71508C
:103F0000CF0B0010716E20B2BCEF9FF06653D8B497
:103F10008FEF9FF066510208D8A4BCEF9FF020827B
:103F200001C102F000C101F002320132023201325D
:103F3000023201C044FF02320230300B006E0F012A
:103F40004351CF0B0010436F3152D8B4BBEF9FF0F9
:103F500009C102F008C101F002320132023201321D
:103F6000023201C047FF02320230300B006E465170
:103F7000CF0B0010466F000104019AEFA1F020B4AE
:103F8000EDEF9FF0208403C102F002C101F0023284
:103F9000013202320132023201C075FF02320230B8
:103FA000300B006E7450CF0B0010746E3252D8B4C8
:103FB000EDEF9FF00BC102F00AC101F002320132B5
:103FC00002320132023201C078FF02320230300B7D
:103FD000006E7750CF0B0010776E20B21DEFA0F06F
:103FE000208201C102F000C101F00232013202322E
:103FF0000132023201C044FF02320230300B006E47
:104000000F014351CF0B0010436F3152D8B41CEF56
:10401000A0F009C102F008C101F0023201320232FF
:104020000132023201C047FF02320230300B006E13
:104030004651CF0B0010466F000120B047EFA0F0B3
:10404000208005C102F004C101F0023201320232C7
:104050000132023201C06FFF02320230300B006EBB
:104060006E50CF0B00106E6E0DC102F00CC101F04E
:104070000232013202320132023201C072FF0232D8
:104080000230300B006E7150CF0B0010716E0401C6
:104090009AEFA1F020B27AEFA0F0208201C102F0E5
:1040A00000C101F00232013202320132023201C09B
:1040B00044FF02320230300B006E0F014351CF0B30
:1040C0000010436F3152D8B479EFA0F009C102F06B
:1040D00008C101F00232013202320132023201C063
:1040E00047FF02320230300B006E4651CF0B0010FA
:1040F000466F000120B4A8EFA0F0208403C102F0B5
:1041000002C101F00232013202320132023201C038
:1041100075FF02320230300B006E7450CF0B00106E
:10412000746E3252D8B4A8EFA0F00BC102F00AC1ED
:1041300001F00232013202320132023201C078FF54
:1041400002320230300B006E7750CF0B0010776ECA
:1041500004019AEFA1F020B0D9EFA0F02080FFC0B9
:1041600002F0FEC001F002320132023201320232AC
:1041700001C06FFF02320230300B006E6E50CF0B69
:1041800000106E6E3052D8B4D9EFA0F007C102F023
:1041900006C101F00232013202320132023201C0A4
:1041A00072FF02320230300B006E7150CF0B0010E4
:1041B000716E20B407EFA1F0208403C102F002C1A8
:1041C00001F00232013202320132023201C075FFC7
:1041D00002320230300B006E7450CF0B0010746E40
:1041E0003252D8B407EFA1F00BC102F00AC101F0BE
:1041F0000232013202320132023201C078FF023251
:104200000230300B006E7750CF0B0010776E040138
:104210009AEFA1F020B038EFA1F02080FFC002F0AB
:10422000FEC001F00232013202320132023201C01C
:104230006FFF02320230300B006E6E50CF0B001059
:104240006E6E3052D8B438EFA1F007C102F006C14B
:1042500001F00232013202320132023201C072FF39
:1042600002320230300B006E7150CF0B0010716EB5
:1042700020B268EFA1F0208201C102F000C101F07C
:104280000232013202320132023201C044FF0232F4
:104290000230300B006E0F014351CF0B0010436F03
:1042A0003152D8B467EFA1F009C102F008C101F0A2
:1042B0000232013202320132023201C047FF0232C1
:1042C0000230300B006E4651CF0B0010466F0001DC
:1042D00020B496EFA1F0208403C102F002C101F0E6
:1042E0000232013202320132023201C075FF023263
:1042F0000230300B006E7450CF0B0010746E3252CF
:10430000D8B496EFA1F00BC102F00AC101F002325D
:10431000013202320132023201C078FF0232023031
:10432000300B006E7750CF0B0010776E04019AEFC0
:10433000A1F0040144EFA6F04A2DB4EFA2F01FC192
:1043400037F11EC136F10201C153D8B4ACEFA1F070
:1043500037C139F136C138F11B6AF2BE1B8EF29EAD
:104360001FC1B8F61EC1B7F6000133EC04F01BBE46
:10437000F28E03C003F202C002F201C001F200C0DB
:1043800000F2FB6B020EFA6F1B6AF2BE1B8EF29EEE
:10439000C3C2B0F6C2C2AFF60601B26B640EB16F13
:1043A000000157EC14F01BBEF28E02C081F601C072
:1043B00080F61B6AF2BE1B8EF29E81C6B8F680C6DE
:1043C000B7F633EC04F01BBEF28ED8921B6AF2BE35
:1043D0001B8EF29E03C0BAF602C0B9F601C0B8F651
:1043E00000C0B7F6CD0E0601BE6F2C0EBD6F7A0E63
:1043F000BC6F880EBB6F00011BEC05F01BBEF28E7C
:1044000003C083F602C082F601C081F600C080F6C8
:104410001B6AF2BE1B8EF29E83C6BAF682C6B9F63E
:1044200081C6B8F680C6B7F6A80E0601BE6FC60EE6
:10443000BD6F140EBC6F830EBB6F00014EEC04F019
:104440001BBEF28E03C083F602C082F601C081F665
:1044500000C080F61B6AF2BE1B8EF29E1FC1B8F62A
:104460001EC1B7F633EC04F01BBEF28ED8821B6A75
:10447000F2BE1B8EF29E83C6BAF682C6B9F681C61C
:10448000B8F680C6B7F603C0BEF602C0BDF601C0DE
:10449000BCF600C0BBF61BEC05F01BBEF28E03C0E1
:1044A00083F602C082F601C081F600C080F61B6A66
:1044B000F2BE1B8EF29EFBC0B8F6FAC0B7F633EC24
:1044C00004F01BBEF28E1B6AF2BE1B8EF29E83C6E8
:1044D000BAF682C6B9F681C6B8F680C6B7F603C08A
:1044E000BEF602C0BDF601C0BCF600C0BBF64EEC85
:1044F00004F01BBEF28E03C0F3F102C0F2F101C062
:10450000F1F100C0F0F137C102F036C101F0023222
:10451000013202320132023201C075FF0232023032
:10452000300B006E7450CF0B0010746E0201C1533B
:10453000D8B4AEEFA2F039C102F038C101F00232B6
:10454000013202320132023201C078FF02320230FF
:10455000300B006E7750CF0B0010776E040E366E66
:104560002A8045EFA6F004014A510208D8A456EF6C
:10457000A4F04A52D8A4C1EFA2F04B52D8B4C4EF71
:10458000A2F052A350EFA3F052931B6AF2BE1B8E0F
:10459000F29E3BC1B0F63AC1AFF60601B26B320EE5
:1045A000B16F000157EC14F01BBEF28E02C081F611
:1045B00001C080F61B6AF2BE1B8EF29E81C6B8F661
:1045C00080C6B7F633EC04F01BBEF28ED8921B6A9D
:1045D000F2BE1B8EF29E03C0BAF602C0B9F601C04D
:1045E000B8F600C0B7F6850E0601BE6FEB0EBD6FC4
:1045F000190EBC6F880EBB6F00011BEC05F01BBED3
:10460000F28E03C083F602C082F601C081F600C0BC
:1046100080F61B6AF2BE1B8EF29E83C6BAF682C675
:10462000B9F681C6B8F680C6B7F6660E0601BE6F4B
:10463000BD6F420EBC6F820EBB6F00014EEC04F0EA
:104640001BBEF28E1B6AF2BE1B8EF29E03C0B6F634
:1046500002C0B5F601C0B4F600C0B3F6FDEC04F03C
:104660001BBEF28E02C043F101C042F1F96BF86B40
:1046700043C102F042C101F0023201320232013282
:10468000023201C044FF02320230300B006E0F01D3
:104690004351CF0B0010436F2A9051EFA4F0040157
:1046A0001FC143F11EC142F11B6AF2BE1B8EF29E76
:1046B0001FC1B8F61EC1B7F6000133EC04F01BBEF3
:1046C000F28E03C0FFF102C0FEF101C0FDF100C097
:1046D000FCF11B6AF2BE1B8EF29E4BC0B0F64AC0C4
:1046E000AFF60601B26B0A0EB16F000157EC14F081
:1046F0001BBEF28E02C0F9F001C0F8F01B6AF2BED8
:104700001B8EF29E3BC1B0F63AC1AFF60601B26B0A
:10471000320EB16F000157EC14F01BBEF28E02C0D6
:1047200081F601C080F61B6AF2BE1B8EF29E81C626
:10473000B8F680C6B7F633EC04F01BBEF28ED89202
:104740001B6AF2BE1B8EF29E03C0BAF602C0B9F617
:1047500001C0B8F600C0B7F6850E0601BE6FEB0EBD
:10476000BD6F190EBC6F880EBB6F00011BEC05F00E
:104770001BBEF28E03C083F602C082F601C081F632
:1047800000C080F61B6AF2BE1B8EF29E83C6BAF68C
:1047900082C6B9F681C6B8F680C6B7F6660E0601BF
:1047A000BE6FBD6F420EBC6F820EBB6F00014EEC40
:1047B00004F01BBEF28E03C083F602C082F601C075
:1047C00081F600C080F61B6AF2BE1B8EF29E1FC1EE
:1047D000B8F61EC1B7F633EC04F01BBEF28ED882D9
:1047E0001B6AF2BE1B8EF29E83C6BAF682C6B9F66B
:1047F00081C6B8F680C6B7F603C0BEF602C0BDF6E5
:1048000001C0BCF600C0BBF61BEC05F01BBEF28E6F
:1048100003C083F602C082F601C081F600C080F6B4
:104820001B6AF2BE1B8EF29EF9C0B8F6F8C0B7F64E
:1048300033EC04F01BBEF28E1B6AF2BE1B8EF29E9E
:1048400083C6BAF682C6B9F681C6B8F680C6B7F690
:1048500003C0BEF602C0BDF601C0BCF600C0BBF688
:104860004EEC04F01BBEF28E03C0EFF102C0EEF17D
:1048700001C0EDF100C0ECF143C102F042C101F012
:104880000232013202320132023201C044FF0232EE
:104890000230300B006E0F014351CF0B0010436FFD
:1048A0002A80020E366E44EFA6F004014A51030836
:1048B000D8A444EFA6F02AA4D7EFA4F052932A94E8
:1048C0000001F96BF86B2A90DBC14FF1DAC14EF1B0
:1048D000D9C151F1D8C150F1000E956E8C94956EEE
:1048E0008C92956E8C9A956E8C9C3452D8B4A3EFB2
:1048F000A4F04FC102F04EC101F002320132023287
:104900000132023201C044FF02320230300B006E2D
:104910000F014351CF0B0010436F51C102F050C142
:1049200001F00232013202320132023201C047FF8D
:1049300002320230300B006E4651CF0B0010466F32
:10494000D3EFA4F0000104016B53D8A4BFEFA4F08F
:104950004FC102F04EC101F0023201320232013287
:10496000023201C044FF02320230300B006E0F01F0
:104970004351CF0B0010436FD3EFA4F0040151C19A
:1049800002F050C101F00232013202320132023231
:1049900001C047FF02320230300B006E0F0146515A
:1049A000CF0B0010466F2A9042EFA6F004011FC102
:1049B000DBF11EC1DAF11FC1D9F11EC1D8F11FC14F
:1049C0004FF11EC14EF14FC151F14EC150F11B6A62
:1049D000F2BE1B8EF29E1FC1B8F61EC1B7F60001D3
:1049E00033EC04F01BBEF28E03C0FFF102C0FEF1F7
:1049F00001C0FDF100C0FCF101014D53D8A41EEF30
:104A0000A5F04C510908D8A01EEFA5F01B6AF2BE14
:104A10001B8EF29E0601B06B4DC0AFF64DC1B2F6D3
:104A20004CC1B1F6000157EC14F01BBEF28E02C06F
:104A3000F9F001C0F8F024EFA5F001014D500A0D86
:104A4000F3500001F96BF86F1B6AF2BE1B8EF29EE9
:104A500047C1B0F646C1AFF60601B26B320EB16F78
:104A6000000157EC14F01BBEF28E02C081F601C0AB
:104A700080F61B6AF2BE1B8EF29E81C6B8F680C617
:104A8000B7F633EC04F01BBEF28ED8921B6AF2BE6E
:104A90001B8EF29E03C0BAF602C0B9F601C0B8F68A
:104AA00000C0B7F6660E0601BE6FC60EBD6F7F0E64
:104AB000BC6F880EBB6F00011BEC05F01BBEF28EB5
:104AC00003C083F602C082F601C081F600C080F602
:104AD0001B6AF2BE1B8EF29E83C6BAF682C6B9F678
:104AE00081C6B8F680C6B7F6CD0E0601BE6FCC0EF5
:104AF000BD6F130EBC6F830EBB6F00014EEC04F054
:104B00001BBEF28E03C083F602C082F601C081F69E
:104B100000C080F61B6AF2BE1B8EF29E1FC1B8F663
:104B20001EC1B7F633EC04F01BBEF28ED8821B6AAE
:104B3000F2BE1B8EF29E83C6BAF682C6B9F681C655
:104B4000B8F680C6B7F603C0BEF602C0BDF601C017
:104B5000BCF600C0BBF61BEC05F01BBEF28E03C01A
:104B600083F602C082F601C081F600C080F61B6A9F
:104B7000F2BE1B8EF29EF9C0B8F6F8C0B7F633EC61
:104B800004F01BBEF28E1B6AF2BE1B8EF29E83C621
:104B9000BAF682C6B9F681C6B8F680C6B7F603C0C3
:104BA000BEF602C0BDF601C0BCF600C0BBF64EECBE
:104BB00004F01BBEF28E03C0EFF102C0EEF101C0A3
:104BC000EDF100C0ECF13452D8B411EFA6F04FC1B2
:104BD00002F04EC101F002320132023201320232E1
:104BE00001C044FF02320230300B006E0F0143510E
:104BF000CF0B0010436F51C102F050C101F00232DF
:104C0000013202320132023201C047FF0232023069
:104C1000300B006E4651CF0B0010466F41EFA6F0EF
:104C2000000104016B53D8A42DEFA6F04FC102F090
:104C30004EC101F00232013202320132023201C0B1
:104C400044FF02320230300B006E0F014351CF0B94
:104C50000010436F41EFA6F0040151C102F050C1B2
:104C600001F00232013202320132023201C047FF4A
:104C700002320230300B006E0F014651CF0B001094
:104C8000466F2A80020E366E0201040E0601806F06
:104C9000FA0E816F00011BEC27F00601802FF8D778
:104CA00036C0E4F5100E806F0001CCEC6FF0258E5D
:104CB0001200E824F76AF736D30FF66E4C0EF7228F
:104CC000010EF86EFB6E0A00F550FA6E0800F55002
:104CD000F96E3400300100080806DE0EF00CCC102E
:104CE0000407AE131A04AE132C02AE130E0AE82406
:104CF000F76AF7360F0FF66E4D0EF722010EF86EBB
:104D0000FB6E0A00F550FA6E0800F550F96E2E148D
:104D1000A2194C22081F8C30222CF6344221923BDF
:104D2000CE1B923B6816923BB626E824F76AF7360C
:104D30004B0FF66E4D0EF722010EF86EFB6E0A0059
:104D4000F550FA6E0800F550F96EA83BC03C9C3E49
:104D5000E03D564194401442423E3243263D3243A8
:104D60000A3C32437E3F1B6AF2BE1B8EF29E43C159
:104D7000B8F642C1B7F633EC04F01BBEF28E03C0A6
:104D8000FFF102C0FEF101C0FDF100C0FCF106011F
:104D90003A6B4CC039F61B6AF2BE1B8EF29E3AC6C5
:104DA000B0F639C6AFF6B26B0A0EB16F000157EC20
:104DB00014F01BBEF28E02C0F9F001C0F8F01B6ABD
:104DC000F2BE1B8EF29E3BC1B0F63AC1AFF60601B1
:104DD000B26B320EB16F000157EC14F01BBEF28EB5
:104DE00002C03AF601C039F61B6AF2BE1B8EF29E73
:104DF0003AC6B8F639C6B7F633EC04F01BBEF28EED
:104E0000D8921B6AF2BE1B8EF29E03C0BAF602C095
:104E1000B9F601C0B8F600C0B7F6850E0601BE6F40
:104E2000EB0EBD6F190EBC6F880EBB6F00011BEC43
:104E300005F01BBEF28E03C03CF602C03BF601C07B
:104E40003AF600C039F61B6AF2BE1B8EF29E3CC6D3
:104E5000BAF63BC6B9F63AC6B8F639C6B7F6660E24
:104E60000601BE6FBD6F420EBC6F820EBB6F0001AC
:104E70004EEC04F01BBEF28E03C03CF602C03BF6C3
:104E800001C03AF600C039F6190E01011E5D006E30
:104E9000000E1F59036E00501B6AF2BE1B8EF29E5D
:104EA0000601B76F03C0B8F6000133EC04F01BBE77
:104EB000F28ED8821B6AF2BE1B8EF29E3CC6BAF6F8
:104EC0003BC6B9F63AC6B8F639C6B7F603C0BEF661
:104ED00002C0BDF601C0BCF600C0BBF61BEC05F07D
:104EE0001BBEF28E03C03CF602C03BF601C03AF690
:104EF00000C039F61B6AF2BE1B8EF29EF9C0B8F6EE
:104F0000F8C0B7F633EC04F01BBEF28E1B6AF2BE9B
:104F10001B8EF29E3CC6BAF63BC6B9F63AC6B8F648
:104F200039C6B7F603C0BEF602C0BDF601C0BCF676
:104F300000C0BBF64EEC04F01BBEF28E03C0EFF1D6
:104F400002C0EEF101C0EDF100C0ECF1D8821B6AA5
:104F5000F2BE1B8EF29EFFC1BAF6FEC1B9F6FDC1CC
:104F6000B8F6FCC1B7F6EFC1BEF6EEC1BDF6EDC1B5
:104F7000BCF6ECC1BBF61BEC05F01BBEF28E03C009
:104F8000FFF102C0FEF101C0FDF100C0FCF11B6A9F
:104F9000F2BE1B8EF29EFFC1B6F6FEC1B5F6FDC194
:104FA000B4F6FCC1B3F6FDEC04F01BBEF28E02C0F9
:104FB00043F101C042F143C102F042C101F00232AB
:104FC000013202320132023201C044FF02320230A9
:104FD000300B006E0F014351CF0B0010436F0001E7
:104FE000F2EFDDF00601846B836B8051F90FD8B0CE
:104FF00021D1070F000120EFA9F01B6AF2BE1B8E22
:10500000F29E82C6B8F681C6B7F633EC04F01BBE3A
:10501000F28E1B6AF2BE1B8EF29E03C0BAF602C06D
:10502000B9F601C0B8F600C0B7F6A80E0601BE6F0B
:10503000C60EBD6F140EBC6F830EBB6F0001B5ECC6
:1050400006F01BBEF28E03C088F602C087F601C0D0
:1050500086F600C085F6D8821B6AF2BE1B8EF29ED1
:1050600003C0BAF602C0B9F601C0B8F600C0B7F680
:10507000CD0E0601BE6F2C0EBD6F7A0EBC6F880E72
:10508000BB6F00011BEC05F01BBEF28E1B6AF2BE6B
:105090001B8EF29E03C0B6F602C0B5F601C0B4F690
:1050A00000C0B3F6FDEC04F01BBEF28E02C084F625
:1050B00001C083F60601BED01B6AF2BE1B8EF29EB3
:1050C00082C6B8F681C6B7F633EC04F01BBEF28E8A
:1050D0001B6AF2BE1B8EF29E03C0BAF602C0B9F67E
:1050E00001C0B8F600C0B7F6CD0E0601BE6FCC0EFB
:1050F000BD6F130EBC6F830EBB6F0001B5EC06F0E5
:105100001BBEF28E03C088F602C087F601C086F689
:1051100000C085F6D8821B6AF2BE1B8EF29E03C0C9
:10512000BAF602C0B9F601C0B8F600C0B7F6660E0E
:105130000601BE6FC60EBD6F7F0EBC6F880EBB6FC3
:1051400000011BEC05F01BBEF28E1B6AF2BE1B8E2B
:10515000F29E03C0B6F602C0B5F601C0B4F600C0B8
:10516000B3F6FDEC04F01BBEF28E02C084F601C063
:1051700083F606015FD01B6AF2BE1B8EF29E82C6CA
:10518000B8F681C6B7F633EC04F01BBEF28E1B6A8C
:10519000F2BE1B8EF29E03C0BAF602C0B9F601C081
:1051A000B8F600C0B7F6660E0601BE6FBD6F420EC0
:1051B000BC6F820EBB6F0001B5EC06F01BBEF28E19
:1051C00003C088F602C087F601C086F600C085F6E7
:1051D000D8821B6AF2BE1B8EF29E03C0BAF602C0D2
:1051E000B9F601C0B8F600C0B7F6850E0601BE6F6D
:1051F000EB0EBD6F190EBC6F880EBB6F00011BEC70
:1052000005F01BBEF28E1B6AF2BE1B8EF29E03C01F
:10521000B6F602C0B5F601C0B4F600C0B3F6FDECB8
:1052200004F01BBEF28E02C084F601C083F60601B4
:1052300001D0060183C601F084C602F0000112000D
:10524000E824F76AF736610FF66E520EF722010E68
:10525000F86EFB6E0A00F550FA6E0800F550F96E14
:10526000FA4FB850FA4FFA4F7651FA4FB85006013C
:105270003A813B6B3C6B3D6B3E6B3F6B406B416BD4
:10528000426B436B446B456B466B486B476B4A6B99
:10529000496B4C6B4B6B4E6B4D6B3A93506B4F6B3A
:1052A000546B536B526B516B3A953A97566B556BE7
:1052B0005A6B596B586B576B5E6B5D6B5C6B5B6BC2
:1052C000606B5F6B626B616B646B636B666B656B72
:1052D0006A6B696B6B6B6C6B6D6B6F6B6E6B716B11
:1052E000706B756B746B736B726B766B776B7B6BC0
:1052F0007A6B796B786B7F6B7E6B7D6B7C6B3951D6
:10530000F90FD8B016D3070F000183EFCEF0D5C048
:105310004AF6D4C049F6D3C048F6D2C047F6D7C043
:105320004CF6D6C04BF6D9C04EF6D8C04DF60601A5
:105330003A9330B03A833A9722B03A87F7C056F69C
:10534000F6C055F6EBC15AF6EAC159F6E9C158F66E
:10535000E8C157F6FBC15EF6FAC15DF6F9C15CF62D
:10536000F8C15BF6FFC060F6FEC05FF607C162F6EB
:1053700006C161F60FC164F60EC163F617C166F689
:1053800016C165F61B6AF2BE1B8EF29EA1C0B0F676
:10539000A0C0AFF6B26B320EB16F000157EC14F043
:1053A0001BBEF28E02C050F601C04FF606013A95C0
:1053B00023B03A85766B83C07BF682C07AF681C0D3
:1053C00079F680C078F693C07FF692C07EF691C0E1
:1053D0007DF690C07CF6ADD22BA847D02AB045D040
:1053E0001B6AF2BE1B8EF29E18C3B6F617C3B5F643
:1053F00016C3B4F615C3B3F6FDEC04F01BBEF28E73
:1054000002C050F601C04FF61B6AF2BE1B8EF29E20
:10541000FEC2B6F6FDC2B5F6FCC2B4F6FBC2B3F6E8
:10542000FDEC04F01BBEF28E02C060F601C05FF618
:105430001B6AF2BE1B8EF29EFEC2B6F6FDC2B5F628
:10544000FCC2B4F6FBC2B3F6FDEC04F01BBEF28E58
:1054500002C062F601C061F611C164F610C163F6C4
:1054600019C166F618C165F625D01B6AF2BE1B8EFF
:10547000F29EA3C0B0F6A2C0AFF60601B26B320E28
:10548000B16F000157EC14F01BBEF28E02C050F653
:1054900001C04FF601C160F600C15FF609C162F6B6
:1054A00008C161F611C164F610C163F619C166F650
:1054B00018C165F6010164510001DC5D0601496F08
:1054C000010165510001DD5906014A6F0101645176
:1054D0000001DA5D0601476F010165510001DB59EA
:1054E0000601486FDFC04CF6DEC04BF6E1C04EF659
:1054F000E0C04DF63A9331B03A833A9722B23A87F8
:10550000F9C056F6F8C055F6EFC15AF6EEC159F695
:10551000EDC158F6ECC157F6FFC15EF6FEC15DF66F
:10552000FDC15CF6FCC15BF62BA802D0566B556B37
:105530003A9523B23A85010E766F87C07BF686C016
:105540007AF685C079F684C078F697C07FF696C063
:105550007EF695C07DF694C07CF6EBD1E5C04AF6A8
:10556000E4C049F6E3C048F6E2C047F6E7C04CF6AF
:10557000E6C04BF6E9C04EF6E8C04DF606013A9398
:1055800032B03A833A9722B43A87FBC056F6FAC053
:1055900055F6F3C15AF6F2C159F6F1C158F6F0C109
:1055A00057F603C25EF602C25DF601C25CF600C2A7
:1055B0005BF603C160F602C15FF60BC162F60AC179
:1055C00061F613C164F612C163F61BC166F61AC117
:1055D00065F61B6AF2BE1B8EF29EA5C0B0F6A4C093
:1055E000AFF6B26B320EB16F000157EC14F01BBE78
:1055F000F28E02C050F601C04FF606013A9523B470
:105600003A85020E766F8BC07BF68AC07AF689C027
:1056100079F688C078F69BC07FF69AC07EF699C06E
:105620007DF698C07CF685D1D5C04AF6D4C049F63F
:10563000D3C048F6D2C047F6D7C04CF6D6C04BF61A
:10564000D9C04EF6D8C04DF606013A833A9722B635
:105650003A87566B556B5A6B596B586B576B5E6B31
:105660005D6B5C6B5B6B05C160F604C15FF60DC1E1
:1056700062F60CC161F615C164F614C163F61DC172
:1056800066F61CC165F61B6AF2BE1B8EF29EA7C0B1
:10569000B0F6A6C0AFF6B26B320EB16F000157EC98
:1056A00014F01BBEF28E02C050F601C04FF6060188
:1056B0003A9523B63A85766B8FC07BF68EC07AF624
:1056C0008DC079F68CC078F69FC07FF69EC07EF6BE
:1056D0009DC07DF69CC07CF62CD1E5C04AF6E4C0A6
:1056E00049F6E3C048F6E2C047F6E7C04CF6E6C02C
:1056F0004BF6E9C04EF6E8C04DF606013A930201BA
:10570000C1A103D006013A83020106013A9722B4EF
:105710003A87FBC056F6FAC055F6F3C15AF6F2C105
:1057200059F6F1C158F6F0C157F603C25EF602C24F
:105730005DF601C25CF600C25BF637C160F636C1A9
:105740005FF639C162F638C161F613C164F612C161
:1057500063F61BC166F61AC165F61B6AF2BE1B8EA4
:10576000F29EC3C2B0F6C2C2AFF6B26B640EB16FA6
:10577000000157EC14F01BBEF28E02C050F601C0BF
:105780004FF606013A9523B43A85020E766F7B6B8D
:105790007A6BB8C279F6B7C278F67F6B7E6BB8C207
:1057A0007DF6B7C27CF6C5D0DDC04AF6DCC049F64E
:1057B000DBC048F6DAC047F6DFC04CF6DEC04BF679
:1057C000E1C04EF6E0C04DF606013A933A9722B298
:1057D0003A87F9C056F6F8C055F6EFC15AF6EEC151
:1057E00059F6EDC158F6ECC157F6FFC15EF6FEC1A1
:1057F0005DF6FDC15CF6FCC15BF643C160F642C1DB
:105800005FF6626B616B11C164F610C163F6666B83
:10581000656B1B6AF2BE1B8EF29E3BC1B0F63AC1AD
:10582000AFF6B26B320EB16F000157EC14F01BBE35
:10583000F28E02C050F601C04FF606013A9523B22F
:105840003A85010E766F288274D0010164510001FF
:10585000DC5D0601496F010165510001DD5906015A
:105860004A6F010164510001DA5D0601476F0101D1
:1058700065510001DB590601486FDFC04CF6DEC000
:105880004BF6E1C04EF6E0C04DF63A9334B03A83A1
:105890003A9722B23A87F9C056F6F8C055F6EFC1EA
:1058A0005AF6EEC159F6EDC158F6ECC157F6FFC1F4
:1058B0005EF6FEC15DF6FDC15CF6FCC15BF64FC154
:1058C00060F64EC15FF651C162F650C161F611C17A
:1058D00064F610C163F619C166F618C165F61B6A55
:1058E000F2BE1B8EF29E47C1B0F646C1AFF6B26B58
:1058F000320EB16F000157EC14F01BBEF28E02C0E5
:1059000050F601C04FF606013A9523B23A85010ED2
:10591000766F6BC477F67B6B7A6B4BC179F64AC1B5
:1059200078F67F6B7E6B4BC17DF64AC17CF601D069
:10593000060139510608D8A4D6D03452D8A4D3D001
:1059400004016B53D8A402D00601CDD04AC681F61B
:1059500049C680F6000174EC33F002C03EF601C087
:105960003DF6000E06013AB5010E806F4EC682F676
:105970004DC681F680C683F600010CEC34F003C0FE
:1059800046F602C045F601C044F600C043F63EC6E6
:105990003CF63DC63BF646C642F645C641F644C611
:1059A00040F643C63FF61B6AF2BE1B8EF29E06010E
:1059B000BA6B240EB96F740EB86F920EB76F46C6ED
:1059C000BEF645C6BDF644C6BCF643C6BBF60001EE
:1059D000B5EC06F01BBEF28E03C083F602C082F661
:1059E00001C081F600C080F61B6AF2BE1B8EF29EDB
:1059F0003EC6B8F63DC6B7F633EC04F01BBEF28ED9
:105A00001B6AF2BE1B8EF29E83C6BAF682C6B9F638
:105A100081C6B8F680C6B7F603C0BEF602C0BDF6B2
:105A200001C0BCF600C0BBF64EEC04F01BBEF28E0B
:105A30001B6AF2BE1B8EF29E03C0BAF602C0B9F614
:105A400001C0B8F600C0B7F694EC06F01BBEF28EAB
:105A500003C054F602C053F601C052F600C051F61E
:105A60001B6AF2BE1B8EF29E0601BA6BB96B100E5A
:105A7000B86F810EB76F46C6BEF645C6BDF644C6C2
:105A8000BCF643C6BBF6000157EC06F01BBEF28E17
:105A900008E306013AA502D0000103D03A8520D0E0
:105AA00000011B6AF2BE1B8EF29E46C6BAF645C6C0
:105AB000B9F644C6B8F643C6B7F60601BE6BBD6B71
:105AC000BC6B810EBB6F000157EC06F01BBEF28E63
:105AD00001E207E106013AB502D0000102D03A9591
:105AE000000131D1060104014A2D04D02BA602D0B9
:105AF00055EFCAF048C681F647C680F6000174EC3F
:105B000033F002C03CF601C03BF6000E06013AB588
:105B1000010E806F4CC682F64BC681F680C683F6B6
:105B200000010CEC34F003C042F602C041F601C0A3
:105B300040F600C03FF606013AA323D04AC681F6DC
:105B400049C680F6000174EC33F002C03EF601C095
:105B50003DF6000E06013AB5010E806F4EC682F684
:105B60004DC681F680C683F600010CEC34F003C00C
:105B700046F602C045F601C044F600C043F60ED01A
:105B800006013CC63EF63BC63DF642C646F641C659
:105B900045F640C644F63FC643F600011B6AF2BE16
:105BA0001B8EF29E0601BA6B240EB96F740EB86F8D
:105BB000920EB76F42C6BEF641C6BDF640C6BCF6F1
:105BC0003FC6BBF60001B5EC06F01BBEF28E03C06B
:105BD00083F602C082F601C081F600C080F61B6A1F
:105BE000F2BE1B8EF29E3CC6B8F63BC6B7F633EC4F
:105BF00004F01BBEF28E1B6AF2BE1B8EF29E83C6A1
:105C0000BAF682C6B9F681C6B8F680C6B7F603C042
:105C1000BEF602C0BDF601C0BCF600C0BBF64EEC3D
:105C200004F01BBEF28E1B6AF2BE1B8EF29E03C0F6
:105C3000BAF602C0B9F601C0B8F600C0B7F694ECE7
:105C400006F01BBEF28E03C054F602C053F601C02C
:105C500052F600C051F61B6AF2BE1B8EF29E060180
:105C6000BA6BB96B100EB86F810EB76F42C6BEF635
:105C700041C6BDF640C6BCF63FC6BBF6000157ECB8
:105C800006F01BBEF28E1EE206013AA320D01B6A6C
:105C9000F2BE1B8EF29EBA6BB96B100EB86F810EFE
:105CA000B76F46C6BEF645C6BDF644C6BCF643C68B
:105CB000BBF6000157EC06F01BBEF28ED8B002D046
:105CC000060105D006013AB502D03A853BD01B6AE1
:105CD000F2BE1B8EF29E42C6BAF641C6B9F640C667
:105CE000B8F63FC6B7F6BE6BBD6BBC6B810EBB6F23
:105CF000000157EC06F01BBEF28E01E224E1060122
:105D00003AB302D000011FD01B6AF2BE1B8EF29E76
:105D100046C6BAF645C6B9F644C6B8F643C6B7F69F
:105D2000BE6BBD6BBC6B810EBB6F000157EC06F008
:105D30001BBEF28E01E207E106013AB502D0000176
:105D400002D03A95000106013951F90F44E2070FDC
:105D500000019AEFCEF006013AB502D08D9201D043
:105D60008D82000E966E37D006013AB502D08D9026
:105D700001D08D80000E966E2ED006013AB502D06D
:105D80008F9001D08F80E40E986E25D006013AB531
:105D900002D08D9201D08D82000E966E1CD006012D
:105DA0003AB502D08F9001D08F80E40E986E13D058
:105DB00006013AB502D08D9001D08D80000E966E0E
:105DC0000AD006013AB502D08D9001D08D80000E28
:105DD000966E01D0060139C680F660C682F65FC6AF
:105DE00081F60001F2ECA7F002C06FF601C06EF67A
:105DF00039C680F662C682F661C681F6F2ECA7F07B
:105E000002C071F601C070F60601505103080BE3A1
:105E100003E14F51E70807E3756B746B200E736F56
:105E20007F0E726F08D0CD0E756FCC0E746F0C0E96
:105E3000736F7F0E726F39510608D8A4BBD13452EC
:105E4000D8A4B8D104016B53D8A402D00601B2D1B2
:105E5000060150531DE14F51C8081AE31B6AF2BEF8
:105E60001B8EF29EBA6BB96B040EB86F830EB76FC0
:105E700046C6BEF645C6BDF644C6BCF643C6BBF62E
:105E8000000157EC06F01BBEF28E56E255E006010B
:105E90001B6AF2BE1B8EF29E3EC6B8F63DC6B7F632
:105EA000000133EC04F01BBEF28E1B6AF2BE1B8EA7
:105EB000F29E03C0BAF602C0B9F601C0B8F600C03F
:105EC000B7F675C6BEF674C6BDF673C6BCF672C626
:105ED000BBF6B5EC06F01BBEF28E03C083F602C023
:105EE00082F601C081F600C080F61B6AF2BE1B8EEE
:105EF000F29E71C6B8F670C6B7F633EC04F01BBE5E
:105F0000F28E1B6AF2BE1B8EF29E83C6BAF682C662
:105F1000B9F681C6B8F680C6B7F603C0BEF602C0B1
:105F2000BDF601C0BCF600C0BBF657EC06F01BBEC8
:105F3000F28E02E2D8A4D6D0060150531DE14F5193
:105F4000C8081AE31B6AF2BE1B8EF29EBA6BB96BCD
:105F5000040EB86F830EB76F46C6BEF645C6BDF6D3
:105F600044C6BCF643C6BBF6000157EC06F01BBEA8
:105F7000F28E1BE21AE006011B6AF2BE1B8EF29E35
:105F8000BA6BB96B180EB86F840EB76F46C6BEF603
:105F900045C6BDF644C6BCF643C6BBF6000157EC89
:105FA00006F01BBEF28E01E237E11FBC30D01F8C21
:105FB00021C102F020C101F002320132023201326D
:105FC000023201C047FF02320230300B006E0F0177
:105FD0004651CF0B0010466F21C102F020C101F0E5
:105FE0000232013202320132023201C044FF023277
:105FF0000230300B006E4351CF0B0010436F040191
:1060000044830F0E0601806F0001CCEC6FF0040199
:1060100055EFCAF065D000011B6AF2BE1B8EF29EDE
:1060200046C6BAF645C6B9F644C6B8F643C6B7F68C
:106030000601BE6BBD6B180EBC6F840EBB6F0001FA
:1060400057EC06F01BBEF28E39E31FAC36D01F9C16
:1060500004014493456B0F0E0601806F0001CCECE8
:106060006FF006013A97000100EC80F0F9C056F697
:10607000F8C055F64FC160F64EC15FF651C162F6E9
:1060800050C161F6F85302E1F95313E00401516B7A
:10609000EFC15AF6EEC159F6EDC158F6ECC157F60C
:1060A000FFC15EF6FEC15DF6FDC15CF6FCC15BF6AC
:1060B0000001040155EFCAF0000113D01FAC11D04C
:1060C00006013C6B3B6B426B416B406B3F6B3E6B25
:1060D0003D6B466B456B446B436B040155EFCAF057
:1060E000000165D01B6AF2BE1B8EF29E46C6BAF650
:1060F00045C6B9F644C6B8F643C6B7F60601BE6B48
:10610000BD6B180EBC6F840EBB6F000157EC06F020
:106110001BBEF28E39E31FAC36D01F9C04014493A2
:10612000456B0F0E0601806F0001CCEC6FF006018D
:106130003A97000100EC80F0F9C056F6F8C055F629
:106140004FC160F64EC15FF651C162F650C161F6B3
:10615000F85302E1F95313E00401516BEFC15AF611
:10616000EEC159F6EDC158F6ECC157F6FFC15EF627
:10617000FEC15DF6FDC15CF6FCC15BF600010401E9
:1061800055EFCAF0000113D01FAC11D006013C6BD3
:106190003B6B426B416B406B3F6B3E6B3D6B466BA9
:1061A000456B446B436B040155EFCAF0000181EF6E
:1061B000B9F006012BB821D050531FE14F51C80848
:1061C0001CE31B6AF2BE1B8EF29EBA6BB96B040E07
:1061D000B86F830EB76F42C6BEF641C6BDF640C665
:1061E000BCF63FC6BBF6000157EC06F01BBEF28EB4
:1061F000D8B00DD1D8B40BD106012BB856D01B6A3C
:10620000F2BE1B8EF29E3CC6B8F63BC6B7F6000146
:1062100033EC04F01BBEF28E1B6AF2BE1B8EF29EA4
:1062200003C0BAF602C0B9F601C0B8F600C0B7F6AE
:1062300075C6BEF674C6BDF673C6BCF672C6BBF6AE
:10624000B5EC06F01BBEF28E03C083F602C082F6E8
:1062500001C081F600C080F61B6AF2BE1B8EF29E62
:106260006FC6B8F66EC6B7F633EC04F01BBEF28EFE
:106270001B6AF2BE1B8EF29E83C6BAF682C6B9F6C0
:1062800081C6B8F680C6B7F603C0BEF602C0BDF63A
:1062900001C0BCF600C0BBF657EC06F01BBEF28E88
:1062A000D8B0B5D0D8B4B3D006012BA853D01B6A50
:1062B000F2BE1B8EF29E3CC6B8F63BC6B7F6000196
:1062C00033EC04F01BBEF28E1B6AF2BE1B8EF29EF4
:1062D00003C0BAF602C0B9F601C0B8F600C0B7F6FE
:1062E00075C6BEF674C6BDF673C6BCF672C6BBF6FE
:1062F000B5EC06F01BBEF28E03C087F602C086F630
:1063000001C085F600C084F61B6AF2BE1B8EF29EA9
:106310001FC3B8F61EC3B7F633EC04F01BBEF28EF3
:106320001B6AF2BE1B8EF29E87C6BAF686C6B9F607
:1063300085C6B8F684C6B7F603C0BEF602C0BDF681
:1063400001C0BCF600C0BBF657EC06F01BBEF28ED7
:106350005EE206012BB8BCEFB7F03AA3BCEFB7F092
:106360001B6AF2BE1B8EF29E3EC6B8F63DC6B7F65D
:10637000000133EC04F01BBEF28E1B6AF2BE1B8ED2
:10638000F29E03C0BAF602C0B9F601C0B8F600C06A
:10639000B7F675C6BEF674C6BDF673C6BCF672C651
:1063A000BBF6B5EC06F01BBEF28E03C087F602C04A
:1063B00086F601C085F600C084F61B6AF2BE1B8E0D
:1063C000F29E71C6B8F670C6B7F633EC04F01BBE89
:1063D000F28E1B6AF2BE1B8EF29E87C6BAF686C686
:1063E000B9F685C6B8F684C6B7F603C0BEF602C0D5
:1063F000BDF601C0BCF600C0BBF657EC06F01BBEF4
:10640000F28E05E2D8B403D00601BCEFB7F02BB88A
:1064100026D006015053D8B402D0000120D04F51ED
:10642000C808D8B002D000011AD01B6AF2BE1B8E79
:10643000F29EBA6BB96B040EB86F830EB76F42C68B
:10644000BEF641C6BDF640C6BCF63FC6BBF600016F
:1064500057EC06F01BBEF28ED8B06DD06CE01B6A14
:10646000F2BE1B8EF29E0601BA6BB96B180EB86FA6
:10647000840EB76F42C6BEF641C6BDF640C6BCF636
:106480003FC6BBF6000157EC06F01BBEF28E01E2E0
:1064900008E1060139510508D8B402D000014BD0FB
:1064A00000011B6AF2BE1B8EF29E0601BA6BB96B2D
:1064B000180EB86F840EB76F42C6BEF641C6BDF661
:1064C00040C6BCF63FC6BBF6000157EC06F01BBE4B
:1064D000F28E01E211E1060139510508D8B402D06B
:1064E00000010AD05553D8B402D0000105D056534C
:1064F000D8A402D000011FD006013AA3CFD21B6A54
:10650000F2BE1B8EF29EBA6BB96B180EB86F840E7A
:10651000B76F46C6BEF645C6BDF644C6BCF643C612
:10652000BBF6000157EC06F01BBEF28E04E2D8B4B5
:1065300002D00601B3D206013951F90FD8B0A9D261
:10654000070F0001B1EFCEF01FBA2FD01F8A21C173
:1065500002F020C101F00232013202320132023275
:1065600001C072FF02320230300B006E7150CF0B4F
:106570000010716E21C102F020C101F0023201321F
:1065800002320132023201C06FFF02320230300BA0
:10659000006E6E50CF0B00106E6E040144810F0E22
:1065A0000601806F0001CCEC6FF0060172D21FBCB7
:1065B00089D01F8C2BA84DD01B6AF2BE1B8EF29E79
:1065C000FEC2B6F6FDC2B5F6FCC2B4F6FBC2B3F627
:1065D000FDEC04F01BBEF28E02C081F601C080F615
:1065E00006018133803381338033813380C647FF96
:1065F00081338131300B006E0F014651CF0B0010FB
:10660000466F1B6AF2BE1B8EF29EFEC2B6F6FDC23C
:10661000B5F6FCC2B4F6FBC2B3F60001FDEC04F023
:106620001BBEF28E02C081F601C080F606018133E6
:10663000803381338033813380C644FF813381319D
:10664000300B006E0F014351CF0B0010436F28D069
:10665000000121C102F020C101F0023201320232F8
:106660000132023201C047FF02320230300B006EAD
:106670000F014651CF0B0010466F21C102F020C11F
:1066800001F00232013202320132023201C044FF13
:1066900002320230300B006E4351CF0B0010436FBB
:1066A00004014C6B44830F0E0601806F0001CCEC9B
:1066B0006FF004014A51020806E16C5304E1000145
:1066C0004CEC77F004010601E4D11FBE2FD01F8EE1
:1066D00021C102F020C101F0023201320232013246
:1066E000023201C078FF02320230300B006E775068
:1066F000CF0B0010776E21C102F020C101F00232F1
:10670000013202320132023201C075FF0232023020
:10671000300B006E7450CF0B0010746E0401448572
:106720000F0E0601806F0001CCEC6FF0040155EFF5
:10673000CAF00601AED11FBA35D01F8A21C102F0BE
:1067400020C101F00232013202320132023201C0B4
:1067500072FF02320230300B006E7150CF0B00100E
:10676000716E21C102F020C101F002320132023209
:106770000132023201C06FFF02320230300B006E74
:106780006E50CF0B00106E6E04015291000E52B18C
:10679000010E0601816F030E826F81C683F6000130
:1067A000E4EC7EF0060175D11FBEC1D01F8E21C161
:1067B00002F020C101F00232013202320132023213
:1067C00001C078FF02320230300B006E7750CF0BE1
:1067D0000010776E21C102F020C101F002320132B7
:1067E00002320132023201C075FF02320230300B38
:1067F000006E7450CF0B0010746E06013C6B3B6B47
:10680000426B416B406B3F6B3E6B3D6B466B456B28
:10681000446B436B0001E76BE66BE96BE86B0601C9
:1068200050510108D8B07BD0FF0A03E14F51BB089B
:1068300076E21B6AF2BE1B8EF29E37C1B8F636C1F5
:10684000B7F6000133EC04F01BBEF28E1B6AF2BEF9
:106850001B8EF29E03C0BAF602C0B9F601C0B8F6AC
:1068600000C0B7F6CD0E0601BE6FCC0EBD6F4C0E4C
:10687000BC6F7E0EBB6F0001B5EC06F01BBEF28E46
:106880001B6AF2BE1B8EF29E03C0B6F602C0B5F6BE
:1068900001C0B4F600C0B3F6FDEC04F01BBEF28EEE
:1068A00002C060F601C05FF61B6AF2BE1B8EF29E4C
:1068B00039C1B8F638C1B7F633EC04F01BBEF28E1E
:1068C0001B6AF2BE1B8EF29E03C0BAF602C0B9F676
:1068D00001C0B8F600C0B7F6CD0E0601BE6FCC0EF3
:1068E000BD6F4C0EBC6F7E0EBB6F0001B5EC06F0A9
:1068F0001BBEF28E1B6AF2BE1B8EF29E03C0B6F662
:1069000002C0B5F601C0B4F600C0B3F6FDEC04F069
:106910001BBEF28E02C062F601C061F606010401E0
:1069200044850F0E0601806F0001CCEC6FF006016C
:10693000B0D01FBC6DD004016C5332E01F8C21C15C
:1069400002F020C101F00232013202320132023281
:1069500001C047FF02320230300B006E0F0146517A
:10696000CF0B0010466F21C102F020C101F00232AE
:10697000013202320132023201C044FF02320230DF
:10698000300B006E4351CF0B0010436F0401448362
:106990000F0E0601806F0001CCEC6FF039D00401BE
:1069A0001F8C21C102F020C101F0023201320232FB
:1069B0000132023201C047FF02320230300B006E5A
:1069C0000F014651CF0B0010466F21C102F020C1CC
:1069D00001F00232013202320132023201C044FFC0
:1069E00002320230300B006E4351CF0B0010436F68
:1069F00004014483010E936E8A9281B0FED70F0E7C
:106A00000601806F0001B3EC44F04CEC77F01F9C62
:106A100006013FD01FBC39D01F8C21C102F020C11C
:106A200001F00232013202320132023201C047FF6C
:106A300002320230300B006E0F014651CF0B0010B6
:106A4000466F21C102F020C101F002320132023250
:106A50000132023201C044FF02320230300B006EBC
:106A60004351CF0B0010436F040144830F0E060106
:106A7000806F0001CCEC6FF004014A51020806E17E
:106A80006C5304E100014CEC77F00401060101D0E5
:106A90000601040155EFCAF06DD206011B6AF2BE71
:106AA0001B8EF29E42C6BAF641C6B9F640C6B8F68B
:106AB0003FC6B7F6BE6BBD6B180EBC6F840EBB6FC6
:106AC000000157EC06F01BBEF28E37E21B6AF2BEE5
:106AD0001B8EF29E42C6BAF641C6B9F640C6B8F65B
:106AE0003FC6B7F60601BE6BBD6B180EBC6F840EB9
:106AF000BB6F000157EC06F01BBEF28E1EE20601D2
:106B00003AA30DD21B6AF2BE1B8EF29E46C6BAF69F
:106B100045C6B9F644C6B8F643C6B7F6BE6BBD6BFC
:106B2000180EBC6F840EBB6F000157EC06F01BBE45
:106B3000F28ED8B002D00601F2D106013951F90F18
:106B4000D8B0ECD1070F0001C8EFCEF01FAA22D0B9
:106B50001F9A04014491456B0F0E0601806F0001DE
:106B6000CCEC6FF006013A9704014A5312E11FBCC6
:106B700010D01FBE0ED0000100EC80F0FFC062F606
:106B8000FEC061F662C660F661C65FF6040155EFAD
:106B9000CAF000010601C2D11FAC38D01F9C04010D
:106BA0004493456B0F0E0601806F0001CCEC6FF033
:106BB00006013A971FBA29D01FBE27D0000100EC6A
:106BC00080F0F9C056F6F8C055F6F85302E1F953D3
:106BD00010E0EFC15AF6EEC159F6EDC158F6ECC11E
:106BE00057F6FFC15EF6FEC15DF6FDC15CF6FCC165
:106BF0005BF601C162F600C161F662C660F661C66D
:106C00005FF6040155EFCAF006010001060186D1C6
:106C10001FAE38D01F9E04014495456B0F0E060130
:106C2000806F0001CCEC6FF006013A971FBA29D0B3
:106C30001FBC27D0000100EC80F0FBC056F6FAC064
:106C400055F6FA5302E1FB5310E0F3C15AF6F2C1D4
:106C500059F6F1C158F6F0C157F603C25EF602C20A
:106C60005DF601C25CF600C25BF603C162F602C1CA
:106C700061F662C660F661C65FF6040155EFCAF0C0
:106C80000601000106014AD11FAA20D01F9A040163
:106C90005281000E52B1010E0601816F030E826F08
:106CA00081C683F60001E4EC7EF006013A9700010C
:106CB00000EC80F005C162F604C161F662C660F6C0
:106CC00061C65FF6040155EFCAF00001060126D146
:106CD0001FAE18D01F9E04014495456B0F0E060190
:106CE000806F0001CCEC6FF006013A9737C160F677
:106CF00036C15FF639C162F638C161F6040155EF5D
:106D0000CAF0000106010AD11FACCBD01F9C0401C0
:106D10004493456B0F0E0601806F0001CCEC6FF0C1
:106D200006013A9704016C53D8B495D052931B6A6C
:106D3000F2BE1B8EF29E3BC1B0F63AC1AFF6060121
:106D4000B26B320EB16F000157EC14F01BBEF28E25
:106D500002C081F601C080F61B6AF2BE1B8EF29E55
:106D600081C6B8F680C6B7F633EC04F01BBEF28ECF
:106D7000D8921B6AF2BE1B8EF29E03C0BAF602C006
:106D8000B9F601C0B8F600C0B7F6850E0601BE6FB1
:106D9000EB0EBD6F190EBC6F880EBB6F00011BECB4
:106DA00005F01BBEF28E03C083F602C082F601C05E
:106DB00081F600C080F61B6AF2BE1B8EF29E83C66F
:106DC000BAF682C6B9F681C6B8F680C6B7F6660EC0
:106DD0000601BE6FBD6F420EBC6F820EBB6F00011D
:106DE0004EEC04F01BBEF28E1B6AF2BE1B8EF29EAE
:106DF00003C0B6F602C0B5F601C0B4F600C0B3F6E3
:106E0000FDEC04F01BBEF28E02C043F101C042F162
:106E1000F96BF86B43C160F642C15FF60601566B31
:106E2000556B43C102F042C101F00232013202321D
:106E30000132023201C044FF02320230300B006ED8
:106E40000F014351CF0B0010436F2A90020E366E94
:106E500004014F6B21D0000100EC80F0F9C056F620
:106E6000F8C055F643C160F642C15FF6F85302E13F
:106E7000F95313E004014F6BEFC15AF6EEC159F616
:106E8000EDC158F6ECC157F6FFC15EF6FEC15DF6E6
:106E9000FDC15CF6FCC15BF60001040155EFCAF0D0
:106EA000000106013BD01FAC36D01F9C0401449367
:106EB000456B0F0E0601806F0001CCEC6FF00601F0
:106EC0003A97000100EC80F0F9C056F6F8C055F68C
:106ED0004FC160F64EC15FF651C162F650C161F616
:106EE000F85302E1F95313E00401516BEFC15AF674
:106EF000EEC159F6EDC158F6ECC157F6FFC15EF68A
:106F0000FEC15DF6FDC15CF6FCC15BF6000104014B
:106F100055EFCAF00001060101D006012CD01FAACE
:106F200002D0395318E01FAA03D03951030813E0E7
:106F30001FAC09D0392D01D00ED0395104080BE017
:106F40003951060808E01FAE16D03951020803E097
:106F50003951050810E13C6B3B6B426B416B406B58
:106F60003F6B3E6B3D6B466B456B446B436B040163
:106F700055EFCAF00601C6D11B6AF2BE1B8EF29E07
:106F800042C6BAF641C6B9F640C6B8F63FC6B7F62D
:106F9000BE6BBD6B180EBC6F840EBB6F000157EC4F
:106FA00006F01BBEF28E1AE21B6AF2BE1B8EF29E28
:106FB00046C6BAF645C6B9F644C6B8F643C6B7F6ED
:106FC0000601BE6BBD6B180EBC6F840EBB6F00015B
:106FD00057EC06F01BBEF28ED8A05DD106013951E8
:106FE000F90FD8B056D1070F0001DFEFCEF01FAA7E
:106FF00022D01F9A04014491456B0F0E0601806F49
:107000000001CCEC6FF006013A9704014A5312E1FB
:107010001FBC10D01FBE0ED0000100EC80F0FFC0DE
:1070200062F6FEC061F662C660F661C65FF60401F4
:1070300055EFCAF0000106012CD11FAC3BD01F9CBC
:1070400004014493456B0F0E0601806F0001CCECE8
:107050006FF006013A971FBA2CD01FBE2AD02BA87A
:107060001BD01B6AF2BE1B8EF29EFEC2B6F6FDC29C
:10707000B5F6FCC2B4F6FBC2B3F60001FDEC04F0B9
:107080001BBEF28E02C062F601C061F662C660F6F7
:1070900061C65FF60AD0060101C162F600C161F661
:1070A00062C660F661C65FF60001040155EFCAF0E2
:1070B000060100010601EDD01FAE38D01F9E04016D
:1070C0004495456B0F0E0601806F0001CCEC6FF00C
:1070D00006013A971FBA29D01FBC27D0000100EC47
:1070E00080F0FBC056F6FAC055F6FA5302E1FB53A6
:1070F00010E0F3C15AF6F2C159F6F1C158F6F0C1E9
:1071000057F603C25EF602C25DF601C25CF600C22B
:107110005BF603C162F602C161F662C660F661C643
:107120005FF6040155EFCAF0060100010601B1D077
:107130001FAA20D01F9A04015281000E52B1010EE5
:107140000601816F030E826F81C683F60001E4ECB5
:107150007EF006013A97000100EC80F005C162F66E
:1071600004C161F662C660F661C65FF6040155EFC0
:10717000CAF0000106018DD01FAE18D01F9E040179
:107180004495456B0F0E0601806F0001CCEC6FF04B
:1071900006013A9737C160F636C15FF639C162F62B
:1071A00038C161F6040155EFCAF00001060171D043
:1071B0001FAC32D01F9C04014493456B0F0E060197
:1071C000806F0001CCEC6FF006013A97000100ECF3
:1071D00080F0F9C056F6F8C055F643C160F642C1DA
:1071E0005FF6F85302E1F95313E004014F6BEFC16E
:1071F0005AF6EEC159F6EDC158F6ECC157F6FFC18B
:107200005EF6FEC15DF6FDC15CF6FCC15BF60001F9
:10721000040155EFCAF0000106013BD01FAC36D087
:107220001F9C04014493456B0F0E0601806F000103
:10723000CCEC6FF006013A97000100EC80F0F9C049
:1072400056F6F8C055F64FC160F64EC15FF651C113
:1072500062F650C161F6F85302E1F95313E00401FC
:10726000516BEFC15AF6EEC159F6EDC158F6ECC1BB
:1072700057F6FFC15EF6FEC15DF6FDC15CF6FCC1CE
:107280005BF60001040155EFCAF00001060101D0D0
:10729000060138D000011FAA04D00601395321E0AD
:1072A00000011FAA05D00601395103081AE00001A8
:1072B0001FAC0BD00601392D01D013D03951040871
:1072C00010E0395106080DE000011FAE1AD006018A
:1072D0003951020806E039510508D8B402D000013E
:1072E00010D03C6B3B6B426B416B406B3F6B3E6B1A
:1072F0003D6B466B456B446B436B040155EFCAF025
:107300000001060104016953D8A463EFBDF0060132
:1073100039510608D8A46AD13452D8A467D10401DF
:107320006B53D8A402D0060161D13EC683F63DC698
:1073300082F600011DEC7FF002C081F601C080F6EC
:1073400006014F51805DD8A450D15051815DD8A421
:107350004CD150510008D8B048D1FF0A04E14F5138
:107360009008D8B042D150510408D8A0A1D004E16F
:107370004F511908D8A09CD071C683F670C682F60A
:1073800000011DEC7FF002C081F601C080F63EC610
:1073900083F63DC682F61DEC7FF001500601805F4A
:1073A0000250815B81C603F0805181AF08D0000E8E
:1073B000D8808055006E000E8155036E0050806F9E
:1073C00003C081F671C683F670C682F600011DEC1B
:1073D0007FF002C003F001501B6AF2BE1B8EF29ECA
:1073E0000601B76F02C0B8F6000133EC04F01BBE13
:1073F000F28E1B6AF2BE1B8EF29E660E0601BA6FFB
:10740000B96FB86F7E0EB76F03C0BEF602C0BDF68F
:1074100001C0BCF600C0BBF60001B5EC06F01BBE17
:10742000F28E03C085F602C084F601C083F600C068
:1074300082F681C687F680C686F68BEC7FF01B6AE3
:10744000F2BE1B8EF29E85C6BAF684C6B9F683C616
:10745000B8F682C6B7F603C0BEF602C0BDF601C0DC
:10746000BCF600C0BBF657EC06F01BBEF28E01E284
:107470001CE1672B67510F0817E2676B0401448F0B
:1074800081B0FED7010E936E8A820F0E0601806FC7
:107490000001B3EC44F0010E936E8A9243EC78F055
:1074A000040155EFCAF0000101D0676B9DD00601C1
:1074B00071C683F670C682F600011DEC7FF002C033
:1074C00081F601C080F63EC683F63DC682F61DEC0D
:1074D0007FF001500601805F0250815B81C603F09E
:1074E000805181AF08D0000ED8808055006E000E0C
:1074F0008155036E0050806F03C081F671C683F61C
:1075000070C682F600011DEC7FF002C003F001504E
:107510001B6AF2BE1B8EF29E0601B76F02C0B8F660
:10752000000133EC04F01BBEF28E1B6AF2BE1B8E10
:10753000F29ECD0E0601BA6FCC0EB96F4C0EB86F2D
:107540007D0EB76F03C0BEF602C0BDF601C0BCF62B
:1075500000C0BBF60001B5EC06F01BBEF28E03C006
:1075600085F602C084F601C083F600C082F681C6AB
:1075700087F680C686F68BEC7FF01B6AF2BE1B8E08
:10758000F29E85C6BAF684C6B9F683C6B8F682C638
:10759000B7F603C0BEF602C0BDF601C0BCF600C01F
:1075A000BBF657EC06F01BBEF28E01E21CE1672B26
:1075B00067510F0817E2676B0401448F81B0FED753
:1075C000010E936E8A820F0E0601806F0001B3ECEC
:1075D00044F0010E936E8A9243EC78F0040155EF6B
:1075E000CAF0000101D0676B06016CD23CC683F67D
:1075F0003BC682F600011DEC7FF002C081F601C09F
:1076000080F606014F51805DD8A45CD25051815D57
:10761000D8A458D250510008D8B054D2FF0A04E17F
:107620004F519008D8B04ED250510408D8A027D15D
:1076300004E14F511908D8A022D16FC683F66EC657
:1076400082F600011DEC7FF002C081F601C080F6D9
:107650003CC683F63BC682F61DEC7FF00150060166
:10766000805F0250815B81C603F0805181AF08D0FA
:10767000000ED8808055006E000E8155036E0050BC
:10768000806F03C081F66FC683F66EC682F6000176
:107690001DEC7FF002C003F001501B6AF2BE1B8E8E
:1076A000F29E0601B76F02C0B8F6000133EC04F099
:1076B0001BBEF28E1B6AF2BE1B8EF29E660E060188
:1076C000BA6FB96FB86F7E0EB76F03C0BEF602C057
:1076D000BDF601C0BCF600C0BBF60001B5EC06F07B
:1076E0001BBEF28E03C085F602C084F601C083F68D
:1076F00000C082F681C687F680C686F68BEC7FF0E6
:107700001B6AF2BE1B8EF29E85C6BAF684C6B9F617
:1077100083C6B8F682C6B7F603C0BEF602C0BDF691
:1077200001C0BCF600C0BBF657EC06F01BBEF28EE3
:1077300002E2D8A4A1D0672B67510F08D8B09BD024
:10774000676B06013951F90FD8B091D0070F0001CE
:10775000F6EFCEF00401448D81B0FED7010E936E9A
:107760008A820F0E0601806F0001B3EC44F0010E17
:10777000936E8A92C1EC2FF0060179D00401448FF8
:1077800081B0FED7010E936E8A820F0E0601806FC4
:107790000001B3EC44F0010E936E8A927DEC30F060
:1077A000060165D00401458181B0FED7010E936EBC
:1077B0008A820F0E0601806F0001B3EC44F0010EC7
:1077C000936E8A92CEEC31F0060151D00401448DC3
:1077D00081B0FED7010E936E8A820F0E0601806F74
:1077E0000001B3EC44F0010E936E8A92C1EC2FF0CD
:1077F00006013DD00401458181B0FED7010E936E94
:107800008A820F0E0601806F0001B3EC44F0010E76
:10781000936E8A9222EC70F0060129D00401448F05
:1078200081B0FED7010E936E8A820F0E0601806F23
:107830000001B3EC44F0010E936E8A924CEC77F0A9
:10784000060115D00401448F81B0FED7010E936E5E
:107850008A820F0E0601806F0001B3EC44F0010E26
:10786000936E8A9243EC78F0060101D00601040180
:1078700055EFCAF0000101D0676B23D106016FC636
:1078800083F66EC682F600011DEC7FF002C081F621
:1078900001C080F63CC683F63BC682F61DEC7FF045
:1078A00001500601805F0250815B81C603F0805168
:1078B00081AF08D0000ED8808055006E000E815533
:1078C000036E0050806F03C081F66FC683F66EC6EC
:1078D00082F600011DEC7FF002C003F001501B6A2C
:1078E000F2BE1B8EF29E0601B76F02C0B8F6000111
:1078F00033EC04F01BBEF28E1B6AF2BE1B8EF29EAE
:10790000CD0E0601BA6FCC0EB96F4C0EB86F7D0E5E
:10791000B76F03C0BEF602C0BDF601C0BCF600C022
:10792000BBF60001B5EC06F01BBEF28E03C085F677
:1079300002C084F601C083F600C082F681C687F6D5
:1079400080C686F68BEC7FF01B6AF2BE1B8EF29E21
:1079500085C6BAF684C6B9F683C6B8F682C6B7F647
:1079600003C0BEF602C0BDF601C0BCF600C0BBF647
:1079700057EC06F01BBEF28E02E2D8A4A1D0672B12
:1079800067510F08D8B09BD0676B06013951F90FCA
:10799000D8B091D0070F00010DEFCFF00401448D56
:1079A00081B0FED7010E936E8A820F0E0601806FA2
:1079B0000001B3EC44F0010E936E8A92C1EC2FF0FB
:1079C000060179D00401448F81B0FED7010E936E79
:1079D0008A820F0E0601806F0001B3EC44F0010EA5
:1079E000936E8A927DEC30F0060165D004014581EA
:1079F00081B0FED7010E936E8A820F0E0601806F52
:107A00000001B3EC44F0010E936E8A92CEEC31F09B
:107A1000060151D00401448D81B0FED7010E936E52
:107A20008A820F0E0601806F0001B3EC44F0010E54
:107A3000936E8A92C1EC2FF006013DD0040145817E
:107A400081B0FED7010E936E8A820F0E0601806F01
:107A50000001B3EC44F0010E936E8A9222EC70F0B8
:107A6000060129D00401448F81B0FED7010E936E28
:107A70008A820F0E0601806F0001B3EC44F0010E04
:107A8000936E8A924CEC77F0060115D00401448F76
:107A900081B0FED7010E936E8A820F0E0601806FB1
:107AA0000001B3EC44F0010E936E8A9243EC78F03F
:107AB000060101D00601040155EFCAF0000101D012
:107AC000676B060104016953D8A4CFEFC5F0060126
:107AD0003951040804E039510608D8A43AD3395181
:107AE0000608D8A47FD13452D8A47CD104016B53AA
:107AF000D8A402D0060176D125BA36D05D5234E141
:107B00001B6AF2BE1B8EF29E54C6BAF653C6B9F675
:107B100052C6B8F651C6B7F60001EFEC0BF01BBE2B
:107B2000F28E1B6AF2BE1B8EF29E170E0601BA6F12
:107B3000B70EB96F510EB86F710EB76F03C0BEF6B6
:107B400002C0BDF601C0BCF600C0BBF60001B5EC3A
:107B500006F01BBEF28E03C067F202C066F201C0DF
:107B600065F200C064F2040106016251020808E2F5
:107B7000FF0A03E16151FB0803E2010E5D6EEDD0E7
:107B800001017B517D5DD8A07ED004E17C517A5DFE
:107B9000D8B079D01B6AF2BE1B8EF29E6BC2BAF6C9
:107BA0006AC2B9F669C2B8F668C2B7F60601BE6B1A
:107BB000BD6BBC6BBB6B000157EC06F01BBEF28EBD
:107BC00008E153C26BF252C26AF251C269F250C26A
:107BD00068F2552A55500F0850E2556AD8821B6A40
:107BE000F2BE1B8EF29E53C2BAF652C2B9F651C211
:107BF000B8F650C2B7F66BC2BEF66AC2BDF669C22D
:107C0000BCF668C2BBF61BEC05F01BBEF28E03C0CF
:107C100083F602C082F601C081F600C080F680C6FD
:107C200000F081C601F082C602F083C603F0019E17
:107C300083C683F682C682F601C081F680C680F6CE
:107C40001B6AF2BE1B8EF29E83C6BAF682C6B9F6D6
:107C500081C6B8F680C6B7F667C2BEF666C2BDF684
:107C600065C2BCF664C2BBF657EC06F01BBEF28ED2
:107C700003E3010E5D6E258A04D001018B6B8A6BD4
:107C800000016AD001015D525AE0D8821B6AF2BE3F
:107C90001B8EF29E53C2BAF652C2B9F651C2B8F662
:107CA00050C2B7F66BC2BEF66AC2BDF669C2BCF678
:107CB00068C2BBF600011BEC05F01BBEF28E03C0D0
:107CC00083F602C082F601C081F600C080F680C64D
:107CD00000F081C601F082C602F083C603F0019E67
:107CE00083C683F682C682F601C081F680C680F61E
:107CF0001B6AF2BE1B8EF29E83C6BAF682C6B9F626
:107D000081C6B8F680C6B7F667C2BEF666C2BDF6D3
:107D100065C2BCF664C2BBF657EC06F01BBEF28E21
:107D200004E3010E5D6E258A08D05D6A259A020182
:107D30006B6B6A6B696B686B000109D001015D6A4E
:107D4000259A02016B6B6A6B696B686B0001556A5F
:107D500001018B6B8A6B000106017DC17BF17CC147
:107D60007AF162C67DF161C67CF153C24FF252C214
:107D70004EF251C24DF250C24CF246C653F245C6C5
:107D800052F244C651F243C650F2545327E15353C2
:107D900025E1525323E15151320820E31B6AF2BE20
:107DA0001B8EF29E46C6BAF645C6B9F644C6B8F66C
:107DB00043C6B7F6BE6BBD6B480EBC6F840EBB6F7F
:107DC000000157EC06F01BBEF28E04E2D8B402D0DC
:107DD000060104D0010E636F03D006010001636B3E
:107DE000B5D1060125BA4DD05C524BE11B6AF2BEFB
:107DF0001B8EF29E54C6BAF653C6B9F652C6B8F6F2
:107E000051C6B7F60001EFEC0BF01BBEF28E1B6AF9
:107E1000F2BE1B8EF29E03C0BAF602C0B9F601C0D4
:107E2000B8F600C0B7F60601BE6BBD6BBC6B810E29
:107E3000BB6F00014EEC04F01BBEF28E1B6AF2BE5B
:107E40001B8EF29E170E0601BA6FB70EB96F510E58
:107E5000B86F710EB76F03C0BEF602C0BDF601C0A9
:107E6000BCF600C0BBF60001B5EC06F01BBEF28EFE
:107E700003C067F202C066F201C065F200C064F29E
:107E800006016051020808E2FF0A03E15F51FB08A6
:107E900003E2010E5C6EEDD001016B516D5DD8A067
:107EA0007ED004E16C516A5DD8B079D01B6AF2BE15
:107EB0001B8EF29E6BC2BAF66AC2B9F669C2B8F6F8
:107EC00068C2B7F60601BE6BBD6BBC6BBB6B000135
:107ED00057EC06F01BBEF28E08E133C26BF232C2E1
:107EE0006AF231C269F230C268F2542A54500F0863
:107EF00050E2546AD8821B6AF2BE1B8EF29E33C2D5
:107F0000BAF632C2B9F631C2B8F630C2B7F66BC2B1
:107F1000BEF66AC2BDF669C2BCF668C2BBF61BEC0F
:107F200005F01BBEF28E03C083F602C082F601C0CC
:107F300081F600C080F680C600F081C601F082C6DE
:107F400002F083C603F0019E83C683F682C682F6E2
:107F500001C081F680C680F61B6AF2BE1B8EF29EBF
:107F600083C6BAF682C6B9F681C6B8F680C6B7F639
:107F700067C2BEF666C2BDF665C2BCF664C2BBF699
:107F800057EC06F01BBEF28E03E3010E5C6E258AF1
:107F900004D001018B6B8A6B00016AD001015C5235
:107FA0005AE0D8821B6AF2BE1B8EF29E33C2BAF62A
:107FB00032C2B9F631C2B8F630C2B7F66BC2BEF6FD
:107FC0006AC2BDF669C2BCF668C2BBF600011BEC12
:107FD00005F01BBEF28E03C083F602C082F601C01C
:107FE00081F600C080F680C600F081C601F082C62E
:107FF00002F083C603F0019E83C683F682C682F632
:1080000001C081F680C680F61B6AF2BE1B8EF29E0E
:1080100083C6BAF682C6B9F681C6B8F680C6B7F688
:1080200067C2BEF666C2BDF665C2BCF664C2BBF6E8
:1080300057EC06F01BBEF28E04E3010E5C6E258A3F
:1080400008D05C6A259A02016B6B6A6B696B686B7E
:10805000000109D001015C6A259A02016B6B6A6B11
:10806000696B686B0001546A01018B6B8A6B0001BC
:1080700006013AA30CD06251020808E2FF0A03E1AC
:108080006151FB0803E2010E5D6E01D05D6A6DC1B6
:108090006BF16CC16AF160C66DF15FC66CF133C201
:1080A0002FF232C22EF231C22DF230C22CF242C671
:1080B00033F241C632F240C631F23FC630F2545379
:1080C00043E1535341E152533FE1515132083CE304
:1080D0001B6AF2BE1B8EF29E42C6BAF641C6B9F6C4
:1080E00040C6B8F63FC6B7F6BE6BBD6B480EBC6F58
:1080F000840EBB6F000157EC06F01BBEF28E20E22F
:108100001FE006013AA320D01B6AF2BE1B8EF29E2E
:1081100046C6BAF645C6B9F644C6B8F643C6B7F67B
:10812000BE6BBD6B480EBC6F840EBB6F000157EC7D
:1081300006F01BBEF28E04E2D8B402D0060104D0D1
:10814000010E636F03D006010001636BCEEFC5F033
:10815000060139510508D8A49FD125BA36D05E5200
:1081600034E11B6AF2BE1B8EF29E54C6BAF653C6A9
:10817000B9F652C6B8F651C6B7F60001EFEC0BF0EF
:108180001BBEF28E1B6AF2BE1B8EF29E170E0601FC
:10819000BA6FB70EB96F510EB86F710EB76F03C0DB
:1081A000BEF602C0BDF601C0BCF600C0BBF60001C1
:1081B000B5EC06F01BBEF28E03C067F202C066F299
:1081C00001C065F200C064F206016051020808E2D5
:1081D000FF0A03E15F51FB0803E2010E5E6EEDD082
:1081E00001016F51715DD8A07ED004E170516E5DC8
:1081F000D8B079D01B6AF2BE1B8EF29E6BC2BAF663
:108200006AC2B9F669C2B8F668C2B7F60601BE6BB3
:10821000BD6BBC6BBB6B000157EC06F01BBEF28E56
:1082200008E13BC26BF23AC26AF239C269F238C263
:1082300068F2562A56500F0850E2566AD8821B6AD6
:10824000F2BE1B8EF29E3BC2BAF63AC2B9F639C2F2
:10825000B8F638C2B7F66BC2BEF66AC2BDF669C2DE
:10826000BCF668C2BBF61BEC05F01BBEF28E03C069
:1082700083F602C082F601C081F600C080F680C697
:1082800000F081C601F082C602F083C603F0019EB1
:1082900083C683F682C682F601C081F680C680F668
:1082A0001B6AF2BE1B8EF29E83C6BAF682C6B9F670
:1082B00081C6B8F680C6B7F667C2BEF666C2BDF61E
:1082C00065C2BCF664C2BBF657EC06F01BBEF28E6C
:1082D00003E3010E5E6E258A04D001018B6B8A6B6D
:1082E00000016AD001015E525AE0D8821B6AF2BED8
:1082F0001B8EF29E3BC2BAF63AC2B9F639C2B8F644
:1083000038C2B7F66BC2BEF66AC2BDF669C2BCF629
:1083100068C2BBF600011BEC05F01BBEF28E03C069
:1083200083F602C082F601C081F600C080F680C6E6
:1083300000F081C601F082C602F083C603F0019E00
:1083400083C683F682C682F601C081F680C680F6B7
:108350001B6AF2BE1B8EF29E83C6BAF682C6B9F6BF
:1083600081C6B8F680C6B7F667C2BEF666C2BDF66D
:1083700065C2BCF664C2BBF657EC06F01BBEF28EBB
:1083800004E3010E5E6E258A08D05E6A259A02011A
:108390006B6B6A6B696B686B000109D001015E6AE7
:1083A000259A02016B6B6A6B696B686B0001566AF8
:1083B00001018B6B8A6B000106013AA30CD062515C
:1083C000020808E2FF0A03E16151FB0803E2010E23
:1083D0005F6E01D05F6A71C16FF170C16EF160C6EE
:1083E00071F15FC670F13BC237F23AC236F239C260
:1083F00035F238C234F242C63BF241C63AF240C6C8
:1084000039F23FC638F2545343E1535341E15253DA
:108410003FE1515132083CE31B6AF2BE1B8EF29ED3
:1084200042C6BAF641C6B9F640C6B8F63FC6B7F678
:10843000BE6BBD6B480EBC6F840EBB6F000157EC6A
:1084400006F01BBEF28E20E21FE006013AA320D008
:108450001B6AF2BE1B8EF29E46C6BAF645C6B9F638
:1084600044C6B8F643C6B7F6BE6BBD6B480EBC6FCC
:10847000840EBB6F000157EC06F01BBEF28E04E2C7
:10848000D8B402D0060104D0010E646F03D00601F7
:108490000001646B83D3060125BA40D0D8903935EA
:1084A000816B806F5A0E8025E96E000E8121EA6E85
:1084B000EF5234E11B6AF2BE1B8EF29E54C6BAF62E
:1084C00053C6B9F652C6B8F651C6B7F60001EFEC7E
:1084D0000BF01BBEF28E1B6AF2BE1B8EF29E170EB5
:1084E0000601BA6FB70EB96F510EB86F710EB76F44
:1084F00003C0BEF602C0BDF601C0BCF600C0BBF6AC
:108500000001B5EC06F01BBEF28E03C067F202C09C
:1085100066F201C065F200C064F206016051020813
:1085200012E2FF0A03E15F51FB080DE2D8903935F2
:10853000816B806F5A0E8025E96E000E8121EA6EF4
:10854000010EEF6E1FD23951040DF350816B806F15
:10855000660E8025E96E010E8121EA6EECCF83F66E
:10856000ED52EFCF82F63951040DF350856B846FD5
:10857000020E8425016E000E8521036E0150660FE8
:10858000E96E010E0320EA6EECCF03F0ED52EF50DE
:10859000825F0350835B83AF18D18351FF08D8A05B
:1085A00014D104E18251FE08D8A00FD13951040D35
:1085B000F350036A680FE96E020E0320EA6EEFCFF4
:1085C00080F6ECCF81F6ECCF82F6ECCF83F61B6A17
:1085D000F2BE1B8EF29E83C6BAF682C6B9F681C67B
:1085E000B8F680C6B7F6BE6BBD6BBC6BBB6B00014B
:1085F00057EC06F01BBEF28E30E106013951040D36
:10860000F350036A680F806F020E0320816F3951A7
:10861000080DF350836B826F040E8225016E000EED
:108620008321036E0150240FE96E020E0320EA6ECF
:10863000EFCF82F6ECCF83F6ECCF84F6ECCF85F665
:1086400081C6EAFF80C6E9FF82C6EFFF83C6ECFF62
:1086500084C6ECFF85C6ECFF0001D89006013935D1
:10866000816B806F520E8025E96E000E8121EA6ECB
:10867000EF2AD8903935816B806F520E8025E96ED4
:10868000000E8121EA6EEF500F08D8B098D0D89034
:108690003935816B806F520E8025E96E000E812185
:1086A000EA6EEF6A3951080DF350816B806F040E4A
:1086B0008025016E000E8121036E0150240FE96EAA
:1086C000020E0320EA6EEFCF80F6ECCF81F6ECCFFE
:1086D00082F6ECCF83F63951040DF350036A680F2C
:1086E000E96E020E0320EA6EEFCFBBF6ECCF01F08D
:1086F000ECCF02F0ECCF03F0EACF85F6E9CF84F6B9
:10870000D8821B6AF2BE1B8EF29E83C6BAF682C660
:10871000B9F681C6B8F680C6B7F603C0BEF602C089
:10872000BDF601C0BCF600011BEC05F01BBEF28ECD
:1087300085C6EAFF84C6E9FF03C083F602C082F65D
:1087400001C081F600C080F680C600F081C601F04D
:1087500082C602F083C603F0019E83C683F682C6FA
:1087600082F601C081F680C680F61B6AF2BE1B8EBF
:10877000F29E83C6BAF682C6B9F681C6B8F680C63E
:10878000B7F667C2BEF666C2BDF665C2BCF664C285
:10879000BBF657EC06F01BBEF28E0FE3D890060135
:1087A0003935816B806F5A0E8025E96E000E81216C
:1087B000EA6E010EEF6E258A000105D00601010167
:1087C0008B6B8A6B0001DDD00601D8903935816B47
:1087D000806F5A0E8025E96E000E8121EA6EEF52FD
:1087E000D8B4A7D03951080DF350816B806F040EB7
:1087F0008025016E000E8121036E0150240FE96E69
:10880000020E0320EA6EEFCF80F6ECCF81F6ECCFBC
:1088100082F6ECCF83F63951040DF350036A680FEA
:10882000E96E020E0320EA6EEFCFBBF6ECCF01F04B
:10883000ECCF02F0ECCF03F0EACF85F6E9CF84F677
:10884000D8821B6AF2BE1B8EF29E83C6BAF682C61F
:10885000B9F681C6B8F680C6B7F603C0BEF602C048
:10886000BDF601C0BCF600011BEC05F01BBEF28E8C
:1088700085C6EAFF84C6E9FF03C083F602C082F61C
:1088800001C081F600C080F680C600F081C601F00C
:1088900082C602F083C603F0019E83C683F682C6B9
:1088A00082F601C081F680C680F61B6AF2BE1B8E7E
:1088B000F29E83C6BAF682C6B9F681C6B8F680C6FD
:1088C000B7F667C2BEF666C2BDF665C2BCF664C244
:1088D000BBF657EC06F01BBEF28E10E3D8900601F3
:1088E0003935816B806F5A0E8025E96E000E81212B
:1088F000EA6E010EEF6E258A1BD00001D8900601AA
:108900003935816B806F5A0E8025E96E000E81210A
:10891000EA6EEF6A259A3951040DF350036A680F25
:10892000E96E020E0320EA6EEF6AEC6AEC6AEC6A0A
:1089300019D0D8903935816B806F5A0E8025E96E39
:10894000000E8121EA6EEF6A259A3951040DF35029
:10895000036A680FE96E020E0320EA6EEF6AEC6AA2
:10896000EC6AEC6AD8903935816B806F520E8025A5
:10897000E96E000E8121EA6EEF6A01018B6B8A6B52
:10898000000106013AA32CD06251020818E2FF0A46
:1089900003E16151FB0813E2D8903935816B806F98
:1089A000010E8025016E000E8121036E01505A0FC9
:1089B000E96E000E0320EA6E010EEF6E11D0D89022
:1089C0003935816B806F010E8025016E000E81218B
:1089D000036E01505A0FE96E000E0320EA6EEF6A33
:1089E0003951040DF350816B806F660E8025826FC4
:1089F000010E8121836F3951040DF350856B846F13
:108A0000020E8425016E000E8521036E0150660F53
:108A1000E96E010E0320EA6EECCF85F6ED52EFCF42
:108A200084F683C6EAFF82C6E9FF85C6ECFFED52F5
:108A300084C6EFFF3951040DF350816B806F020E35
:108A40008025016E000E8121036E0150660FE96ED4
:108A5000010E0320EA6E60C6ECFFED525FC6EFFF29
:108A60003951080DF350816B806F240E8025826F81
:108A7000020E8121836F3951080DF350856B846F8D
:108A8000040E8425016E000E8521036E0150240F13
:108A9000E96E020E0320EA6EEFCF84F6ECCF85F686
:108AA000ECCF86F6ECCF87F683C6EAFF82C6E9FFF5
:108AB00084C6EFFF85C6ECFF86C6ECFF87C6ECFFD9
:108AC0003951080DF350816B806F040E8025016EC3
:108AD000000E8121036E0150240FE96E020E032067
:108AE000EA6E3FC6EFFF40C6ECFF41C6ECFF42C650
:108AF000ECFF54534AE1535348E1525346E151517C
:108B0000320843E31B6AF2BE1B8EF29E42C6BAF6DF
:108B100041C6B9F640C6B8F63FC6B7F6BE6BBD6BE8
:108B2000480EBC6F840EBB6F000157EC06F01BBEF5
:108B3000F28E20E21FE006013AA327D01B6AF2BEA4
:108B40001B8EF29E46C6BAF645C6B9F644C6B8F6BE
:108B500043C6B7F6BE6BBD6B480EBC6F840EBB6FD1
:108B6000000157EC06F01BBEF28E04E2D8B402D02E
:108B700006010BD0036A06013951620FE96E000E3F
:108B80000320EA6E010EEF6E08D0036A3951620FBE
:108B9000E96E000E0320EA6EEF6A000104011FBABD
:108BA0004DEFCAF01FBC4DEFCAF01FBE4DEFCAF02B
:108BB00006013A992AA02CD02BA82AD01B6AF2BE13
:108BC0001B8EF29E5EC6BAF65DC6B9F65CC6B8F6F6
:108BD0005BC6B7F625C3BEF624C3BDF623C3BCF6F9
:108BE00022C3BBF6000157EC06F01BBEF28E04E375
:108BF00006013A890DD0000106013A992A90020136
:108C0000E6810301026B016B006B0201FF6B060141
:108C100055530BE1565309E104016953D8B402D00E
:108C2000060103D006013AA9E5D004016953D8B47E
:108C30008FD00601555302E1565304E05551D8B484
:108C400056075507D8821B6AF2BE1B8EF29E5EC67F
:108C5000BAF65DC6B9F65CC6B8F65BC6B7F65AC6D4
:108C6000BEF659C6BDF658C6BCF657C6BBF60001DF
:108C70001BEC05F01BBEF28E03C05EF602C05DF673
:108C800001C05CF600C05BF61B6AF2BE1B8EF29E52
:108C90001FC1B8F61EC1B7F633EC04F01BBEF28E4E
:108CA0001B6AF2BE1B8EF29E5EC6BAF65DC6B9F6B0
:108CB0005CC6B8F65BC6B7F603C0BEF602C0BDF62A
:108CC00001C0BCF600C0BBF657EC06F01BBEF28E2E
:108CD00001E214E11B6AF2BE1B8EF29E1FC1B8F6C0
:108CE0001EC1B7F633EC04F01BBEF28E03C05EF675
:108CF00002C05DF601C05CF600C05BF61B6AF2BE06
:108D00001B8EF29E5EC6B6F65DC6B5F65CC6B4F6C0
:108D10005BC6B3F6FDEC04F01BBEF28E02C062F639
:108D200001C061F61B6AF2BE1B8EF29E5EC6B6F6ED
:108D30005DC6B5F65CC6B4F65BC6B3F6FDEC04F0F2
:108D40001BBEF28E02C060F601C05FF650D0040177
:108D500006015551D8B456075507D8921B6AF2BE82
:108D60001B8EF29E5EC6BAF65DC6B9F65CC6B8F654
:108D70005BC6B7F65AC6BEF659C6BDF658C6BCF6AF
:108D800057C6BBF600011BEC05F01BBEF28E03C0FC
:108D90005EF602C05DF601C05CF600C05BF61B6AC1
:108DA000F2BE1B8EF29E5EC6B6F65DC6B5F65CC61A
:108DB000B4F65BC6B3F6FDEC04F01BBEF28E02C047
:108DC00062F601C061F61B6AF2BE1B8EF29E5EC6A1
:108DD000B6F65DC6B5F65CC6B4F65BC6B3F6FDEC9A
:108DE00004F01BBEF28E02C060F601C05FF64CEFCD
:108DF000CAF006012A9076C680F6826B280E816F33
:108E00000001B3EF7FF001A04CEFCAF076C682F606
:108E10000601836B856B280E846F000186EC2FF0B2
:108E200050C697F14FC696F101019651945D03E14A
:108E30009751955D03E006013A97010197C195F1BD
:108E400096C194F10601395106081DE134521BE127
:108E500004016B53D8A402D0060115D006013AB71D
:108E600006D03EC666F63DC665F63A870BD03D5144
:108E70006525806F3E516621816FD8908131666F84
:108E80008031656F28D03AA702D02BA80CD03CC601
:108E900064F63BC663F63AA304D03EC666F63DC60A
:108EA00065F63A8718D03B516325806F3C516421A9
:108EB000816FD8908131646F8031636F3AA30BD09A
:108EC0003D516525806F3E516621816FD89081317B
:108ED000666F8031656F39510608D8A491D034523D
:108EE000D8A48ED004016B53D8A402D0060188D038
:108EF000060165514F5D806F66515059816F81C683
:108F000003F0805181AF08D0000ED8808055006EEC
:108F1000000E8155036E0050806F03C081F681BF43
:108F20000BD08151010808E2FF0A03E18051EE08ED
:108F300003E2190E6D6F45D065514F5D806F66512C
:108F40005059816F81C603F0805181AF08D0000E67
:108F5000D8808055006E000E8155036E0050806FE2
:108F600003C081F681BF0BD08151000808E2FF0ADF
:108F700003E180515E0803E2110E6D6F22D065514E
:108F80004F5D806F66515059816F81C603F08051EB
:108F900081AF08D0000ED8808055006E000E81553C
:108FA000036E0050806F03C081F681BF08D08153EB
:108FB00003E18051C80803E20A0E6D6F02D0010E72
:108FC0006D6F65514F5D806F66515059816F81C6DD
:108FD00003F0805181AF08D0000ED8808055006E1C
:108FE000000E8155036E0050806F03C081F681BF73
:108FF00005D0815304E18051090801E36D6B0ED166
:1090000063514F5D806F64515059816F81C603F089
:10901000805181AF08D0000ED8808055006E000EC0
:109020008155036E0050806F03C081F681BF0BD065
:109030008151010808E2FF0A03E18051EE0803E2D2
:10904000190E6C6F45D063514F5D806F645150595C
:10905000816F81C603F0805181AF08D0000ED880A7
:109060008055006E000E8155036E0050806F03C066
:1090700081F681BF0BD08151000808E2FF0A03E1AD
:1090800080515E0803E2110E6C6F22D063514F5D78
:10909000806F64515059816F81C603F0805181AF58
:1090A00008D0000ED8808055006E000E8155036EEA
:1090B0000050806F03C081F681BF08D0815303E167
:1090C0008051C80803E20A0E6C6F02D0010E6C6F6B
:1090D00063514F5D806F64515059816F81C603F0B9
:1090E000805181AF08D0000ED8808055006E000EF0
:1090F0008155036E0050806F03C081F681BF05D09B
:10910000815304E18051090801E36C6B3AA386D0D6
:1091100065514F5D806F66515059816F81C603F074
:10912000805181AF08D0000ED8808055006E000EAF
:109130008155036E0050806F03C081F681BF0BD054
:109140008151010808E2FF0A03E18051EE0803E2C1
:10915000190E6D6F45D065514F5D806F6651505946
:10916000816F81C603F0805181AF08D0000ED88096
:109170008055006E000E8155036E0050806F03C055
:1091800081F681BF0BD08151000808E2FF0A03E19C
:1091900080515E0803E2110E6D6F22D065514F5D64
:1091A000806F66515059816F81C603F0805181AF45
:1091B00008D0000ED8808055006E000E8155036ED9
:1091C0000050806F03C081F681BF08D0815303E156
:1091D0008051C80803E20A0E6D6F02D0010E6D6F58
:1091E00065514F5D806F66515059816F81C603F0A4
:1091F000805181AF08D0000ED8808055006E000EDF
:109200008155036E0050806F03C081F681BF05D089
:10921000815304E18051090801E36D6B64C683F654
:1092200063C682F600011DEC7FF002C068F601C043
:1092300067F666C683F665C682F61DEC7FF002C04F
:109240006AF601C069F6036A060139514B0FE96EEF
:10925000040E0320EA6EEF5231E104014A51020884
:1092600008E04A51030805E04A53D8B402D0060189
:1092700025D0036A06013951806F03C081F6DD0EE7
:109280008025826F050E8121836F010E846F83C656
:10929000EAFF82C6E9FF84C6EEFF036A39514B0F2D
:1092A000E96E040E0320EA6E010EEF6E39C6E5F595
:1092B000100E806F0001CCEC6FF0060139510608EA
:1092C00040E134523EE104016B53D8A402D00601C0
:1092D00038D025BA19D006016A51505D14E303E174
:1092E0004F51695D10E26D516127000E622362519A
:1092F000020809E2FF0A03E16151FB0804E2030EE0
:10930000626FFC0E616F0401060150516A5D18E343
:1093100003E169514F5D14E26D51615F000E625BC4
:10932000625303E16151350808E26251020808E224
:10933000FF0A03E16151FC0803E2626B360E616FC4
:10934000AAD03951040803E0395106081AE125BAB8
:1093500017D06851505D14E303E14F51675D10E28F
:109360006C515F27000E60236051020809E2FF0A7A
:1093700003E15F51FB0804E2030E606FFC0E5F6FB8
:1093800019D025BA17D06851505D14E303E14F514D
:10939000675D10E26C515F27000E60236051020888
:1093A00009E2FF0A03E15F51FB0804E2030E606F6C
:1093B000FC0E5F6F5051685D18E303E167514F5D2C
:1093C00014E26C515F5F000E605B605303E15F511C
:1093D000350808E26051020808E2FF0A03E15F5124
:1093E000FC0803E2606B360E5F6F3AA354D039512C
:1093F000040803E0395106081AE125BA17D06A516A
:10940000505D14E303E14F51695D10E26D51612736
:10941000000E62236251020809E2FF0A03E1615172
:10942000FB0804E2030E626FFC0E616F19D025BACF
:1094300017D06A51505D14E303E14F51695D10E2AA
:109440006D516127000E62236251020809E2FF0A92
:1094500003E16151FB0804E2030E626FFC0E616FD1
:1094600050516A5D18E303E169514F5D14E26D519B
:10947000615F000E625B625303E16151350808E2EF
:109480006251020808E2FF0A03E16151FC0803E2AD
:10949000626B360E616F0001040162C6D9F161C6CC
:1094A000D8F160C6DBF15FC6DAF106013A913951B5
:1094B000F90FD8B07DEFCEF0070F000124EFCFF009
:1094C0003CC6EBF03BC6EAF03EC6EDF03DC6ECF024
:1094D00042C60BF241C60AF240C609F23FC608F284
:1094E00046C60FF245C60EF244C60DF243C60CF254
:1094F000239006013AB523804AC6D5F049C6D4F078
:1095000048C6D3F047C6D2F052C623F151C622F165
:1095100056C6F7F055C6F6F05EC6FBF15DC6FAF129
:109520005CC6F9F15BC6F8F160C6FFF05FC6FEF0FD
:1095300062C607F161C606F164C60FF163C60EF19B
:1095400066C617F165C616F122903AB72280FFC0B1
:1095500002F0FEC001F00232013202320132023268
:1095600001C06FFF02320230300B006E6E50CF0B25
:1095700000106E6E305213E007C102F006C101F018
:109580000232013202320132023201C072FF023273
:109590000230300B006E7150CF0B0010716E2390B3
:1095A0003AB52380AAD33CC6EFF03BC6EEF03EC6E8
:1095B000F1F03DC6F0F042C613F241C612F240C6C9
:1095C00011F23FC610F246C617F245C616F244C65F
:1095D00015F243C614F2239206013AB523824AC615
:1095E000DDF049C6DCF048C6DBF047C6DAF052C60B
:1095F00025F151C624F156C6F9F055C6F8F05EC6FD
:10960000FFF15DC6FEF15CC6FDF15BC6FCF160C614
:1096100001F15FC600F162C609F161C608F164C6D6
:1096200011F163C610F166C619F165C618F12292F0
:109630003AB722822BA803D02AB001D02AD001C188
:1096400002F000C101F00232013202320132023274
:1096500001C044FF02320230300B006E0F01435153
:10966000CF0B0010436F315213E009C102F008C163
:1096700001F00232013202320132023201C047FFF0
:1096800002320230300B006E4651CF0B0010466F95
:10969000060123923AB5238230D33CC6F3F03BC691
:1096A000F2F03EC6F5F03DC6F4F042C61BF241C6EC
:1096B0001AF240C619F23FC618F246C61FF245C656
:1096C0001EF244C61DF243C61CF2239406013AB5AD
:1096D00023844AC6E5F049C6E4F048C6E3F047C62D
:1096E000E2F052C627F151C626F156C6FBF055C628
:1096F000FAF05EC603F25DC602F25CC601F25BC61A
:1097000000F260C603F15FC602F162C60BF161C6EA
:109710000AF164C613F163C612F166C61BF165C691
:109720001AF122943AB7228403C102F002C101F077
:109730000232013202320132023201C075FF0232BE
:109740000230300B006E7450CF0B0010746E32522A
:1097500013E00BC102F00AC101F002320132023201
:109760000132023201C078FF02320230300B006E4B
:109770007750CF0B0010776E23943AB52384BDD277
:109780003CC6EBF03BC6EAF03EC6EDF03DC6ECF061
:1097900042C60BF241C60AF240C609F23FC608F2C1
:1097A00046C60FF245C60EF244C60DF243C60CF291
:1097B000239606013AB523864AC6D5F049C6D4F0A9
:1097C00048C6D3F047C6D2F052C629F151C628F197
:1097D00056C6FDF055C6FCF05EC607F25DC606F241
:1097E0005CC605F25BC604F260C605F15FC604F113
:1097F00062C60DF161C60CF164C615F163C614F1C1
:1098000066C61DF165C61CF122963AB7228605C1CF
:1098100002F004C101F0023201320232013202329E
:1098200001C06FFF02320230300B006E6E50CF0B62
:1098300000106E6E0DC102F00CC101F00232013257
:1098400002320132023201C072FF02320230300BAA
:10985000006E7150CF0B0010716E23963AB52386BF
:109860004CD23CC631F13BC630F13EC633F13DC669
:1098700032F142C61BF241C61AF240C619F23FC687
:1098800018F246C61FF245C61EF244C61DF243C674
:109890001CF21B6AF2BE1B8EF29E0601BA6BB96BFC
:1098A0007A0EB86F880EB76F1BC2BEF61AC2BDF62D
:1098B00019C2BCF618C2BBF60001B5EC06F01BBE1F
:1098C000F28E1B6AF2BE1B8EF29E03C0B6F602C079
:1098D000B5F601C0B4F600C0B3F6FDEC04F01BBE53
:1098E000F28E02C02DF101C02CF11B6AF2BE1B8E5C
:1098F000F29E0601BA6BB96B7A0EB86F880EB76F1D
:109900001FC2BEF61EC2BDF61DC2BCF61CC2BBF60F
:109910000001B5EC06F01BBEF28E1B6AF2BE1B8E78
:10992000F29E03C0B6F602C0B5F601C0B4F600C0A0
:10993000B3F6FDEC04F01BBEF28E02C02FF101C0A5
:109940002EF1239406013AB523844AC6E5F049C6B0
:10995000E4F048C6E3F047C6E2F052C627F151C62C
:1099600026F156C6FBF055C6FAF05EC603F25DC698
:1099700002F25CC601F25BC600F260C637F15FC658
:1099800036F162C639F161C638F164C613F163C6B7
:1099900012F166C61BF165C61AF122943AB7228409
:1099A00052C635F151C634F137C102F036C101F06B
:1099B0000232013202320132023201C075FF02323C
:1099C0000230300B006E7450CF0B0010746E020129
:1099D000C15313E039C102F038C101F00232013243
:1099E00002320132023201C078FF02320230300B03
:1099F000006E7750CF0B0010776E239406013AB5B6
:109A000023847BD13CC63DF13BC63CF142C613F2F8
:109A100041C612F240C611F23FC610F21B6AF2BEF6
:109A20001B8EF29E0601BA6BB96B7A0EB86F880E68
:109A3000B76F13C2BEF612C2BDF611C2BCF610C299
:109A4000BBF60001B5EC06F01BBEF28E1B6AF2BE3F
:109A50001B8EF29E03C0B6F602C0B5F601C0B4F686
:109A600000C0B3F6FDEC04F01BBEF28E02C03FF165
:109A700001C03EF1239206013AB523824AC6DDF0C9
:109A800049C6DCF048C6DBF047C6DAF052C641F101
:109A900051C640F156C6F9F055C6F8F05EC6FFF162
:109AA0005DC6FEF15CC6FDF15BC6FCF160C643F12C
:109AB0005FC642F162C609F161C608F164C611F1E0
:109AC00063C610F166C619F165C618F122923AB75D
:109AD00022821FBC15D043C102F042C101F0023204
:109AE000013202320132023201C044FF023202303E
:109AF000300B006E0F014351CF0B0010436F060176
:109B0000FCD006013951060842E1345240E104011B
:109B10006B53D8A402D006013AD03EC649F13DC6E7
:109B200048F146C617F245C616F244C615F243C6BA
:109B300014F21B6AF2BE1B8EF29E0601BA6BB96B61
:109B40007A0EB86F880EB76F17C2BEF616C2BDF692
:109B500015C2BCF614C2BBF60001B5EC06F01BBE84
:109B6000F28E1B6AF2BE1B8EF29E03C0B6F602C0D6
:109B7000B5F601C0B4F600C0B3F6FDEC04F01BBEB0
:109B8000F28E02C03FF101C03EF138D006013CC662
:109B900049F13BC648F142C613F241C612F240C633
:109BA00011F23FC610F21B6AF2BE1B8EF29EBA6B18
:109BB000B96B7A0EB86F880EB76F13C2BEF612C2B9
:109BC000BDF611C2BCF610C2BBF60001B5EC06F042
:109BD0001BBEF28E1B6AF2BE1B8EF29E03C0B6F64F
:109BE00002C0B5F601C0B4F600C0B3F6FDEC04F057
:109BF0001BBEF28E02C03FF101C03EF1239206016E
:109C00003AB523824AC6DDF049C6DCF048C6DBF02F
:109C100047C6DAF052C641F151C640F156C6F9F0D6
:109C200055C6F8F05EC6FFF15DC6FEF15CC6FDF1FB
:109C30005BC6FCF160C64FF15FC64EF162C651F1E2
:109C400061C650F164C611F163C610F166C619F120
:109C500065C618F122923AB72282395106081EE1F0
:109C600034521CE104016B53D8A402D0060116D073
:109C700051C102F050C101F0023201320232013210
:109C8000023201C047FF02320230300B006E0F017A
:109C90004651CF0B0010466F2AD006014FC102F08B
:109CA0004EC101F00232013202320132023201C0F1
:109CB00044FF02320230300B006E0F014351CF0BD4
:109CC0000010436F345213E051C102F050C101F053
:109CD0000232013202320132023201C047FF023247
:109CE0000230300B006E4651CF0B0010466F2392AE
:109CF00006013AB5238201D00601000E3AB1010EE9
:109D0000016E00011200E824F76AF736270FF66E9D
:109D10009D0EF722010EF86EFB6E0A00F550FA6EEA
:109D20000800F550F96E0E53D8535C552856A857C5
:109D3000DA564A58E824F76AF736550FF66E9D0E44
:109D4000F722010EF86EFB6E0A00F550FA6E08005D
:109D5000F550F96E565D685D7A5D8C5DB05D9E5D17
:109D6000C25DE824F76AF736830FF66E9D0EF72280
:109D7000010EF86EFB6E0A00F550FA6E0800F55001
:109D8000F96E4865AE65CA6636673269A867146AB7
:109D9000E824F76AF736B10FF66E9D0EF722010E32
:109DA000F86EFB6E0A00F550FA6E0800F550F96E79
:109DB0004C6B986B106C886C086DD06CA66EE824A8
:109DC000F76AF736DF0FF66E9D0EF722010EF86E7A
:109DD000FB6E0A00F550FA6E0800F550F96EEE6F52
:109DE0003A70B8703071B07178711C72E824F76AFB
:109DF000F7360D0FF66E9E0EF722010EF86EFB6E13
:109E00000A00F550FA6E0800F550F96E54777C7729
:109E1000A477CC771C78F4774478E824F76AF7368F
:109E20003B0FF66E9E0EF722010EF86EFB6E0A00D7
:109E3000F550FA6E0800F550F96E9C79C479EC790A
:109E4000147A647A3C7A8C7AE824F76AF736690FD8
:109E5000F66E9E0EF722010EF86EFB6E0A00F550AC
:109E6000FA6E0800F550F96EC094A6959A96809700
:109E7000049A6298029BF86AD09E078E140E006EB8
:109E8000100E016E020EE96E000EEA6EEE6A002EF2
:109E9000FDD7012EFBD7700ED36E400E9B6E646A09
:109EA0001C6A65868A0EAF6E000ED46EA60EAC6E6E
:109EB000900EAB6E0F012087820E1E6F060E1F6F75
:109EC000A60E216F900E226F0D0E1E6E390E1D6EA6
:109ED0001F901F921F941F961F981F9A1F9C1F9ED2
:109EE00024902492248424962498249A249C249EAA
:109EF00025902592258425962598259A259C259E92
:109F00002A902A922A942A862A882A8A2A8C2A8E99
:109F10002B80346A356A366A376A416A406A436A16
:109F2000426A456A446A476A466A010E486E496A4F
:109F30004B6A4A6A4C6A4D6A4E6A4F6A506A516A65
:109F40000001666B676B686B696B6A6B6B6B6C6B44
:109F50006D6B6E6B6F6B706B716B726B736B746B25
:109F6000756B766B776BBB6BBA6BB96BB86BBF6B92
:109F7000BE6BBD6BBC6BC16BC06BC36BC26BC56B87
:109F8000C46BC76BC66BC96BC86BCB6BCA6BCD6B35
:109F9000CC6BCF6BCE6BD16BD06BD36BD26BD56BE5
:109FA000D46BD76BD66BD96BD86BDB6BDA6BDD6B95
:109FB000DC6BDF6BDE6BE16BE06BE36BE26BE56B45
:109FC000E46BE76BE66BE96BE86B01011F6B360E28
:109FD0001E6F216B470E206F2B6B2A6B356B346B1A
:109FE000376B366B396B386B3B6B3A6B3D6B3C6B4D
:109FF0003F6B3E6B416B406B436B426B456B446BFD
:10A00000476B466B496B486B4B6B4A6B4D6B4C6BAC
:10A010004F6B4E6B516B506B536B526B556B546B5C
:10A02000596B586B576B566B5D6B5C6B5B6B5A6B0C
:10A03000616B606B5F6B5E6B636B626B656B646BBC
:10A04000876B866B896B886B8B6B8A6B8D6B8C6B6C
:10A050008F6B8E6B916B906B936B926B956B946B1C
:10A06000976B966BD56BD46BD76BD66BD96BD86B64
:10A07000DB6BDA6BDF6BDE6BDD6BDC6BE36BE26B98
:10A08000270EE16F100EE06FE76BE66BE56BE46B9C
:10A090000201236B226B216B206B676B666B656B18
:10A0A000646B7F6B7E6B7D6B7C6B836B826B816B78
:10A0B000806B876B866B856B846B8B6B8A6B896B14
:10A0C000886B8F6B8E6B8D6B8C6B936B926B916BC4
:10A0D000906B976B966B956B946B9B6B9A6B996B74
:10A0E000986B9F6B9E6B9D6B9C6BA36BA26BA16B24
:10A0F000A06BA76BA66BA56BA46BAB6BAA6BA96BD4
:10A10000A86BAF6BAE6BAD6BAC6B2B922B84B16B52
:10A11000B06BB56BB46BB36BB26BB66B2B96C56B98
:10A12000C46BC76BC66BCB6BCA6BC96BC86BCD6B93
:10A13000CC6BCF6BCE6BD06BD26BD16BD66BD56B40
:10A14000D46B320ED36FDA6BD96B030ED86FE80E77
:10A15000D76FDE6BDD6BDC6BDB6BE06BDF6BE16BBA
:10A160002B982B9A2B9C2B9EE691E693E695E697EF
:10A17000E699E69BEA6BE96BE86BE76BEE6BED6BE0
:10A18000EC6BEB6BF26BF16BF06BEF6BF66BF56BF3
:10A19000F46BF36BFA6BF96BF86BF76BFE6BFD6BA3
:10A1A000FC6BFB6B0301026B016B006B0201FF6B2D
:10A1B0000301066B056B046B036B0A6B096B086B81
:10A1C000076B0B6B0D6B0C6B0201E69D03010F6BB4
:10A1D0000E6B116B106B136B126B190E146F186BE7
:10A1E000176B166B156B196B1B6B1A6B1D6B1C6B4E
:10A1F0001F6B1E6B216B206B256B246B236B226BFB
:10A20000296B286B276B266B2D6B2C6B2B6B2A6BAA
:10A210000201E69F03012E912F6B306B2E93346B5E
:10A22000336B326B316B386B376B366B356B3C6B2A
:10A230003B6B3A6B396B2E952E972E992E9B446B68
:10A24000436B04013F6B406B416B03012E9D2E9FBE
:10A2500004014291429342954297436B4299429B3B
:10A26000429D456B446B496B486B476B466B4A6B31
:10A27000429F52915293536B5295696B52976A6BFE
:10A280006B6B6C6B6D6B0601276B286B040152992D
:10A29000529B0601296B2A6B2B6B2C6B2E6B2D6B43
:10A2A000326B316B306B2F6B346B336B366B356BC2
:10A2B000060E376F000E0F01236F246F256FC196B6
:10A2C000C198C19A2E6B2F6B546B3AD004002000BA
:10A2D0000000000400260000000008402C00084098
:10A2E0003800144052002F00786400640064006459
:10A2F00000C8000000C8000000C8000000C800003E
:10A3000000C8000000C8000000C8000000C800002D
:10A31000001400140014001411C0003440EA0008B6
:10A3200041220008412C00204166003C4198003841
:10A3300041E800404224001442680007444B0000FA
:10A34000010EF86EA20EF76ECC0EF66E0900F550F7
:10A35000006E000A13E00900F550016EE8BE05D05A
:10A360000F0BEA6E0900F5CFE9FF01BC090001AC53
:10A370000900F5CFEEFF004EE9D7F9D7F86AFE0ED7
:10A38000256F0F0E246F236BD08EF28EF28CF1842A
:10A390009F80A282D280D282D284D286D288D28C6E
:10A3A000F192F190F09EF09C000E236F0F0E246F3F
:10A3B000F60E256FC196C188C19AC050C00B0A091C
:10A3C000C06EC08EC280010E936E8A6A900E946E2B
:10A3D0008B6A956A8C6A966A8D6AE40E986E8F6AAB
:10A3E000C69A229FAB9EC290F296228FAB8EC280FD
:10A3F0002669C60ED56E070ECD6EAA6A000E060936
:10A40000CA6EF90ECB6EB06A070EB16E200E04094B
:10A410006B6E500E6C6E7A6A070E7B6E200E04090E
:10A42000396F500E3A6F3C6B070E3D6F200E0409DA
:10A43000366F500E376F200E0409336F500E346F95
:10A44000780E0609306FFA0E316F30859D8AC00E86
:10A45000F212000103EC26F0259C01B0258C020EBF
:10A460000601396FFA0E816F00011BEC27F006011F
:10A47000392FF8D700016DEF27F0C8EC27F0E5EF92
:10A4800027F0AE0E926E899AB8EF28F0ABA20AD0F0
:10A49000AECFB6F2AECFB6F2AECFB6F2AB98AB88D7
:10A4A000ABB2F6D7ABA404D0AECFB6F2AC98AC88C2
:10A4B00003012EAD4FEFDEF02E9D0001ACEC29F034
:10A4C0000150DD08D8A44EEFDEF004014051120A1D
:10A4D00000011CE0160A1CE00C0AD8B425EFDCF0E1
:10A4E000010AD8B44CEFDDF0030AD8B46BEFDDF00D
:10A4F000010AD8B494EFDDF00D0AD8B499EFDDF07D
:10A50000010AD8B4DEEFDDF04EEFDEF04EEFDEF004
:10A5100004014A53D8A44EEFDBF042AF0DD0000146
:10A52000C1EC2FF07DEC30F0CEEC31F003012E8940
:10A530000401429F4DEFDBF003012EBF21D04F50AD
:10A54000FC0F15E2040F00019DEFE2F0C1EC2FF0CB
:10A5500003010DD07DEC30F0030109D0CEEC31F0D9
:10A56000030105D0C1EC2FF0030101D003013752E4
:10A5700002E12E8F03D00401429B03014BEFDBF07D
:10A58000040142AB15D050A004D00001C1EC2FF063
:10A59000040150A204D000017DEC30F0040150A46D
:10A5A00004D00001CEEC31F00401429B4DEFDBF012
:10A5B00042AF0DD00001C1EC2FF07DEC30F0CEECBD
:10A5C00031F003012E890401429F4DEFDBF00001C1
:10A5D0006653D8B4A5D16651010A06E0030A24E007
:10A5E000060AD8B47AD199D161EC45F0012C07D094
:10A5F000C1EC2FF00401456B446B14D00001000E38
:10A60000956E8C902488966E8D8E0601816B0F0E50
:10A61000806F000172EC2FF0000E956E8C88D58E45
:10A620007B800401000179D19BEC4CF0012C07D018
:10A630007DEC30F00401456B446B4DD10001000E00
:10A64000956E8C9403012E9B1951F90F29E2070F87
:10A650000001B1EFE2F02B9C2B982B9A030120D044
:10A660002B8C2B982B9A03011BD02B8C2B882B9A8D
:10A6700003012E8B15D02B9C2B882B9A030110D015
:10A680002B8C2B882B9A03010BD02B9C2B982B8A7D
:10A69000030106D02B8C2B982B8A030101D00301D8
:10A6A0002BBC04D02BB802D02BAA04D1026B016BB7
:10A6B000006B0201FF6B0301116B106B190E146F1D
:10A6C0000201EA6BE96BE86BE76B2A8003012E97C6
:10A6D0002E952BAC34D0020E306F2F6B1B6AF2BE5E
:10A6E0001B8EF29ECDC2B8F6CCC2B7F6000133EC99
:10A6F00004F01BBEF28E03C0F2F202C0F1F201C000
:10A70000F0F200C0EFF22B8E0201E683E695030122
:10A710002E93346B336B326B316B1B6AF2BE1B8E24
:10A72000F29E0001E3EC1CF01BBEF28E1B6AF2BE2F
:10A730001B8EF29E41EC09F01BBEF28E03012BA88A
:10A7400043D01B6AF2BE1B8EF29EA3C0B0F6A2C01D
:10A75000AFF60601B26B320EB16F000157EC14F088
:10A760001BBEF28E0201D051640DF350036A060144
:10A77000015C0301206F0350060102580301216FA1
:10A780001B6AF2BE1B8EF29E000185EC20F01BBE00
:10A79000F28E0201E6811B6AF2BE1B8EF29E000160
:10A7A00096EC1EF01BBEF28E0301026B016B006B78
:10A7B0000201FF6B1B6AF2BE1B8EF29E000119ECB8
:10A7C00022F01BBEF28E03012BAA74D02E9502013B
:10A7D000E681D351D75D006ED451D859016ED55161
:10A7E000D959026ED651DA59036E1B6AF2BE1B8E1E
:10A7F000F29EE8CFBAF602C0B9F601C0B8F600C0C2
:10A80000B7F60001EFEC0BF01BBEF28E03C03CF676
:10A8100002C03BF601C03AF600C039F61B6AF2BE30
:10A820001B8EF29ED2C2B8F6D1C2B7F633EC04F05A
:10A830001BBEF28E1B6AF2BE1B8EF29E3CC6BAF69F
:10A840003BC6B9F63AC6B8F639C6B7F603C0BEF687
:10A8500002C0BDF601C0BCF600C0BBF64EEC04F071
:10A860001BBEF28E03C038F302C037F301C036F3CB
:10A8700000C035F31B6AF2BE1B8EF29E96EC1EF0F2
:10A880001BBEF28E0301026B016B006B0201FF6BBA
:10A89000DAC23CF3D9C23BF3D8C23AF3D7C239F398
:10A8A0001B6AF2BE1B8EF29E00010BEC0CF01BBE6D
:10A8B000F28E0301248A000E956E8C820601816B54
:10A8C0000F0E806F000172EC2FF0000E956E8C8CD5
:10A8D000CD806B840401000120D089EC5BF0012C59
:10A8E00007D0CEEC31F00401456B446B15D000016C
:10A8F000000E956E8C9E248C966E8D840601816B65
:10A900000F0E806F000172EC2FF0900E946E8B840E
:10A91000B1800F01368504010001666B4CEFDBF05E
:10A9200027EF6EF00152D8A44CEFDBF00401445144
:10A9300045110CE0456B446B0001C1EC2FF07DEC40
:10A9400030F0CEEC31F04CEFDBF00401030E375C5D
:10A95000F40FD8B04AD20C0F0001C8EFE2F093C058
:10A9600046F692C045F691C044F690C043F6060103
:10A970004A6B496B486B30C047F6000133EC45F039
:10A98000005080250601396F015000018121060128
:10A990003A6F02500001822106013B6F0350000113
:10A9A000832106013C6F0F0E3927000E3A233B230B
:10A9B0003C2330500F0DF35039250001B86F000EC5
:10A9C00006013A210001B96F000E06013B2100018A
:10A9D000BA6F000E06013C210001BB6F040105D2D5
:10A9E0009FC046F69EC045F69DC044F69CC043F607
:10A9F00006014A6B496B486B33C047F6000133ECE4
:10AA000045F000508C250601396F015000018D2161
:10AA100006013A6F025000018E2106013B6F035080
:10AA200000018F2106013C6F0F0E3927000E3A23DB
:10AA30003B233C2333500F0DF35039250001B86FF1
:10AA4000000E06013A210001B96F000E06013B21FC
:10AA50000001BA6F000E06013C210001BB6F97C0D8
:10AA600046F696C045F695C044F694C043F60601F6
:10AA70004A6B496B486B31C047F6000133EC45F037
:10AA8000005084250601396F01500001852106011F
:10AA90003A6F02500001862106013B6F035000010E
:10AAA000872106013C6F0F0E3927000E3A233B2306
:10AAB0003C2331500F0DF35039250001BC6F000EBF
:10AAC00006013A210001BD6F000E06013B21000185
:10AAD000BE6F000E06013C210001BF6F040185D14D
:10AAE00097C046F696C045F695C044F694C043F626
:10AAF00006014A6B496B486B31C047F6000133ECE5
:10AB000045F0005084250601396F01500001852170
:10AB100006013A6F02500001862106013B6F035087
:10AB20000001872106013C6F0F0E3927000E3A23E2
:10AB30003B233C2331500F0DF35039250001B86FF2
:10AB4000000E06013A210001B96F000E06013B21FB
:10AB50000001BA6F000E06013C210001BB6F040129
:10AB600044D193C046F692C045F691C044F690C0D9
:10AB700043F606014A6B496B486B30C047F600014B
:10AB800033EC45F0005080250601396F015000017B
:10AB9000812106013A6F02500001822106013B6FBC
:10ABA00003500001832106013C6F0F0E3927000E70
:10ABB0003A233B233C2330500F0DF350392500013D
:10ABC000B86F000E06013A210001B96F000E0601B0
:10ABD0003B210001BA6F000E06013C210001BB6F52
:10ABE000040103D19FC046F69EC045F69DC044F6C1
:10ABF0009CC043F606014A6B496B486B33C047F66D
:10AC0000000133EC45F000508C250601396F0150EE
:10AC100000018D2106013A6F025000018E210601CC
:10AC20003B6F035000018F2106013C6F0F0E392747
:10AC3000000E3A233B233C2333500F0DF3503925AC
:10AC40000001B86F000E06013A210001B96F000E35
:10AC500006013B210001BA6F000E06013C210001F4
:10AC6000BB6F0401C2D09FC046F69EC045F69DC092
:10AC700044F69CC043F606014A6B496B486B33C0EF
:10AC800047F6000133EC45F000508C250601396F82
:10AC9000015000018D2106013A6F025000018E2102
:10ACA00006013B6F035000018F2106013C6F0F0E20
:10ACB0003927000E3A233B233C2333500F0DF3502A
:10ACC00039250001B86F000E06013A210001B96F65
:10ACD000000E06013B210001BA6F000E06013C2167
:10ACE0000001BB6F040181D093C046F692C045F6C7
:10ACF00091C044F690C043F606014A6B496B486B1D
:10AD000030C047F6000133EC45F0005080250601C5
:10AD1000396F01500001812106013A6F0250000194
:10AD2000822106013B6F03500001832106013C6F25
:10AD30000F0E3927000E3A233B233C2330500F0DD2
:10AD4000F35039250001B86F000E06013A210001C9
:10AD5000B96F000E06013B210001BA6F000E06011B
:10AD60003C210001BB6F97C046F696C045F695C0E2
:10AD700044F694C043F606014A6B496B486B31C0F8
:10AD800047F6000133EC45F0005084250601396F89
:10AD900001500001852106013A6F02500001862111
:10ADA00006013B6F03500001872106013C6F0F0E27
:10ADB0003927000E3A233B233C2331500F0DF3502B
:10ADC00039250001BC6F000E06013A210001BD6F5C
:10ADD000000E06013B210001BE6F000E06013C2162
:10ADE0000001BF6F040101D004013750070804E0DF
:10ADF00037500E08D8A4A7D00001B8350601396F26
:10AE00000001B93506013A6F0001BA3506013B6F02
:10AE10000001BB3506013C6F39373A373B373C37C9
:10AE200039373A373B373C3739373A373B373C3796
:10AE300039373A373B373C3739373A373B373C3786
:10AE4000C00E3917D8921B6AF2BE1B8EF29E3CC60A
:10AE5000B6F63BC6B5F63AC6B4F639C6B3F6BA6B23
:10AE6000B96B010EB86F400EB76F0001A5EC0BF087
:10AE70001BBEF28E020E0601005C0101526F000E35
:10AE8000060101580101536F200E06090F01366FAC
:10AE900052C137FF0F0136950001BC350601396FED
:10AEA0000001BD3506013A6F0001BE3506013B6F5A
:10AEB0000001BF3506013C6F39373A373B373C3725
:10AEC00039373A373B373C3739373A373B373C37F6
:10AED00039373A373B373C3739373A373B373C37E6
:10AEE000C00E3917D8921B6AF2BE1B8EF29E3CC66A
:10AEF000B6F63BC6B5F63AC6B4F639C6B3F6BA6B83
:10AF0000B96B010EB86F400EB76F0001A5EC0BF0E6
:10AF10001BBEF28E020E0601005C0101546F000E92
:10AF2000060101580101556F200E06090F01336F0C
:10AF300054C134FF0F013395BA98BA9AB988B98AC7
:10AF4000248264D00401375003080CE0375006080F
:10AF500009E03750050806E037500A0803E037508B
:10AF60000C0855E10001B8350601396F0001B9350B
:10AF700006013A6F0001BA3506013B6F0001BB358F
:10AF800006013C6F39373A373B373C3739373A3768
:10AF90003B373C3739373A373B373C3739373A3725
:10AFA0003B373C3739373A373B373C37C00E3917D8
:10AFB000D8921B6AF2BE1B8EF29E3CC6B6F63BC60A
:10AFC000B5F63AC6B4F639C6B3F6BA6BB96B010E2C
:10AFD000B86F400EB76F0001A5EC0BF01BBEF28EF0
:10AFE000020E0601005C0101546F000E06010158BB
:10AFF0000101556F200E06090F01336F54C134FF54
:10B000000F013395BA9AB98A3395248204015050BE
:10B01000FF0A3714FF0FF20FD8B03BD30E0F000119
:10B02000FBEFE2F02488000E956E8C9003012EB9A0
:10B0300004D0000100EC80F00301000E966E8D8EAE
:10B040000601816B0F0E806F000172EC2FF0000E75
:10B05000956E8C88D58E7B8004011BD337A407D0D6
:10B0600024BCFED7B1900F0136953395000124889A
:10B07000000E956E8C9003012EB904D0000100ECF7
:10B0800080F00301000E966E8D8E0601816B0F0E0F
:10B09000806F000172EC2FF0000E956E8C88D58EBB
:10B0A0007B800F0133850401F4D2248A000E956E53
:10B0B0008C9403012E9B1951F90F29E2070F00010F
:10B0C000E4EFE2F02B9C2B982B9A030120D02B8CE1
:10B0D0002B982B9A03011BD02B8C2B882B9A0301C6
:10B0E0002E8B15D02B9C2B882B9A030110D02B8CE8
:10B0F0002B882B9A03010BD02B9C2B982B8A0301B6
:10B1000006D02B8C2B982B8A030101D003012EB97A
:10B1100022D12BBC04D02BB802D02BAA17D1026BA2
:10B12000016B006B0201FF6B0301116B106B190EB9
:10B13000146F0201EA6BE96BE86BE76B03012E9772
:10B140002E952BAC34D0020E306F2F6B1B6AF2BEE3
:10B150001B8EF29ECDC2B8F6CCC2B7F6000133EC1E
:10B1600004F01BBEF28E03C0F2F202C0F1F201C085
:10B17000F0F200C0EFF22B8E0201E683E6950301A8
:10B180002E93346B336B326B316B1B6AF2BE1B8EAA
:10B19000F29E0001E3EC1CF01BBEF28E1B6AF2BEB5
:10B1A0001B8EF29E41EC09F01BBEF28E03012BA810
:10B1B00057D01B6AF2BE1B8EF29EA3C0B0F6A2C08F
:10B1C000AFF60601B26B320EB16F000157EC14F00E
:10B1D0001BBEF28E02C03AF601C039F606013C6B86
:10B1E000D0C23BF61B6AF2BE1B8EF29E3CC6B0F686
:10B1F000D0C2AFF6B26B640EB16F000157EC14F021
:10B200001BBEF28E01500601395D0301206F025012
:10B2100006013A590301216F1B6AF2BE1B8EF29E92
:10B22000000185EC20F01BBEF28E0201E6811B6A54
:10B23000F2BE1B8EF29E000196EC1EF01BBEF28E3B
:10B240000301026B016B006B0201FF6B1B6AF2BE14
:10B250001B8EF29E000119EC22F01BBEF28E030140
:10B260002BAA74D02E950201E681D351D75D006ED2
:10B27000D451D859016ED551D959026ED651DA59E7
:10B28000036E1B6AF2BE1B8EF29EE8CFBAF602C0B6
:10B29000B9F601C0B8F600C0B7F60001EFEC0BF04C
:10B2A0001BBEF28E03C03CF602C03BF601C03AF66C
:10B2B00000C039F61B6AF2BE1B8EF29ED2C2B8F6EF
:10B2C000D1C2B7F633EC04F01BBEF28E1B6AF2BE9D
:10B2D0001B8EF29E3CC6BAF63BC6B9F63AC6B8F625
:10B2E00039C6B7F603C0BEF602C0BDF601C0BCF653
:10B2F00000C0BBF64EEC04F01BBEF28E03C038F368
:10B3000002C037F301C036F300C035F31B6AF2BE4A
:10B310001B8EF29E96EC1EF01BBEF28E0301026B9A
:10B32000016B006B0201FF6BDAC23CF3D9C23BF345
:10B33000D8C23AF3D7C239F31B6AF2BE1B8EF29E13
:10B3400000010BEC0CF01BBEF28E0301000100ECBF
:10B3500080F046D003012BBC04D02BB802D02BAA1E
:10B3600041D0190E146F0201EA6BE96BE86BE76BD1
:10B370002A902BAC1CD003010A6B096B086B076B7E
:10B380002E93346B336B326B316B1B6AF2BE1B8EA8
:10B39000F29EF2C2B6F6F1C2B5F6F0C2B4F6EFC252
:10B3A000B3F6000130EC07F01BBEF28E02012BA8B1
:10B3B0000AD01B6AF2BE1B8EF29E000119EC22F02D
:10B3C0001BBEF28E02012BAA0CD003012E851B6A34
:10B3D000F2BE1B8EF29E00010BEC0CF01BBEF28E37
:10B3E000020103010F013095060E326F0301116B4C
:10B3F000106BBA9CB98C0F013085000E956E8C8253
:10B400000601816B0F0E806F000172EC2FF0000EB1
:10B41000956E8C8CCD806B8404013BD137A207D014
:10B4200024BAFED7CD906B940F0139950001248882
:10B43000000E956E8C9003012EB904D0000100EC33
:10B4400080F00301000E966E8D8E0601816B0F0E4B
:10B45000806F000172EC2FF0000E956E8C88D58EF7
:10B460007B800F013385040114D1248C000E956E6E
:10B470008C9E03012EB904D0000100EC80F0030182
:10B48000000E966E8D840601816B0F0E806F000199
:10B4900072EC2FF0900E946E8B84B1800F01368584
:10B4A0000401F7D02488000E956E8C9003012EB90C
:10B4B00004D0000100EC80F00301000E966E8D8E2A
:10B4C0000601816B0F0E806F000172EC2FF0000EF1
:10B4D000956E8C88D58E7B800401DBD0248237A2C8
:10B4E00007D024BAFED7CD906B940F013995000197
:10B4F0002488000E956E8C9003012EB904D00001B3
:10B5000000EC80F00301000E966E8D8E0601816BBB
:10B510000F0E806F000172EC2FF0000E956E8C887C
:10B52000D58E7B800F0133850401B3D0248237A2EE
:10B5300007D024BAFED7CD906B940F013995000146
:10B5400037A407D024BCFED7B1900F0136953395B0
:10B5500000012488000E956E8C9003012EB904D052
:10B56000000100EC80F00301000E966E8D8E060146
:10B57000816B0F0E806F000172EC2FF0000E956E44
:10B580008C88D58E7B800F013685040182D0248281
:10B5900037A407D024BCFED7B1900F013695339560
:10B5A0000001248A000E956E8C9403012EB904D0FC
:10B5B000000100EC80F00301000E956E8C82060104
:10B5C000816B0F0E806F000172EC2FF0000E956EF4
:10B5D0008C8CCD806B840F01338504015AD024827A
:10B5E00037A407D024BCFED7B1900F013695339510
:10B5F00000012488000E956E8C9003012EB904D0B2
:10B60000000100EC80F00301000E966E8D8E0601A5
:10B61000816B0F0E806F000172EC2FF0000E956EA3
:10B620008C88D58E7B800F013385040132D0248233
:10B6300037A207D024BAFED7CD906B940F0139956D
:10B64000000137A407D024BCFED7B1900F01369576
:10B65000339500012488000E956E8C9003012EB95D
:10B6600004D0000100EC80F00301000E966E8D8E78
:10B670000601816B0F0E806F000172EC2FF0000E3F
:10B68000956E8C88D58E7B800F013685040101D0A4
:10B69000040103012E9900010401D5D04A2D33D0B5
:10B6A00042A102D042AF06D04291000122EC70F0DC
:10B6B00028D0040100018DEF70F0015222E1040155
:10B6C0004451451107E0456B446B000122EC70F0DA
:10B6D00018D00401000E956E8C9E000100EC80F0E5
:10B6E000000E966E8D840601816B0F0E806F000137
:10B6F00072EC2FF0900E946E8B84B1800F01368522
:10B700000001A0D004014A5102083EE142A302D048
:10B7100042AF06D0429300014CEC77F033D00401E5
:10B720000001BBEF77F001522DE1040144514511B6
:10B7300007E0456B446B00014CEC77F023D004012B
:10B74000000E956E8C92956E8C94000100EC80F04A
:10B75000000E956E8C820601816B0F0E806F0001CA
:10B7600072EC2FF0000E956E8C8C0601816B300E02
:10B77000806F000172EC2FF001012B6B2A6B456B7F
:10B78000446B00015FD004014A5103085CE124A628
:10B7900002D042AF17D042BF0ED02A94020E4A6F99
:10B7A00000016A2D04D0030E04014A6F000143EC2E
:10B7B00078F006D004012496000143EC78F02A8446
:10B7C00041D00401030E4A6F0001ACEC78F0015245
:10B7D00039E1010E0601396F39C6D0F5345204E162
:10B7E00004016B5318E10601000E956E8C94000164
:10B7F00000EC80F0000E956E8C820601816B0F0EBE
:10B80000806F000172EC2FF0000E956E8C8CCD8055
:10B810006B8418D00401000E956E8C92000100EC30
:10B8200080F0000E956E8C840601816B0F0E806F88
:10B83000000172EC2FF0000E956E8C8ACD800F0106
:10B84000398500010401000129D204014A6B9DC41D
:10B850004EF09EC44FF0036A4F502C0F016E000E45
:10B86000032201500601396F03C03AF69FC43BF62C
:10B870003AC6EAFF39C6E9FF3BC6EFFF036A4F50FD
:10B88000300F016E000E03220150396F03C03AF6EB
:10B89000A0C43BF63AC6EAFF39C6E9FF3BC6EFFF54
:10B8A000D8904F34036AA80F016E000E0322015096
:10B8B000396F03C03AF6A1C43BF6A2C43CF63AC6BF
:10B8C000EAFF39C6E9FF3CC6ECFFED523BC6EFFF8D
:10B8D000D8904F34036AB00F016E000E032201505E
:10B8E000396F03C03AF6A3C43BF6A4C43CF63AC68B
:10B8F000EAFF39C6E9FF3CC6ECFFED523BC6EFFF5D
:10B9000003012E99036A4F503C0FE96E000E03208D
:10B91000EA6E020EEF6E036A4F50380F016E000E92
:10B92000032201500601396F03C03AF6A5C43BF665
:10B930003AC6EAFF39C6E9FF3BC6EFFFD8904F345D
:10B94000036AA00F016E000E03220150396F03C07D
:10B950003AF6A6C43BF6A7C43CF63AC6EAFF39C697
:10B96000E9FF3CC6ECFFED523BC6EFFFD8904F34E9
:10B97000036A780F016E000E03220150396F03C075
:10B980003AF6A8C43BF6A9C43CF63AC6EAFF39C663
:10B99000E9FF3CC6ECFFED523BC6EFFF4F50040DF4
:10B9A000F350036A800F016E000E03220150396FBD
:10B9B00003C03AF6AAC43BF6ABC43CF6ACC43DF6B1
:10B9C000ADC43EF63AC6EAFF39C6E9FF3BC6EFFF13
:10B9D0003CC6ECFF3DC6ECFF3EC6ECFFED52ED521F
:10B9E000ED524F50040DF350036A900F016E000E9C
:10B9F00003220150396F03C03AF6AEC43BF6AFC420
:10BA00003CF6B0C43DF6B1C43EF63AC6EAFF39C6CC
:10BA1000E9FF3BC6EFFF3CC6ECFF3DC6ECFF3EC670
:10BA2000ECFFED52ED52ED52B2C4CCF2B3C4CDF204
:10BA3000B4C4CEF2B5C4CFF2B6C4D0F2BFC4D1F212
:10BA40000201D26BB7C4D3F2B8C4D4F2B9C4D5F2F0
:10BA5000BAC4D6F2BBC4D7F2BCC4D8F2BDC4D9F2C2
:10BA6000BEC4DAF2C0C419F30401429F52934F508E
:10BA700003080CE04FC082F60601836B856B290E2C
:10BA8000846F000186EC2FF006D004014F500308AC
:10BA900001E12990000102D1E7C437F0E8C44FF07A
:10BAA000D8904F34036AA00F016E000E032201509C
:10BAB0000601396F03C03AF6E9C43BF6EAC43CF626
:10BAC0003AC6EAFF39C6E9FF3CC6ECFFED523BC679
:10BAD000EFFF0001E3D0010E04014A6F4BC5B7F23E
:10BAE0004CC5B8F24DC5B9F24EC5BAF24FC5BBF25E
:10BAF00050C5BCF251C5BDF252C5BEF253C5BFF22E
:10BB000054C5C0F255C5C1F256C5C2F257C5C3F2FD
:10BB1000BAC26FF4B9C26EF4BEC270F4C0C271F49E
:10BB2000429F52930001BAD067C5C2F268C5C3F202
:10BB3000B5D09DC56AF0020E04014A6F00016A2D5E
:10BB400004D0030E04014A6F000129928AC5E4F172
:10BB50008BC5E5F18CC5E6F18DC5E7F18EC53AF1EF
:10BB60008FC53BF190C54AF091C54BF092C54CF0A2
:10BB700093C546F194C547F195C54AF196C54BF179
:10BB800097C54DF098C54CF199C54DF12A9289C5DC
:10BB900039F6000E060139B1010E000A01E02A82D1
:10BBA0009AC534F00401429F52939BC56AF49CC528
:10BBB0006BF49EC56CF42A94000170D0B7C53AF1BD
:10BBC000B8C53BF1B9C546F1BAC547F1BBC535F0BB
:10BBD000BCC569F4BDC56CF40401695304E00001FF
:10BBE000B3EFA6F00401355258E024B656D0030E48
:10BBF0004A6F000125EC77F001013D6B3C6B3F6B18
:10BC00003E6B416B406B5C6A5D6A0001636B0401D3
:10BC100042A305D000014CEC77F0040142930001EF
:10BC2000ACEC78F0010E0601396F39C6D0F52486E8
:10BC3000345204E104016B5318E10601000E956EC5
:10BC40008C94000100EC80F0000E956E8C82060151
:10BC5000816B0F0E806F000172EC2FF0000E956E5D
:10BC60008C8CCD806B8418D00401000E956E8C9264
:10BC7000000100EC80F0000E956E8C840601816B53
:10BC80000F0E806F000172EC2FF0000E956E8C8A03
:10BC9000CD800F0139850001040100010301040179
:10BCA00042B302D024A68FD04A51020855E124A401
:10BCB00052D02494080E016EC250830B0110C26E44
:10BCC000000E016EC150F80B0110C16E0601816BB0
:10BCD000070E806F000172EC2FF01B6AF2BE1B8E04
:10BCE000F29EBBEC00F01BBEF28E02C0DBF001C086
:10BCF000DAF01C0E016EC250830B0110C26E000EF2
:10BD0000016EC150F80B0110C16E0601816B070E68
:10BD1000806F000172EC2FF01B6AF2BE1B8EF29E48
:10BD2000BBEC00F01BBEF28E02C0DFF001C0DEF003
:10BD3000040E0601396F000137ECA9F03CC1C7F5CC
:10BD40003DC1C8F53EC1C9F53FC1CAF540C1CBF5FB
:10BD500041C1CCF504011CD04A51030819E11FA6CA
:10BD600017D024A415D024941F96060E0601396F0F
:10BD7000000137ECA9F048C1C7F549C1C8F53EC17B
:10BD8000C9F53FC1CAF540C1CBF541C1CCF50401AD
:10BD90005C5202E15D520AE0010E0601396F39C6BC
:10BDA000CDF5010E396F39C6CEF5040163C0CFF56C
:10BDB00024A008D024900E0E0601806F0001CCEC68
:10BDC0006FF004016CD342A167D12BA628D10201E8
:10BDD000C251C45D06E1C351C55DD8A402D00401BF
:10BDE0001ED1C251C65D06E1C351C75DD8A402D0C1
:10BDF000040115D1C3C2C7F2C2C2C6F21B6AF2BEA9
:10BE00001B8EF29EC3C2B0F6C2C2AFF60601B26B81
:10BE1000640EB16F000157EC14F01BBEF28E02C02D
:10BE20003AF601C039F61B6AF2BE1B8EF29E02C0C2
:10BE3000B8F601C0B7F633EC04F01BBEF28ED89210
:10BE40001B6AF2BE1B8EF29E03C0BAF602C0B9F6A0
:10BE500001C0B8F600C0B7F6CD0E0601BE6F2C0EBD
:10BE6000BD6F7A0EBC6F880EBB6F00011BEC05F036
:10BE70001BBEF28E03C03CF602C03BF601C03AF690
:10BE800000C039F61B6AF2BE1B8EF29E03C0BAF6E2
:10BE900002C0B9F601C0B8F600C0B7F6A80E060198
:10BEA000BE6FC60EBD6F140EBC6F830EBB6F00015C
:10BEB0004EEC04F01BBEF28E1B6AF2BE1B8EF29E8D
:10BEC00003C0B6F602C0B5F601C0B4F600C0B3F6C2
:10BED000FDEC04F01BBEF28E02C037F101C036F15A
:10BEE0000201C15373E01B6AF2BE1B8EF29EC3C2F5
:10BEF000B0F6C2C2AFF60601B26B640EB16F0001BC
:10BF000057EC14F01BBEF28E02C03AF601C039F6AF
:10BF10001B6AF2BE1B8EF29E02C0B8F601C0B7F6D5
:10BF200033EC04F01BBEF28ED8921B6AF2BE1B8E5D
:10BF3000F29E03C0BAF602C0B9F601C0B8F600C05E
:10BF4000B7F6CD0E0601BE6F2C0EBD6F7A0EBC6F1C
:10BF5000880EBB6F00011BEC05F01BBEF28E03C008
:10BF60003CF602C03BF601C03AF600C039F61B6A47
:10BF7000F2BE1B8EF29E03C0BAF602C0B9F601C033
:10BF8000B8F600C0B7F6A80E0601BE6FC60EBD6FAC
:10BF9000140EBC6F830EBB6F00014EEC04F01BBE91
:10BFA000F28E1B6AF2BE1B8EF29E03C0B6F602C072
:10BFB000B5F601C0B4F600C0B3F6FDEC04F01BBE4C
:10BFC000F28E02C039F101C038F1020137C102F02E
:10BFD00036C101F00232013202320132023201C0B6
:10BFE00075FF02320230300B006E7450CF0B001020
:10BFF000746EC15313E039C102F038C101F002324E
:10C00000013202320132023201C078FF02320230C4
:10C01000300B006E7750CF0B0010776E04011FA815
:10C0200002D024B402D06D531FE01F982494050E53
:10C030000601396F000137ECA9F0015214E12CC15F
:10C040006DF52DC16EF530C16FF531C170F534C19C
:10C0500071F535C172F56EC473F56FC474F570C4B3
:10C0600075F571C476F504015EC077F50601396B8C
:10C0700039C678F564C079F524A00CD02490040169
:10C080006D5301E06D6B0D0E0601806F0001CCEC6D
:10C090006FF0060105D204013752D8B400D224A4AF
:10C0A000F4D11FA4F8D037B002D037A6F4D024942E
:10C0B0001F9437A077D00601396B000137ECA9F047
:10C0C00001526EE1EAC0F1F4EBC0F2F4ECC0F3F41B
:10C0D000EDC0F4F41B6AF2BE1B8EF29E0601BA6B31
:10C0E000B96B7A0EB86F880EB76F0BC2BEF60AC274
:10C0F000BDF609C2BCF608C2BBF60001B5EC06F0FD
:10C100001BBEF28E1B6AF2BE1B8EF29E03C0B6F6F9
:10C1100002C0B5F601C0B4F600C0B3F6FDEC04F001
:10C120001BBEF28E02C03AF601C039F639C601F5DF
:10C130003AC602F51B6AF2BE1B8EF29E0601BA6B6E
:10C14000B96B7A0EB86F880EB76F0FC2BEF60EC20B
:10C15000BDF60DC2BCF60CC2BBF60001B5EC06F094
:10C160001BBEF28E1B6AF2BE1B8EF29E03C0B6F699
:10C1700002C0B5F601C0B4F600C0B3F6FDEC04F0A1
:10C180001BBEF28E02C03AF601C039F639C603F57D
:10C190003AC604F55AC011F55BC012F562C019F534
:10C1A00079D0040137A677D0030E0601396F00015C
:10C1B00037ECA9F001526EE1EAC0FDF4EBC0FEF4E9
:10C1C000ECC0FFF4EDC000F51B6AF2BE1B8EF29EC0
:10C1D0000601BA6BB96B7A0EB86F880EB76F0BC2D7
:10C1E000BEF60AC2BDF609C2BCF608C2BBF6000123
:10C1F000B5EC06F01BBEF28E1B6AF2BE1B8EF29EE1
:10C2000003C0B6F602C0B5F601C0B4F600C0B3F67E
:10C21000FDEC04F01BBEF28E02C03AF601C039F606
:10C2200039C60DF53AC60EF51B6AF2BE1B8EF29E9C
:10C230000601BA6BB96B7A0EB86F880EB76F0FC272
:10C24000BEF60EC2BDF60DC2BCF60CC2BBF60001B6
:10C25000B5EC06F01BBEF28E1B6AF2BE1B8EF29E80
:10C2600003C0B6F602C0B5F601C0B4F600C0B3F61E
:10C27000FDEC04F01BBEF28E02C03AF601C039F6A6
:10C2800039C60FF53AC610F560C017F561C018F54C
:10C2900065C01CF504011FA67BD037A279D0249479
:10C2A0001F96010E0601396F000137ECA9F001520B
:10C2B0006EE1EEC0F5F4EFC0F6F4F0C0F7F4F1C0B3
:10C2C000F8F41B6AF2BE1B8EF29E0601BA6BB96BC4
:10C2D0007A0EB86F880EB76F13C2BEF612C2BDF6E3
:10C2E00011C2BCF610C2BBF60001B5EC06F01BBED5
:10C2F000F28E1B6AF2BE1B8EF29E03C0B6F602C01F
:10C30000B5F601C0B4F600C0B3F6FDEC04F01BBEF8
:10C31000F28E02C03AF601C039F639C605F53AC6C2
:10C3200006F51B6AF2BE1B8EF29E0601BA6BB96B54
:10C330007A0EB86F880EB76F17C2BEF616C2BDF67A
:10C3400015C2BCF614C2BBF60001B5EC06F01BBE6C
:10C35000F28E1B6AF2BE1B8EF29E03C0B6F602C0BE
:10C36000B5F601C0B4F600C0B3F6FDEC04F01BBE98
:10C37000F28E02C03AF601C039F639C607F53AC660
:10C3800008F55CC013F55DC014F563C01AF504012F
:10C390001FA87BD037A479D024941F98020E0601E1
:10C3A000396F000137ECA9F001526EE1F2C0F9F4E7
:10C3B000F3C0FAF4F4C0FBF4F5C0FCF41B6AF2BE5F
:10C3C0001B8EF29E0601BA6BB96B7A0EB86F880E9F
:10C3D000B76F1BC2BEF61AC2BDF619C2BCF618C2B0
:10C3E000BBF60001B5EC06F01BBEF28E1B6AF2BE76
:10C3F0001B8EF29E03C0B6F602C0B5F601C0B4F6BD
:10C4000000C0B3F6FDEC04F01BBEF28E02C03AF69B
:10C4100001C039F639C609F53AC60AF51B6AF2BEFB
:10C420001B8EF29E0601BA6BB96B7A0EB86F880E3E
:10C43000B76F1FC2BEF61EC2BDF61DC2BCF61CC23F
:10C44000BBF60001B5EC06F01BBEF28E1B6AF2BE15
:10C450001B8EF29E03C0B6F602C0B5F601C0B4F65C
:10C4600000C0B3F6FDEC04F01BBEF28E02C03AF63B
:10C4700001C039F639C60BF53AC60CF55EC015F5A4
:10C480005FC016F564C01BF5040124A008D02490F9
:10C490000C0E0601806F0001CCEC6FF00401060168
:10C4A00081B047D09AC438F604019B510601385D2B
:10C4B00035E2010E936E8A82036A3851720FE96E7B
:10C4C000040E0320EA6EEF50050817E3036A3851A3
:10C4D000720FE96E040E0320EA6EEFCF43F6036A93
:10C4E0003851860FE96E040E0320EA6EEFCF44F652
:10C4F000000168EC32F00DD00601036A3851720F6A
:10C50000E96E040E0320EA6EEFCF80F60001B3EC73
:10C5100044F004019A2B0601382BC6D7010E936E06
:10C520008A9204019B519A5D04E30001C8EC27F054
:10C530000401000146EFD2F00300E824F76AF73661
:10C540005B0FF66EC50EF722010EF86EFB6E0A0049
:10C55000F550FA6E0800F550F96E4CA554A55CA58F
:10C5600064A5E824F76AF736830FF66EC50EF72246
:10C57000010EF86EFB6E0A00F550FA6E0800F550D9
:10C58000F96E56A660A66AA676A680A68AA694A686
:10C59000E824F76AF736B10FF66EC50EF722010EE2
:10C5A000F86EFB6E0A00F550FA6E0800F550F96E51
:10C5B0005EA9E8AD62ABE0AAE8ACE8ADE8ADE4ABFB
:10C5C000E8AD66ACE8ADE0A9E824F76AF736E90F14
:10C5D000F66EC50EF722010EF86EFB6E0A00F550DE
:10C5E000FA6E0800F550F96EC4B0CEB0D8B0E4B021
:10C5F000EEB0F8B002B1E824F76AF736170FF66E1E
:10C60000C60EF722010EF86EFB6E0A00F550FA6EA8
:10C610000800F550F96E24B0AAB0DCB46AB4DEB5F7
:10C620008EB52EB6A4B490B61CB490B65CB090B6DD
:02C630002CB527
:020000040030CA
:0E00000015C8787C01899100FFC0FFE0FF4029
:00000001FF
;PIC18F67K22
;CRC=B4C6  CREATED="04-dic.-23 09:58"
