:040000009AEFD0F0B3
:080008008BEF00F00000000086
:100010000000000000000000046ED8CF05F0E0CF23
:1000200006F00001E9CF0CF0EACF07F0E1CF08F0CD
:10003000E2CF09F0D9CF0AF0DACF0BF0F3CF12F00C
:10004000F4CF13F0FACF14F0F5CF15F0F6CF16F089
:10005000F7CF17F0F8CF18F0FBCF19F000C00EF073
:1000600001C00FF002C010F003C011F0A3AA3CEFD2
:1000700000F0A4BA09EF03F0A0A242EF00F0A1B291
:1000800071EF07F0F0A648EF00F0F0B012EF07F0C4
:10009000F2A64EEF00F0F2B08CEF07F0F0AA54EFAA
:1000A00000F0F0B426EF07F0B9AA5AEF00F0BABAA0
:1000B0006DEF03F0B9AC60EF00F0BABC12EF05F0E1
:1000C0000EC000F00FC001F010C002F011C003F02C
:1000D0000CC0E9FF07C0EAFF078E08C0E1FF09C0B6
:1000E000E2FF0AC0D9FF0BC0DAFF12C0F3FF13C052
:1000F000F4FF14C0FAFF15C0F5FF16C0F6FF17C0D5
:10010000F7FF18C0F8FF19C0FBFF045006C0E0FF5E
:1001100005C0D8FF10001C6ED8CF1DF0E0CF1EF038
:100120000001E9CF24F0EACF1FF0E1CF20F0E2CFC9
:1001300021F0D9CF22F0DACF23F0F3CF2AF0F4CF99
:100140002BF0FACF2CF0F5CF2DF0F6CF2EF0F7CF25
:100150002FF0F8CF30F0FBCF31F000C026F001C017
:1001600027F002C028F003C029F0F2A8BBEF00F08E
:10017000F2B270EF06F026C000F027C001F028C0F0
:1001800002F029C003F024C0E9FF1FC0EAFF1F8E60
:1001900020C0E1FF21C0E2FF22C0D9FF23C0DAFF67
:1001A0002AC0F3FF2BC0F4FF2CC0FAFF2DC0F5FFCF
:1001B0002EC0F6FF2FC0F7FF30C0F8FF31C0FBFFA5
:1001C0001C501EC0E0FF1DC0D8FF1000F76AE00FF2
:1001D000F66E010EF722000EF86E0900F5501200BF
:1001E000546D6F643D2020307300F76AFE0FF66E89
:1001F000010EF722000EF86E0900F5501200424978
:10020000504F4C415200F76A1A0FF66E020EF72259
:10021000000EF86E0900F55012002020202020204A
:1002200020202020202020200000F76A3E0FF66EBC
:10023000020EF722000EF86E0900F55012005472FB
:10024000656E65730000ECCFFAFFECCFFBFFED525B
:10025000ED52EFCFE8FFF96E12004275696C643A17
:1002600020256C75202D20256C75202D20307825BB
:100270004C58000054613D2532753A2530327520C6
:10028000730054643D2532753A2530327520730071
:10029000546D6F643D253375732020004E3D25322B
:1002A0007520202020202000493D25356C755B41BC
:1002B00020200000496D696E3D25356C755B41203D
:1002C0002000466D696E3D25336C75487A00466D99
:1002D00061783D25336C75487A00463D25346C7550
:1002E000487A20200000463D25346C75487A20204D
:1002F000000050576D61782025336C7525637300BD
:1003000050576D696E2025336C7525637300505707
:100310002B3D2025346C75256373000050572D3D0F
:100320002025346C752563730000496D696E3D2589
:10033000356C755B41202000463D25346C75487A4C
:1003400020200000463D25346C75487A20200000AE
:1003500050572B3D2025346C752563730000505792
:100360002D3D2025346C75256373000050573D25C5
:10037000344C55205B7300004E503D25346C7500A5
:1003800053503D253475206D73004E423D25347524
:10039000000053423D25346C75206D7300004E54AF
:1003A0003D253475000053543D25347520730000FD
:1003B00049203D25354C55205B41000054613D25C9
:1003C00032753A25303275207300202020202020FD
:1003D000204620202025334C55487A00466D696E12
:1003E000202025336C75487A20466D6178202025C1
:1003F000336C75487A0050572B2025334C552563B4
:10040000730050572D2025334C55256373005057EA
:100410006D696E2025334C552563730050576D610F
:10042000782025334C552563730025354C55206FB6
:10043000686D000025354C55206D5600546120250F
:1004400032753A25303275005464202532753A25CC
:10045000303275002020204E202532750000505784
:10046000203D20256C75205B73002020202020205B
:100470002020000049613D25356C75205B4100005E
:1004800020202020202020202020200049703D25F1
:10049000356C75205B41000020202020202020208A
:1004A0002020200049623D25356C75205B4100000D
:1004B00020202020202020202020200049633D25CE
:1004C000356C75205B41000020202020202020205A
:1004D0002020200025354C55205B410025354C550A
:1004E000206D560025354C55206F686D0000517504
:1004F0006564616E20254C7520736567756E646F49
:100500007300253275206820253275206D696E20B4
:10051000000020202020202020202020202020201B
:1005200020202020202020202020202020202020CB
:1005300020200000563A202530344C64206D56208F
:10054000493A202530344C64206D41204261743A90
:100550002025752025250000A4AAFED70F0122CF53
:1005600033F01DCF01F033A202D02299228900017D
:100570000BEF03F009017091036A6F51090FE96EE7
:10058000070E0320EA6EEF500601F45D25E024E338
:100590000501FA51050819E1FB2D17D0036A09017D
:1005A0006F51090FE96E070E0320EA6E020EEF2469
:1005B0000601F45D04E10901708103D0060109011F
:1005C00070910701089306D00501070108930901FE
:1005D0007091070116D00601036A09016F51090FD6
:1005E000E96E070E0320EA6EEF500601F45D06E2A5
:1005F000070108830901709103D006010901708188
:100600000701000E090170B1010E016E000138EF03
:1006100003F05480A1D701C0F8F60601F4530EE1AF
:10062000F85114080AE3F451F42B036AFA0FE96E47
:10063000050E0320EA6EF8C6EFFF31D0F451F42B1B
:10064000036AFA0FE96E050E0320EA6EF8C6EFFFA3
:10065000F451010824E2F8510D0802E0F7A51FD07B
:10066000F785F8510A0817E1FAC56FF9000182D73A
:10067000015205E058880601F46B0BD00001070118
:1006800008B304D00601F46B5490070108935898FE
:100690000601F79504D0F8510D0801E0F795A49AEA
:1006A000000160EF00F009016F530EE001010953F2
:1006B00002E10A5307E00C0E6E6EC66BC56BC46B8D
:1006C000C36B568608D009016E6A56960101C66B47
:1006D000C56BC46BC36B0001120056A62CD0010E73
:1006E0000101C327D8B0C42BD8B4C52BD8B4C62BAE
:1006F000CA51C65D0CE317E1C951C55D08E313E1BA
:10070000C851C45D04E30FE1C351C75D0CE3C65398
:100710000AE1C55308E1C45112080EE2FF0A03E1E1
:10072000C351880809E2C66BC56BC46BC36B090172
:100730006F6B0001B8DF010156B80FD1010E93278E
:10074000D8B0942BD8B4952BD8B4962B010E8F2704
:10075000D8B0902BD8B4912BD8B4922B010EBF27D0
:10076000D8B0C02BD8B4C12BD8B4C22B010EB3273C
:10077000D8B0B42BD8B4B52BD8B4B62BCE51B65D07
:100780002AE30BE1CD51B55D26E307E1CC51B45D21
:1007900022E303E1CB51B35D1EE3B66BB56BB46BE3
:1007A000B36B070108B10DD081BC0BD00101CE6B3A
:1007B000CD6BCC6B640ECB6FF40E986E8F760BD036
:1007C000070108A102D081AC00D00101CE6BCD6B36
:1007D000CC6B0A0ECB6FC2530AE1C15308E1C05182
:1007E0000A080AE2FF0A03E1BF51B80805E2C26B3A
:1007F000C16BC06BBF6B569200016B5179080BE067
:100800006B51830808E06B518D0805E06B51B5080A
:1008100002E0875320E0010E01019727D8B0982B02
:10082000D8B4992BD8B49A2B9A530AE1995308E17A
:1008300098510A080FE2FF0A03E19751B8080AE24B
:100840009A6B996B986B976B54AA02D056BA02D0E8
:100850005188518C000187530CE158BC0AD058BE16
:1008600008D00601F7A102D0000103D04FAA76D02C
:1008700000016453D8A402D0060170D058BE04D041
:100880000601F7A157D000014FAA07D0030E0101BE
:100890008C6FE40E8B6F3BD00001000E4FB8010E41
:1008A000006ED89000360050036A130FE96E010EF7
:1008B0000320EA6EECCF70F9ED52EFCF6FF909012A
:1008C000705320E16F5103081DE3000E4FB8010E75
:1008D000006ED89000360050036A130FE96E010EC7
:1008E0000320EA6EECCF70F9ED52EFCF6FF96F5342
:1008F00002E1705307E0030E01018C6FCA0E8B6F8B
:1009000006D00901030E01018C6FE10E8B6F92532B
:1009100009E1915307E18C51905D0AE303E18B51AA
:100920008F5D06E34E82926B916B906B8F6B518C57
:1009300014D00601010192530AE1915308E190514C
:1009400002080BE2FF0A03E18F51E00806E24E8243
:10095000926B916B906B8F6B518C0601BA9A000170
:1009600060EF00F0000E81B2010E016EDFEF04F0C7
:1009700009016FC9E9FF70C9EAFFECCF74F9ED52C4
:10098000EFCF73F9D8907335026E743570C9EAFFF2
:100990006FC9E9FFEC6EED5202C0EFFF6FC971F94C
:1009A00070C972F970C903F06FC9E9FF70C9EAFF35
:1009B000ECCF74F9ED52EFCF73F90001D3D70901F1
:1009C0007351011074C903F072C9EAFF71C9E9FFDC
:1009D00074C9ECFFED52EF6E000112000901716B5A
:1009E00070C903F06FC9E9FF70C9EAFFECCF73F972
:1009F000ED52EFCF72F9C00E72130F0E73137251D6
:100A0000C0080BE1733D09D0010E716F6FC9E9FF9A
:100A100070C9EAFFEC68ED52EF6871C901F000019E
:100A200024EF05F0692B69510F0824E3010E090139
:100A3000706F070E6F6F00019BDF010E0901706F71
:100A4000070E6F6F0001CAD74E9401B04E844EA4BA
:100A500010D04EA603D0010E6A6F02D0020E6A6F4C
:100A6000010108690769B99CF090F086F19A5180FC
:100A7000000108D0696B010108690769B99CF0861B
:100A8000F19A0001BA9C60EF00F08E0E006E79C9F9
:100A900001F078C902F0036A015209E102C001F0D5
:100AA000026A080E005E015202E1006A08D0D89086
:100AB00001BE04D0023601360006F9D7019E1200AD
:100AC00009017851D8B471D0006E7C51D8B46DD082
:100AD000002604E3810E002668E204D07F0E005E4B
:100AE00064E363E079C980F97D51801B798F7D8F44
:100AF0007B517F03F4CF82F97A517E03F4CF03F068
:100B0000F3CF81F97F03F3508227F4508123000E45
:100B100003227B517E03F3508227F4508123000E81
:100B2000026A0322022279517F03F3508127F45095
:100B30000322000E022279517E03F3500326F45063
:100B40000222000E016A01227B517D03F3508127AE
:100B5000F4500322000E022201227A517D03F35049
:100B60000326F4500222000E012279517D03F35036
:100B70000226F4500122002A01BE05D08137033637
:100B8000023601360006000E81AF0AD0032A022287
:100B90000122015005E1025003E1035001E1002A66
:100BA00080BF018E80AF019E04D0006A016A026A94
:100BB000036A000112008E0E006E09017851005E7A
:100BC00079C902F07AC901F0028E005209E0D8908A
:100BD000025202E1015204E002320132002EF7D744
:100BE00079AF05D0011E021E012AD8B4022A0001E5
:100BF00012000901755341E00101095302E10A5352
:100C00003AE00AC179F909C178F900013EDF03C071
:100C10007BF902C07AF901C079F900C078F90901BD
:100C20007F6B7E6B100E7D6F810E7C6F000148DF45
:100C300003C07BF902C07AF901C079F900C078F9E4
:100C4000BADF02C077F901C076F977C902F076C938
:100C500001F00232013202320132023201C06FFF72
:100C600002320230300B006E6E50CF0B00106E6EF1
:100C70000C0E6E6E010103D009016E6A01010001C4
:100C80001200090EEA6E790EE96EEF500EE0140EB6
:100C9000016E006A002EFED7012EFBD7BF0E006E3C
:100CA000002EFED700D0EF2EF2D712008B948B844B
:100CB0000901786B010E776F7851765D0FE303E1E0
:100CC0007751755D0BE3010E796F0001DADF8B94CC
:100CD0008B840901772BD8B4782BEED70001120052
:100CE000F298F2926B51790814E06B51830811E08D
:100CF0006B518D080EE06B51B5080BE06B517B0812
:100D000008E06B518F0805E06B51B70802E087538C
:100D10003EE0000E4FB8010E006ED8900036005035
:100D2000036A130FE96E010E0320EA6EECCF76F929
:100D3000ED52EFCF75F9090175530BE1765309E1D7
:100D400000016B517908D8B402D0090102D04FA834
:100D50000CD001017F530DE180530BE100016B5179
:100D60008308D8B402D0010104D00601F79B04D057
:100D700001010601F78B578656B207D057B405D04C
:100D8000050E00016A6F5784060142D0000181B050
:100D90003AD04EB005D0010E0901756F000129DF70
:100DA0000901766B010E756F000180DF01015B2B7D
:100DB000D8B45C2B5C51020811E2FF0A03E15B51DD
:100DC000E8080CE24EA005D04E9000016B6B03D0FA
:100DD00001014E80000117D015D001014EB011D095
:100DE000000187530FE16B6B0101AA6BA96B74C102
:100DF000A8F173C1A7F1746B736B766B756B4F8C35
:100E0000518C0001C4D70901756B0001F2DE0601A7
:100E100001015C6B5B6BF292F288F19CF292000133
:100E2000BBEF00F081A403D04E864E9802D04E96C0
:100E30004E88696B010E0901706F070E6F6F00011C
:100E400097DDF096B98CF09060EF00F0F09AF09496
:100E50000101D66BD56BD46BD36BB36AB26AA08237
:100E600085BC09D09A6B996B986B976B030E000148
:100E70006A6F34D0010185BA09D09A6B996B986B6F
:100E8000976B040E00016A6F29D001019A6B996B70
:100E9000986B976B85B605D0010E00016A6F1ED066
:100EA000010185B405D0020E00016A6F17D001015F
:100EB00085A802D084B20BD056B208D0050E00012E
:100EC0006A6F0101C26BC16BC06BBF6B06D0519ED4
:100ED000F094F08AF196A092A1920001F09460EF54
:100EE00000F0B36AB26A010E0101D327D8B0D42B47
:100EF000D8B4D52BD8B4D62BD65307E1D55305E1BA
:100F0000D45303E1D3510B0803E2518EA092A19276
:100F1000A192000160EF00F0F29681CF6EF0F290A6
:100F20006EBD0CD081A804D04EB002D04E8C05D03E
:100F300081BA02D04E8A01D0F28601D0F286F290B8
:100F400060EF00F0253033752079202530337500AF
:100F50008B948B841200FCDF0801DA6BD96BDA51B9
:100F6000D85D0CE303E1D951D75D08E3050E006EAF
:100F7000002EFED7D92BD8B4DA2BF1D700011200FE
:100F8000F2CFD7F8F29E636AD6C862FF7F9C7F9E3D
:100F90007F8061500801D7BFF28E010FD86FF250E9
:100FA000006EF29E636AD6C862FFD8C861FF7F9C5C
:100FB0007F9E7F840F01550E7E6EAA0E7E6E7F820D
:100FC0000050F2127FB2FED77F940801D86B640EF6
:100FD000D76F0001C0DF0501E6510801D625D76FA4
:100FE0000501E6510801D625D86FF2CFD9F8F29E57
:100FF000636AD8C862FF7F9C7F9E7F806150D9BFA3
:10100000F28E010FD86FF250006EF29E636AD7C85D
:1010100062FFD8C861FF7F9C7F9E7F840F01550EC1
:101020007E6EAA0E7E6E7F820050F2127FB2FED7D5
:101030007F940801D86B640ED76F00018CDF12001B
:101040000801E751070B006EE731016E01320132F2
:101050001F0E01160150E925E96E000EEA21EA6E25
:10106000016A012A002A01D00136002EFDD7E8537B
:1010700003E00150EF1203D0011E0150EF160001F2
:1010800012000801E55302E1000E01D0010EE6C88E
:10109000E7F8E86F0F0EEA6F890EE96F0001D0DF05
:1010A000E6C8E7F80801E86B0F0EEA6F920EE96FE9
:1010B0000001C6DF12000801D26BD251130812E3FF
:1010C000036AD251270FE96E070E0320EA6EEF6A1A
:1010D000036AD2513B0FE96E070E0320EA6EEF6AF6
:1010E000D22BEBD707014F6B506B516B00011200F5
:1010F000F2CFDEF8F29EDDC863FFDCC862FF7F9CA2
:101100007F9E7F8061500801DEBFF28E016E00017C
:101110001200F2CFDEF8F29EDDC863FFDCC862FF8A
:101120007F9C7F9E7F8061500801DEBFF28EDF6F63
:10113000010EDC25E06F000EDD21E16FF2CFE2F859
:10114000F29EE1C863FFE0C862FF7F9C7F9E7F80C4
:101150006150E2BFF28EE06FDFC803F0E051016E34
:101160000350026E000112000801DD6BF250006EA8
:10117000F29EDBC863FFDAC862FFDCC861FF7F9CB8
:101180007F9E7F840F01550E7E6EAA0E7E6E7F823B
:101190000050F2127FB2FED77F941B6AF2BE1B8E04
:1011A000F29E050E0901796F00016BDD1BBEF28E08
:1011B0000801DDC801F0000112000801DF6BDEC884
:1011C000E0F8F250006EF29EDCC863FFDBC862FFFD
:1011D000E0C861FF7F9C7F9E7F840F01550E7E6E6D
:1011E000AA0E7E6E7F820050F2127FB2FED77F94ED
:1011F0001B6AF2BE1B8EF29E050E0901796F00017B
:1012000040DD1BBEF28E010E0801DB25E06F000EF3
:10121000DC21E16FDDC8E2F8F250006EF29EE1C819
:1012200063FFE0C862FFE2C861FF7F9C7F9E7F840E
:101230000F01550E7E6EAA0E7E6E7F820050F21256
:101240007FB2FED77F941B6AF2BE1B8EF29E050E04
:101250000901796F000115DD1BBEF28E0801DFC8A0
:1012600001F000011200030E0801DD6FED0EDC6FCE
:1012700000013EDF01C07BF0030E0801DD6FEE0EC2
:10128000DC6F000135DF01C07CF0030E0801DD6F6B
:10129000EF0EDC6F00013DDF02C00AF101C009F171
:1012A000030E0801DD6FF10EDC6F000121DF01C0CC
:1012B0008BF07B3D2ED0280E7B6F7C6F01010A6B7B
:1012C000096B00018B6B030E0801DB6FED0EDA6F0B
:1012D0007BC0DCF8000148DF030E0801DB6FEE0E77
:1012E000DA6F7CC0DCF800013FDF030E0801DC6F21
:1012F000EF0EDB6F0AC1DEF809C1DDF800015DDF2A
:10130000030E0801DB6FF10EDA6F8BC0DCF8000111
:101310002BDF17EFD5F0200E956E8C9E956E8C8688
:10132000956E8C8EA2EFD5F068C96BF909016D6BD3
:101330006E6B6C6B6D6B6E6B6A5068C96AFF683060
:10134000FEE367C96BF96E6B6C6B6D6B6E6B6A500D
:1013500067C96AFF6830FEE366C96AF96B6B6C6B3C
:101360006D6B6A5066C96AFF6830FEE30001CDEF1D
:1013700009F0A20E676E688C200E956E8C9E6A50E6
:10138000030E6A6E6830FEE364C969F963C968F9DF
:1013900062C967F961C966F9C7D76A506A6A683075
:1013A000FEE36ACF65F9200E956E8C8E090165C942
:1013B00001F000011200D8B204D0090EEA6E180E36
:1013C000E96E006A016A026A036A0901186B196B07
:1013D0001A6B1B6B17511611151114112CE0200EEE
:1013E0001C6FD89010371137123713371837193749
:1013F0001A371B3717511B5D08E116511A5D05E1BD
:101400001551195D02E11451185D0FE31451185F75
:101410001551D8A0153D195F1651D8A0163D1A5F79
:101420001751D8A0173D1B5FD88000360136023611
:1014300003361C2FD6D718C9EFFF19C9ECFF1AC9FC
:10144000ECFF1BC9ECFF000112000901606B616B2E
:10145000010E626FDA6AD96A090E656F580E646F01
:10146000090EEA6E5C0EE96E65C9E2FF64C9E1FF30
:1014700062C963F9D890E550EE02F3506023F4504E
:101480006123632FF7D760C9DEFF61C960F9616B23
:10149000D8B0612B642BD8B4652B622B6251050840
:1014A000DFE100011200B60E006E036A026A016AF3
:1014B0000801E851E911EA11EB1102E1006A0DD0CF
:1014C000D89001BE09D0E837E937EA37EB37033661
:1014D00002360136002EF4D7019E000112000901E8
:1014E0002351D8B4A5D02F6F2751D8B4A1D02F5FE6
:1014F00005E37F0E2F27D8B09BD006D0810E2F5F3B
:10150000D8A096D0D8B494D02FC900F0016A026A4E
:10151000036A2E6B24C92DF92D8F25C92CF926C9F4
:101520002BF9190E2F6F2A512B5F0DE2010E2C5F44
:101530000AE22D5F08E22E5F06E22E2B2D2B2C2BCC
:101540002A512B2728D029512C5F12E2010E2D5F42
:101550000FE22E5F0DE22E2B2D2B29512C272A5125
:101560002B2719E32C2B17E12D2B15E12E2B13D054
:10157000285180092D5F0EE2010E2E5F0BE22E2B0B
:10158000285180092D2729512C27E9E32D2BE7E14C
:101590002E2BE5D703802F2F01D00BD0D8902B37DF
:1015A0002C372D372E37D890033602360136303798
:1015B000BAD730A106D0D89001320232033230338C
:1015C00002D0000635E030BF1ED0D8902B372C3724
:1015D0002D372E372A512B5F07E2010E2C5F04E2D4
:1015E0002D5F02E22E5F1AE329512C5F05E2010E06
:1015F0002D5F02E22E5F12E3285180092D5F03E286
:10160000010E2E5F0BE3032A09E1022A07E1012AFA
:1016100005E1002A0DE001320232033224C92FF91C
:1016200028512F1B2FAF02D0018E06D0019E04D06F
:10163000006A016A026A036A000112000801CE53BF
:1016400016E00C0E6E6E380E6F6E6E50CF0B1009DA
:101650006E6E0101CA6BC96B070EC86FD00EC76FE3
:10166000C66BC56BC46BC36B568604D008016E6A2B
:1016700056960101000112000801CE6BCE510208FE
:1016800020E38B801B6AF2BE1B8EF29E0901766BF3
:10169000FA0E756F000156EC06F01BBEF28E8B90B1
:1016A0001B6AF2BE1B8EF29E0901766BFA0E756FF5
:1016B000000156EC06F01BBEF28E04000801CE2B92
:1016C000DDD70001120009010A510C03F3CF01F02C
:1016D000F4CF00F00D03F35000260B510C03F35030
:1016E0000020026E0001120033DCB00E676E3F0E68
:1016F00068168394090159A1839059B18380A19AF6
:10170000679E5AC96AFFA1AAFED78384000112000E
:10171000B00E676E3F0E68160901596B300E5A6F96
:101720000001E2DF0901596B750E5A6F0001DCDF21
:10173000010E0901596F100E5A6F0001D5DF010E1D
:101740000901596F9F0E5A6F0001CEDF0901596BD5
:10175000150E5A6F0001C8DF010E0901596F050E01
:101760005A6F0001C1DF010E0901596F540E5A6F03
:101770000001BADF0901596B5C0E5A6F0001B4DF3A
:10178000100E0901006F00519E081BE3050E016F4A
:101790000151530814E3010E596F5A6B0001A4DF85
:1017A000010E0901596F5A6B00019EDF010E0901FC
:1017B000596F5A6B000198DF0901012BE9D7002B03
:1017C000E2D7596B250E5A6F00018EDF5780120049
:1017D00055C964F954C963F953C962F952C961F929
:1017E000C8DD01C05AF9010E090152255D6F000ED6
:1017F00053215E6F000E54215F6F000E5521606F04
:10180000646F5FC963F95EC962F95DC961F900017E
:10181000B0DD01C05BF9020E090152255D6F000EBB
:1018200053215E6F000E54215F6F000E5521606FD3
:10183000646F5FC963F95EC962F95DC961F900014E
:1018400098DD01C05CF90901596B5AC958F95BC9A7
:1018500057F95CC956F956C900F057C901F058C983
:1018600002F059C903F000011200B00E676E3F0E7E
:1018700068160501F96BF86BF76BF66B09015851A7
:10188000000A000108E0010A32E0030A5DE0010AF3
:10189000D8B487D0B4D00901646B636B626B616BA1
:1018A000000167DD01C059F90901646B636B626B6C
:1018B000010E616F00015DDD01C05AF90901646B21
:1018C000636B626B020E616F000153DD0501F96B02
:1018D00059C9F8F55AC9F7F501C0F6F5080EEE6FCB
:1018E000030EEF6F080EEC6F020EED6FB3D009011F
:1018F000646B636B626B030E616F00013ADD01C0C4
:1019000059F90901646B636B626B040E616F00012E
:1019100030DD01C05AF90901646B636B626B050E1F
:10192000616F000126DD0501F96B59C9F8F55AC947
:10193000F7F501C0F6F5080EEE6F030EEF6F080E17
:10194000EC6F020EED6F86D00901646B636B626B06
:10195000060E616F00010DDD01C059F90901646BCC
:10196000636B626B070E616F000103DD01C05AF902
:101970000901646B636B626B080E616F0001F9DC37
:101980000501F96B59C9F8F55AC9F7F501C0F6F523
:10199000100EEE6F040EEF6F100EEC6F020EED6F77
:1019A00059D00901646B636B626B090E616F0001B2
:1019B000E0DC01C059F90901646B636B626B0A0ECC
:1019C000616F0001D6DC01C05AF90901646B636BD9
:1019D000626B0B0E616F0001CCDC0501F96B59C91C
:1019E000F8F55AC9F7F501C0F6F54B0EEE6F640E27
:1019F000EF6F180EEC6F070EED6F2CD00001090190
:101A0000646B636B626B616B0001B3DC01C059F9FD
:101A10000901646B636B626B010E616F0001A9DCED
:101A200001C05AF90901646B636B626B020E616F4E
:101A300000019FDC0501F96B59C9F8F55AC9F7F5A2
:101A400001C0F6F5080EEE6F030EEF6F080EEC6F97
:101A5000020EED6F00013AEF0DF0B00E676E3F0E13
:101A60006816050E09014F27100E502751C958F965
:101A70000001FBD609014E51C00BC00809E1600E00
:101A80004E5D0501F06FF16BF26BF36B08D009014D
:101A9000200E4E5D0501F06FF16BF26BF36B0901E7
:101AA0005151030819E1F3C55BF9F2C55AF9F1C5C3
:101AB00059F9F0C558F95F6B5E6B5D6BEEC55CF96B
:101AC0000001C3DC03C0F3F502C0F2F501C0F1F57B
:101AD00000C0F0F510D009010501EF510901586F60
:101AE00009E0D8900501F037F137F237F3370901F3
:101AF000582FF7D700010501F651F027F751F123D0
:101B0000F851F223F951F3230901596B300E5A6F42
:101B10000001EADD0901596B750E5A6F0001E4DD21
:101B2000010E0901596F50C95AF90001DDDD0501A7
:101B3000EC5109015025586F010E596F58C95AF9D7
:101B40000001D2DD0901596B150E5A6F0001CCDD81
:101B5000010E0901596F4FC95AF90001C5DD050190
:101B6000ED5109014F25586F010E596F58C95AF9A7
:101B70000001BADD0901596B5C0E5A6F0001B4DD3A
:101B80000501EE51F02502013F6F000E0501F12124
:101B90000201406F000E0501F2210201416F000EAB
:101BA0000501F3210201426FF3C557F9F2C556F959
:101BB000F1C555F9F0C554F9090157510201425DCB
:101BC000D8A06ED015E1090156510201415DD8A09F
:101BD00067D00EE1090155510201405D61E308E162
:101BE0003F510901545DD8A002D0020159D0020131
:101BF00057C964F956C963F955C962F954C961F9FD
:101C00000001B9EC09F001C0F4F50501F56BF551DF
:101C1000070829E3F451800B11E10901535307E050
:101C2000010E596F5A6900015FDD06D00901010EEE
:101C3000596F5A6B000158DD11D00501090153534A
:101C400007E0010E596F5A6B00014EDD07D0090104
:101C5000010E596F52C95AF9000146DDD8900501AD
:101C6000F437F52BD4D70901515103080FE0535332
:101C700007E0010E596F5A69000136DD06D00901EF
:101C8000010E596F5A6B00012FDD0901010E542717
:101C9000D8B0552BD8B4562BD8B4572B8ED70201B9
:101CA0000901596B250E5A6F00011EDD1200B00E9E
:101CB000676E3F0E68160901086B120E0501E825D4
:101CC00009014D6F000E0501E92109014E6F000E5B
:101CD0000501EA2109014F6F000E0501EB21090101
:101CE000506FD8900235026E0335036E02C000F0CB
:101CF000016E026A036A00504D2701504E230250C4
:101D00004F230350502302514D253B6F03514E2169
:101D10003C6F000E4F213D6F000E50213E6F3EC9BB
:101D200055F93DC954F93CC953F93BC952F9000171
:101D30004FDD03C042F902C041F901C040F900C0C3
:101D40003FF9030E09013B254D6F000E3C214E6FFC
:101D5000000E3D214F6F000E3E21506F556F4FC951
:101D600054F94EC953F94DC952F9000131DD03C090
:101D700046F902C045F901C044F900C043F9090120
:101D80003F51435D476F40514459486F42C94CF938
:101D900041C94BF940C94AF93FC949F94C51465D1F
:101DA00032E30BE14B51455D2EE307E14A51445DBF
:101DB0002AE303E14351495D26E20851082B036AF7
:101DC000090F016E090E032201C04DF903C04EF93F
:101DD0004CC964F94BC963F94AC962F949C961F947
:101DE0000001B9EC09F04EC9EAFF4DC9E9FF01C095
:101DF000EFFF010E09014927D8B04A2BD8B44B2B6D
:101E0000D8B44C2BCBD7086B485303E14751085D3E
:101E100026E20851082B036A090FE96E090E032018
:101E2000EA6EEFCF4EF904C94FF905C950F906C95A
:101E300051F9526907C953F900010FDE0901065330
:101E400003E00651030805E10501ED5109010427EE
:101E500005D0010E0501ED2509010427D5D70001A4
:101E60001200B00E676E3F0E681609010F6B0F511E
:101E70000925E96E000E0A21EA6EEF5025E00F51A8
:101E80000F2B0925E96E000E0A21EA6EEFCF4EF9FD
:101E90000BC94FF90CC950F90DC951F952690EC956
:101EA00053F90001DADD09010D5303E00D51030878
:101EB00005E10501ED5109010B2705D0010E0501D2
:101EC000ED2509010B27D3D70001120009010A51A2
:101ED000016A095D03E209C900F00CD0006A080E2E
:101EE0000B6F093700360A51005CD8B0006E01361E
:101EF0000B2FF7D700011200C1C8EAFFC0C8E9FFE5
:101F0000090110C9EFFFE92AD8B4EA2AEF6A0801EB
:101F1000C02BD8B4C12B00011200015007C909F928
:101F2000640E09010A6F0001D1DF00C007F90150FA
:101F3000300E08E1090108A30FD008B70DD008B989
:101F4000200E04D00901089708990881012601C0D4
:101F500010F90001D1DF090107C909F90A0E0A6F5A
:101F60000001B4DF00C007F90150300E08E109019B
:101F700008B70AD008A108D008B9200E0001012630
:101F800001C010F9B9DF0901300E072707C910F9A0
:101F90000001B2DF1200B00E676E3F0E6816050E2C
:101FA00009010B27100E0C27596B300E5A6F0001D8
:101FB00074EC0BF00901596B750E5A6F000174EC4B
:101FC0000BF0010E0901596F0CC95AF9000174ECAC
:101FD0000BF0100E09010C25FF0F186F010E596F41
:101FE00018C95AF9000174EC0BF00901596B150E70
:101FF0005A6F000174EC0BF0010E0901596F0BC907
:102000005AF9000174EC0BF0050E09010B25186F4D
:10201000010E596F18C95AF9000174EC0BF009014F
:10202000596B5C0E5A6F000174EC0BF00901646B84
:10203000636B626B0C0E616F0001B9EC09F001C0BB
:1020400018F90901646B636B626B0D0E616F00011F
:10205000B9EC09F001C019F90901646B636B626B9B
:102060000E0E616F0001B9EC09F00901126B18C97D
:1020700011F919C910F901C00FF91B6B1A6B196B13
:102080000A35006E1935016E1A35026E1B35036E66
:102090000036013602360336003601360236033684
:1020A0000036013602360336003601360236033674
:1020B000E00E001600500F2701501023025011238C
:1020C00003501223136B12C917F911C916F910C95D
:1020D00015F90FC914F9200E0F25006E000E1021FE
:1020E000016E000E1121026E000E1221036E1751B7
:1020F000035C54E30BE11651025C50E307E1155118
:10210000015C4CE303E10050145D48E217C964F937
:1021100016C963F915C962F914C961F90001B9EC6E
:1021200009F001C00EF90501F56BF551070819E337
:1021300009010E51800B08E1010E596F5A6B000125
:1021400074EC0BF008D00901010E596F0DC95AF952
:10215000000174EC0BF0D89009010E370501F52B46
:10216000E4D7090113A110D013530EE0010E596FEB
:102170005A6B000174EC0BF0010E0901596F5A6B98
:10218000000174EC0BF00901132B010E1427D8B0D9
:10219000152BD8B4162BD8B4172B9DD7596B250EF9
:1021A0005A6F000174EC0BF0E4EF10F0B00E676EA4
:1021B0003F0E681607C90AF908C90BF909C90CF9D5
:1021C00009010D690001E7D61200090E0901076F28
:1021D0004A0E086F5A0E096F0001E8DF1200140E54
:1021E0000901076F4A0E086F5A0E096F0001DEDF02
:1021F00022EF12F0080E0901076F4A0E086F140E45
:10220000096F0001D3DF1200140E0901076F4A0E97
:10221000086F140E096F0001C9DF1200120E0901C8
:10222000076F4A0E086F5A0E096F0001BFDF5CEF9F
:1022300012F01B6AF2BE1B8EF29E0901796B6FC011
:1022400078F9000145EC05F01BBEF28E03C00AF9D7
:1022500002C009F901C008F900C007F91B6AF2BE03
:102260001B8EF29E0901796B70C078F9000145EC74
:1022700005F01BBEF28E0AC926F909C925F908C95D
:1022800024F907C923F903C02AF902C029F901C0BA
:1022900028F900C027F96FEC0AF003C00AF902C060
:1022A00009F901C008F900C007F91B6AF2BE1B8ECC
:1022B000F29E03C07BF902C07AF901C079F900C02F
:1022C00078F909017F6B7E6B480E7D6F850E7C6F00
:1022D000000160EC05F01BBEF28E1B6AF2BE1B8E85
:1022E000F29E03C07BF902C07AF901C079F900C0FF
:1022F00078F9DBEC05F01BBEF28E01C000F9090194
:102300000051630802E2640E006F51A43ED051A652
:1023100015D0200E016F026F036F046F056F066BFF
:10232000090E0A6F010E096F450E0B6F040E0C6F3C
:102330000D6B00C90EF9000194DD090151B624D0DE
:10234000010E0801C16FDB0EC06F00C907F9130E43
:102350000901086F0001E1DD200E0901106F000185
:10236000CBDD250E0901106F0001C6DD010E09014C
:102370000A6FDB0E096F450E0B6F040E0C6F0D6BB1
:102380000E6B00016EDD090124D0010E0801C16F42
:10239000DB0EC06F00C907F9130E0901086F0001B9
:1023A000BCDD200E0901106F0001A6DD250E09011C
:1023B000106F0001A1DD010E09010A6FDB0E096F2C
:1023C000450E0B6F040E0C6F0D6B0E6B000149DD9B
:1023D0000901420E00018F6F0901005109080BE24B
:1023E000400E00018F6F09010051630804E23E0EA8
:1023F00000018F6F09010101095307E10A5305E14B
:10240000170E00018D6F0ED001010A5308E109512A
:10241000310805E3160E00018D6F04D00101150E81
:1024200000018D6F8DC007F98FC008F90901096B94
:102430000001BCDE6B5163080AE3C7DE6B510A087A
:1024400001E1CDD6D7DE6B5301E1DEDE42D06B5128
:1024500079080AE06B517B0807E06B51830804E0C0
:102460006B51850801E0C6DE6B51780825E06B51A1
:10247000790822E06B517B081FE06B5182081CE059
:102480006B51830819E06B51850816E06B518C087D
:1024900013E06B518D0810E06B518E080DE06B510D
:1024A0008F080AE06B51B40807E06B51B50804E0EF
:1024B0006B51B70801E0B2D66B518C0809E06B5143
:1024C0008D0806E06B518E0803E06B518F0801E127
:1024D0007CDE1200B00E676E3F0E68160901086BB5
:1024E000120E0501E82509014D6F000E0501E921D5
:1024F00009014E6F000E0501EA2109014F6F000E20
:102500000501EB210901506FD8900135026E0235AB
:10251000036E02C000F0016E026A036A00504D278C
:1025200001504E2302504F230350502301514D259B
:102530003B6F02514E213C6F000E4F213D6F000E4C
:1025400050213E6F3EC955F93DC954F93CC953F974
:102550003BC952F90001E8EC0BF003C042F902C09C
:1025600041F901C040F900C03FF9030E09013B25C4
:102570004D6F000E3C214E6F000E3D214F6F000E3F
:102580003E21506F556F4FC954F94EC953F94DC98B
:1025900052F90001E8EC0BF003C046F902C045F91E
:1025A00001C044F900C043F909013F51435D476F41
:1025B00040514459486F42C94CF941C94BF940C98F
:1025C0004AF93FC949F94C51465D32E30BE14B51A1
:1025D000455D2EE307E14A51445D2AE303E143519F
:1025E000495D26E20851082B036A090F016E090EA6
:1025F000032201C04DF903C04EF94CC964F94BC91F
:1026000063F94AC962F949C961F90001B9EC09F0F5
:102610004EC9EAFF4DC9E9FF01C0EFFF010E0901F4
:102620004927D8B04A2BD8B44B2BD8B44C2BCBD796
:10263000086B485303E14751085D28E20851082B15
:10264000036A090FE96E090E0320EA6EEFCF4EF917
:1026500003C94FF904C950F905C951F906C952F91E
:1026600007C953F900012DEC0DF00901055303E0F2
:102670000551030805E10501ED510901032705D0C6
:10268000010E0501ED2509010327D3D70001120032
:1026900051ACE6D06C5302E14FAC17D04F9C88ECA4
:1026A0000BF00901036B100E026F046B056B020E39
:1026B000066F076B000157EC0EF0886B826B4F9E24
:1026C000BF6B0601F46B57940001B3DD0101A75302
:1026D0000AE1A85308E1A95306E1AA5304E1AA6B51
:1026E000A96BA86BA76BAA5307E1A95305E1A853EF
:1026F00003E1A751050805E2AA6BA96BA86B050EBB
:10270000A76FA75306E1A85304E1A95302E1AA5316
:1027100002E0000E01D0010E0801D96F0901036B20
:10272000180E026F070E046F190E056F066BD9C8DD
:1027300007F9000157EC0EF00101A72D06D0A853B0
:1027400004E1A95302E1AA5302E0000E01D0010EF8
:102750000801DA6F0901026B130E016F070E036F98
:10276000270E046F056B85C006F9DAC807F900016A
:10277000B1DE0101A751020806E1A85304E1A95303
:1027800002E1AA5302E0000E01D0010E0801DA6F47
:102790000901026B140E016F070E036F350E046FF3
:1027A000056B85C006F9DAC807F9000193DE01015F
:1027B000A751030806E1A85304E1A95302E1AA5373
:1027C00002E0000E01D0010E0801D96F0901036B70
:1027D000150E026F070E046F430E056F066BD9C806
:1027E00007F9000157EC0EF00101A751040806E1BA
:1027F000A85304E1A95302E1AA5302E0000E01D05C
:10280000010E0801D96F0901036B160E026F070E46
:10281000046F510E056F066BD9C807F9000157EC1C
:102820000EF00101A751050806E1A85304E1A953E0
:1028300002E1AA5302E0000E01D0010E0801D96F97
:102840000901036B110E026F070E046F5F0E056F17
:10285000066BD9C807F9000157EC0EF06BC06CF09D
:10286000519C000E016E1200200E0801DAA9300EF4
:10287000DB6FD9C800F0D9AF08D0001E002A00C015
:10288000D9F82D0EDB6FDA8FDA810150D9C809F93A
:10289000640E09010A6F000166EC0FF000C0D9F860
:1028A000300E01240801DC6FD9C809F90A0E0901AC
:1028B0000A6F000166EC0FF0300E00240801DE6F95
:1028C000300E0124DD6FDBC800F0300EDC5D04E06B
:1028D000DA83DABFDA8512D0DBC8DCF8200EDB6FD2
:1028E000300EDD5D04E0DA81DABFDA8307D0D8A4E8
:1028F000DA8104E1DCC8DDF8200EDC6FDAB505D042
:10290000DAB308D0DAB10BD00FD0DBC810F9000170
:102910007CEC0FF0DCC810F900017CEC0FF0DDC896
:1029200010F900017CEC0FF0DEC810F900017CEC1E
:102930000FF01200EACF0EF9E9CF0DF909010739BE
:10294000F009096F0927E20F0A6F320F0C6F075168
:102950000F0B0A270A270C27E90F0B6F0B270B27F2
:1029600006390F0B0B270C270B370C370C1F0C37B6
:1029700006510F0B0C270937070E086F0A0E0B07BD
:102980000C27FDE30A070B27FDE309070A27FDE3F0
:1029900008070927FDE3090EEA6E080EE96E070E27
:1029A0000D150D9DE926000EEA22E9500C0804E100
:1029B000EA50090801E10D8DEF50006E08E10DBDF0
:1029C00006D00DB916D00DB702D0200E03D00D875A
:1029D0000D99300E0026EACF07F9E9CF06F900C0BD
:1029E00010F900017CEC0FF007C9EAFF06C9E9FF06
:1029F0000901EE500DADD9D700011200C69E9E967A
:102A0000F9C8C9FF020EC6BE05D09EA6FED7000EAD
:102A1000C5BC010E016E1200C69CC586C5B6FED7A8
:102A200000B0C59A00A0C58AC588C5B8FED7C9CF71
:102A300001F01200C580C5B0FED7AA0E0801F96FDB
:102A40000001DCDF012C01D03CD0DAC8F9F8D6DF78
:102A5000D9C8F9F8D3DF0801F96B0001CFDFC584CD
:102A6000C5B4FED7C580C5B0FED7AA0E0801F96F60
:102A70000001C4DF0801F96B0001C0DFC582C5B2E7
:102A8000FED7AB0E0801F96F0001B8DF010E006E32
:102A9000C3DF0801DC6B01C0DBF8006A0001BCDFAA
:102AA0000801DE6B01C0DDF8C584C5B4FED7DDC802
:102AB000DEF8DD6BDD51DB13DE51DC13549E07D0F5
:102AC0000001430E0801DC6F210EDB6F548EDBC862
:102AD00001F0DCC802F000011200080E0801D96FF5
:102AE000DA6B0001A7DF02502AEF17F00900F6CFDA
:102AF00007F9F7CF08F9F8CF09F9F5CF10F97CEC11
:102B00000FF007C9F6FF08C9F7FF09C9F8FF090167
:102B1000062F01D002D00001E9D700011200080100
:102B2000DCBF12D00F0E006EDB3900160A0E005CFF
:102B300003E2300E002602D0DC51002600C010F95E
:102B400000017CEC0FF008010F0EDB170A0EDB5DB5
:102B500002E2300E02D0DC9FDC51DB27DBC810F92B
:102B600000017CEC0FF01200B00E676E3F0E68168D
:102B700009010A6B0A510325E96E000E0421EA6E71
:102B8000EF5027E00A510A2B0325E96E000E0421BD
:102B9000EA6EEFCF4EF905C94FF906C950F907C9DA
:102BA00051F908C952F909C953F900012DEC0DF08A
:102BB0000901075303E00751030805E10501ED5141
:102BC0000901052705D0010E0501ED25090105279D
:102BD000D1D7000112006C510A080EE088EC0BF00E
:102BE0000901036B1A0E026F046B056B020E066F70
:102BF000076B000157EC0EF051AC83D119EC11F0CA
:102C00000101AA5307E1A95305E1A85303E1A75124
:102C1000020805E2AA6BA96BA86B030EA76F090156
:102C2000036B1B0E026F040E046F1E0E056F010E68
:102C3000066F076B000157EC0EF0010E0801C16F23
:102C4000DB0EC06F7BC0D9F8130EDA6F00010CDE0B
:102C5000250E0901106F00017CEC0FF0200E090118
:102C6000106F00017CEC0FF00101A75306E1A8539F
:102C700004E1A95302E1AA5302E0000E01D0010EC3
:102C80000801DB6F010E09010A6FDB0E096F330EBD
:102C90000B6F1E0E0C6F010E0D6FDBC80EF90001DD
:102CA00031EC0FF00901036B1E0E026F040E046F6E
:102CB0002C0E056F010E066F076B000157EC0EF02E
:102CC000010E0801C16FDB0EC06F7CC0D9F8130E76
:102CD000DA6F0001C9DD250E0901106F00017CECDF
:102CE0000FF0200E0901106F00017CEC0FF00101C4
:102CF000A72D06D0A85304E1A95302E1AA5302E08C
:102D0000000E01D0010E0801DB6F010E09010A6FF0
:102D1000DB0E096F330E0B6F2C0E0C6F010E0D6F57
:102D2000DBC80EF9000131EC0FF00901036B1C0E3A
:102D3000026F040E046F3A0E056F010E066F076BEB
:102D4000000157EC0EF0010E0801C16FDB0EC06FE1
:102D5000020EE96E0AC107F909C106F90001EADDB0
:102D6000250E0901106F00017CEC0FF0200E090107
:102D7000106F00017CEC0FF00101A751020806E181
:102D8000A85304E1A95302E1AA5302E0000E01D0C6
:102D9000010E0801DB6F010E09010A6FDB0E096FDE
:102DA000330E0B6F3A0E0C6F010E0D6FDBC80EF970
:102DB000000131EC0FF00901036B1F0E026F040ECE
:102DC000046F480E056F010E066F076B000157EC8C
:102DD0000EF0930E8C6F8B5302E1920E8C6F0101FB
:102DE000A751030806E1A85304E1A95302E1AA533D
:102DF00002E0000E01D0010E0801DA6F0901036B39
:102E00008CC002F9330E046F480E056F010E066F79
:102E1000DAC807F9000157EC0EF009010A6B3F0E02
:102E2000096F150E0B6F620E0C6F020E0D6F0E6B9D
:102E3000000131EC0FF009010A6B340E096F2B0E03
:102E40000B6F620E0C6F020E0D6F0E6B000131ECFA
:102E50000FF043D602C0DAF801C0D9F8010E08011C
:102E6000C16FDB0EC06F5A0EF66E020EF76E000ECB
:102E7000F86E070E0901066F000138DE100EE96ECC
:102E80004BC007F94AC006F955DD640EF66E020E16
:102E9000F76E000EF86E030E0901066F000126DEC4
:102EA000100EE96E4DC007F94CC006F943DD6A0EFD
:102EB000F66E020EF76E000EF86E050E0901066F33
:102EC000000114DEDAC8DBF8370E0801DC6F000100
:102ED00026DED9C8DBF8370E0801DC6F00011FDEE3
:102EE000010E0901046FDB0E036F0F0E056F780EE4
:102EF000066F076B85C008F9096B000135DE6BC0F2
:102F00006CF0519C000E016E1200016A026A006AA8
:102F1000036A0901135102E1125118E0100E146FF7
:102F2000D89010371137003603361351035C02E195
:102F30001251005C07E31251005ED8A00306135142
:102F4000035ED88001360236142FEAD70001120042
:102F50001B6AF2BE1B8EF29E05C979F904C978F985
:102F600045EC05F01BBEF28E03C026F902C025F920
:102F700001C024F900C023F909012A6B296B700EE6
:102F8000286F840E276F00016FEC0AF003C00BF965
:102F900002C00AF901C009F900C008F91B6AF2BEB3
:102FA0001B8EF29E07C979F906C978F945EC05F040
:102FB0001BBEF28E03C026F902C025F901C024F918
:102FC00000C023F909012A6B296B700E286F840E4B
:102FD000276F00016FEC0AF003C00FF902C00EF971
:102FE00001C00DF900C00CF91B6AF2BE1B8EF29EE7
:102FF0000BC97BF90AC97AF909C979F908C978F9BD
:10300000DBEC05F01BBEF28E01C077F005C911F9AB
:1030100004C910F90901136B3C0E126F000175DF32
:1030200000C078F01B6AF2BE1B8EF29E0FC97BF9BE
:103030000EC97AF90DC979F90CC978F9DBEC05F0FC
:103040001BBEF28E01C079F007C911F906C910F94B
:103050000901136B3C0E126F000157DF00C07AF0BC
:10306000120087518811F30FD8B0C4D00D0F86EF2E
:1030700019F0010E0101646FF40E636F6C6B010EA9
:103080006B6F666FF40E656F6E6B010E6D6F686F20
:10309000F40E676F706B010E6F6F6A6B960E696F3F
:1030A000726B010E716F0001A5D0010E0101666FF8
:1030B000F40E656FD0C06EF1CFC06DF1010E686F78
:1030C000F40E676FD0C070F1CFC06FF1000192D0E5
:1030D000D2C064F1D1C063F101016C6B010E6B6F62
:1030E000686FF40E676FD2C070F1D1C06FF164C128
:1030F0006AF163C169F16A5303E16951950803E21A
:103100006A6B960E696F726B010E716F000172D05F
:10311000D4C064F1D3C063F101016C6B010E6B6F1D
:10312000D4C066F1D3C065F16E6B6D6F64C16AF196
:1031300063C169F16A5303E16951950803E26A6B5F
:10314000960E696F726B010E716F000153D0010E04
:103150000101666FF40E656FD6C06EF1D5C06DF1DA
:10316000010E686FF40E676FD6C070F1D5C06FF1B5
:10317000000140D0010E0101686FF40E676FD2C0EC
:1031800070F1D1C06FF1000135D0D2C064F1D1C06F
:1031900063F101016C6B010E6B6F64C16AF163C175
:1031A00069F16A5303E16951950803E26A6B960E6F
:1031B000696F726B010E716F00011CD0D4C066F193
:1031C000D3C065F1D0C06EF1CFC06DF113D0010E48
:1031D0000101686FF40E676FD2C070F1D1C06FF15A
:1031E000000108D0D4C066F1D3C065F1D6C06EF13D
:1031F000D5C06DF10801E86BE8510308D8A083D071
:10320000D890E835036ACF0FE96E000E0320EA6E0E
:10321000ECCFEAF8ED52EFCFE9F8D890E835036A41
:10322000630FE96E010E0320EA6EECCF03F0ED525E
:10323000EFCF01F00350EA5D24E303E10150E95DC3
:1032400020E3D890E835036ACF0F016E000E032209
:1032500003C0EAF8D890E835036A630FE96E010EFF
:103260000320EA6EECCF03F0ED52EFCFEBF8EAC8A3
:10327000EAFF01C0E9FF03C0ECFFED52EBC8EFFF2E
:1032800040D0D890E835036ACF0FE96E000E0320D6
:10329000EA6EECCFEAF8ED52EFCFE9F8D890E835D6
:1032A000036A6B0FE96E010E0320EA6EECCF03F0A8
:1032B000ED52EFCF01F0EA51035C23E303E1E95162
:1032C000015C1FE3D890E835036ACF0F016E000E52
:1032D000032203C0EAF8D890E835036A6B0FE96E61
:1032E000010E0320EA6EECCF03F0ED52EFCFEBF8C6
:1032F000EAC8EAFF01C0E9FF03C0ECFFED52EBC8EA
:10330000EFFFE82B79D7000181EF1CF0E824F76A82
:10331000F7362D0FF66E330EF722000EF86EFB6EA9
:103320000A00F550FA6E0800F550F96E7230AA30B6
:10333000D03074311031BC318A31F4314E31F43136
:10334000CE31F431E43109010D51B6080D6F036A35
:103350000EC911F90E8FD8900E330F33103303328C
:103360000232013200320D2FF6D711AF0BD0001E02
:10337000011E021E031E002AD8B4012AD8B4022A54
:10338000D8B4032A00011200800ED8A202D009018D
:10339000111B0901166B176B0DC915F91151151B7E
:1033A0000C51D8B4DFD0146F006E1051D8B4E3D0F4
:1033B000145FD8B483D03EE311C91AF91A8F12C929
:1033C00019F913C918F9176BD8901A331933183330
:1033D0001733142FF8D715AF03D01681E0D016910C
:1033E00014911689090EEA6E0F0EE96EEBD016994C
:1033F00015BF0AD014A113D01A3319331833173359
:10340000002AD8B4C7D00BD01ABF0CD0D890173729
:10341000183719371A370006D8B4BCD0F5D7168D2F
:103420006DD0169D0DC915F90DAF02D01A8FABD016
:103430001A9FA9D010C914F910C900F00C51145FDB
:103440000DC91AF91A8F0EC919F90FC918F9176B96
:10345000D8901A33193318331733142FF8D715AF00
:1034600003D016839CD016931491168B090EEA6E26
:10347000130EE96EA7D0169B15BF0AD014A113D066
:103480001A33193318331733002AD8B483D00BD02A
:103490001ABF0CD0D8901737183719371A370006CB
:1034A000D8B478D0F5D7168F29D0169F11C915F941
:1034B00011AF02D01A8F67D01A9F65D011C91AF9BF
:1034C0001A8F12C919F913C918F915AF04D01A9F28
:1034D000168565D01695176B1491090EEA6E0F0EBE
:1034E000E96E70D015BF1CD00DC915F914A106D016
:1034F0001A33193318331733002A4CE017AF0BD0A7
:10350000182B09E1192B07E11A2B05E11A3319339E
:103510001833002A3FE016BD84D716BFC6D71CD08B
:10352000800E1A1B1AAF04D03AD011C915F90AD06F
:103530000DC915F91A5306E1195304E1185302E1B4
:10354000006A21D01ABF08D0D8901737183719371A
:103550001A37002EF7D71ED015AF02D01A8F13D00E
:103560001A9F11D010C900F011C91AF912C919F91E
:1035700013C918F908D00CC900F00DC91AF90EC901
:1035800019F90FC918F91AC901F019C902F018C9B7
:1035900003F034D0006A016A026A036A2FD0176B05
:1035A000181F191F1A1F171F172B05E1182B03E1EE
:1035B000192B01E11A2B16B112D716B354D716B531
:1035C00089D7B3D7EF50182705E3192B03E11A2B3E
:1035D000D8B41481ED52EF50192703E31A2BD8B455
:1035E0001481ED52EF50EFBE01D0800A1A27D8B0F7
:1035F000148116B9FCD616BB3ED774D70001120051
:1036000009010B6B0A6B096B086B07530AE1065340
:1036100008E10551020824E2FF0A03E10451E7082A
:103620001FE2D89207C913F906C912F905C911F9A1
:1036300004C910F9176B166B030E156FE80E146FA3
:103640000001DBEC09F003C00BF902C00AF901C06C
:1036500009F900C008F96D0E0201356F0CD009019F
:1036600007C90BF906C90AF905C909F904C908F916
:103670005B0E0201356F08C900F009C901F00AC9E3
:1036800002F00BC903F000011200E9500901086FB4
:103690003B0E0F6F9A0E0E6FCA0E0D6F0C6B0A0E5B
:1036A0000A6FD882090EEA6E040EE96E07C913F993
:1036B00006C912F905C911F904C910F90FC917F99A
:1036C0000EC916F90DC915F90CC914F90001DBEC86
:1036D00009F00150005213E109010A51010AD8A46E
:1036E00002D000010CD008510CE00F0B0A5D01E084
:1036F00010E208BF0ED008BD04D0200E03D009018F
:10370000086B300E002600C010F900017CEC0FF0B1
:103710000901D8920FC913F90EC912F90DC911F98F
:103720000CC910F9176B166B156B0A0E146F00019C
:10373000DBEC09F003C00FF902C00EF901C00DF96E
:1037400000C00CF909010A2FACD70001120051ACDE
:10375000F2EF2AF00801D99100016C51280802E12A
:103760004FA025D06C51300805E00101326B010EED
:10377000316F000188EC0BF00901036B060E026F3C
:10378000046B056B020E066F076B000157EC0EF021
:10379000010EBF6F030ECE6F4F908251030800E100
:1037A0000101AE6BAD6BAC6B82C0ABF10001070EDB
:1037B000BF6FCD5302E1010EBF6FD8908235036A0F
:1037C000390FE96E010E0320EA6EECCFE9F8ED52F5
:1037D000EFCFE8F80801E951000814E2FF0A03E11D
:1037E000E85121080FE2D89000018235036A390FB1
:1037F000E96E010E0320EA6E010EEC6EED52220E10
:10380000EF6E08010101AA530CE1A9530AE1A85384
:1038100008E1A751010805E3AA6BA96BA86B010E8B
:10382000A76FAA5307E1A95305E1A85303E1A751E4
:103830000E0805E2AA6BA96BA86B0F0EA76F00011B
:103840008251030810E10101AA5307E1A95305E1E0
:10385000A85303E1A7510C0805E2AA6BA96BA86B5A
:103860000D0EA76F000119EC11F08251FC0F0EE252
:10387000040FF6EF2AF0F10E8C6F08D0F20E8C6F69
:1038800005D0F30E8C6F02D0F40E8C6F0101A72DC2
:1038900006D0A85304E1A95302E1AA5302E0000EA6
:1038A00001D0010E0801E96F0901036B8CC002F918
:1038B000040E046F120E056F010E066FE9C807F9BA
:1038C000000157EC0EF0D8908235036AF70FE96ECD
:1038D000000E0320EA6EECCF05F9ED52EFCF04F9AC
:1038E000D8908235036AFF0FE96E000E0320EA6E5E
:1038F000ECCF07F9ED52EFCF06F9A8EC17F031EF56
:1039000018F082510308D8B458EF28F0CD510608BA
:10391000D8B482D0CD510508D8B47ED0036A825184
:103920005D0FE96E000E0320EA6EEF5240E14EBEDD
:103930001FD00101A7510E080BE1A85309E1A953BB
:1039400007E1AA5305E1AA6BA96BA86B0F0EA76F3D
:10395000A7510A080BE1A85309E1A95307E1AA53AB
:1039600005E1AA6BA96BA86B0B0EA76F1ED0000117
:103970000101A7510E080BE1A85309E1A95307E182
:10398000AA5305E1AA6BA96BA86B0D0EA76FA751EF
:103990000A080BE1A85309E1A95307E1AA5305E17D
:1039A000AA6BA96BA86B090EA76F35D000014EBE9C
:1039B0001AD0036A8251590FE96E000E0320EA6E95
:1039C000EF5210E00101A7510E080BE1A85309E1E5
:1039D000A95307E1AA5305E1AA6BA96BA86B0F0EC7
:1039E000A76F000119D0036A8251590FE96E000ECA
:1039F0000320EA6EEF5210E00101A7510E080BE11F
:103A0000A85309E1A95307E1AA5305E1AA6BA96BE1
:103A1000A86B0D0EA76F00010801D9910001822D3E
:103A200001D003D00801D9810001578ED60E8C6FCA
:103A30000801D9A103D00001CD6B0801D9B124D070
:103A40000001CD51020806E0CD51030803E0CD513D
:103A5000040801E1579ECD51F90F15E2070F0AEF57
:103A60002BF011D0D70E8C6F0ED0D80E8C6F0BD0E0
:103A7000D90E8C6F08D0DA0E8C6F05D0DB0E8C6FF0
:103A800002D0DC0E8C6F0801000ED9B1010E036A62
:103A9000840FE96E000E0320EA6EEFCFE9F8010112
:103AA000A751020806E1A85304E1A95302E1AA5371
:103AB00002E0000E01D0010E0801EA6F0901026B5D
:103AC0008CC001F9290E036F120E046F010E056FF1
:103AD000E9C806F9EAC807F900016AEC12F0010E1C
:103AE0000801C16FDB0EC06F740EF66E020EF76E2A
:103AF000000EF86E030E0901066F000176EC15F05A
:103B000077C007F9110E0901086F00018DEC0FF065
:103B10003A0E0901106F00017CEC0FF078C007F934
:103B2000010E0901086F00018DEC0FF0200E090154
:103B3000106F00017CEC0FF0730E0901106F000193
:103B40007CEC0FF00101A751030806E1A85304E142
:103B5000A95302E1AA5302E0000E01D0010E0801B0
:103B6000EB6F010E0901046FDB0E036F040E056F8E
:103B70001E0E066F010E076F84C008F9EBC809F925
:103B80000001B4EC15F0010E0801C16FDB0EC06F2F
:103B9000820EF66E020EF76E000EF86E030E09012D
:103BA000066F000176EC15F079C007F9110E0901D6
:103BB000086F00018DEC0FF03A0E0901106F000143
:103BC0007CEC0FF07AC007F9010E0901086F0001C3
:103BD0008DEC0FF0200E0901106F00017CEC0FF04E
:103BE000730E0901106F00017CEC0FF00101A75169
:103BF000040806E1A85304E1A95302E1AA5302E034
:103C0000000E01D0010E0801EB6F010E0901046FD7
:103C1000DB0E036F290E056F1E0E066F010E076F78
:103C200084C008F9EBC809F90001B4EC15F0CD51D6
:103C3000020805E1030E0201656F04D000010A0EBF
:103C40000201656F6451655D02E365C264F25B5118
:103C5000665D02E366C25BF2D89000018235036ABA
:103C6000390FE96E010E0320EA6EECCFE9F8ED5250
:103C7000EFCFE8F8D8900801E931036EE831026E21
:103C8000016E03521FE102015B51015CD8A002D01A
:103C9000080118D0D89000018235036A390FE96E07
:103CA000010E0320EA6EECCFE9F8ED52EFCFE8F811
:103CB000D8900801E931E8310201676F67C25BF211
:103CC00015D00801D89000018235036A390FE96EDA
:103CD000010E0320EA6EECCFE9F8ED52EFCFE8F8E1
:103CE000D8900801E931E8310201676F0801D991E4
:103CF0000001CD5303E10801D9810001010E080143
:103D0000C16FDB0EC06F900EF66E020EF76E000EE6
:103D1000F86E050E0901066F000176EC15F064C21D
:103D200007F9130E0901086F00018DEC0FF0980ED2
:103D3000F66E020EF76E000EF86E030E0901066FA6
:103D4000000176EC15F0000E0801D9B1010E036AEE
:103D5000840FE96E000E0320EA6EEFCFEAF801014E
:103D6000A751050806E1A85304E1A95302E1AA53AB
:103D700002E0000E01D0010E0801EB6F010E0901F7
:103D8000046FDB0E036F040E056F2C0E066F010E21
:103D9000076FEAC808F9EBC809F90001B4EC15F09F
:103DA0000801D991D89000018235036AFF0FE96EAE
:103DB000000E0320EA6EECCFE9F8ED52EFCFE8F801
:103DC0000801E85303E1E95301E1D981D9A12DD0DC
:103DD000036A00018251650FE96E000E0320EA6E4E
:103DE000010EEF6E4EBE11D00101A75106080BE186
:103DF000A85309E1A95307E1AA5305E1AA6BA96BEE
:103E0000A86B070EA76F10D000010101A75106088B
:103E10000BE1A85309E1A95307E1AA5305E1AA6BF5
:103E2000A96BA86B050EA76F0801036A00018251F8
:103E3000650FE96E000E0320EA6EEFCFE8F8010E81
:103E40000801C16FDB0EC06F4E0E0901106F00013B
:103E50007CEC0FF03D0E0901106F00017CEC0FF0BF
:103E6000E8C807F9110E0901086F00018DEC0FF089
:103E7000A10EF66E020EF76E000EF86E060E090128
:103E8000066F000176EC15F0000E0801D9B1010EA5
:103E9000036A840FE96E000E0320EA6EEFCFEAF8A2
:103EA0000101A751060806E1A85304E1A95302E164
:103EB000AA5302E0000E01D0010E0801EB6F010EC3
:103EC0000901046FDB0E036F290E056F2C0E066FC0
:103ED000010E076FEAC808F9EBC809F90001B4EC54
:103EE00015F0D8908235036A390FE96E010E032070
:103EF000EA6EECCF0BF9ED52EFCF0AF909010D6B29
:103F0000320E0C6F000163EC0BF002C0E9F801C047
:103F1000E8F8010E0801C16FDB0EC06F490E090100
:103F2000106F00017CEC0FF03D0E0901106F0001D5
:103F30007CEC0FF0000EE96EE9C807F9E8C806F955
:103F40009AEC14F0AE0EF66E020EF76E000EF86EDE
:103F5000040E0901066F000176EC15F00101A7516E
:103F6000070806E1A85304E1A95302E1AA5302E0BD
:103F7000000E01D0010E0801EB6F010E0901046F64
:103F8000DB0E036F040E056F3A0E066F010E076F0E
:103F900084C008F9EBC809F90001B4EC15F0080178
:103FA000E96B5BC2E8F8E9C80BF95BC20AF90901E1
:103FB0000D6B640E0C6F000163EC0BF002C0E9F8AE
:103FC00001C0E8F8010E0801C16FDB0EC06FB40E2E
:103FD000F66E020EF76E000EF86E050E0901066F02
:103FE000000176EC15F0000EE96EE9C807F9E8C8A3
:103FF00006F99AEC14F0BD0EF66E020EF76E000E86
:10400000F86E040E0901066F000176EC15F0000E43
:1040100057BE010E036A840FE96E000E0320EA6E9C
:10402000EFCFEAF80101A751080806E1A85304E11F
:10403000A95302E1AA5302E0000E01D0010E0801CB
:10404000EB6F010E0901046FDB0E036F290E056F84
:104050003A0E066F010E076FEAC808F9EBC809F9B6
:104060000001B4EC15F0036A82515D0FE96E000E99
:104070000320EA6EEF5233E0010E8C6F8251040D83
:10408000F350036AE70FE96E000E0320EA6EEFCFEC
:10409000E8F8ECCFE9F8ECCFEAF8ECCFEBF8080160
:1040A000E8531BE1E95319E1EA5317E1EB5315E13A
:1040B00000018251040DF350036AE70FE96E000E10
:1040C0000320EA6EEE52EE52EC6AED52EF6AED52C8
:1040D000EF6AED52640EEF6E08011DD000018C6B8B
:1040E000036A8251590FE96E000E0320EA6EEF6AEF
:1040F0008251040DF350036AE70FE96E000E0320AE
:10410000EA6EEE52EE52EC6AED52EF6AED52EF6A51
:10411000ED52EF6A0801D9910001832D05D0822D5F
:1041200003D00801D9810001000E0801D9B1010EA8
:10413000E86F00018351020806E1822D01D005D00D
:104140008251020802E0000E01D0010E0801E811C0
:10415000D991E8B0D981000ED9B1010E036A840F5C
:10416000E96E000E0320EA6EEFCFE9F80101A751D6
:10417000090806E1A85304E1A95302E1AA5302E0A9
:10418000000E01D0010E0801EA6F0901026B8CC01C
:1041900001F9040E036F480E046F010E056FE9C8A4
:1041A00006F9EAC807F900016AEC12F0036A8251C5
:1041B000590FE96E000E0320EA6EEF5202E1CD5373
:1041C0002DE0050E8C6F8251040DF350036AE70F4A
:1041D000016E000E032201C0E8F803C0E9F80001F7
:1041E0008251040DF350036AD70FE96E000E0320CD
:1041F000EA6EEFCF00F0ECCF01F0ECCF02F0ECCFA5
:1042000003F0E9C8EAFFE8C8E9FF00C0EFFF01C01A
:10421000ECFF02C0ECFF03C0ECFF02D0040E8C6F79
:10422000CD5304E00801D98138D000010801D991AB
:104230000001832D05D0822D03D00801D981000112
:10424000000E0801D9B1010EE86F00018351020888
:1042500006E1822D01D005D08251020802E0000E55
:1042600001D0010E0801E811D991E8B0D981000E02
:10427000D9B1010EE86F036A000182515D0FE96E4A
:10428000000E0320EA6EEF5202E0000E01D0010E94
:104290000801E811D991E8B0D981000ED9B1010E19
:1042A000036A840FE96E000E0320EA6EEFCFE9F88F
:1042B0000101A7510A0806E1A85304E1A95302E14C
:1042C000AA5302E0000E01D0010E0801EA6F0901B5
:1042D000026B8CC001F9290E036F480E046F010EAA
:1042E000056FE9C806F9EAC807F900016AEC12F09F
:1042F000CD2D01D009D0CD51040806E0CD510608DE
:1043000003E0CD5102084CE10801D991010EC16FC3
:10431000DB0EC06FC20EF66E020EF76E000EF86E68
:10432000050E0901066F000176EC15F0020EE96E2C
:1043300058C207F957C206F99AEC14F0480E090161
:10434000106F00017CEC0FF07A0E0901106F000174
:104350007CEC0FF0010E0801C16FF90EC06FCE0E9C
:10436000F66E020EF76E000EF86E050E0901066F6E
:10437000000176EC15F0020EE96E5AC207F959C237
:1043800006F99AEC14F0480E0901106F00017CEC5C
:104390000FF07A0E0901106F00017CEC0FF067D06E
:1043A0000801D981D89000018235036ACF0FE96EE8
:1043B000000E0320EA6EECCFE9F8ED52EFCFE8F8FB
:1043C000010E0801C16FDB0EC06F460E0901106FB0
:1043D00000017CEC0FF03D0E0901106F00017CEC38
:1043E0000FF0010EE96EE9C807F9E8C806F99AEC82
:1043F00014F0E00EF66E020EF76E000EF86E040E6C
:104400000901066F000176EC15F0D8908235036A39
:10441000CF0FE96E000E0320EA6EECCFE9F8ED5203
:10442000EFCFE8F8010E0801C16FF90EC06F460E1C
:104430000901106F00017CEC0FF03D0E0901106FB7
:1044400000017CEC0FF0010EE96EE9C807F9E8C83D
:1044500006F99AEC14F0EC0EF66E020EF76E000EF2
:10446000F86E040E0901066F000176EC15F00101EB
:10447000A7510B0806E1A85304E1A95302E1AA538E
:1044800002E0000E01D0010E0801EB6F010E0901E0
:10449000046FDB0E036F040E056F560E066F010EE0
:1044A000076F84C008F9EBC809F90001B4EC15F0F6
:1044B000000E0801D9B1010E036A840FE96E000EE7
:1044C0000320EA6EEFCFEAF80101A7510C0806E1DC
:1044D000A85304E1A95302E1AA5302E0000E01D05F
:1044E000010E0801EB6F010E0901046FF90E036F55
:1044F000290E056F560E066F010E076FEAC808F900
:10450000EBC809F90001B4EC15F0CD510508D8B499
:104510003AD2CD510608D8B436D2CD2D01D006D02E
:10452000CD51040803E0CD51020851E11B6AF2BEEF
:104530001B8EF29E5AC279F959C278F945EC05F002
:104540001BBEF28E0901266B256B246B7F0E236F39
:1045500003C02AF902C029F901C028F900C027F9CF
:1045600000016FEC0AF003C0EBF802C0EAF801C0EA
:10457000E9F800C0E8F81B6AF2BE1B8EF29E03C089
:104580007BF902C07AF901C079F900C078F9090114
:104590007F6BBA0E7E6F5B0E7D6F920E7C6F00019B
:1045A00060EC05F01BBEF28E03C010F902C00FF9DB
:1045B00001C00EF900C00DF9A3EC19F003C0DDF83D
:1045C00002C0DCF801C0DBF800C0DAF85DD0D8909A
:1045D0008235036ACF0FE96E000E0320EA6EECCF3E
:1045E00003F0ED52EF501B6AF2BE1B8EF29E0901E2
:1045F000786F03C079F9000145EC05F01BBEF28E1F
:104600000901266B256B246B7F0E236F03C02AF9EB
:1046100002C029F901C028F900C027F900016FEC98
:104620000AF003C0EBF802C0EAF801C0E9F800C0E4
:10463000E8F81B6AF2BE1B8EF29E03C07BF902C033
:104640007AF901C079F900C078F909017F6BBA0ED7
:104650007E6F5B0E7D6F920E7C6F000160EC05F04B
:104660001BBEF28E03C010F902C00FF901C00EF993
:1046700000C00DF9A3EC19F003C0DDF802C0DCF8AE
:1046800001C0DBF800C0DAF8036A82515D0FE96E01
:10469000000E0320EA6EEF5207E0D8900801DD33E8
:1046A000DC33DB33DA3300010801DD530AE1DC538C
:1046B00008E1DB5126086AE2FF0A03E1DA5110083B
:1046C00065E2DDC8EBF8DCC8EAF8DBC8E9F8DAC86F
:1046D000E8F8000153EC0AF003C026F902C025F9FE
:1046E00001C024F900C023F909012A6B400E296F8B
:1046F0001C0E286F8B0E276F00016FEC0AF003C0B1
:10470000EBF802C0EAF801C0E9F800C0E8F8D89276
:1047100003C00FF902C00EF901C00DF900C00CF979
:104720000901136B126B116B7E0E106F0001C4EC4C
:1047300019F003C010F902C00FF901C00EF900C052
:104740000DF9A3EC19F003C0EBF802C0EAF801C0C0
:10475000E9F800C0E8F803C05BF902C05AF901C0EB
:1047600059F900C058F909015F6B5E6B130E5D6F5C
:10477000880E5C6F000125EC0AF003C0DDF802C072
:10478000DCF801C0DBF800C0DAF80801DD530BE10A
:10479000DC5309E1DB510208D8B074D0FF0A03E111
:1047A000DA51E8086FE2DD536DE1DC536BE1DB5178
:1047B000270868E303E1DA51100864E3DDC8EBF889
:1047C000DCC8EAF8DBC8E9F8DAC8E8F8000153EC1D
:1047D0000AF003C026F902C025F901C024F900C07F
:1047E00023F909012A6B296B7A0E286F880E276F2F
:1047F00000016FEC0AF003C0EBF802C0EAF801C058
:10480000E9F800C0E8F8D89203C00FF902C00EF929
:1048100001C00DF900C00CF90901136B126B116B8B
:104820007E0E106F0001C4EC19F003C010F902C035
:104830000FF901C00EF900C00DF9A3EC19F003C087
:10484000EBF802C0EAF801C0E9F800C0E8F803C0DC
:104850005BF902C05AF901C059F900C058F90901C1
:104860005F6B5E6B030E5D6FE80E5C6F000125EC05
:104870000AF003C0DDF802C0DCF801C0DBF800C0BC
:10488000DAF8080100018251040DF350036AD70FD2
:10489000E96E000E0320EA6EEFCFE8F8ECCFE9F8FE
:1048A000ECCFEAF8ECCFEBF80801DD51EB5D1FE34C
:1048B0000BE1DC51EA5D1BE307E1DB51E95D17E346
:1048C00003E1DA51E85D13E300018251040DF35076
:1048D000036AD70FE96E000E0320EA6EDAC8EFFF15
:1048E000DBC8ECFFDCC8ECFFDDC8ECFF0801000111
:1048F0008251040DF350036AE70FE96E000E0320A6
:10490000EA6EEFCFE8F8ECCFE9F8ECCFEAF8ECCFBD
:10491000EBF80801DD51EB5D1FE30BE1DC51EA5DD3
:104920001BE307E1DB51E95D17E303E1DA51E85DE1
:1049300013E300018251040DF350036AE70FE96E9F
:10494000000E0320EA6EDAC8EFFFDBC8ECFFDCC81C
:10495000ECFFDDC8ECFF0801D892DDC813F9DCC814
:1049600012F9DBC811F9DAC810F90901176B166BD7
:10497000156B190E146F0001DBEC09F001C038F162
:1049800000C037F1D8D1CD51050804E0CD5106085B
:10499000D8A4D1D1CD51050850E11B6AF2BE1B8EBF
:1049A000F29ED2C079F9D1C078F945EC05F01BBE72
:1049B000F28E0901266B256B246B7F0E236F03C0DB
:1049C0002AF902C029F901C028F900C027F900011D
:1049D0006FEC0AF003C0EBF802C0EAF801C0E9F896
:1049E00000C0E8F81B6AF2BE1B8EF29E03C07BF982
:1049F00002C07AF901C079F900C078F909017F6B2A
:104A0000BA0E7E6F5B0E7D6F920E7C6F000160ECC4
:104A100005F01BBEF28E03C010F902C00FF901C0F1
:104A20000EF900C00DF9A3EC19F003C0DDF802C0C7
:104A3000DCF801C0DBF800C0DAF8CD51060850E11F
:104A40001B6AF2BE1B8EF29E5AC279F959C278F9DE
:104A500045EC05F01BBEF28E0901266B256B246B1D
:104A60007F0E236F03C02AF902C029F901C028F97B
:104A700000C027F900016FEC0AF003C0EBF802C098
:104A8000EAF801C0E9F800C0E8F81B6AF2BE1B8E24
:104A9000F29E03C07BF902C07AF901C079F900C027
:104AA00078F909017F6BBA0E7E6F5B0E7D6F920EF7
:104AB0007C6F000160EC05F01BBEF28E03C010F9A4
:104AC00002C00FF901C00EF900C00DF9A3EC19F0F6
:104AD00003C0DDF802C0DCF801C0DBF800C0DAF882
:104AE0005E5207E0D8900801DD33DC33DB33DA3384
:104AF00000010801DD530AE1DC5308E1DB5126081F
:104B00006AE2FF0A03E1DA51100865E2DDC8EBF85A
:104B1000DCC8EAF8DBC8E9F8DAC8E8F8000153ECC9
:104B20000AF003C026F902C025F901C024F900C02B
:104B300023F909012A6B400E296F1C0E286F8B0E7A
:104B4000276F00016FEC0AF003C0EBF802C0EAF82F
:104B500001C0E9F800C0E8F8D89203C00FF902C01C
:104B60000EF901C00DF900C00CF90901136B126BAD
:104B7000116B7E0E106F0001C4EC19F003C010F928
:104B800002C00FF901C00EF900C00DF9A3EC19F035
:104B900003C0EBF802C0EAF801C0E9F800C0E8F889
:104BA00003C05BF902C05AF901C059F900C058F9B5
:104BB00009015F6B5E6B130E5D6F880E5C6F000109
:104BC00025EC0AF003C0DDF802C0DCF801C0DBF818
:104BD00000C0DAF80801DD530BE1DC5309E1DB51D9
:104BE0000208D8B074D0FF0A03E1DA51E8086FE296
:104BF000DD536DE1DC536BE1DB51270868E303E132
:104C0000DA51100864E3DDC8EBF8DCC8EAF8DBC869
:104C1000E9F8DAC8E8F8000153EC0AF003C026F915
:104C200002C025F901C024F900C023F909012A6B4B
:104C3000296B7A0E286F880E276F00016FEC0AF03F
:104C400003C0EBF802C0EAF801C0E9F800C0E8F8D8
:104C5000D89203C00FF902C00EF901C00DF900C0CF
:104C60000CF90901136B126B116B7E0E106F0001B2
:104C7000C4EC19F003C010F902C00FF901C00EF91D
:104C800000C00DF9A3EC19F003C0EBF802C0EAF87C
:104C900001C0E9F800C0E8F803C05BF902C05AF9A6
:104CA00001C059F900C058F909015F6B5E6B030E32
:104CB0005D6FE80E5C6F000125EC0AF003C0DDF8C3
:104CC00002C0DCF801C0DBF800C0DAF80801DD51F1
:104CD0000201635D1AE311E10801DC510201625D2A
:104CE00014E30BE10801DB510201615D0EE305E114
:104CF0000801DA510201605D08E3DDC863F2DCC837
:104D000062F2DBC861F2DAC860F2D892DDC813F94A
:104D1000DCC812F9DBC811F9DAC810F90901176B00
:104D2000166B156B190E146F0001DBEC09F001C056
:104D300038F100C037F10801D9910001832D05D069
:104D4000822D03D00801D9810001000E0801D9B1DC
:104D5000010EE86F00018351020806E1822D01D0A7
:104D600005D08251020802E0000E01D0010E0801B8
:104D7000E811D991E8B0D9810001CD51050803E0CF
:104D8000CD51060873E163C207F962C206F961C238
:104D900005F960C204F900EC1BF003C0EBF802C097
:104DA000EAF801C0E9F800C0E8F8010E0801C16F97
:104DB000DB0EC06FF20EF66E020EF76E000EF86E8E
:104DC000060E0901066F000176EC15F0030EE96E80
:104DD000EBC807F9EAC806F9E9C805F9E8C804F913
:104DE00045EC1BF035C210F97CEC0FF0730E090195
:104DF000106F00017CEC0FF05FC207F95EC206F98C
:104E00005DC205F95CC204F900EC1BF003C0EBF8CD
:104E100002C0EAF801C0E9F800C0E8F8010E080194
:104E2000C16FF90EC06F000EF66E030EF76E000E26
:104E3000F86E060E0901066F000176EC15F0030E00
:104E4000E96EEBC807F9EAC806F9E9C805F9E8C848
:104E500004F945EC1BF035C210F97CEC0FF0730E31
:104E60000901106F00017CEC0FF084D08251040D19
:104E7000F350036AD70FE96E000E0320EA6EEFCFFE
:104E800004F9ECCF05F9ECCF06F9ECCF07F900EC0B
:104E90001BF003C0EBF802C0EAF801C0E9F800C05B
:104EA000E8F8010E0801C16FDB0EC06F0E0EF66E42
:104EB000030EF76E000EF86E050E0901066F000175
:104EC00076EC15F0040EE96EEBC807F9EAC806F9AE
:104ED000E9C805F9E8C804F945EC1BF035C210F93A
:104EE0007CEC0FF0730E0901106F00017CEC0FF0E9
:104EF0008251040DF350036AE70FE96E000E0320A0
:104F0000EA6EEFCF04F9ECCF05F9ECCF06F9ECCF60
:104F100007F900EC1BF003C0EBF802C0EAF801C08F
:104F2000E9F800C0E8F8010E0801C16FF90EC06F82
:104F30001C0EF66E030EF76E000EF86E050E0901DC
:104F4000066F000176EC15F0040EE96EEBC807F968
:104F5000EAC806F9E9C805F9E8C804F945EC1BF008
:104F600035C210F97CEC0FF0730E0901106F0001CF
:104F70007CEC0FF0000E0801D9B1010E036A840F1A
:104F8000E96E000E0320EA6EEFCFEAF80101A751A7
:104F90000D0806E1A85304E1A95302E1AA5302E077
:104FA000000E01D0010E0801EB6F010E0901046F24
:104FB000DB0E036F040E056F640E066F010E076FA4
:104FC000EAC808F9EBC809F90001B4EC15F0000EC5
:104FD0000801D9B1010EE86F0001CD51050815E0B7
:104FE000CD51060812E0036A82515D0FE96E000E92
:104FF0000320EA6EEF520BE0036A8251590FE96E0B
:10500000000E0320EA6EEF5202E1000E01D0010E05
:105010000801E811D991E8B0D981000ED9B1010E8B
:10502000036A840FE96E000E0320EA6EEFCFEAF800
:105030000101A7510E0806E1A85304E1A95302E1BA
:10504000AA5302E0000E01D0010E0801EB6F010E21
:105050000901046FF90E036F290E056F640E066FC8
:10506000010E076FEAC808F9EBC809F90001B4ECB2
:1050700015F00101A7510F0806E1A85304E1A95357
:1050800002E1AA5302E0000E01D0010E0801E86F10
:105090000901036B910E026F040E046F730E056F0E
:1050A000010E066FE8C807F9000157EC0EF098D220
:1050B0000901026BD60E016F290E036F120E046FE9
:1050C000010E056F85C006F9076B00016AEC12F04E
:1050D0000901026BDD0E016F040E036F1E0E046FDB
:1050E000010E056F85C006F9076B00016AEC12F02E
:1050F0000901026BDE0E016F290E036F1E0E046F95
:10510000010E056F85C006F9076B00016AEC12F00D
:10511000080EEA6EDE0EE96E0A0E016EF76A000EE8
:10512000E6EC00F00A000900F5CFEEFF012EFBD7F8
:10513000080E0901046FDE0E036F040E056F2C0EBE
:10514000066F010E076F85C008F9096B0001B4EC0A
:1051500015F00901026BDF0E016F290E036F2C0E93
:10516000046F010E056F85C006F9076B00016AEC3C
:1051700012F00901026BE00E016F040E036F3A0E8C
:10518000046F010E056F85C006F9076B00016AEC1C
:1051900012F00801E96B5BC2E8F8E9C80BF95BC2E1
:1051A0000AF909010D6B640E0C6F000163EC0BF042
:1051B00002C0E9F801C0E8F8010E0801C16FDB0E7A
:1051C000C06F2A0EF66E030EF76E000EF86E050E17
:1051D0000901066F000176EC15F0000EE96EE9C8D2
:1051E00007F9E8C806F99AEC14F0330EF66E030ED0
:1051F000F76E000EF86E040E0901066F000176ECE2
:1052000015F0010E0901046FDB0E036F290E056F07
:105210003A0E066F010E076F85C008F9096B000191
:10522000B4EC15F0080EEA6EDE0EE96E080E016EA3
:10523000F76A000EF5EC00F00A000900F5CFEEFF6A
:10524000012EFBD7080E0901046FDE0E036F040E5A
:10525000056F480E066F010E076F85C008F9096BD0
:105260000001B4EC15F00901026B050E016F290E67
:10527000036F480E046F010E056F85C006F9076BBA
:1052800000016AEC12F0D8908235036ACF0FE96E04
:10529000000E0320EA6EECCFE9F8ED52EFCFE8F80C
:1052A000010E0801C16FF90EC06F460E0901106FA3
:1052B00000017CEC0FF03D0E0901106F00017CEC49
:1052C0000FF0010EE96EE9C807F9E8C806F99AEC93
:1052D00014F03E0EF66E030EF76E000EF86E040E1E
:1052E0000901066F000176EC15F0010E0901046F4B
:1052F000F90E036F290E056F560E066F010E076F2C
:1053000085C008F9096B0001B4EC15F0D89082351E
:10531000036A390FE96E010E0320EA6EEC6AED5262
:10532000040EEF6ED8908235036ACF0FE96E000E3F
:105330000320EA6EECCFE9F8ED52EFCFE8F8010E6A
:105340000801C16FF90EC06F460E0901106F000110
:105350007CEC0FF03D0E0901106F00017CEC0FF0AA
:10536000010EE96EE9C807F9E8C806F99AEC14F0ED
:105370004A0EF66E030EF76E000EF86E040E09016B
:10538000066F000176EC15F00101A7510B0806E14C
:10539000A85304E1A95302E1AA5302E0000E01D090
:1053A000010E0801EA6F010E09010A6FF90E096F7B
:1053B000040E0B6F560E0C6F010E0D6FEAC80EF93E
:1053C000000131EC0FF08251040DF350036AD70F46
:1053D000E96E000E0320EA6EEFCF04F9ECCF05F979
:1053E000ECCF06F9ECCF07F900EC1BF003C0EBF8AB
:1053F00002C0EAF801C0E9F800C0E8F8010E0801AF
:10540000C16FDB0EC06F500EF66E030EF76E000E0E
:10541000F86E050E0901066F000176EC15F0040E1A
:10542000E96EEBC807F9EAC806F9E9C805F9E8C862
:1054300004F945EC1BF035C210F97CEC0FF0730E4B
:105440000901106F00017CEC0FF00101A7510D085C
:1054500006E1A85304E1A95302E1AA5302E0000EB9
:1054600001D0010E0801EA6F010E09010A6FDB0E7F
:10547000096F040E0B6F640E0C6F010E0D6FEAC8FE
:105480000EF9000131EC0FF08251040DF350036A64
:10549000E70F016E000E032201C0E8F803C0E9F82F
:1054A00000018251040DF350036AD70FE96E000E1C
:1054B0000320EA6EEFCF00F0ECCF01F0ECCF02F06A
:1054C000ECCF03F0E9C8EAFFE8C8E9FF00C0EFFF4E
:1054D00001C0ECFF02C0ECFF03C0ECFF8251040DE1
:1054E000F350036AE70FE96E000E0320EA6EEFCF78
:1054F00004F9ECCF05F9ECCF06F9ECCF07F900EC95
:105500001BF003C0EBF802C0EAF801C0E9F800C0E4
:10551000E8F8010E0801C16FDB0EC06F5E0EF66E7B
:10552000030EF76E000EF86E050E0901066F0001FE
:1055300076EC15F0040EE96EEBC807F9EAC806F937
:10554000E9C805F9E8C804F945EC1BF035C210F9C3
:105550007CEC0FF0730E0901106F00017CEC0FF072
:10556000010E0901046FDB0E036F290E056F640E37
:10557000066F010E076F85C008F9096B0001B4ECD6
:1055800015F0036A82515D0FE96E000E0320EA6E8A
:10559000010EEF6E036A8251590FE96E000E03206F
:1055A000EA6E010EEF6ED8908235036A470FE96EFE
:1055B000010E0320EA6E0E0EEC6EED52100EEF6E31
:1055C0000901026B910E016F040E036F730E046FDD
:1055D000010E056F85C006F9076B00016AEC12F039
:1055E0006BC06CF0519C000E016E1200E824F76A4B
:1055F000F7360D0FF66E560EF722000EF86EFB6EA4
:105600000A00F550FA6E0800F550F96E76387C38CD
:1056100082388838E824F76AF736350FF66E560E6A
:10562000F722000EF86EFB6E0A00F550FA6E0800C5
:10563000F550F96E623A643A6A3A703A763A7C3AD0
:10564000823AE7C8EEF80801EB51EE1BEEAF05D049
:10565000D894D890E7BFD8802FD0E7C8EEF8EAC832
:10566000EFF8E651EF5F06E0EEAF26D0D850010A22
:10567000D86E22D0EBC8EFF8E751EF5F06E0EEAF4F
:105680001BD0D850010AD86E17D0ECC8EFF8E851FB
:10569000EF5F06E0EEAF10D0D850010AD86E0CD004
:1056A000EDC8EFF8E951EF5F06E0EEAF05D0D85056
:1056B000010AD86E01D0D890000112001B6AF2BE18
:1056C0001B8EF29EE7C879F9E6C878F945EC05F03B
:1056D0001BBEF28E03C026F902C025F901C024F9D1
:1056E00000C023F909012A6B296B480E286F840E2C
:1056F000276F00016FEC0AF003C0EBF802C0EAF874
:1057000001C0E9F800C0E8F8D89203C00FF902C060
:105710000EF901C00DF900C00CF90901136B126BF1
:10572000116B7E0E106F0001C4EC19F01B6AF2BE03
:105730001B8EF29E03C07BF902C07AF901C079F991
:1057400000C078F9DBEC05F01BBEF28E02C0E9F870
:1057500001C0E8F802C00BF901C00AF909010D6B9C
:10576000320E0C6F000163EC0BF002C003F002C0BC
:1057700002F012001B6AF2BE1B8EF29EE7C879F996
:10578000E6C878F945EC05F01BBEF28E03C026F999
:1057900002C025F901C024F900C023F909012A6BD0
:1057A000296B200E286F820E276F00016FEC0AF024
:1057B00003C0EBF802C0EAF801C0E9F800C0E8F85D
:1057C000D89203C00FF902C00EF901C00DF900C054
:1057D0000CF90901136B126B116B7E0E106F000137
:1057E000C4EC19F01B6AF2BE1B8EF29E03C07BF95B
:1057F00002C07AF901C079F900C078F9DBEC05F054
:105800001BBEF28E02C0E9F801C0E8F802C00BF935
:1058100001C00AF909010D6B0A0E0C6F000163EC5F
:105820000BF002C003F002C002F012001B6AF2BECD
:105830001B8EF29EE7C879F9E6C878F945EC05F0C9
:105840001BBEF28E03C026F902C025F901C024F95F
:1058500000C023F909012A6B296B286B7F0E276F83
:1058600000016FEC0AF003C0EBF802C0EAF801C0D7
:10587000E9F800C0E8F8D89203C00FF902C00EF9A9
:1058800001C00DF900C00CF90901136B126B116B0B
:105890007E0E106F0001C4EC19F01B6AF2BE1B8E65
:1058A000F29E03C07BF902C07AF901C079F900C009
:1058B00078F9DBEC05F01BBEF28E02C0E9F801C0FE
:1058C000E8F8080101C001F002C002F00001120076
:1058D00051AC0EEF34F00801DF9100016C5150081B
:1058E0003EE00601F79B00016C51530805E0010101
:1058F000326B010E316F000188EC0BF00901036B74
:10590000070E026F046B056B020E066F076B00013A
:1059100057EC0EF0050EBF6F020ECE6F6C51B4083F
:105920000DE10101AE6BAD6B4FC2ACF14EC2ABF1FC
:10593000AA6BA96BA86B080EA76F00010101A75104
:1059400008080CE1A8530AE1A95308E1AA5306E1AB
:10595000AE6BAD6B4FC2ACF14EC2ABF100010101B9
:10596000AA5307E1A95305E1A85303E1A7510A0887
:1059700005E2AA6BA96BA86B0A0EA76FAA530CE1EC
:10598000A9530AE1A85308E1A751080805E3AA6B47
:10599000A96BA86B080EA76F000119EC11F0010E9E
:1059A0008C6F0101A75306E1A85304E1A95302E15A
:1059B000AA5302E0000E01D0010E0801E66F0901B2
:1059C000026B8CC001F9040E036F1E0E046F010EF2
:1059D000056F85C006F9E6C807F900016AEC12F008
:1059E000010E0801C16FDB0EC06F6C0EF66E030E68
:1059F000F76E000EF86E030E0901066F000176ECDB
:105A000015F0010EE96E45C207F944C206F99AEC99
:105A100014F0730EF66E030EF76E000EF86E030EA2
:105A20000901066F000176EC15F00101A72D06D0E3
:105A3000A85304E1A95302E1AA5302E0000E01D0E9
:105A4000010E0801E76F010E0901046FDB0E036F01
:105A5000290E056F1E0E066F010E076F85C008F92F
:105A6000E7C809F90001B4EC15F0010E0801C16F97
:105A7000DB0EC06F780EF66E030EF76E000EF86E3A
:105A8000030E0901066F000176EC15F0010EE96EB8
:105A900047C207F946C206F99AEC14F00101A75172
:105AA000020806E1A85304E1A95302E1AA5302E067
:105AB000000E01D0010E0801E76F010E0901046F0D
:105AC000DB0E036F040E056F2C0E066F010E076FC1
:105AD00085C008F9E7C809F90001B4EC15F045C222
:105AE00011F944C210F9030E0901136FE80E126F89
:105AF000000185EC17F002C003F001501B6AF2BEF2
:105B00001B8EF29E0901786F02C079F9000145EC05
:105B100005F01BBEF28E03C0DEF802C0DDF801C046
:105B2000DCF800C0DBF8020143532DE0D890443587
:105B30000801E46F020145350801E56FE8CF11F96E
:105B4000E4C810F9030E0901136FE80E126F00018B
:105B500085EC17F002C003F001501B6AF2BE1B8EE9
:105B6000F29E0901786F02C079F9000145EC05F059
:105B70001BBEF28E03C0DEF802C0DDF801C0DCF807
:105B800000C0DBF802011B6AF2BE1B8EF29EDEC86B
:105B90007BF9DDC87AF9DCC879F9DBC878F900014E
:105BA000DBEC05F01BBEF28E010E08010124D96F5B
:105BB000000E0220DA6FDEC8E9F8DDC8E8F8DCC8BC
:105BC000E7F8DBC8E6F8ED6BEC6BEB6B7F0EEA6F8A
:105BD000000137DD05E30801DA6B010ED96F000122
:105BE0000801DA5305E1020148510801D95D02E3D9
:105BF000D9C848F2E06BDF910201475306E14651F4
:105C0000010803E30801DF8102010801DFB102D0CE
:105C100048C2E0F8010EC16FDB0EC06F800EF66E59
:105C2000030EF76E000EF86E030E0901066F0001F9
:105C300076EC15F0010E0801E46F200E0901106FDB
:105C400000017CEC0FF00801E42FF7D7E0C807F95A
:105C5000130E0901086F00018DEC0FF0860EF66E31
:105C6000030EF76E000EF86E030E0901066F0001B9
:105C700076EC15F00101A751030806E1A85304E1F1
:105C8000A95302E1AA5302E0000E01D0010E08015F
:105C9000E76F010E0901046FDB0E036F290E056F1C
:105CA0002C0E066F010E076F85C008F9E7C809F9C9
:105CB0000001B4EC15F0010E0801C16FDB0EC06FDE
:105CC0008A0EF66E030EF76E000EF86E030E0901D3
:105CD000066F000176EC15F0010E0801E46F200E4E
:105CE0000901106F00017CEC0FF00801E42FF7D7D9
:105CF00049C207F9130E0901086F00018DEC0FF07E
:105D00000101A751040806E1A85304E1A95302E1E7
:105D1000AA5302E0000E01D0010E0801E76F010E48
:105D20000901046FDB0E036F040E056F3A0E066F58
:105D3000010E076F85C008F9E7C809F90001B4EC46
:105D400015F0010E0201465D0801E46F000E02012C
:105D500047590801E56FE8CF0BF9E4C80AF90901D2
:105D60000D6B48C20CF9000163EC0BF002C0E5F8C2
:105D700001C0E4F845C211F944C210F9030E09014B
:105D8000136FE80E126F000185EC17F002C003F0EC
:105D900001500801E425016EE551032201501B6A00
:105DA000F2BE1B8EF29E0901786F03C079F90001E3
:105DB00045EC05F01BBEF28E03C0DEF802C0DDF834
:105DC00001C0DCF800C0DBF8020143534CE0010ED7
:105DD000465D0801E46F000E020147590801E56FB6
:105DE000E8CF0BF9E4C80AF909010D6B48C20CF9B8
:105DF000000163EC0BF002C0E5F801C0E4F8D890B4
:105E0000020144350801E66F020145350801E76FDC
:105E1000E8CF11F9E6C810F9030E0901136FE80E77
:105E2000126F000185EC17F002C003F00150080169
:105E3000E425016EE551032201501B6AF2BE1B8E60
:105E4000F29E0901786F03C079F9000145EC05F075
:105E50001BBEF28E03C0DEF802C0DDF801C0DCF824
:105E600000C0DBF802010801DA6B320ED96FE96B72
:105E7000E86B480EE76F840EE66FDEC8EDF8DDC80C
:105E8000ECF8DCC8EBF8DBC8EAF8000121EC2BF0F9
:105E900002E2D8A410D11B6AF2BE1B8EF29EDEC8AD
:105EA0007BF9DDC87AF9DCC879F9DBC878F9DBEC75
:105EB00005F01BBEF28E02C0E5F801C0E4F802C096
:105EC000E7F801C0E6F85EEC2BF002C0DAF801C09A
:105ED000D9F81B6AF2BE1B8EF29EDEC87BF9DDC8C4
:105EE0007AF9DCC879F9DBC878F9DBEC05F01BBE80
:105EF000F28E02C0E5F801C0E4F802C0E7F801C084
:105F0000E6F85EEC2BF002C0E5F801C0E4F81B6A8D
:105F1000F2BE1B8EF29E02C079F901C078F945EC01
:105F200005F01BBEF28E03C0E9F802C0E8F801C01C
:105F3000E7F800C0E6F8DEC8EDF8DDC8ECF8DCC82C
:105F4000EBF8DBC8EAF821EC2BF001E222E11B6A56
:105F5000F2BE1B8EF29EDEC87BF9DDC87AF9DCC882
:105F600079F9DBC878F9DBEC05F01BBEF28E02C0D4
:105F7000E5F801C0E4F802C0E7F801C0E6F85EEC1D
:105F80002BF0320E08010124D96F000E0220DA6FC7
:105F90000001DEC8E9F8DDC8E8F8DCC8E7F8DBC8CE
:105FA000E6F80801ED6BEC6B7A0EEB6F880EEA6F8A
:105FB000000121EC2BF0D8A07ED01B6AF2BE1B8E14
:105FC000F29EDEC87BF9DDC87AF9DCC879F9DBC856
:105FD00078F9DBEC05F01BBEF28E02C0E5F801C0DB
:105FE000E4F802C0E7F801C0E6F8BAEC2BF002C012
:105FF000DAF801C0D9F81B6AF2BE1B8EF29EDEC829
:106000007BF9DDC87AF9DCC879F9DBC878F9DBEC13
:1060100005F01BBEF28E02C0E5F801C0E4F802C034
:10602000E7F801C0E6F8BAEC2BF002C0E5F801C0D1
:10603000E4F81B6AF2BE1B8EF29E02C079F901C021
:1060400078F945EC05F01BBEF28E03C0E9F802C0FA
:10605000E8F801C0E7F800C0E6F8DEC8EDF8DDC8F2
:10606000ECF8DCC8EBF8DBC8EAF821EC2BF001E235
:1060700022E11B6AF2BE1B8EF29EDEC87BF9DDC8F0
:106080007AF9DCC879F9DBC878F9DBEC05F01BBEDE
:10609000F28E02C0E5F801C0E4F802C0E7F801C0E2
:1060A000E6F8BAEC2BF00A0E08010124D96F000EB5
:1060B0000220DA6F000102014B510801DA5D0AE3A8
:1060C00005E102014A510801D95D04E3DAC84BF247
:1060D000D9C84AF2E26BE16BDF9102014951010834
:1060E00003E30801DF8102010801DFB104D04BC2E4
:1060F000E2F84AC2E1F8010EC16FDB0EC06F920EEA
:10610000F66E030EF76E000EF86E030E0901066FB1
:10611000000176EC15F0010EE96EE2C807F9E1C85E
:1061200006F99AEC14F0990EF66E030EF76E000E57
:10613000F86E030E0901066F000176EC15F00101FF
:10614000A751050806E1A85304E1A95302E1AA53A7
:1061500002E0000E01D0010E0801E76F010E0901F7
:10616000046FDB0E036F290E056F3A0E066F010EEA
:10617000076F85C008F9E7C809F90001B4EC15F00C
:10618000010E0801C16FDB0EC06F9E0EF66E030E8E
:10619000F76E000EF86E030E0901066F000176EC33
:1061A00015F0010E0801E46F200E0901106F0001C7
:1061B0007CEC0FF00801E42FF7D74CC207F9130E5F
:1061C0000901086F00018DEC0FF00101A7510608CD
:1061D00006E1A85304E1A95302E1AA5302E0000E2C
:1061E00001D0010E0801E76F010E0901046FDB0EFB
:1061F000036F040E056F480E066F010E076F85C012
:1062000008F9E7C809F90001B4EC15F0010E020124
:10621000495D0801E56F09010B6B0A6F4BC20DF96F
:106220004AC20CF9000163EC0BF002C0E5F801C0B2
:10623000E4F8010E0201465D0801E66F000E02015E
:1062400047590801E76FE8CF0BF9E6C80AF90901D9
:106250000D6B48C20CF9000163EC0BF002C003F0B7
:1062600001500801E4270250E52345C211F944C258
:1062700010F9030E0901136FE80E126F000185EC8F
:1062800017F002C003F001500801E4270250E52393
:10629000E5C811F9E4C810F9030E0901136FE80EFF
:1062A000126F000185EC17F002C003F001501B6A69
:1062B000F2BE1B8EF29E0901786F02C079F90001CF
:1062C00045EC05F01BBEF28E03C0DEF802C0DDF81F
:1062D00001C0DCF800C0DBF8020143536FE0010E9F
:1062E000495D0801E56F09010B6B0A6F4BC20DF99F
:1062F0004AC20CF9000163EC0BF002C0E5F801C0E2
:10630000E4F8010E0201465D0801E66F000E02018D
:1063100047590801E76FE8CF0BF9E6C80AF9090108
:106320000D6B48C20CF9000163EC0BF002C003F0E6
:1063300001500801E4270250E523D89002014435BA
:106340000801E66F020145350801E76FE8CF11F952
:10635000E6C810F9030E0901136FE80E126F000171
:1063600085EC17F002C003F001500801E427025049
:10637000E523E5C811F9E4C810F9030E0901136F0C
:10638000E80E126F000185EC17F002C003F0015017
:106390001B6AF2BE1B8EF29E0901786F02C079F96A
:1063A000000145EC05F01BBEF28E03C0DEF802C012
:1063B000DDF801C0DCF800C0DBF802010801DA6B8F
:1063C000010ED96FE96BE86BE76B7F0EE66FDEC8F5
:1063D000EDF8DDC8ECF8DCC8EBF8DBC8EAF8000142
:1063E00021EC2BF002E2D8A47ED01B6AF2BE1B8EF9
:1063F000F29EDEC87BF9DDC87AF9DCC879F9DBC822
:1064000078F9DBEC05F01BBEF28E02C0E5F801C0A6
:10641000E4F802C0E7F801C0E6F816EC2CF002C080
:10642000DAF801C0D9F81B6AF2BE1B8EF29EDEC8F4
:106430007BF9DDC87AF9DCC879F9DBC878F9DBECDF
:1064400005F01BBEF28E02C0E5F801C0E4F802C000
:10645000E7F801C0E6F816EC2CF002C0E5F801C040
:10646000E4F81B6AF2BE1B8EF29E02C079F901C0ED
:1064700078F945EC05F01BBEF28E03C0E9F802C0C6
:10648000E8F801C0E7F800C0E6F8DEC8EDF8DDC8BE
:10649000ECF8DCC8EBF8DBC8EAF821EC2BF001E201
:1064A00022E11B6AF2BE1B8EF29EDEC87BF9DDC8BC
:1064B0007AF9DCC879F9DBC878F9DBEC05F01BBEAA
:1064C000F28E02C0E5F801C0E4F802C0E7F801C0AE
:1064D000E6F816EC2CF0010E08010124D96F000E2D
:1064E0000220DA6F00010801DA5305E102014D5183
:1064F0000801D95D02E3D9C84DF24DC2E3F8DF913E
:1065000002014C51010803E30801DF810201080187
:10651000DFA103D0E36BD9C84DF2010EC16FDB0ED2
:10652000C06FA60EF66E030EF76E000EF86E030E29
:106530000901066F000176EC15F0010E0801E46F09
:10654000200E0901106F00017CEC0FF00801E42F10
:10655000F7D7E3C807F9130E0901086F00018DECA6
:106560000FF0200E0901106F00017CEC0FF0730E8C
:106570000901106F00017CEC0FF00101A751070821
:1065800006E1A85304E1A95302E1AA5302E0000E78
:1065900001D0010E0801E76F010E0901046FDB0E47
:1065A000036F290E056F480E066F010E076F85C039
:1065B00008F9E7C809F90001B4EC15F04FC20BF96E
:1065C0004EC20AF909010D6B640E0C6F000163ECF9
:1065D0000BF002C0E5F801C0E4F8010E0801C16F3C
:1065E000DB0EC06FB00EF66E030EF76E000EF86E87
:1065F000030E0901066F000176EC15F0000EE96E3E
:10660000E5C807F9E4C806F99AEC14F0B70EF66E7F
:10661000030EF76E000EF86E030E0901066F0001FF
:1066200076EC15F00101A751080806E1A85304E132
:10663000A95302E1AA5302E0000E01D0010E0801A5
:10664000E66F010E09010A6FDB0E096F040E0B6F76
:10665000560E0C6F010E0D6FE6C80EF9000131ECFD
:106660000FF00801E56B4DC2E4F8036A4CC2E6F88E
:1066700003C0E7F8E5C80BF94DC20AF903C00DF9EC
:106680004CC20CF9000163EC0BF002C0E5F801C04C
:10669000E4F80801E76B49C2E6F8010EE65D006E1A
:1066A000000EE759036E00C0E6F8E76F4BC20BF926
:1066B0004AC20AF9E8CF0DF900C00CF9000163ECF9
:1066C0000BF002C0E7F801C0E6F80801E96B48C228
:1066D000E8F8010E0201465D006E000E4759036E98
:1066E00000C0EAF80801EB6FE9C80BF948C20AF9E3
:1066F000E8CF0DF900C00CF9000163EC0BF002C00B
:1067000003F001500801E6270250E723E7C811F91A
:10671000E6C810F9030E0901136FE80E126F0001AD
:1067200085EC17F001500801E4270250E523020E22
:10673000E4250201506F000E0801E5210201516FAE
:1067400051C205F950C204F90901076B066B00013B
:10675000A8EC17F0010E0801C16FDB0EC06FBC0E74
:10676000F66E030EF76E000EF86E030E0901066F4B
:10677000000176EC15F077C007F9110E0901086FDA
:1067800000018DEC0FF03A0E0901106F00017CEC56
:106790000FF078C007F9010E0901086F00018DECB8
:1067A0000FF0200E0901106F00017CEC0FF0730E4A
:1067B0000901106F00017CEC0FF0010E0901046F5C
:1067C000DB0E036F290E056F560E066F010E076F65
:1067D00085C008F9096B0001B4EC15F00101A7515F
:1067E0000A0806E1A85304E1A95302E1AA5302E012
:1067F000000E01D0010E0801E46F0901036B910E38
:10680000026F040E046F730E056F010E066FE4C86D
:1068100007F9000157EC0EF06BC06CF0519C000EB4
:10682000016E12001A0E0901076F4A0E086F5A0E08
:10683000096F0001D6EC10F01200EC0ECE25080115
:10684000D96F0101A75306E1A85304E1A95302E15E
:10685000AA5302E0000E01D0010E0801DA6F09010F
:10686000036BD9C802F9050E046F120E056F010EF5
:10687000066FDAC807F9000157EC0EF00101A72DE9
:1068800006D0A85304E1A95302E1AA5302E0000E86
:1068900001D0010E0801D96F0901036B5F0E026F71
:1068A000050E046F280E056F066BD9C807F90001A5
:1068B00057EC0EF00101A751020806E1A85304E1CC
:1068C000A95302E1AA5302E0000E01D0010E080113
:1068D000D96F0901036B600E026F050E046F330E52
:1068E000056F066BD9C807F9000157EC0EF00101DE
:1068F000A751030806E1A85304E1A95302E1AA53F2
:1069000002E0000E01D0010E0801D96F0901036BEE
:10691000610E026F050E046F3E0E056F066BD9C83F
:1069200007F9000157EC0EF0CE5103082BE0CE51D1
:10693000060DF350020F036AA70FE96E000E032045
:10694000EA6E690EEF240801D96F0101A75103080F
:1069500006E1A85304E1A95302E1AA5302E0000EA4
:1069600001D0010E0801DA6F0901036BD9C802F9E1
:10697000280E046F3E0E056F066BDAC807F900019A
:1069800057EC0EF00101A751040806E1A85304E1F9
:10699000A95302E1AA5302E0000E01D0010E080142
:1069A000D96F0901036B620E026F050E046F490E69
:1069B000056F066BD9C807F9000157EC0EF0CE51F0
:1069C000060DF350030F036AA70FE96E000E0320B4
:1069D000EA6E690EEF240801D96F0101A75104087E
:1069E00006E1A85304E1A95302E1AA5302E0000E14
:1069F00001D0010E0801DA6F0901036BD9C802F951
:106A0000280E046F490E056F066BDAC807F90001FE
:106A100057EC0EF00101A751050806E1A85304E167
:106A2000A95302E1AA5302E0000E01D0010E0801B1
:106A3000D96F0901036B630E026F050E046F540ECC
:106A4000056F066BD9C807F9000157EC0EF0CE515F
:106A5000060DF350040F036AA70FE96E000E032022
:106A6000EA6E690EEF240801D96F0101A7510508EC
:106A700006E1A85304E1A95302E1AA5302E0000E83
:106A800001D0010E0801DA6F0901036BD9C802F9C0
:106A9000280E046F540E056F066BDAC807F9000163
:106AA00057EC0EF00101A751060806E1A85304E1D6
:106AB000A95302E1AA5302E0000E01D0010E080121
:106AC000D96F0901036B640E026F050E046F5F0E30
:106AD000056F066BD9C807F9000157EC0EF0CE51CF
:106AE000060DF350050F036AA70FE96E000E032091
:106AF000EA6E690EEF240801D96F0101A75106085B
:106B000006E1A85304E1A95302E1AA5302E0000EF2
:106B100001D0010E0801DA6F0901036BD9C802F92F
:106B2000280E046F5F0E056F066BDAC807F90001C7
:106B300057EC0EF0CE51FC0F19E2040F0FEF36F0B8
:106B4000C30E8C6FC40E8D6F11D0C50E8C6F690E85
:106B5000AE258D6F0BD0F70E8C6FF80E8D6F06D0B3
:106B6000C60E8C6FC70E8D6FF60E8E6FCE5103085A
:106B70001DE10101A751030806E1A85304E1A9534F
:106B800002E1AA5302E0000E01D0010E0801DA6F03
:106B90000901036B8EC002F9280E046F3E0E056FCB
:106BA000066BDAC807F9000157EC0EF00101A72DBA
:106BB00006D0A85304E1A95302E1AA5302E0000E53
:106BC00001D0010E0801DA6F0901036B8CC002F9D4
:106BD000280E046F056F066BDAC807F9000157EC41
:106BE0000EF00101A751020806E1A85304E1A953E0
:106BF00002E1AA5302E0000E01D0010E0801DA6F93
:106C00000901036B8DC002F9280E046F330E056F66
:106C1000066BDAC807F9000157EC0EF01200E82401
:106C2000F76AF7363F0FF66E6C0EF722000EF86E1D
:106C3000FB6E0A00F550FA6E0800F550F96E406BD5
:106C40004A6B566B606B51AC2FD06C515A0802E105
:106C500054A80FD0549888EC0BF00901036B730E05
:106C6000026F046B056B020E066F076B000157EC99
:106C70000EF019EC11F0D6DDCE51010802E3020E40
:106C8000CE6F0101AA5307E1A95305E1A85303E11F
:106C9000A751060805E2AA6BA96BA86B060EA76FA1
:106CA0000001CBDD6BC06CF0519C000E016E120038
:106CB00051AC5DD06C515B0822E088EC0BF009010F
:106CC000036B730E026F046B056B020E066F076B8E
:106CD000000157EC0EF00901036B9E0E026F0A0EC5
:106CE000046F240E056F020E066F076B000157EC50
:106CF0000EF00101AA6BA96BA86BA76B000119EC40
:106D000011F090DD0101A7530AE1A85308E1A9534E
:106D100006E1AA5304E1AA6BA96BA86BA76BAA535F
:106D200007E1A95305E1A85303E1A751060805E2CD
:106D3000AA6BA96BA86B060EA76F9F0EA72508016B
:106D4000D96F000E0101A8210801DA6FE8CF03F91D
:106D5000D9C802F90C0E0901046F460E056F010E29
:106D6000066F076B000157EC0EF06BC06CF0519C86
:106D7000000E016E1200130E0901076F4A0E086F14
:106D80005A0E096F0001D6EC10F002EF37F051AC4B
:106D900095D06C515C0833E088EC0BF00901036B73
:106DA000730E026F046B056B020E066F076B00011A
:106DB00057EC0EF0CE51FC0F22E2040F62EF37F0D9
:106DC0000101AA6BA96BA86B030EA76F000117D076
:106DD0000101AA6BA96BA86B020EA76F00010FD06F
:106DE0000101AA6BA96BA86B030EA76F000107D066
:106DF0000101AA6BA96BA86B040EA76F000119EC27
:106E000011F0B9D7CE51FC0F46E2040F76EF37F000
:106E10000101AA530CE1A9530AE1A85308E1A751C3
:106E2000030805E3AA6BA96BA86B030EA76F00010B
:106E300032D00101AA530CE1A9530AE1A85308E199
:106E4000A751020805E3AA6BA96BA86B020EA76FF6
:106E5000000121D00101AA530CE1A9530AE1A85372
:106E600008E1A751030805E3AA6BA96BA86B030E01
:106E7000A76F000110D00101AA530CE1A9530AE148
:106E8000A85308E1A751040805E3AA6BA96BA86BF6
:106E9000040EA76F00010101AA5307E1A95305E100
:106EA000A85303E1A751060805E2AA6BA96BA86BDA
:106EB000060EA76F0001C1DC6BC06CF0519C000E88
:106EC000016E1200E824F76AF736E50FF66E6E0ED3
:106ED000F722000EF86EFB6E0A00F550FA6E0800FD
:106EE000F550F96EC06DD06DE06DF06DE824F76A75
:106EF000F7360D0FF66E6F0EF722000EF86EFB6E72
:106F00000A00F550FA6E0800F550F96E106E326EF8
:106F1000546E766E0901016B006B00C9A6F707017C
:106F2000A76B0901016B006B00C9A8F70701A96BEA
:106F30000901016B006B00C9B6F70701B76B0901C6
:106F4000016B006B00C9B8F70701B96B0901006B51
:106F500000C9C6F7006B00C9C7F7006B00C9CEF7C0
:106F60000001906B916B986B559012000901016BB9
:106F7000006B00C9AAF70701AB6B0901016B006B3D
:106F800000C9ACF70701AD6B0901016B006B00C9CB
:106F9000BAF70701BB6B0901016B006B00C9BCF7B5
:106FA0000701BD6B0901006B00C9C8F7006B00C980
:106FB000C9F7006B00C9CFF70001926B936B996B17
:106FC000559212000901016B006B00C9AEF7070171
:106FD000AF6B0901016B006B00C9B0F70701B16B22
:106FE0000901016B006B00C9BEF70701BF6B090106
:106FF000016B006B00C9C0F70701C16B0901006B91
:1070000000C9CAF7006B00C9CBF7006B00C9D0F705
:107010000001946B956B9A6B559412000901016BFA
:10702000006B00C9B2F70701B36B0901016B006B7C
:1070300000C9B4F70701B56B0901016B006B00C90A
:10704000C2F70701C36B0901016B006B00C9C4F7EC
:107050000701C56B0901006B00C9CCF7006B00C9C3
:10706000CDF7006B00C9D1F70001966B976B9B6B56
:10707000559612000901029107015151010815E2CC
:107080000901036B070151510901035D0DE2036A18
:107090000351270FE96E070E0320EA6E0151EF5CE2
:1070A00001E10281032BEED70701000E090102B1B5
:1070B000010E016E0001120000C901F9DBDF01526F
:1070C00015E1036A07015151270FE96E070E0320EE
:1070D000EA6E00C9EFFF5151512B036A3B0FE96E75
:1070E000070E0320EA6EEF6A502B000112001B6AA4
:1070F000F2BE1B8EF29E07C979F906C978F945ECF4
:1071000005F01BBEF28E03C026F902C025F901C0AE
:1071100024F900C023F909012A6B296B480E286F56
:10712000850E276F00016FEC0AF003C00BF902C057
:107130000AF901C009F900C008F9D89203C00FF993
:1071400002C00EF901C00DF900C00CF90901136B62
:10715000126B116B7E0E106F0001C4EC19F01B6AEC
:10716000F2BE1B8EF29E03C07BF902C07AF901C009
:1071700079F900C078F9DBEC05F01BBEF28E02C095
:1071800009F901C008F902C00BF901C00AF90901A7
:107190000D6B640E0C6F000163EC0BF002C003F08A
:1071A00002C002F009EF3FF00901196B186B176B71
:1071B000166B1D6B1C6B1B6B1A6B1E6B0F510B5DE3
:1071C0001E6F00016B5114080CE06B51770803E24D
:1071D0006B51800806E26B518B0809E26B519408F1
:1071E00006E30901155302E10BC91EF900011B6AF0
:1071F000F2BE1B8EF29E0901796B1EC978F900015F
:1072000045EC05F01BBEF28E03C022F902C021F945
:1072100001C020F900C01FF903C026F902C025F9FA
:1072200001C024F900C023F909012A6B240E296F3B
:10723000740E286F920E276F00016FEC0AF003C0E6
:1072400019F902C018F901C017F900C016F91B6A34
:10725000F2BE1B8EF29E14C979F913C978F945EC78
:1072600005F01BBEF28E1B6AF2BE1B8EF29E19C980
:107270007BF918C97AF917C979F916C978F903C0E1
:107280007FF902C07EF901C07DF900C07CF960EC95
:1072900005F01BBEF28E03C022F902C021F901C025
:1072A00020F900C01FF91B6AF2BE1B8EF29E03C0BC
:1072B0007BF902C07AF901C079F900C078F90901B7
:1072C0007F6B7E6B480E7D6F850E7C6F000160ECDE
:1072D00005F01BBEF28E03C01DF902C01CF901C0EF
:1072E0001BF900C01AF91AC900F01BC901F01CC92A
:1072F00002F01DC903F01200E9500901056F0451A5
:10730000076F22E01B6AF2BE1B8EF29E03C97BF957
:1073100002C97AF901C979F900C978F97F6B7E6BE6
:10732000200E7D6F820E7C6F000160EC05F01BBEAD
:10733000F28E03C003F902C002F901C001F900C0D6
:1073400000F90901072FDED703C910F902C90FF9A7
:1073500001C90EF900C90DF90001A3EC19F003C031
:1073600003F902C002F901C001F900C000F90901E6
:1073700003AF0DD00507058B001F011F021F031F60
:10738000002BD8B4012BD8B4022BD8B4032B3B0E5E
:107390000C6F9A0E0B6FCA0E0A6F096B0A0E076FFD
:1073A0000451D8B4052BD882090EEA6EE96A03C9E4
:1073B00013F902C912F901C911F900C910F90CC970
:1073C00017F90BC916F90AC915F909C914F9000109
:1073D000DBEC09F00150005213E109010429075DBB
:1073E000D8A402D000010CD005510DE00F0B075DB1
:1073F00001E044E205BF42D005BD05D0200E37D0E4
:10740000200E0901051705AB0FD0059B0451D8A428
:1074100005070050056F2D0E106F00017CEC0FF07A
:1074200009010551006E056B0451075D0DE1005027
:10743000056F2E0E106F00017CEC0FF00901055155
:10744000006E200E0517000E300E05AB10D0059B08
:107450000451D8A405070050056F2D0E106F0001D0
:107460007CEC0FF009010551006E056B300E002613
:1074700000C010F900017CEC0FF00901D8920CC992
:1074800013F90BC912F90AC911F909C910F9176BD7
:10749000166B156B0A0E146F0001DBEC09F003C0CC
:1074A0000CF902C00BF901C00AF900C009F9090181
:1074B000072F79D7000190EF41F00900F55211E054
:1074C000F6CF00F9F7CF01F9F8CF02F9F5CF10F9AF
:1074D0007CEC0FF000C9F6FF01C9F7FF02C9F8FF05
:1074E000ECD712000101CA6BC96BC869DC0EC76F0B
:1074F0001B6AF2BE1B8EF29E010E09016F6F000126
:1075000053EC03F01BBEF28E12001B6AF2BE1B8E00
:10751000F29E03C979F902C978F945EC05F01BBE62
:10752000F28E03C026F902C025F901C024F900C07B
:1075300023F909012A6B296B480E286F840E276FE7
:1075400000016FEC0AF003C007F902C006F901C0A0
:1075500005F900C004F9D89203C00FF902C00EF972
:1075600001C00DF900C00CF90901136B126B116B0E
:107570007E0E106F0001C4EC19F01B6AF2BE1B8E68
:10758000F29E03C07BF902C07AF901C079F900C00C
:1075900078F9DBEC05F01BBEF28E02C005F901C0E4
:1075A00004F902C00BF901C00AF909010D6B320E92
:1075B0000C6F000163EC0BF002C003F002C002F09C
:1075C000120051AC59EF47F019EC11F06C518C08D6
:1075D00010E16B518D080DE18251FC0F0AE2040F9E
:1075E0005DEF47F097DC05D0C1DC03D0EBDC01D0C8
:1075F00015DD6B518F08D8B4ADEF44F06C518F0896
:107600000BE11B6AF2BE1B8EF29E09016F6B00013B
:1076100053EC03F01BBEF28E0101306B320E2F6F64
:1076200000016C51290810E188EC0BF00901036B93
:10763000060E026F046B056B020E066F076B0001EE
:1076400057EC0EF019EC11F06C518C08D8B4ACD199
:107650006C518D08D8B4A8D16C518E08D8B4A4D17F
:107660006C512908D8B4A0D188EC0BF00901036B48
:10767000060E026F046B056B020E066F076B0001AE
:1076800057EC0EF06C518F08D8B482D06C5128089A
:1076900007E16B518D08D8B47BD06B518E0878E030
:1076A0008251030868E0D8908235036A470F016E63
:1076B000010E032201C000F9090103C001F9D890AD
:1076C00000018235036AF70FE96E000E0320EA6EAF
:1076D000ECCF03F9ED52EFCF02F9020E09010225BA
:1076E000016E000E032101C9EAFF00C9E9FFEC6E3B
:1076F000ED5201C0EFFFD89000018235036A4F0FB1
:10770000016E010E0322090103C001F9D8900001A6
:107710008235036AFF0FE96E000E0320EA6EECCF9C
:1077200003F0ED52EFCF02F9090101C9EAFF01C0F0
:10773000E9FF03C0ECFFED5202C9EFFF036A00014D
:1077400082517F0F016E000E0322090103C001F96F
:10775000036A00018251650FE96E000E0320EA6E94
:10776000EFCF02F9090101C9EAFF01C0E9FF02C92F
:10777000EFFF0FD00001D8908235036A470FE96E02
:10778000010E0320EA6E0E0EEC6EED52100EEF6E3F
:107790000901000119EC11F06C518F08D8B404D123
:1077A0006C51280808E16B518D08D8B4FDD06B519D
:1077B0008E08D8B4F9D088C052F782C053F7036A54
:1077C0008251590FE96E000E0320EA6EEFCF54F795
:1077D0000901036A000182515D0FE96E000E03206A
:1077E000EA6EEFCF55F70901D89000018235036AA0
:1077F000F70FE96E000E0320EA6EECCF57F7ED525B
:10780000EFCF56F70901D89000018235036AFF0FC8
:10781000E96E000E0320EA6EECCF59F7ED52EFCF80
:1078200058F70901036A00018251650FE96E000EE5
:107830000320EA6EEFCF5AF70901D8900001823594
:10784000036A390FE96E010E0320EA6EECCF5CF794
:10785000ED52EFCF5BF70901D89000018235036A42
:10786000CF0FE96E000E0320EA6EECCF5EF7ED520B
:10787000EFCF5DF7090100018251040DF350036A57
:10788000D70FE96E000E0320EA6EEFCF5FF7ECCF63
:1078900060F7ECCF61F7ECCF62F78251040DF35043
:1078A000036AE70FE96E000E0320EA6EEFCF63F77D
:1078B000ECCF64F7ECCF65F7ECCF66F757C267F70C
:1078C00058C268F759C269F75AC26AF75BC26BF7C8
:1078D0005CC26CF75DC26DF75EC26EF75FC26FF798
:1078E00060C270F761C271F762C272F763C273F768
:1078F00064C274F7CDC075F70901006B00C976F753
:107900000701076B080E0901006F00015CEC38F0FD
:107910000601FF6BD89000018235036A390FE96ECA
:10792000010E0320EA6EECCF9FF7ED52EFCF9EF7EA
:107930000901D89000018235036A200F016E000E04
:107940000322090103C0EAFF01C0E9FFEC6AED521E
:10795000EF6A036A00018251280F016E000E0322B4
:1079600001500901006F03C001F9A60E0025026F46
:10797000070E0121036F046B03C9EAFF02C9E9FF87
:1079800004C9EEFFD89000018235036A390FE96E11
:10799000010E0320EA6E0101AA6BA96BECCFA8F1DE
:1079A000ED52EFCFA7F10001D8908235036A470F5F
:1079B000E96E010E0320EA6EECCF05F9ED52EFCF30
:1079C00004F9D8908235036A4F0FE96E010E032047
:1079D000EA6EECCF07F9ED52EFCF06F9A8EC17F0FD
:1079E0004FBE03D03A0E8C6F02D03D0E8C6F825387
:1079F00005E08251030802E0000E01D0010E0901EA
:107A0000016F036B8CC002F9030E046F160E056F35
:107A1000020E066F01C907F9000157EC0EF0822D26
:107A200001D002D0000E01D0010E0901006F036BDE
:107A30003B0E026F1D0E046F160E056F020E066FD1
:107A400000C907F9000157EC0EF08251020802E06C
:107A5000000E01D0010E0901006F036B3C0E026F96
:107A6000350E046F160E056F020E066F00C907F97A
:107A7000000157EC0EF0CD2D09D0CD51040806E1E0
:107A8000CD51060803E1CD51020832E0D89082358D
:107A9000036ACF0FE96E000E0320EA6EECCF01F906
:107AA000ED52EFCF00F9010E0801C16FDB0EC06F80
:107AB000CA0EF66E030EF76E000EF86E0B0E09017D
:107AC000066F000176EC15F0020EE96E01C907F9A8
:107AD00000C906F99AEC14F0480E0901106F000174
:107AE0007CEC0FF07A0E0901106F00017CEC0FF0B6
:107AF000CD2D01D009D0CD51040806E0CD510608A6
:107B000003E0CD51020839E1010E0801C16FDB0E1F
:107B1000C06FDC0EF66E030EF76E000EF86E060EEA
:107B20000901066F000176EC15F0020EE96E58C2ED
:107B300007F957C206F99AEC14F0E60EF66E030E3A
:107B4000F76E000EF86E090E0901066F000176EC63
:107B500015F0020EE96E5AC207F959C206F99AECFD
:107B600014F0480E0901106F00017CEC0FF07A0E42
:107B70000901106F00017CEC0FF0010E09010A6F82
:107B8000DB0E096F110E0B6F280E0C6F0D6B0E6B59
:107B9000000131EC0FF082510308D8B41FD1CD5150
:107BA000060804E1CD510508D8B484D08251040DF3
:107BB000F350036AD70FE96E000E0320EA6EEFCF91
:107BC00004F9ECCF05F9ECCF06F9ECCF07F900EC9E
:107BD0001BF003C003F902C002F901C001F900C0A3
:107BE00000F9010E0801C16FDB0EC06FF60EF66ED4
:107BF000030EF76E000EF86E040E0901066F000109
:107C000076EC15F0030EE96E03C907F902C906F90F
:107C100001C905F900C904F945EC1BF035C210F99A
:107C20007CEC0FF0730E0901106F00017CEC0FF07B
:107C30008251040DF350036AE70FE96E000E032032
:107C4000EA6EEFCF04F9ECCF05F9ECCF06F9ECCFF3
:107C500007F900EC1BF003C003F902C002F901C0F0
:107C600001F900C000F9010E0801C16FF90EC06FE3
:107C7000020EF66E040EF76E000EF86E040E090189
:107C8000066F000176EC15F0030EE96E03C907F9E3
:107C900002C906F901C905F900C904F945EC1BF050
:107CA00035C210F97CEC0FF0730E0901106F000162
:107CB0007CEC0FF0CD51060803E0CD51050872E1D0
:107CC0005FC207F95EC206F95DC205F95CC204F93C
:107CD00000EC1BF003C003F902C002F901C001F976
:107CE00000C000F9010E0801C16FF90EC06F0E0E41
:107CF000F66E040EF76E000EF86E060E0901066FA2
:107D0000000176EC15F0030EE96E03C907F902C90C
:107D100006F901C905F900C904F945EC1BF035C2A3
:107D200010F97CEC0FF0730E0901106F00017CEC70
:107D30000FF063C207F962C206F961C205F960C2B9
:107D400004F900EC1BF003C003F902C002F901C002
:107D500001F900C000F9010E0801C16FDB0EC06F10
:107D60001C0EF66E040EF76E000EF86E060E09017C
:107D7000066F000176EC15F0030EE96E03C907F9F2
:107D800002C906F901C905F900C904F945EC1BF05F
:107D900035C210F97CEC0FF0730E0901106F000171
:107DA0007CEC0FF0010E09010A6FDB0E096F110E5A
:107DB0000B6F320E0C6F0D6B0E6B000131EC0FF080
:107DC000010E09010A6FF90E096F290E0B6F320EB1
:107DD0000C6F0D6B0E6B000131EC0FF08251040D36
:107DE000F3500901016B006FA60E0025026F070E0C
:107DF0000121036F03C9E2FF02C9E1FFE6CF04F9E5
:107E0000E6CF05F905C907F904C906F9000177EFBE
:107E100038F002C042F101C041F1010E006E825102
:107E2000016E04E0D8900036012EFCD70050871573
:107E3000D8B40BD1D8908235036A390FE96E010EA0
:107E40000320EA6EECCF0BF9ED52EFCF0AF90901EE
:107E50000D6B320E0C6F000163EC0BF002C003F0EF
:107E600001500101415D04E10350425DD8B490D05E
:107E70000901026B300E016F120E036F3C0E046F8E
:107E8000010E056F85C006F9076B00016AEC12F060
:107E9000010E0801C16FDB0EC06F000EE96E42C11A
:107EA00007F941C106F900019AEC14F05B0E0901D3
:107EB000106F00017CEC0FF0410E0901106F000102
:107EC0007CEC0FF0010E0901046FDB0E036F210E35
:107ED000056F3C0E066F010E076F85C008F9096B30
:107EE0000001B4EC15F00901026B940E016F120E43
:107EF000036F460E046F010E056F84C006F9076B11
:107F000000016AEC12F0D8908235036A390FE96EED
:107F1000010E0320EA6EECCF0BF9ED52EFCF0AF918
:107F200009010D6B320E0C6F000163EC0BF002C007
:107F300001F901C000F9010E0801C16FDB0EC06F2D
:107F4000000EE96E02C007F901C006F900019AECC3
:107F500014F05B0E0901106F00017CEC0FF0410E74
:107F60000901106F00017CEC0FF0010E0901046F94
:107F7000DB0E036F210E056F460E066F010E076FB5
:107F800084C008F9096B0001B4EC15F05DD0010163
:107F90000901026B300E016F120E036F3C0E046F6D
:107FA000010E056F84C006F9076B00016AEC12F040
:107FB000010E0801C16FDB0EC06F000EE96E42C1F9
:107FC00007F941C106F900019AEC14F05B0E0901B2
:107FD000106F00017CEC0FF0410E0901106F0001E1
:107FE0007CEC0FF0010E0901046FDB0E036F210E14
:107FF000056F3C0E066F010E076F84C008F9096B10
:108000000001B4EC15F0080EEA6EDD0EE96E0F0EFD
:10801000016EF76A000E03EC01F00A000900F5CFCB
:10802000EEFF012EFBD7080E0901046FDD0E036F72
:10803000120E056F460E066F010E076F84C008F919
:10804000096B0001B4EC15F05BD00901026B300E36
:10805000016F120E036F3C0E046F010E056F84C09A
:1080600006F9076B00016AEC12F0010E0801C16FFE
:10807000DB0EC06F000EE96E0901076B066B000195
:108080009AEC14F05B0E0901106F00017CEC0FF00C
:10809000410E0901106F00017CEC0FF0010E090187
:1080A000046FDB0E036F210E056F3C0E066F010E91
:1080B000076F84C008F9096B0001B4EC15F0080ED5
:1080C000EA6EEC0EE96E0F0E016EF76A000E03EC1D
:1080D00001F00A000900F5CFEEFF012EFBD7080ED4
:1080E0000901046FEC0E036F120E056F460E066F4A
:1080F000010E076F84C008F9096B0001B4EC15F09C
:108100000801FE6BFD6BFC6BFB6B000182510308E9
:10811000D8B41AD1CD5303E0CD51030843E18251C5
:10812000040DF350036AD70FE96E000E0320EA6EC8
:10813000EFCF0BF9ECCF0CF9ECCF0DF9ECCF0EF93A
:108140008251040DF350036AE70FE96E000E03201D
:10815000EA6EEFCF0FF9ECCF10F9ECCF11F9ECCFBD
:1081600012F9D8908235036ACF0FE96E000E032012
:10817000EA6EECCF14F9ED52EFCF13F9036A825196
:108180005D0FE96E000E0320EA6EEFCF15F9D4EC17
:1081900038F003C0FEF802C0FDF801C0FCF800C0D2
:1081A000FBF89DD0CD2D01D006D0CD51040803E0C1
:1081B000CD5102083AE18251040DF350036AD70F02
:1081C000E96E000E0320EA6EEFCF0BF9ECCF0CF94D
:1081D000ECCF0DF9ECCF0EF98251040DF350036A88
:1081E000E70FE96E000E0320EA6EEFCF0FF9ECCF38
:1081F00010F9ECCF11F9ECCF12F9036A82515D0F3F
:10820000E96E000E0320EA6EEFCF15F95AC214F999
:1082100059C213F9D4EC38F003C0FEF802C0FDF8DF
:1082200001C0FCF800C0FBF85AD0CD51060826E189
:10823000036A82515D0FE96E000E0320EA6EEFCFF4
:1082400015F963C20EF962C20DF961C20CF960C280
:108250000BF90901126B116B106B0F6B5AC214F9F9
:1082600059C213F90001D4EC38F003C0FEF802C083
:10827000FDF801C0FCF800C0FBF831D0CD51050875
:108280002EE1D8908235036ACF0FE96E000E0320ED
:10829000EA6EECCF14F9ED52EFCF13F9036A825175
:1082A0005D0FE96E000E0320EA6EEFCF15F963C291
:1082B0000EF962C20DF961C20CF960C20BF9090135
:1082C000126B116B106B0F6B0001D4EC38F003C014
:1082D000FEF802C0FDF801C0FCF800C0FBF8010E7A
:1082E0000801C16FDB0EC06F470E0901106F00015E
:1082F0007CEC0FF0200E0901106F00017CEC0FF0F8
:10830000020EE96EFEC803F9FDC802F9FCC801F9C6
:10831000FBC800F9010E0901046F00017CEF39F080
:10832000250E0901106F00017CEC0FF0010E090110
:108330000A6FDB0E096F2C0E0B6F600E0C6F0D6B4E
:108340000E6B000131EC0FF0B6C700F9B7C701F9A9
:108350000901056B046B01C903F900C902F9EACFF1
:1083600007F9E9CF06F905C95BF904C95AF903C948
:1083700059F902C958F95F6B5E6B030E5D6FE80E29
:108380005C6F000125EC0AF007C9EAFF06C9E9FFA6
:1083900003C005F902C004F901C003F900C002F9E5
:1083A000A6C708F9A7C709F9EACF0BF9E9CF0AF977
:1083B000D89205C913F904C912F903C911F902C900
:1083C00010F90901176B166B09C915F908C914F9D9
:1083D0000001DBEC09F00BC9EAFF0AC9E9FF01C0A3
:1083E00024F100C023F1BAC700F9BBC701F90901A4
:1083F000056B046B01C903F900C902F9EACF07F95B
:10840000E9CF06F905C95BF904C95AF903C959F955
:1084100002C958F95F6B5E6B030E5D6FE80E5C6F0F
:10842000000125EC0AF007C9EAFF06C9E9FF03C00D
:1084300005F902C004F901C003F900C002F9AAC796
:1084400008F9ABC709F9EACF0BF9E9CF0AF9D892D5
:1084500005C913F904C912F903C911F902C910F9C0
:108460000901176B166B09C915F908C914F9000140
:10847000DBEC09F00BC9EAFF0AC9E9FF01C026F1EC
:1084800000C025F1BEC700F9BFC701F90901056B9E
:10849000046B01C903F900C902F9EACF07F9E9CF72
:1084A00006F905C95BF904C95AF903C959F902C9A2
:1084B00058F95F6B5E6B030E5D6FE80E5C6F000139
:1084C00025EC0AF007C9EAFF06C9E9FF03C005F970
:1084D00002C004F901C003F900C002F9AEC708F9EF
:1084E000AFC709F9EACF0BF9E9CF0AF9D89205C964
:1084F00013F904C912F903C911F902C910F90901E4
:10850000176B166B09C915F908C914F90001DBECE2
:1085100009F00BC9EAFF0AC9E9FF01C028F100C050
:1085200027F1C2C700F9C3C701F90901056B046B44
:1085300001C903F900C902F9EACF07F9E9CF06F941
:1085400005C95BF904C95AF903C959F902C958F9AF
:108550005F6B5E6B030E5D6FE80E5C6F000125ECD8
:108560000AF007C9EAFF06C9E9FF03C005F902C01E
:1085700004F901C003F900C002F9B2C708F9B3C792
:1085800009F9EACF0BF9E9CF0AF9D89205C913F92D
:1085900004C912F903C911F902C910F90901176BCD
:1085A000166B09C915F908C914F90001DBEC09F0CB
:1085B0000BC9EAFF0AC9E9FF01C02AF100C029F18D
:1085C000010E006E8251016E04E0D8900036012E3B
:1085D000FCD70050871529E1D8908235036A230F14
:1085E000E96E010E0320EA6EEC6AED52EF6A8251E9
:1085F000040DF350036A100F0901006F000E0320F1
:10860000016FA60E0025026F070E0121036F056B97
:10861000046B03C9EAFF02C9E9FF04C9EEFF090EB2
:10862000EA6E030EE96EEF6A00010901036B320E78
:10863000026F020E046F550E056F066B076B00018B
:1086400057EC0EF0D8908235036A230FE96E010EC5
:108650000320EA6EECCF07F9ED52EFCF06F9010ED9
:108660000801C16FDB0EC06F000EE96E00019AECCD
:1086700014F02E0EF66E040EF76E000EF86E040E59
:108680000901066F000176EC15F0010E09010A6F71
:10869000DB0E096F110E0B6F550E0C6F0D6B0E6B11
:1086A000000131EC0FF00901036B310E026F2B0E4C
:1086B000046F550E056F066B076B000157EC0EF04B
:1086C0008251040DF350036A100F0901006F000E70
:1086D0000320016F010E0801C16FDB0EC06FA60EF3
:1086E00009010025026F070E0121036F03C9E2FF94
:1086F00002C9E1FFE6CF04F9E6CF05F9000EE96E05
:1087000005C907F904C906F900019AEC14F0380EFE
:10871000F66E040EF76E000EF86E030E0901066F7A
:10872000000176EC15F0010E09010A6FDB0E096FEE
:10873000390E0B6F550E0C6F0D6B0E6B000131EC8B
:108740000FF08251040DF350036A100F0901006FFE
:10875000000E0320016FA60E0025026F070E0121F7
:10876000036F03C9E2FF02C9E1FFE6CF04F9E6CFD8
:1087700005F9055126080AE2FF0A03E104510F0832
:1087800005E2950E00018C6F04D00901960E0001E0
:108790008C6F0901036B8CC002F9460E046F2D0E1D
:1087A000056F020E066F076B000157EC0EF0010E0D
:1087B0000801C16FDB0EC06F3C0EF66E040EF76E43
:1087C000000EF86E030E0901066F000176EC15F03D
:1087D00077C007F9110E0901086F00018DEC0FF049
:1087E0003A0E0901106F00017CEC0FF078C007F918
:1087F000010E0901086F00018DEC0FF08251030892
:108800004AE0010E0801C16FF90EC06F480EF66E06
:10881000040EF76E000EF86E030E0901066F0001DC
:1088200076EC15F079C007F9110E0901086F000107
:108830008DEC0FF03A0E0901106F00017CEC0FF087
:108840007AC007F9010E0901086F00018DEC0FF0E5
:10885000036A82517F0FE96E000E0320EA6EEFCFAC
:1088600000F9020E0801C16F170EC06F540EF66EAC
:10887000040EF76E000EF86E050E0901066F00017A
:1088800076EC15F000C907F9110E0901086F000117
:108890008DEC0FF037D0010E0801C16FF90EC06FDB
:1088A0005E0EF66E040EF76E000EF86E050E0901F0
:1088B000066F000176EC15F0410EE96EE6C007F98F
:1088C000E5C006F9E4C005F9E3C004F945EC1BF086
:1088D000660EF66E040EF76E000EF86E030E0901BA
:1088E000066F000176EC15F0020E0801C16F170E3D
:1088F000C06F6A0EF66E040EF76E000EF86E000181
:108900005DEC3AF0010E09010A6FDB0E096F040EEF
:108910000B6F600E0C6F0D6B0E6B000131EC0FF0E6
:10892000010E09010A6FF90E096F180E0B6F600E28
:108930000C6F0D6B0E6B000131EC0FF0020E090194
:108940000A6F170E096F380E0B6F600E0C6F0D6BF0
:108950000E6B000131EC0FF0E4D06C518F0804E095
:1089600088EC0BF072EC3AF050A004D00801FF6BD9
:108970000DD0000150A205D0010E0801FF6F06D0F6
:10898000000150A404D0020E0801FF6F0001D8902E
:108990000801FF35036A470FE96E010E0320EA6EF6
:1089A000ECCF05F9ED52EFCF04F9D890FF35036A0B
:1089B0004F0FE96E010E0320EA6EECCF07F9ED527E
:1089C000EFCF06F90001A8EC17F077C0D9F878C00E
:1089D000DAF879C0DBF87AC0DCF80901036B380EED
:1089E000026F060E046F550E056F066B076B0001D4
:1089F00057EC0EF00901036B390E026F260E046F5F
:108A0000550E056F066B076B000157EC0EF0090160
:108A1000036B060E026F046B056B020E066F076B8D
:108A2000000157EC0EF00901036B330E026F0A0EC2
:108A3000046F320E056F020E066F076B000157ECD4
:108A40000EF050A003D03E0E8C6F09D050A203D080
:108A50003F0E8C6F04D050A402D0400E8C6F0901E1
:108A6000036B8CC002F90A0E046F400E056F020EF4
:108A7000066F076B000157EC0EF0010E0801C16F85
:108A8000DB0EC06FD9C807F9110E0901086F00018C
:108A90008DEC0FF03A0E0901106F00017CEC0FF025
:108AA000DAC807F9010E0901086F00018DEC0FF01B
:108AB000010E09010A6FDB0E096F0C0E0B6F5F0EC2
:108AC0000C6F020E0D6F0E6B000131EC0FF0010EFA
:108AD0000801C16FDB0EC06FDBC807F9110E090179
:108AE000086F00018DEC0FF03A0E0901106F0001C4
:108AF0007CEC0FF0DCC807F9010E0901086F0001DA
:108B00008DEC0FF0010E09010A6FDB0E096F250EC7
:108B10000B6F5F0E0C6F020E0D6F0E6B000131ECD0
:108B20000FF00901036BA80E026F046B6B0E056F4B
:108B3000066B076B000157EC0EF04FBE6ED087A19D
:108B400034D0A6C700F9A7C701F901C903F900C9C4
:108B500002F985EC3AF002C003F901C002F9010EF6
:108B60000801C16FDB0EC06F740EF66E040EF76E57
:108B7000000EF86E030E0901066F000176EC15F089
:108B8000000EE96E03C907F902C906F99AEC14F060
:108B90007B0EF66E040EF76E000EF86E030E0901E2
:108BA000066F000176EC15F020D0010E0801C16FB0
:108BB000DB0EC06F800EF66E040EF76E000EF86EC0
:108BC00000015DEC3AF00901016B006B00C9B6F7DA
:108BD0000701B76B0901016B006B00C9A6F707011C
:108BE000A76B0101246B236B000187A102D0825384
:108BF00002E0000E01D0010E0901026F010E0A6FA2
:108C0000DB0E096F030E0B6F760E0C6F0D6B02C936
:108C10000EF9000131EC0FF06ED087A734D0B2C747
:108C200000F9B3C701F901C903F900C902F985ECDC
:108C30003AF002C003F901C002F9010E0801C16F48
:108C4000DB0EC06F8C0EF66E040EF76E000EF86E23
:108C5000030E0901066F000176EC15F0000EE96EB7
:108C600003C907F902C906F99AEC14F0930EF66EDF
:108C7000040EF76E000EF86E030E0901066F000178
:108C800076EC15F020D0010E0801C16FDB0EC06F2D
:108C9000980EF66E040EF76E000EF86E00015DEC95
:108CA0003AF00901016B006B00C9C2F70701C36B01
:108CB0000901016B006B00C9B2F70701B36B010139
:108CC0002A6B296B000187A703D08251030802E0B9
:108CD000000E01D0010E0901026F010E0A6FDB0EBA
:108CE000096F030E0B6F760E0C6F0D6B02C90EF938
:108CF000000131EC0FF087A334D0AAC700F9ABC74D
:108D000001F901C903F900C902F985EC3AF002C082
:108D100003F901C002F9010E0801C16FDB0EC06F3B
:108D2000A40EF66E040EF76E000EF86E030E090127
:108D3000066F000176EC15F0000EE96E03C907F925
:108D400002C906F99AEC14F0AB0EF66E040EF76E3B
:108D5000000EF86E030E0901066F000176EC15F0A7
:108D600020D0010E0801C16FDB0EC06FB00EF66E91
:108D7000040EF76E000EF86E00015DEC3AF009018A
:108D8000016B006B00C9BAF70701BB6B0901016BEE
:108D9000006B00C9AAF70701AB6B0101266B256BBD
:108DA000000187A303D0822D01D002D0000E01D094
:108DB000010E0901026F010E0A6FDB0E096F1C0E16
:108DC0000B6F760E0C6F0D6B02C90EF9000131ECC2
:108DD0000FF087A534D0AEC700F9AFC701F901C9BC
:108DE00003F900C902F985EC3AF002C003F901C0A9
:108DF00002F9010E0801C16FDB0EC06FBC0EF66EEA
:108E0000040EF76E000EF86E030E0901066F0001E6
:108E100076EC15F0000EE96E03C907F902C906F9F0
:108E20009AEC14F0C30EF66E040EF76E000EF86E98
:108E3000030E0901066F000176EC15F020D0010E3B
:108E40000801C16FDB0EC06FC80EF66E040EF76E20
:108E5000000EF86E00015DEC3AF00901016B006B49
:108E600000C9BEF70701BF6B0901016B006B00C9A8
:108E7000AEF70701AF6B0101286B276B000187A5D7
:108E800003D08251020802E0000E01D0010E090158
:108E9000026F010E0A6FDB0E096F350E0B6F760E37
:108EA0000C6F0D6B02C90EF9000131EC0FF06BC0B5
:108EB0006CF0519C000E016E1200E824F76AF73640
:108EC000DB0FF66E8E0EF722000EF86EFB6E0A00B8
:108ED000F550FA6E0800F550F96EE475E875EC751A
:108EE000F0750601F7BB08D047C224F746C223F746
:108EF00049C225F74CC226F723C728F824C729F80A
:108F000025C72AF826C72BF80801E36BE26BE2C8F5
:108F100022F8236BE36BE26BE2C824F8256BE36B6A
:108F2000E26BE2C826F8276BE26BE2C82CF8E26B32
:108F3000E2C82DF8E26BE2C82EF80001946B956B45
:108F40009A6B0701226B26C756F20101886B876B6B
:108F5000566B556B586B576B559450940601FA6BD2
:108F6000F96B00011200140E0901076F4A0E086F19
:108F7000140E096F0001D6EC10F022EF49F051AC4D
:108F800039D36C51B40809E16B51B50806E106010B
:108F9000F79B0101566B556B00016B51B708D8B4B4
:108FA000C0D26C51B7080BE11B6AF2BE1B8EF29E59
:108FB00009016F6B000153EC03F01BBEF28E6C5184
:108FC000B40823E06C51B50820E088EC0BF00901EF
:108FD000036B070E026F046B056B020E066F076BC7
:108FE000000157EC0EF06C51B70809E00101AA6BC3
:108FF000A96B4FC2A8F14EC2A7F1000172DF51C2A6
:1090000048F150C247F119EC11F06B51B40801E17D
:1090100068DF6B51B40803E1FAEC10F005D06B5136
:10902000B50802E104EC11F048C105F947C104F9A3
:109030000901076B066B0001A8EC17F00901036B2F
:109040002B0E026F020E046F1A0E056F066B076B74
:10905000000157EC0EF05B0E0801DB6F410EDC6F78
:10906000DD6B080E09010A6FDB0E096F240E0B6F12
:10907000370E0C6F0D6B0E6B000131EC0FF024C836
:1090800055F125C856F126C857F127C858F122C80E
:1090900087F123C888F128C823F729C824F72AC8EC
:1090A00025F72BC826F70701265302E1010E226F90
:1090B0001B6AF2BE1B8EF29E56C179F955C178F932
:1090C000000145EC05F01BBEF28E03C026F902C07C
:1090D00025F901C024F900C023F909012A6B296B85
:1090E0007A0E286F880E276F00016FEC0AF003C01C
:1090F000E5F802C0E4F801C0E3F800C0E2F81B6A3A
:10910000F2BE1B8EF29E58C179F957C178F945EC31
:1091100005F01BBEF28E1B6AF2BE1B8EF29EE5C8E6
:109120007BF9E4C87AF9E3C879F9E2C878F903C0B1
:109130007FF902C07EF901C07DF900C07CF960ECC6
:1091400005F01BBEF28E03C0E5F802C0E4F801C0D2
:10915000E3F800C0E2F80801E96B400EE86F1C0E6E
:10916000E76F8C0EE66F03C0EDF802C0ECF801C0AB
:10917000EBF800C0EAF8000121EC2BF001E203E17A
:10918000950E8C6F02D0960E8C6F0901036B8CC00C
:1091900002F9460E046F2D0E056F020E066F076B67
:1091A000000157EC0EF06C51500833E16B51B408DC
:1091B00030E144C200F845C201F846C202F847C295
:1091C00003F848C204F84AC205F84BC206F849C27F
:1091D00007F84DC208F84CC209F843C20AF84EC25B
:1091E0000BF84FC20CF80201556B546B536B910E88
:1091F000526F0701076B0A0E0901006F00015CEC5A
:1092000038F0010E0601FF6F4EC21CF84FC21DF868
:1092100000016C51B40803E16B51B50806E06C51D4
:10922000B70811E16B51B5080EE1050E02014E259C
:10923000526F000E4F21536F546BD8B0522B556BA9
:10924000000191D658960101555302E156530CE0A6
:10925000050E02014E25526F000E4F21536F546BC5
:10926000D8B0522B556B0101020156510701265D02
:1092700003E026C756F2589656C103F955C102F9C4
:10928000000185EC3AF002C0E3F801C0E2F8010EFB
:109290000801C16FDB0EC06F000EE96E02C007F956
:1092A00001C006F900019AEC14F0010E09010A6FE1
:1092B000DB0E096F0B6B280E0C6F030E0D6F0E6B20
:1092C000000131EC0FF00901036B940E026F2B0EBD
:1092D000046F570E056F066B076B000157EC0EF01D
:1092E0004FC20BF94EC20AF909010D6B640E0C6FE7
:1092F000000163EC0BF002C0E3F801C0E2F8010EDC
:109300000801C16FDB0EC06F000EE96E02C007F9E5
:1093100001C006F900019AEC14F0D80EF66E040EA6
:10932000F76E000EF86E030E0901066F000176EC71
:1093300015F0010E09010A6FDB0E096F370E0B6F76
:10934000570E0C6F0D6B0E6B000131EC0FF0090125
:10935000036B310E026F2B0E046F610E056F066BEF
:10936000076B000157EC0EF0010E0801C16FDB0E18
:10937000C06F000EE96E88C107F987C106F90001C8
:109380009AEC14F0E00EF66E040EF76E000EF86E16
:10939000030E0901066F000176EC15F0010E0901BC
:1093A0000A6FDB0E096F370E0B6F610E0C6F0D6BC2
:1093B0000E6B000131EC0FF00901036B320E026FEE
:1093C0002B0E046F6B0E056F066B076B000157ECDD
:1093D0000EF0010E0801C16FDB0EC06F000EE96ECA
:1093E00058C107F957C106F900019AEC14F0E80ECC
:1093F000F66E040EF76E000EF86E040E0901066F8D
:10940000000176EC15F0010E09010A6FDB0E096F01
:10941000370E0B6F6B0E0C6F0D6B0E6B000131EC8A
:109420000FF0080EEA6EDB0EE96E070E016EF76AAA
:10943000000E15EC01F00A000900F5CFEEFF012E39
:10944000FBD7080E09010A6FDB0E096F2C0E0B6F9C
:109450001A0E0C6F0D6B0E6B000131EC0FF0010E4C
:109460000801C16FDB0EC06F26C707F9130E090193
:10947000086F00018DEC0FF0010E09010A6FDB0E81
:10948000096F280E0B6F0C6F030E0D6F0E6B000132
:1094900031EC0FF048C105F947C104F90901076B28
:1094A000066B0001A8EC17F00901036B2D0E026F8B
:1094B000020E046F500E056F066B076B000157EC30
:1094C0000EF0010E0801C16FDB0EC06F77C007F907
:1094D000110E0901086F00018DEC0FF03A0E090121
:1094E000106F00017CEC0FF078C007F9010E090144
:1094F000086F00018DEC0FF0200E0901106F0001C4
:109500007CEC0FF0010E09010A6FDB0E096F0B6B8B
:109510005E0E0C6F030E0D6F0E6B000131EC0FF041
:1095200067D06C51B70804E088EC0BF072EC3AF0AD
:1095300048C105F947C104F90901076B066B000131
:10954000A8EC17F077C0D9F878C0DAF80901036BF6
:10955000380E026F190E046F550E056F066B076B00
:10956000000157EC0EF00901036B070E026F0A0EA3
:10957000046F056B020E066F076B000157EC0EF0CF
:109580000901036B330E026F0A0E046F320E056F72
:10959000020E066F076B000157EC0EF0010E08017A
:1095A000C16FDB0EC06FD9C807F9110E0901086F32
:1095B00000018DEC0FF03A0E0901106F00017CECF8
:1095C0000FF0DAC807F9010E0901086F00018DECF0
:1095D0000FF0010E09010A6FDB0E096F1D0E0B6FF4
:1095E0005F0E0C6F020E0D6F0E6B000131EC0FF071
:1095F0006BC06CF0519C000E016E12006C51C808DB
:1096000004E088EC0BF06CC06DF0C00ED880010156
:109610008F550801DD6F270E010190550801DE6F9F
:10962000090E010191550801DF6F000E01019255ED
:109630000801E06FEB6FDFC8EAF8DEC8E9F8DDC8C3
:10964000E8F8000153EC0AF01B6AF2BE1B8EF29E92
:1096500003C07BF902C07AF901C079F900C078F93A
:109660006F0E09017F6F120E7E6F030E7D6F750EF8
:109670007C6F000160EC05F01BBEF28E03C010F998
:1096800002C00FF901C00EF900C00DF9A3EC19F0EA
:1096900003C0DCF802C0DBF801C0DAF800C0D9F87A
:1096A000010E0801C16FDB0EC06FEE0EF66E040EE8
:1096B000F76E000EF86E070E0901066F000176ECDA
:1096C00015F0410EE96EDCC807F9DBC806F9DAC807
:1096D00005F9D9C804F945EC1BF0F80EF66E040E36
:1096E000F76E000EF86E090E0901066F000176ECA8
:1096F00015F0010E09010A6FDB0E096F0A0E0B6FE0
:109700001E0E0C6F020E0D6F0E6B000131EC0FF090
:109710000901036B410E026F0A0E046F320E056FD2
:10972000020E066F076B000157EC0EF00901036B88
:10973000420E026F046B5A0E056F020E066F076B26
:10974000000157EC0EF00901036B430E026F0F0E80
:10975000046F6E0E056F020E066F076B000157EC6B
:109760000EF00101AA6BA96BA86BA76B6BC06CF024
:10977000000E016E000112006C51C90802E088EC75
:109780000BF00901036B440E026F0F0E046F320ED3
:10979000056F020E066F076B000157EC0EF06BC0F1
:1097A0006CF0000E016E12000801E76BE66BE86BCF
:1097B000E551E85D3EE254BE3CD0C580C5B0FED761
:1097C000AA0EF96F0001FEEC14F0012C01D02DD08F
:1097D0000801E851E425EB6FF96F0001FEEC14F08D
:1097E000C582C5B2FED7AB0E0801F96F0001FEECD1
:1097F00014F0006A0CEC15F00801EA6B01C0E9F8FE
:10980000C584C5B4FED7E851080DF3CF00F000526F
:1098100005E0D890E937EA37002EFBD7E951E62773
:10982000EA51E723549E03D00001548E0801E82B2F
:10983000BFD7E6C801F0E7C802F000011200020E2F
:109840000801E46FE56F0001AFDF02501200F7DF9F
:10985000015012000E0E0801E46F020EE56F0001C8
:10986000A3DF025035EF4CF0F5D702C0E1F8080154
:10987000E06B020EE117E05303E1E151020802E060
:10988000000E01D0010E016E000104EF4DF01A0E22
:109890000801E46F020EE56F000186DF02500EEF53
:1098A0004DF0080E0801E46F020EE56F00017CDF49
:1098B00002C0E1F801C0E0F80801E0C801F0E1C829
:1098C00002F00001EFEF4EF00A0E0801E46F020E05
:1098D000E56F000169DF02C0E3F801C0E2F80801AA
:1098E000E2C801F0E3C802F00001F4EF4EF0EACF65
:1098F000EDF8E9CFECF80801E6AF08D0EC8FECA961
:10990000EC2BE51FE61FE52BD8B4E62BE639F00972
:10991000E86FE827E20FE96F320FEB6FE6510F0BAC
:10992000E927E927EB27E90FEA6FEA27EA27E53974
:109930000F0BEA27EB27EA37EB37EB1FEB37E55145
:109940000F0BEB27E837070EE76F0A0EEA07EB2746
:10995000FDE3E907EA27FDE3E807E927FDE3E70779
:10996000E827FDE3080EEA6EE70EE96E070EEC1538
:10997000EC9DED52EC1507E1ECB9EE52ECB903D0D9
:10998000200E006E21D0E926000EEA22E950EB08F5
:1099900004E1EA50080801E1EC8DEF50006E08E1A7
:1099A000ECBD06D0ECB91ED0ECB702D0200E0BD027
:1099B000ECAF06D02D0E006EED50EC9DEC9F04D068
:1099C000EC87EC99300E0026EACFE6F8E9CFE5F80F
:1099D00000C010F900017CEC0FF0E6C8EAFFE5C812
:1099E000E9FF0801EE50ECADD1D7000112000801EB
:1099F000DD6BDE6B00012BDF01C0DFF86C51CC08A2
:109A000002E088EC0BF030D7015205E0450E8C6F78
:109A10008B908B8A2FD1460E8C6F39D702C0E1F81C
:109A200001C0E0F81B6AF2BE1B8EF29E02C079F9FB
:109A300001C078F945EC05F01BBEF28E03C026F993
:109A400002C025F901C024F900C023F909012A6BDD
:109A5000296B700E286F840E276F00016FEC0AF0DF
:109A600003C0DCF802C0DBF801C0DAF800C0D9F8A6
:109A70001B6AF2BE1B8EF29EDCC87BF9DBC87AF94A
:109A8000DAC879F9D9C878F9DBEC05F01BBEF28E9B
:109A900001C0DEF81B6AF2BE1B8EF29E0901796BD3
:109AA000DEC878F9000145EC05F01BBEF28ED882C5
:109AB000DCC80FF9DBC80EF9DAC80DF9D9C80CF902
:109AC00003C013F902C012F901C011F900C010F966
:109AD000C4EC19F003C0E3F802C0E2F801C0E1F8F9
:109AE00000C0E0F81B6AF2BE1B8EF29E03C07BF939
:109AF00002C07AF901C079F900C078F909017F6BD9
:109B00007E6B700E7D6F840E7C6F000160EC05F043
:109B10001BBEF28E1B6AF2BE1B8EF29E03C07BF947
:109B200002C07AF901C079F900C078F9DBEC05F0E0
:109B30001BBEF28E01C0DDF80901036BAB0E026F94
:109B4000090E046F640E056F066B076B000157EC7E
:109B50000EF0010E0801C16FDB0EC06FDEC807F901
:109B6000110E0901086F00018DEC0FF0050EF66E65
:109B7000050EF76E000EF86E030E0901066F000168
:109B800076EC15F0DDC807F9110E0901086F000128
:109B90008DEC0FF00B0EF66E050EF76E000EF86EE4
:109BA000050E0901066F000176EC15F0010E0901A2
:109BB0000A6FDB0E096F2E0E0B6F640E0C6F0D6BB0
:109BC0000E6B000131EC0FF00801DE5123081EE29C
:109BD000000135DE02C0E1F801C0E0F80801E15300
:109BE00015E1E051390812E38B908B8A0901036B70
:109BF000F00E026F090E046F640E056F066B076BA3
:109C0000000157EC0EF0450E8C6F0801DE51430841
:109C10000CE2000114DE02C0E1F801C0E0F8080126
:109C2000E15308E1E0513A0805E3000170510801F1
:109C3000DF5D1BE30001712BD8B4722B7251020857
:109C400005E2FF0A08E17151E80805E370510801D7
:109C5000DF5D0AE300018B908B8ADFC870F0726BC6
:109C6000716B450E8C6F080106D00001726B716B31
:109C70008B808B8A0801000170510801DF5D02E3CF
:109C8000DFC870F00901036B8CC002F90F0E046F7E
:109C90000A0E056F020E066F076B000157EC0EF0FF
:109CA0001B6AF2BE1B8EF29E0901796BDFC878F940
:109CB000000145EC05F01BBEF28E03C0E3F802C0C4
:109CC000E2F801C0E1F800C0E0F81B6AF2BE1B8EAA
:109CD000F29E0901796B70C078F9000145EC05F03E
:109CE0001BBEF28EE3C826F9E2C825F9E1C824F9C3
:109CF000E0C823F903C02AF902C029F901C028F9F4
:109D000000C027F96FEC0AF003C0E3F802C0E2F8E4
:109D100001C0E1F800C0E0F81B6AF2BE1B8EF29EA3
:109D200003C07BF902C07AF901C079F900C078F963
:109D300009017F6B7E6B480E7D6F850E7C6F000185
:109D400060EC05F01BBEF28E1B6AF2BE1B8EF29E0B
:109D500003C07BF902C07AF901C079F900C078F933
:109D6000DBEC05F01BBEF28E01C0E0F8010E08012D
:109D7000C16FDB0EC06F01C007F91B0E0901086F30
:109D800000018DEC0FF0200E0901106F00017CEC3A
:109D90000FF0250E0901106F00017CEC0FF0010E91
:109DA00009010A6FDB0E096F190E0B6F280E0C6F7D
:109DB000030E0D6F0E6B000131EC0FF0010E080168
:109DC000C16FDB0EC06F120EF66E050EF76E000E41
:109DD000F86E00015DEC3AF085BC58D062D502C047
:109DE000E1F801C0E0F870D502C0E3F801C0E2F884
:109DF0002EDD01C0E4F8010E0801C16FDB0EC06F5B
:109E0000340EF66E050EF76E000EF86E030E0901A5
:109E1000066F000176EC15F00A0EE96EE1C8E6F86F
:109E2000E0C8E5F864DD3C0EF66E050EF76E000E38
:109E3000F86E070E0901066F000176EC15F00A0EA8
:109E4000E96EE3C8E6F8E2C8E5F851DD480EF66EC3
:109E5000050EF76E000EF86E090E0901066F00017F
:109E600076EC15F0E4C807F91B0E0901086F000134
:109E70008DEC0FF0200E0901106F00017CEC0FF04B
:109E8000250E0901106F00017CEC0FF0010E090195
:109E90000A6FDB0E096F090E0B6F500E0C6F0D6B06
:109EA0000E6B000131EC0FF06BC06CF0000E016E18
:109EB00012000801EE6BED6BEE51EC5D1EE303E169
:109EC000EB51ED5D1AE2F06BEF6BF05103080CE320
:109ED00003E1EF51B50808E3050E006E002EFED732
:109EE000EF2BD8B4F02BF1D704000001A8EC07F059
:109EF0000801ED2BD8B4EE2BDFD7000112000801CA
:109F0000F46BF56BF76BF66BC580C5B0FED7D890D8
:109F1000F2354009F86FF96F0001FEEC14F00152C0
:109F20003CE10801F35306E0F96B0001FEEC14F08C
:109F300005D00801F96B0001FEEC14F0C582C5B232
:109F4000FED7D8900801F2354109F86FF96F00018A
:109F5000FEEC14F00801F35312E0010E006E000154
:109F60000CEC15F001C0F4F8006A0CEC15F001C01F
:109F7000F5F8F5C8F7F8F4C8F6F80AD00801006A51
:109F800000010CEC15F00801F76B01C0F6F80001B8
:109F9000C584C5B4FED7549E01D0548E0801F6C8BE
:109FA00001F0F7C802F000011200C580C5B0FED76D
:109FB000D8900801F4354009F66FF96F0001FEEC06
:109FC00014F0015222E10801F55307E0020EF96F87
:109FD0000001FEEC14F006D00801010EF96F00013B
:109FE000FEEC14F0F2C8F9F8FEEC14F00801F55399
:109FF00006E0F3C8F9F80001FEEC14F00801C5848E
:10A00000C5B4FED7549E03D00001548E0801000150
:10A010001200010E0801E86FE76BE96BEA6BE6518D
:10A02000040815E1E55304E0830E966E8D8403D099
:10A03000830E966E8D86EC6B640EEB6F000139DF3C
:10A04000830E966E8D94966E8D9659D00801F26BA4
:10A05000010EF36F000153DF080102C0E9F8E65179
:10A06000FC0F31E2040F000180EF50F00801E553CE
:10A0700004E0E86B040EE76F03D0E86B400EE76F77
:10A0800022D00801E55304E0E86B080EE76F03D027
:10A09000E86B200EE76F17D00801E55304E0E86B8A
:10A0A000100EE76F03D0E86B800EE76F0CD008014D
:10A0B000E55304E0E86B020EE76F03D0E86B010E96
:10A0C000E76F01D00801E7C8EAF8EAC8F2F8E9C882
:10A0D000F3F8F46B010EF56F000167DF0801EC6B1C
:10A0E000640EEB6F0001E5DE0801EA6BEAC8F2F8E6
:10A0F000E9C8F3F8F46B010EF56F000156DF1200AA
:10A10000E824F76AF736210FF66EA10EF722000E4B
:10A11000F86EFB6E0A00F550FA6E0800F550F96E05
:10A120006CA082A098A0AEA0030E0801E96FE86BB6
:10A13000010EEB6FEA6BAA0EED6FEC6BD890E73572
:10A14000EE6FEF6BD8B0EF2BF06BF16BE55304E1E2
:10A15000D890EB33EA3305D0E65303E1D890EA37E1
:10A16000EB37EA6BEE51006E05E0D890EA37EB373B
:10A17000002EFBD7EE51006E05E0D890E837E937A6
:10A18000002EFBD7E81FE91FF26B010EF36F0001F1
:10A19000B6DE02C0EDF801C0ECF80801E851EC179A
:10A1A000E951ED17EC51EA13ED51EB13EAC8F1F860
:10A1B000EBC8F0F8F1C8F2F8F0C8F3F8F46B010E50
:10A1C000F56F0001F2DE12000801E56B010EE66F8B
:10A1D000000141EC08F00801E56B030EE66F000199
:10A1E00018DF0801E56BE66BE76B00019DDF50941B
:10A1F000646B589C0801DA6BD96BD9C8AEF70701BC
:10A20000AF6B0801DA6BD96BD9C8B0F70701B16B36
:10A210000801DA6BD96BD9C8BEF70701BF6B08011B
:10A22000DA6BD96BD9C8C0F70701C16B0601F7BB60
:10A2300007D00101AA6BA96BA86B010EA76F0601DD
:10A240005192F995FA6B000171EC47F0518C1200B4
:10A2500087532AE10601F7AB02D0000125D008019F
:10A26000E56B010EE66F000141EC08F0646B08013C
:10A27000DA6BD96BD9C8A6F70701A76B0801DA6BAF
:10A28000D96BD9C8A8F70701A96B0801DA6BD96B9C
:10A29000D9C8B6F70701B76B0801DA6BD96BD9C813
:10A2A000B8F70701B96B000101013A5100080FE24C
:10A2B000FF0A03E1395122080AE2010E3A6F220E29
:10A2C000396FAA6BA96B010EA86F220EA76F51926E
:10A2D000000189910801E56B010EE66F000199DE2E
:10A2E0000801E56BE66B020EE76F00011DDF509081
:10A2F0000701006B0801D96BD9C892F80601F991E2
:10A30000FA6B0001906B916B986B64918AEC37F05B
:10A310005692518C120087532AE10601F7AB02D006
:10A32000000125D00801E56B010EE66F000141EC4C
:10A3300008F0646B0801DA6BD96BD9C8AAF707017A
:10A34000AB6B0801DA6BD96BD9C8ACF70701AD6B01
:10A350000801DA6BD96BD9C8BAF70701BB6B0801E2
:10A36000DA6BD96BD9C8BCF70701BD6B00010101DD
:10A370003C5100080FE2FF0A03E13B5122080AE2C8
:10A38000010E3C6F220E3B6FAA6BA96B010EA86FEA
:10A39000220EA76F5192000189930801E56B020E0E
:10A3A000E66F000136DE0801E56BE66B010EE76F34
:10A3B0000001BADE50920701016B0801D96BD9C8C0
:10A3C00093F80601F993FA6B0001926B936B996B0A
:10A3D0006493B6EC37F05692518C120087532AE101
:10A3E0000601F7AB02D0000125D00801E56B010E94
:10A3F000E66F000141EC08F0646B0801DA6BD96B81
:10A40000D9C8AEF70701AF6B0801DA6BD96BD9C8B1
:10A41000B0F70701B16B0801DA6BD96BD9C8BEF789
:10A420000701BF6B0801DA6BD96BD9C8C0F7070108
:10A43000C16B000101013E5100080FE2FF0A03E178
:10A440003D5122080AE2010E3E6F220E3D6FAA6BBB
:10A45000A96B010EA86F220EA76F5192000189957A
:10A460000801E56B030EE66F0001D3DD0801E56B23
:10A47000E66BE76B000158DE50940701026B0801A0
:10A48000D96BD9C894F80601F995FA6B0001946B61
:10A49000956B9A6B6495E2EC37F05692518C1200F2
:10A4A0008751010A15E0030A15E0060A15E0070ABC
:10A4B00015E0050A16E0030A17E0020A18E00F0A81
:10A4C0001AE0020A1BE0060A1DE0020A1FE023D080
:10A4D000BFDE24D020DF22D081DF20D0B9DE1BDF19
:10A4E0001DD019DF7BDF1AD0B3DE78DF17D0B0DEE6
:10A4F00012DF74DF13D0ACDE649710D00CDFA8DE5F
:10A5000064970CD0A5DE6ADF649708D0A1DE03DF74
:10A5100065DF649703D09CDEFEDE60DF876B896BAE
:10A52000518C12000801DA6BD96BD9C87CF87D6BAD
:10A53000DA6BD96BD9C87EF87F6BDA6BD96BD9C867
:10A5400080F8816BD96BD9C882F8D96BD9C883F8E8
:10A55000D96BD9C884F80001926B936B996B010198
:10A56000186B176B1A6B196B1C6B1B6B55920001E8
:10A5700012000801E56B010EE66F000141EC08F0E6
:10A580000801E56BE66B000144DD0801E56BE66B55
:10A59000030EE76F0001C8DD646B0701046B08015F
:10A5A000D96BD9C896F80601F791F7BB25D04F961D
:10A5B0000101A26BA16BA06B9F6B7F5305E18053E0
:10A5C00003E1486B476B17D00001C05101017F25A3
:10A5D0000801D96F0001C151010180210801DA6F22
:10A5E0000001C2510801D9250101476F000E080181
:10A5F000DA210101486F06015192F799F46BF79542
:10A60000589807011E6B0801D96BD9C871F806016B
:10A61000F993FA6B000186DF518C12000801DA6BA6
:10A62000D96BD9C87CF87D6BDA6BD96BD9C87EF849
:10A630007F6BDA6BD96BD9C880F8816BD96BD9C8BD
:10A6400082F8D96BD9C883F8D96BD9C884F8D96B8B
:10A65000D9C885F80001926B936B996B0101186B57
:10A66000176B1A6B196B1C6B1B6B0601F7BB09D0C0
:10A6700057B607D00101DA6BD96BD86BD76B5796F9
:10A6800006015592000112000801E56B010EE66F0C
:10A69000000141EC08F00801E56BE66B0001B9DC54
:10A6A0000801E56BE66B030EE76F00013DDD646BAF
:10A6B0000701046B0801D96BD9C896F8589E4F9AC8
:10A6C0000601F7BB58D00001CC2D01D049D04F96E0
:10A6D000616B01019E6B9D6B9C6B9B6B000E4FB879
:10A6E000010E006ED89000360050036A130FE96E19
:10A6F000010E0320EA6EECCFDAF8ED52EFCFD9F875
:10A700000801D95307E1DA5305E10101486B476BB2
:10A7100025D00801000E4FB8010E006ED89000360B
:10A720000050036A130FE96E010E0320EA6EECCFAE
:10A73000DAF8ED52EFCFD9F8000E4FB8010E036AE8
:10A74000740FE96E000E0320EA6EEF50D925010167
:10A75000476F000E0801DA210101486F0BD000019C
:10A760004F96010E616F765101010D25476F000E66
:10A770000E21486F06015192F799F46BF79558989E
:10A78000F993FA6B00014ADF518C0701216B080134
:10A79000D96BD9C853F8D96BD9C872F80001120027
:10A7A0000601F7BB07D00001616BCC2D02D0010E72
:10A7B000616F060101010C51000809E2FF0A03E183
:10A7C0000B51220804E2010E0C6F220E0B6F0001E8
:10A7D0005BDF12000801D96BD95106080FE3E56B66
:10A7E000D9C8E6F8000115DC0801EC6B640EEB6FCC
:10A7F000000159EC4FF00801D92BEED700011200EF
:10A800000801D96BD95103080AE3010EE56FE66F21
:10A81000D9C8E7F8000188DC0801D92BF3D700017B
:10A8200012000101CA6BC96B070EC86FD00EC76F4B
:10A830001B6AF2BE1B8EF29E010E09016F6F0001B2
:10A8400053EC03F01BBEF28E1200F40E986E8F8054
:10A850000801EC6B320EEB6F000159EC4FF0F40E77
:10A86000986E8F9012000801D96BD95103080AE342
:10A87000E56B010EE66FD9C8E7F8000155DC080169
:10A88000D92BF3D70001120088EC0BF051BA21D07C
:10A89000519A646B0801E56B010EE66F000141EC13
:10A8A00008F06C51B30803E28FDC589C11D0875339
:10A8B00003E16C518B0802E2F3DD0AD06C51810890
:10A8C00002E257DE05D06C51770802E269DF589E3C
:10A8D00081DF96DF0901036B5E0E026F140E046FB9
:10A8E000320E056F010E066F076B000157EC0EF07C
:10A8F00051A80ED0010E0801C16FDB0EC06F020E11
:10A900000901076F030E086F00018DEC0FF00DD0E9
:10A91000010E0801C16FDB0EC06F010E0901076F48
:10A92000030E086F00018DEC0FF0010E09010A6F94
:10A93000DB0E096F210E0B6F460E0C6F010E0D6FB3
:10A940000E6B000131EC0FF06CDF7FDF0B0E0801A6
:10A95000EC6FB80EEB6F000159EC4FF00601F46B91
:10A96000000181DF000E016E120088EC0BF009017E
:10A97000036B5E0E026F140E046F320E056F010E34
:10A98000066F076B000157EC0EF0010E0801C16F56
:10A99000DB0EC06FCAC007F9030E0901086F000182
:10A9A0008DEC0FF0010E09010A6FDB0E096F210E0D
:10A9B0000B6F460E0C6F010E0D6F0E6B000131EC2C
:10A9C0000FF0875302E06CDD09D06C51B30804E24C
:10A9D000E4EC50F0589C02D0E3DE589E11DFFADE22
:10A9E00020DF33DF0B0E0801EC6FB80EEB6F0001B8
:10A9F00059EC4FF038DF000E016E120088EC0BF0BE
:10AA00000901036B5E0E026F140E046F320E056FA8
:10AA1000010E066F076B000157EC0EF0010E0801E6
:10AA2000C16FDB0EC06FCAC007F9030E0901086FC2
:10AA300000018DEC0FF0010E09010A6FDB0E096FAA
:10AA4000210E0B6F460E0C6F010E0D6F0E6B000189
:10AA500031EC0FF05794000E016E1200C90E6B6FAF
:10AA600009010B6B6BC00AF90D6B040E0C6F000132
:10AA700063EC0BF002C003F00150860F006E020E73
:10AA80000220016E026AD8B0002A036A02C0D1F81F
:10AA9000E8CFD0F800C0CFF8EA6E00C0E9FF23ECA1
:10AAA00001F001C07EF0F40E986E8F90F096F09A4F
:10AAB000B99AB99CF090F0948150BA9ABA9C0F015F
:10AAC000339530950801E56B010EE66F000141EC0E
:10AAD00008F080DE04000801CE6BCE51030813E3BA
:10AAE000E56BE66BCEC8E7F8000194EC50F0080186
:10AAF000E56B010EE66FCEC8E7F8000194EC50F06C
:10AB00000801CE2BEAD7000188EC0BF004006F6A35
:10AB10006E50CF0B6E6E0F01476B4651CF0B466FD9
:10AB20006E6A466BC290B59CB59EC69A679AAB9EFC
:10AB3000229F0801E56B040EE66F000141EC08F06E
:10AB40000801E56B050EE66F000141EC08F01B6A99
:10AB5000F2BE1B8EF29E0901766BC80E756F000166
:10AB600056EC06F01BBEF28E830E966E8D94966E9A
:10AB70008D967D0E976E8E92976E8E9EF40E986EC9
:10AB80008F90200E956E8C90956E8C92956E8C9415
:10AB9000956E8C96956E8C98956E8C9C956E8C9E11
:10ABA0008B9A8B908B928B940D0E926E8992926EF3
:10ABB0008998926E899A830E966E8D9CF40E986E8B
:10ABC0008F96830E966E8D98966E8D9A939EC80E74
:10ABD00092167F0E936E8A9E0D0E926E899C926ED7
:10ABE000899E270E941698928B968B98F40E986EE9
:10ABF0008F928B9C8B9EF2864E8056961B6AF2BE7D
:10AC00001B8EF29E09016F6B000153EC03F01BBE1B
:10AC1000F28E12006F51590804E3010E016E05D047
:10AC200004D0000E80A0010E016E1200C580C5B0D8
:10AC3000FED7D8900801D0354009D26FF96F0001D6
:10AC4000FEEC14F0015227E10801D15307E0060E93
:10AC5000F96F0001FEEC14F006D00801030EF96F45
:10AC60000001FEEC14F00801D1530BE0CEC8F9F856
:10AC70000001FEEC14F0CFC8F9F8FEEC14F006D099
:10AC80000801CEC8F9F80001FEEC14F0C584C5B483
:10AC9000FED7549E01D0548EFEEFD6F0200E956E56
:10ACA0008C920801EC6B640EEB6F000159EC4FF0D5
:10ACB000200E956E8C82010E0801EC6F2C0EEB6F4E
:10ACC000000159EC4FF086EF56F0B00E676E3F0E64
:10ACD00068160901596B300E5A6F000174EC0BF0C5
:10ACE0000901596BAF0E5A6F000174EC0BF0010EA5
:10ACF0000801EC6F2C0EEB6F000159EC4FF005EFE3
:10AD000059F0B00E676E3F0E6816C8D70901596B2F
:10AD1000300E5A6F000174EC0BF00901596B940E60
:10AD20005A6F000174EC0BF00901596BD10E5A6F88
:10AD3000000174EC0BF00901596B200E5A6F0001F1
:10AD400074EC0BF0010E0901596F080E5A6F0001E7
:10AD500074EC0BF00801EC6B050EEB6F000159EC85
:10AD60004FF00901596B200E5A6F000174EC0BF083
:10AD7000010E0901596F0B0E5A6F000174EC0BF0B4
:10AD80007C5302E11C0E7C6F0901596B810E5A6FD6
:10AD9000000174EC0BF01B6AF2BE1B8EF29E0901DF
:10ADA000796B7CC078F9000145EC05F01BBEF28E92
:10ADB0001B6AF2BE1B8EF29E03C07BF902C07AF9B9
:10ADC00001C079F900C078F9AE0E09017F6F470E16
:10ADD0007E6F210E7D6F7E0E7C6F000160EC05F0B2
:10ADE0001BBEF28E1B6AF2BE1B8EF29E03C07BF965
:10ADF00002C07AF901C079F900C078F9DBEC05F0FE
:10AE00001BBEF28E01C0D0F8010E0901596F01C0BE
:10AE10005AF9000174EC0BF0010E0901596F040E90
:10AE20005A6F000174EC0BF00901596BCA0E5A6F8E
:10AE3000000174EC0BF0010E0901596F5A6B00010F
:10AE400074EC0BF0010E0901596F230E5A6F0001CB
:10AE500074EC0BF0010E0901596F5A6B000174EC90
:10AE60000BF00901596BA70E5A6F000174EC0BF03F
:10AE70000901596BBB0E5A6F000174EC0BF0010E07
:10AE80000901596F020E5A6F000174EC0BF00901B1
:10AE9000596BBC0E5A6F000174EC0BF0010E0901E6
:10AEA000596F030E5A6F000174EC0BF0010E09018B
:10AEB000596F5A6F000174EC0BF0010E0901596FC4
:10AEC000020E5A6F000174EC0BF00901596B750EFC
:10AED0005A6F000174EC0BF0010E0901596F100E4E
:10AEE0005A6F000174EC0BF0010E0901596F9F0EAF
:10AEF0005A6F000174EC0BF00901596B150E5A6F73
:10AF0000000174EC0BF0010E0901596F050E5A6F28
:10AF1000000174EC0BF0010E0901596F540E5A6FC9
:10AF2000000174EC0BF00901596B5C0E5A6F0001C3
:10AF300074EC0BF0100E0801CE6FCE519E081FE38B
:10AF4000050ECF6FCF51530818E3010E0901596F59
:10AF50005A6B000174EC0BF0010E0901596F5A6B2A
:10AF6000000174EC0BF0010E0901596F5A6B0001DE
:10AF700074EC0BF00801CF2BE5D7CE2BDED70901FF
:10AF8000596B250E5A6F000174EC0BF00901596BD7
:10AF9000A90E5A6F000174EC0BF00901596B310EC8
:10AFA0005A6F000174EC0BF00901596B320E5A6FA5
:10AFB000000174EC0BF0010E0901596F5A6F00018A
:10AFC00074EC0BF0010E0901596F5A6B000174EC1F
:10AFD0000BF0010E0901596F020E5A6F000174EC5B
:10AFE0000BF00901596B340E5A6F000174EC0BF031
:10AFF0000901596B200E5A6F000174EC0BF0010E21
:10B000000901596F5A6B000174EC0BF0010E090134
:10B01000596F020E5A6F000174EC0BF0010E09011A
:10B02000596F040E5A6F000174EC0BF0010E090108
:10B03000596F060E5A6F000174EC0BF0010E0901F6
:10B04000596F080E5A6F000174EC0BF0010E0901E4
:10B05000596F0A0E5A6F000174EC0BF0010E0901D2
:10B06000596F0C0E5A6F000174EC0BF0010E0901C0
:10B07000596F0E0E5A6F000174EC0BF0010E0901AE
:10B08000596F100E5A6F000174EC0BF0010E09019C
:10B09000596F120E5A6F000174EC0BF0010E09018A
:10B0A000596F140E5A6F000174EC0BF0010E090178
:10B0B000596F160E5A6F000174EC0BF0010E090166
:10B0C000596F180E5A6F000174EC0BF0010E090154
:10B0D000596F1A0E5A6F000174EC0BF0010E090142
:10B0E000596F1C0E5A6F000174EC0BF0010E090130
:10B0F000596F1F0E5A6F000174EC0BF00901596B68
:10B10000210E5A6F000174EC0BF0010E0901596F0A
:10B110005A6B000174EC0BF0010E0901596F020E1D
:10B120005A6F000174EC0BF0010E0901596F040E07
:10B130005A6F000174EC0BF0010E0901596F060EF5
:10B140005A6F000174EC0BF0010E0901596F080EE3
:10B150005A6F000174EC0BF0010E0901596F0A0ED1
:10B160005A6F000174EC0BF0010E0901596F0C0EBF
:10B170005A6F000174EC0BF0010E0901596F0E0EAD
:10B180005A6F000174EC0BF0010E0901596F100E9B
:10B190005A6F000174EC0BF0010E0901596F120E89
:10B1A0005A6F000174EC0BF0010E0901596F140E77
:10B1B0005A6F000174EC0BF0010E0901596F160E65
:10B1C0005A6F000174EC0BF0010E0901596F180E53
:10B1D0005A6F000174EC0BF0010E0901596F1A0E41
:10B1E0005A6F000174EC0BF0010E0901596F1C0E2F
:10B1F0005A6F000174EC0BF0010E0901596F1F0E1C
:10B200005A6F000174EC0BF060D55EEFD7F0050EBD
:10B210000801D027100ED1270901646B636B626BA4
:10B220000F0E616F0001B9EC09F001C0DEF80901F1
:10B23000646B636B626B100E616F0001B9EC09F017
:10B2400001C0DFF80901646B636B626B110E616F03
:10B250000001B9EC09F00501F36BDEC8F2F5DFC8B7
:10B26000F1F501C0F0F50901596B300E5A6F00017C
:10B2700074EC0BF00901596B750E5A6F000174ECF8
:10B280000BF0010E0901596FD1C85AF9000174EC95
:10B290000BF00801D151D225DE6F000ED321DF6FF4
:10B2A000010EDE5F000EDF5B010E0901596FDEC883
:10B2B0005AF9000174EC0BF00901596B150E5A6F25
:10B2C000000174EC0BF0010E0901596FD0C85AF956
:10B2D000000174EC0BF0D8900801D435DE6FD53541
:10B2E000DF6FE8CF11F9DEC810F90901136B030E07
:10B2F000126F000185EC17F002C003F00150080145
:10B30000D025DE6F000E0220DF6F010E0901596F9C
:10B31000DEC85AF9000174EC0BF00901596B5C0EA0
:10B320005A6F000174EC0BF0F3C5D9F8F2C5D8F8E8
:10B33000F1C5D7F8F0C5D6F80801DD6BDC6BDB6B27
:10B34000010EDA6FD3C80BF9D2C80AF9D5C80DF9C6
:10B35000D4C80CF9000163EC0BF002C003F00150FB
:10B360000501F025006E0250F121016E000EF22160
:10B37000026E000EF321036E0801D951035CD8A0C0
:10B380008BD00EE1D851025CD8A086D009E1D7510C
:10B39000015CD8A081D004E10050D65DD8B07CD04B
:10B3A000D9C864F9D8C863F9D7C862F9D6C861F9B1
:10B3B0000001B9EC09F001C0F4F50501F451F00BFE
:10B3C0000801DE6F010E0901596FDEC85AF900014C
:10B3D00074EC0BF00501F4510F0B006E00380801FE
:10B3E000DE6FF00EDE17010E0901596FDEC85AF943
:10B3F000000174EC0BF0D882080EEA6EDE0EE96EE6
:10B40000DDC813F9DCC812F9DBC811F9DAC810F984
:10B410000901176B166BD5C815F9D4C814F90001CA
:10B42000DBEC09F0E1C8E5F8E0C8E4F8DFC8E3F8D0
:10B43000DEC8E2F80801E25316E1E35314E1E453F5
:10B4400012E1E55310E1DA5306E1DB5304E1DC538A
:10B4500002E1DD5308E0010E0901596F5A6B00014A
:10B4600074EC0BF00801D9C803F0D8C802F0D7C8B3
:10B4700001F0D6C800F0010ED627D8B0D72BD8B42B
:10B48000D82BD8B4D92B010EDA27D8B0DB2BD8B4FF
:10B49000DC2BD8B4DD2B56D700017FEFD7F00801A5
:10B4A000D06BC580C5B0FED73A0EF96F0001FEEC37
:10B4B00014F0015217E1CFC8F9F8FEEC14F0C58280
:10B4C000C5B2FED73B0E0801F96F0001FEEC14F087
:10B4D000006A0CEC15F001C0D0F8C584C5B4FED7E5
:10B4E000549E01D0548E0801D0C801F00001120012
:10B4F000C580C5B0FED73A0E0801F96F0001FEEC19
:10B5000014F0012C01D00DD0D0C8F9F8FEEC14F0E5
:10B51000D1C8F9F8FEEC14F0C584C5B4FED7549E2A
:10B5200001D0548E12007F0EC86E280EC66EC78ED4
:10B53000C79C0D0E0801CF6F0001B1DF01C0CEF82E
:10B540000801CE511A0803E0000E016E5ED02B0EEA
:10B55000D06F400ED16F0001CBDF2B0E0801CF6FF3
:10B5600000019DDF01BCF9D72A0E0801D06F040E3F
:10B57000D16F0001BDDF0E0E0801D06F120ED16F2A
:10B580000001B6DF1D0E0801D06F1E0ED16F000145
:10B59000AFDF1F0E0801D06F300ED16F0001A8DFA2
:10B5A000200E0801D06F050ED16F0001A1DF0F0E34
:10B5B0000801D06F010ED16F00019ADF2B0E080138
:10B5C000D06F120ED16F000193DF2D0E0801D06FE6
:10B5D000200ED16F00018CDF2E0E0801D06F200EDF
:10B5E000D16F000185DF2A0E0801CF6F000157DF00
:10B5F000015001090801CF6F2A0ED06FCFC8D1F8D2
:10B60000000176DF010E016E0801000181EFD7F025
:10B610006F51590804E3010E016E05D004D0000EED
:10B6200080A4010E016E1200040E07010A6F0B6F59
:10B630000C6F080E0D6F050E0E6F1A0E0F6F0B0EAE
:10B64000106F280E116F080E126F110E136F060E79
:10B65000146F300E156F110E166F0E0E176F050E4C
:10B66000186F0D0E196F090E1A6F1B6F040E1C6FE9
:10B670000001FEEFD7F00801CE81D26BD16BD06B09
:10B68000CF6B400E016EC250830B0110C26E000ED4
:10B69000016EC150F80B0110C16EC2B2FED7C2825A
:10B6A000C2B2FED7C3CFCFF8C4CFD0F8D16BD26B24
:10B6B000C2B2FED7D26BD16BD06BCF6BD36BD351F1
:10B6C00018081CE3400E016EC250830B0110C26EBD
:10B6D000000E016EC150F80B0110C16EC2B2FED750
:10B6E000C282C2B2FED7C350CF27C450D023000EAF
:10B6F000D123D223C2B2FED7D32BE1D7D892D2C85E
:10B7000013F9D1C812F9D0C811F9CFC810F909013D
:10B71000176B166B156B190E146F0001DBEC09F03B
:10B7200003C0D2F802C0D1F801C0D0F800C0CFF8F1
:10B730001B6AF2BE1B8EF29E8EC179F98DC178F91B
:10B7400045EC05F01BBEF28E03C026F902C025F9B8
:10B7500001C024F900C023F909012A6B296B286B69
:10B760008B0E276F00016FEC0AF003C0D7F802C000
:10B77000D6F801C0D5F800C0D4F8D2C8EBF8D1C8CB
:10B78000EAF8D0C8E9F8CFC8E8F853EC0AF01B6A29
:10B79000F2BE1B8EF29E03C07BF902C07AF901C093
:10B7A00079F900C078F9D7C87FF9D6C87EF9D5C82D
:10B7B0007DF9D4C87CF960EC05F01BBEF28E03C0A5
:10B7C00010F902C00FF901C00EF900C00DF9A3EC89
:10B7D00019F003C0D2F802C0D1F801C0D0F800C0FF
:10B7E000CFF8D8900801CF37D037D137D237D2C869
:10B7F000EBF8D1C8EAF8D0C8E9F8CFC8E8F80001FA
:10B8000053EC0AF003C0E9F802C0E8F801C0E7F819
:10B8100000C0E6F80801ED6BC00EEC6F5A0EEB6F3E
:10B820008A0EEA6F000121EC2BF01EE2D2C8EBF881
:10B83000D1C8EAF8D0C8E9F8CFC8E8F853EC0AF064
:10B840000801E96B800EE86F3B0EE76F8B0EE66F29
:10B8500003C0EDF802C0ECF801C0EBF800C0EAF854
:10B86000000121EC2BF003E30801CE910001000E52
:10B870000801CEB1010E016E000112000400F40EA9
:10B88000986E8F80F096F09AB99AB99CF090F094E7
:10B890008150BA9ABA9C0F01339530956F6A6E50F9
:10B8A000CF0B6E6E476B4651CF0B466F6E6A466B81
:10B8B000AB9E229F0801E56B050EE66F000141EC8F
:10B8C00008F00801EC6BC80EEB6F000159EC4FF06B
:10B8D0000400830E966E8D94966E8D967D0E976EF7
:10B8E0008E92976E8E9E8B9A8B908B940D0E926E8D
:10B8F0008992926E899A830E966E8D9C966E8D9823
:10B90000966E8D9A7F0E936E8A9E0D0E926E899C16
:10B91000926E899EF40E986E8F928B9C8B9E040083
:10B920004E8A8B80CC0E6B6F09010B6B6BC00AF9D2
:10B930000D6B040E0C6F000163EC0BF002C003F002
:10B940000150860F006E020E0220016E026AD8B00E
:10B95000002A036A02C0D0F8E8CFCFF800C0CEF8C2
:10B96000EA6E00C0E9FF23EC01F001C07EF059EF60
:10B97000D8F0010E0801D96FDA6B00011AEC15F04E
:10B980000250C7EF5CF00801CE910001F2D702C06F
:10B99000D0F801C0CFF80801CF5303E1D02D01D07A
:10B9A000CE81000ECEB1010E016E00011200050124
:10B9B000E6510801CE03F3CFCFF80501E6510801A7
:10B9C000CE03F350160FCF5D1FE2F250006EF29ED1
:10B9D000636ACFC862FF616A7F9C7F9E7F840F018C
:10B9E000550E7E6EAA0E7E6E7F820050F2127FB2DE
:10B9F000FED77F940801D86B640ED76F0001ABECC3
:10BA000007F00801CF2BD9D7000112000501E7513B
:10BA10000801CE03F3502D0FCF6F0501E751080148
:10BA2000CE03F3504B0FCF5D1FE2F250006EF29E3B
:10BA3000636ACFC862FF616A7F9C7F9E7F840F012B
:10BA4000550E7E6EAA0E7E6E7F820050F2127FB27D
:10BA5000FED77F940801D86B640ED76F0001ABEC62
:10BA600007F00801CF2BD9D7000112000801CE6BD7
:10BA700000019DDF0801CE6B0001C8DF010E080147
:10BA8000CE6F000194DF010E0801CE6F0001BEDF12
:10BA900069EFD9F0010E0801CE6F000188DF010EB9
:10BAA0000801CE6F0001B2DFAAEFD9F0A4A8FED73B
:10BAB0000F011C6F000112000801E751FF0A010F7E
:10BAC000016E000112000801E591E66B010EE45DD4
:10BAD000ED0FD8B0E0EF62F0130F0001E7EF62F076
:10BAE0000801E581E0EF62F00801E581E0EF62F036
:10BAF00052C7E7F80801E751E62753C7E7F8E751CF
:10BB0000E62754C7E7F8E751E62755C7E7F8E751B6
:10BB1000E62756C7E7F857C7E8F8E751E62756C7BC
:10BB2000E7F857C7E8F8E851E62758C7E7F859C7D4
:10BB3000E8F8E751E62758C7E7F859C7E8F8E851A9
:10BB4000E6275AC7E7F8E751E6275BC7E7F85CC77F
:10BB5000E8F8E751E6275BC7E7F85CC7E8F8E85183
:10BB6000E6275DC7E7F85EC7E8F8E751E6275DC757
:10BB7000E7F85EC7E8F8E851E6275FC7E7F860C76F
:10BB8000E8F861C7E9F862C7EAF8E751E6275FC756
:10BB9000E7F860C7E8F861C7E9F862C7EAF8E85172
:10BBA000E6275FC7E7F860C7E8F861C7E9F862C74A
:10BBB000EAF8E951E6275FC7E7F860C7E8F861C728
:10BBC000E9F862C7EAF8EA51E62763C7E7F864C70D
:10BBD000E8F865C7E9F866C7EAF8E751E62763C7FA
:10BBE000E7F864C7E8F865C7E9F866C7EAF8E85116
:10BBF000E62763C7E7F864C7E8F865C7E9F866C7EA
:10BC0000EAF8E951E62763C7E7F864C7E8F865C7CB
:10BC1000E9F866C7EAF8EA51E62767C7E7F868C7B0
:10BC2000E8F8E751E62767C7E7F868C7E8F8E8519A
:10BC3000E62769C7E7F86AC7E8F8E751E62769C762
:10BC4000E7F86AC7E8F8E851E6276BC7E7F8E75175
:10BC5000E6276CC7E7F86DC7E8F86EC7E9F86FC765
:10BC6000EAF8E751E6276CC7E7F86DC7E8F86EC752
:10BC7000E9F86FC7EAF8E851E6276CC7E7F86DC73F
:10BC8000E8F86EC7E9F86FC7EAF8E951E6276CC72C
:10BC9000E7F86DC7E8F86EC7E9F86FC7EAF8EA5148
:10BCA000E62770C7E7F871C7E8F872C7E9F873C705
:10BCB000EAF8E751E62770C7E7F871C7E8F872C7F6
:10BCC000E9F873C7EAF8E851E62770C7E7F871C7E3
:10BCD000E8F872C7E9F873C7EAF8E951E62770C7D0
:10BCE000E7F871C7E8F872C7E9F873C7EAF8EA51EC
:10BCF000E62774C7E7F8E751E62775C7E7F8E75185
:10BD0000E627E35310E0E6C8E7F80001D5DE01C0FE
:10BD1000E7F876C7E8F80801E851E75D02E0E59149
:10BD200001D0E5810AD0E6C8E7F80001C5DE01C010
:10BD3000E7F8E7C876F70801E581E0EF62F09CC715
:10BD4000E7F80801E751E6279DC7E7F8E751E6273E
:10BD50009EC7E7F89FC7E8F8E751E6279EC7E7F8D0
:10BD60009FC7E8F8E851E627E35310E0E6C8E7F894
:10BD70000001A2DE01C0E7F8A0C7E8F80801E85119
:10BD8000E75D02E0E59101D0E5810AD0E6C8E7F879
:10BD9000000192DE01C0E7F8E7C8A0F70801E581DD
:10BDA000E0EF62F000C8E7F801C8E8F80801E751E1
:10BDB000E62700C8E7F801C8E8F8E851E62702C816
:10BDC000E7F803C8E8F8E751E62702C8E7F803C830
:10BDD000E8F8E851E62704C8E7F8E751E62705C880
:10BDE000E7F806C8E8F8E751E62705C8E7F806C807
:10BDF000E8F8E851E62707C8E7F8E751E62708C85A
:10BE0000E7F8E751E62709C8E7F8E751E6270AC847
:10BE1000E7F8E751E6270BC8E7F80CC8E8F8E75160
:10BE2000E6270BC8E7F80CC8E8F8E851E627E35323
:10BE300010E0E6C8E7F800013FDE01C0E7F80DC8F2
:10BE4000E8F80801E851E75D02E0E59101D0E581FD
:10BE50000AD0E6C8E7F800012FDE01C0E7F8E7C81E
:10BE60000DF80801E581ACD31CC8E7F81DC8E8F857
:10BE70000801E751E6271CC8E7F81DC8E8F8E851B3
:10BE8000E627E35310E0E6C8E7F8000115DE01C03D
:10BE9000E7F81EC8E8F80801E851E75D02E0E5911F
:10BEA00001D0E5810AD0E6C8E7F8000105DE01C04F
:10BEB000E7F8E7C81EF80801E58182D33EC8E7F835
:10BEC0000801E751E6273FC8E7F840C8E8F841C84D
:10BED000E9F842C8EAF8E751E6273FC8E7F840C862
:10BEE000E8F841C8E9F842C8EAF8E851E6273FC84F
:10BEF000E7F840C8E8F841C8E9F842C8EAF8E9516B
:10BF0000E6273FC8E7F840C8E8F841C8E9F842C862
:10BF1000EAF8EA51E62743C8E7F844C8E8F8E751E9
:10BF2000E62743C8E7F844C8E8F8E851E62745C8DB
:10BF3000E7F846C8E8F8E751E62745C8E7F846C8F5
:10BF4000E8F8E851E62747C8E7F8E751E62748C888
:10BF5000E7F849C8E8F8E751E62748C8E7F849C8CC
:10BF6000E8F8E851E6274AC8E7F84BC8E8F8E7518F
:10BF7000E6274AC8E7F84BC8E8F8E851E6274CC876
:10BF8000E7F8E751E6274DC8E7F84EC8E8F8E7516B
:10BF9000E6274DC8E7F84EC8E8F8E851E6274FC84D
:10BFA000E7F8E751E62750C8E7F8E751E62751C818
:10BFB000E7F8E751E62753C8E7F8E751E62752C804
:10BFC000E7F8E751E627E35310E0E6C8E7F8000199
:10BFD00073DD01C0E7F854C8E8F80801E851E75DEF
:10BFE00002E0E59101D0E5810AD0E6C8E7F800015A
:10BFF00063DD01C0E7F8E7C854F80801E581E0D245
:10C000006CC8E7F86DC8E8F80801E751E6276CC886
:10C01000E7F86DC8E8F8E851E6276EC8E7F86FC89A
:10C02000E8F8E751E6276EC8E7F86FC8E8F8E85186
:10C03000E62770C8E7F8E751E62771C8E7F8E75147
:10C04000E62772C8E7F8E751E627E35310E0E6C8B1
:10C05000E7F8000131DD01C0E7F873C8E8F808012E
:10C06000E851E75D02E0E59101D0E5810AD0E6C83C
:10C07000E7F8000121DD01C0E7F8E7C873F808011F
:10C08000E5819ED2A6C7E7F8A7C7E8F80801E751FF
:10C09000E627A6C7E7F8A7C7E8F8E851E627A8C744
:10C0A000E7F8A9C7E8F8E751E627A8C7E7F8A9C75E
:10C0B000E8F8E851E627AAC7E7F8ABC7E8F8E75180
:10C0C000E627AAC7E7F8ABC7E8F8E851E627ACC708
:10C0D000E7F8ADC7E8F8E751E627ACC7E7F8ADC722
:10C0E000E8F8E851E627AEC7E7F8AFC7E8F8E75148
:10C0F000E627AEC7E7F8AFC7E8F8E851E627B0C7CC
:10C10000E7F8B1C7E8F8E751E627B0C7E7F8B1C7E5
:10C11000E8F8E851E627B2C7E7F8B3C7E8F8E7510F
:10C12000E627B2C7E7F8B3C7E8F8E851E627B4C78F
:10C13000E7F8B5C7E8F8E751E627B4C7E7F8B5C7A9
:10C14000E8F8E851E627B6C7E7F8B7C7E8F8E751D7
:10C15000E627B6C7E7F8B7C7E8F8E851E627B8C753
:10C16000E7F8B9C7E8F8E751E627B8C7E7F8B9C76D
:10C17000E8F8E851E627BAC7E7F8BBC7E8F8E7519F
:10C18000E627BAC7E7F8BBC7E8F8E851E627BCC717
:10C19000E7F8BDC7E8F8E751E627BCC7E7F8BDC731
:10C1A000E8F8E851E627BEC7E7F8BFC7E8F8E75167
:10C1B000E627BEC7E7F8BFC7E8F8E851E627C0C7DB
:10C1C000E7F8C1C7E8F8E751E627C0C7E7F8C1C7F5
:10C1D000E8F8E851E627C2C7E7F8C3C7E8F8E7512F
:10C1E000E627C2C7E7F8C3C7E8F8E851E627C4C79F
:10C1F000E7F8C5C7E8F8E751E627C4C7E7F8C5C7B9
:10C20000E8F8E851E627C6C7E7F8E751E627C7C7C9
:10C21000E7F8E751E627C8C7E7F8E751E627C9C7B7
:10C22000E7F8E751E627CAC7E7F8E751E627CBC7A3
:10C23000E7F8E751E627CCC7E7F8E751E627CDC78F
:10C24000E7F8E751E627CEC7E7F8E751E627CFC77B
:10C25000E7F8E751E627D0C7E7F8E751E627D1C767
:10C26000E7F8E751E627E35310E0E6C8E7F80001F6
:10C2700023DC01C0E7F8D2C7E8F80801E851E75D20
:10C2800002E0E59101D0E5810AD0E6C8E7F80001B7
:10C2900013DC01C0E7F8E7C8D2F70801E58190D1C7
:10C2A00022C8E7F823C8E8F80801E751E62722C8C2
:10C2B000E7F823C8E8F8E851E62724C8E7F825C8D6
:10C2C000E8F8E751E62724C8E7F825C8E8F8E85178
:10C2D000E62726C8E7F827C8E8F8E751E62726C882
:10C2E000E7F827C8E8F8E851E62728C8E7F829C89A
:10C2F000E8F8E751E62728C8E7F829C8E8F8E85140
:10C30000E6272AC8E7F8E751E6272BC8E7F8E75100
:10C31000E6272CC8E7F8E751E6272DC8E7F8E751EC
:10C32000E6272EC8E7F8E751E627E35311E0E6C811
:10C33000E7F800015CEC5DF001C0E7F82FC8E8F811
:10C340000801E851E75D02E0E59101D0E5810BD0FD
:10C35000E6C8E7F800015CEC5DF001C0E7F8E7C86B
:10C360002FF80801E5812CD17CC8E7F87DC8E8F8F2
:10C370000801E751E6277CC8E7F87DC8E8F8E851EE
:10C38000E6277EC8E7F87FC8E8F8E751E6277EC8C9
:10C39000E7F87FC8E8F8E851E62780C8E7F881C8E1
:10C3A000E8F8E751E62780C8E7F881C8E8F8E851DF
:10C3B000E62782C8E7F8E751E62783C8E7F8E751A0
:10C3C000E62784C8E7F8E751E62785C8E7F8E7518C
:10C3D000E627E35311E0E6C8E7F800015CEC5DF006
:10C3E00001C0E7F886C8E8F80801E851E75D02E017
:10C3F000E59101D0E5810BD0E6C8E7F800015CECDF
:10C400005DF001C0E7F8E7C886F80801E581D8D0FB
:10C410000801E581D5D00801E581D2D00801E58188
:10C42000CFD00801E581CCD00801E581C9D092C800
:10C43000E7F80801E751E62793C8E7F8E751E62750
:10C4400094C8E7F8E751E62795C8E7F8E751E627EB
:10C4500096C8E7F8E751E62797C8E7F8E751E627D7
:10C4600098C8E7F8E751E62799C8E7F8E751E627C3
:10C470009AC8E7F8E751E627E35311E0E6C8E7F882
:10C4800000015CEC5DF001C0E7F89BC8E8F808012A
:10C49000E851E75D02E0E59101D0E5810BD0E6C807
:10C4A000E7F800015CEC5DF001C0E7F8E7C89BF835
:10C4B0000801E58185D0A6C8E7F8A7C8E8F8A8C8AC
:10C4C000E9F8A9C8EAF80801E751E627A6C8E7F89D
:10C4D000A7C8E8F8A8C8E9F8A9C8EAF8E851E62723
:10C4E000A6C8E7F8A7C8E8F8A8C8E9F8A9C8EAF80C
:10C4F000E951E627A6C8E7F8A7C8E8F8A8C8E9F808
:10C50000A9C8EAF8EA51E627AAC8E7F8E751E627FA
:10C51000E35311E0E6C8E7F800015CEC5DF001C010
:10C52000E7F8ABC8E8F80801E851E75D02E0E591FB
:10C5300001D0E5810BD0E6C8E7F800015CEC5DF0C6
:10C5400001C0E7F8E7C8ABF80801E58139D0B2C807
:10C55000E7F80801E751E627B3C8E7F8E751E6270F
:10C56000B4C8E7F8E751E627B5C8E7F8B6C8E8F871
:10C57000E751E627B5C8E7F8B6C8E8F8E851E62776
:10C58000E35311E0E6C8E7F800015CEC5DF001C0A0
:10C59000E7F8B7C8E8F80801E851E75D02E0E5917F
:10C5A00001D0E5810BD0E6C8E7F800015CEC5DF056
:10C5B00001C0E7F8E7C8B7F80801E58101D0080134
:10C5C000000EE5B1010E016E000119EF63F0E824E1
:10C5D000F76AF736EF0FF66EC50EF722000EF86E0B
:10C5E000FB6E0A00F550FA6E0800F550F96EE0BADD
:10C5F00022C41CC4E8BA16C4BCBE00C0F0BA3EBD1A
:10C60000A4BD68BE84C0A0C268C310C42EC4B6C492
:10C610004EC528C40801D569D451000156EC5DF01F
:10C62000D4C8F6F60801E36BD4C8E4F8000163EF60
:10C630005DF00801D66B010ED45DEE0FD8B0E9D1E4
:10C64000120F000119EF65F0CA0E56EC5DF0DD0E19
:10C650000801D56FDED1070EEA6E770EE96E070E80
:10C66000E26E520EE16E250E016EE6CFEEFF012E58
:10C67000FCD70801D76BD751240810E3036AD751C0
:10C68000770FE96E070E0320EA6EEFCFE3F8E35170
:10C69000000156EC5DF00801D72BEDD7DD0ED56F0C
:10C6A000B8D1070EEA6EA10EE96E070EE26E9C0E7F
:10C6B000E16E050E016EE6CFEEFF012EFCD70801FC
:10C6C000D86BD851040810E3036AD851A10FE96E62
:10C6D000070E0320EA6EEFCFE3F8E351000156ECBA
:10C6E0005DF00801D82BEDD7DD0ED56F92D1080E85
:10C6F000EA6E0E0EE96E080EE26EE16A0E0E016E33
:10C70000E6CFEEFF012EFCD70801D96BD9510D08F9
:10C7100010E3036AD9510E0FE96E080E0320EA6E8A
:10C72000EFCFE3F8E351000156EC5DF00801D92B9F
:10C73000EDD7DD0ED56F6DD11CC81FF81DC820F8D0
:10C740001EC821F80801DA6BDA51020810E3036A07
:10C75000DA511F0FE96E080E0320EA6EEFCFE3F8FF
:10C76000E351000156EC5DF00801DA2BEDD7DD0E48
:10C77000D56F4FD1080EEA6E550EE96E080EE26EC7
:10C780003E0EE16E170E016EE6CFEEFF012EFCD7D6
:10C790000801DB6BDB51160810E3036ADB51550F10
:10C7A000E96E080E0320EA6EEFCFE3F8E3510001D3
:10C7B00056EC5DF00801DB2BEDD7DD0ED56F29D1EE
:10C7C000080EEA6E740EE96E080EE26E6C0EE16EF3
:10C7D000080E016EE6CFEEFF012EFCD70801DC6BE0
:10C7E000DC51070810E3036ADC51740FE96E080E90
:10C7F0000320EA6EEFCFE3F8E351000156EC5DF061
:10C800000801DC2BEDD7DD0ED56F03D1070EEA6EE4
:10C81000D30EE96E070EE26EA60EE16E2D0E016ECE
:10C82000E6CFEEFF012EFCD70801DD6BDD512C08B1
:10C830001CE3036ADD51D30FE96E070E0320EA6E95
:10C84000EFCFE3F8E351000156EC5DF00801DD5154
:10C850002B0809E3036ADD51D30FE96E070E0320AD
:10C86000EA6EEF50D627DD2BE1D7DD0ED56FD1D0A4
:10C87000080EEA6E300EE96E080EE26E220EE16ED0
:10C880000E0E016EE6CFEEFF012EFCD70801DE6B27
:10C89000DE510D0810E3036ADE51300FE96E080E19
:10C8A0000320EA6EEFCFE3F8E351000156EC5DF0B0
:10C8B0000801DE2BEDD7DD0ED56FABD0080EEA6E8A
:10C8C000870EE96E080EE26E7C0EE16E0B0E016EB5
:10C8D000E6CFEEFF012EFCD70801DF6BDF510A081F
:10C8E00010E3036ADF51870FE96E080E0320EA6E3A
:10C8F000EFCFE3F8E351000156EC5DF00801DF2BC8
:10C90000EDD7DD0ED56F85D0FAC6E3F80801E35107
:10C91000000156EC5DF0F9C6E3F80801E3510001AF
:10C9200056EC5DF0DD0E0801D56F73D0080EEA6E8F
:10C930009C0EE96E080EE26E920EE16E0A0E016E1A
:10C94000E6CFEEFF012EFCD70801E06BE0510908AD
:10C9500010E3036AE0519C0FE96E080E0320EA6EB3
:10C96000EFCFE3F8E351000156EC5DF00801E02B56
:10C97000EDD7DD0ED56F4DD0080EEA6EAC0EE96E28
:10C98000080EE26EA60EE16E060E016EE6CFEEFF19
:10C99000012EFCD70801E16BE151050810E3036AA1
:10C9A000E151AC0FE96E080E0320EA6EEFCFE3F819
:10C9B000E351000156EC5DF00801E12BEDD7DD0EEF
:10C9C000D56F27D0080EEA6EB80EE96E080EE26E3B
:10C9D000B20EE16E060E016EE6CFEEFF012EFCD721
:10C9E0000801E26BE251050810E3036AE251B80F57
:10C9F000E96E080E0320EA6EEFCFE3F8E351000181
:10CA000056EC5DF00801E22BEDD7DD0ED56F01D0BD
:10CA10000801D551DD0808E10D0E000156EC5DF06E
:10CA20000A0E56EC5DF00801D5C801F00001B5EF23
:10CA300072F0E824F76AF736530FF66ECA0EF72243
:10CA4000000EF86EFB6E0A00F550FA6E0800F55005
:10CA5000F96E48C610CA10CA10CA10CA74C7C0C737
:10CA600056C6A2C6EEC638C70CC870C8BCC808C92E
:10CA70002CC978C9C4C90801E769E551050800E077
:10CA8000E551000156EC5DF00801E551040A000192
:10CA900009E0060A21E0110A2BE0100A35E0060A37
:10CAA0003FE04AD00801E651000156EC5DF08751A5
:10CAB00056EC5DF0895156EC5DF0825156EC5DF01C
:10CAC00007012151000156EC5DF0E5C8F6F6DD0ED8
:10CAD0000801E76F000130D00801E651000156EC73
:10CAE0005DF0E5C8F6F6DD0E0801E76F000124D021
:10CAF0000801E651000156EC5DF0E5C8F6F6DD0EE2
:10CB00000801E76F000118D00801E651000156EC5A
:10CB10005DF0E5C8F6F6DD0E0801E76F00010CD008
:10CB20000801E651000156EC5DF0CC0E56EC5DF0CC
:10CB3000DD0E0801E76F00010801E751DD0808E19B
:10CB40000D0E000156EC5DF00A0E56EC5DF008018A
:10CB5000E7C801F0000112000101CA6BC96B020EA7
:10CB6000C86FEE0EC76F1B6AF2BE1B8EF29E010EDF
:10CB700009016F6F000153EC03F01BBEF28E12002F
:10CB80000801E591E59300016B51790803E06B51D1
:10CB900083085FE155A203D0010E926F03D082C8D3
:10CBA00092F0936B84C899F0925302E193530CE096
:10CBB00052B202D05282D0DF0201396B386B376B30
:10CBC000550E366F08D000010201396B386B376B98
:10CBD0005D0E366F5292000199530CE053B202D0B1
:10CBE0005382BADF02013D6B3C6B3B6B5C0E3A6FCC
:10CBF00008D0000102013D6B3C6B3B6B5D0E3A6F50
:10CC0000539237C2E7F836C2E6F837C203F936C2A4
:10CC100002F9240E0901046F410E056F010E066F23
:10CC2000076B000157EC0EF03BC2E7F83AC2E6F89A
:10CC30003BC203F93AC202F92E0E0901046F410EFC
:10CC4000056F010E066F076B000157EC0EF0ACEF9D
:10CC50006BF06B51B50860E155A403D0010E946FE1
:10CC600004D02CC894F02DC895F02EC89AF0945397
:10CC700002E195530CE052B402D052846DDF020100
:10CC8000396B386B376B550E366F08D000010201D7
:10CC9000396B386B376B5D0E366F529400019A53C7
:10CCA0000CE053B402D0538457DF02013D6B3C6B60
:10CCB0003B6B5C0E3A6F08D0000102013D6B3C6B90
:10CCC0003B6B5D0E3A6F539437C2E7F836C2E6F815
:10CCD00037C203F936C202F9240E0901046F410E6E
:10CCE000056F010E066F076B000157EC0EF03BC29B
:10CCF000E7F83AC2E6F83BC203F93AC202F92E0E4F
:10CD00000901046F410E056F010E066F076B0001EC
:10CD100057EC0EF0ACEF6BF06B518C0805E06B51EB
:10CD20008D08D8A4ACEF6BF0C6C7E6F80801E65151
:10CD30000001905D12E1C7C7E7F80801E751000163
:10CD4000915D0BE1CEC7E8F80801E8510001985D5C
:10CD500004E155A011D090530FE155A003D0010E6E
:10CD6000906F04D0C6C790F0C7C791F0CEC798F0B7
:10CD70000801E581E5830001C8C7E6F80801E6512E
:10CD80000001925D12E1C9C7E7F80801E75100010F
:10CD9000935D0BE1CFC7E8F80801E8510001995D08
:10CDA00004E155A211D092530FE155A203D0010E18
:10CDB000926F04D0C8C792F0C9C793F0CFC799F05B
:10CDC0000801E581E5830001CAC7E6F80801E651DC
:10CDD0000001945D12E1CBC7E7F80801E7510001BB
:10CDE000955D0BE1D0C7E8F80801E85100019A5DB4
:10CDF00004E155A411D094530FE155A403D0010EC2
:10CE0000946F04D0CAC794F0CBC795F0D0C79AF0FE
:10CE10000801E581E5830001CCC7E6F80801E65189
:10CE20000001965D12E1CDC7E7F80801E751000166
:10CE3000975D0BE1D1C7E8F80801E85100019B5D5F
:10CE400004E155A611D096530FE155A603D0010E6B
:10CE5000966F04D0CCC796F0CDC797F0D1C79BF0A2
:10CE60000801E581E5830001010E875DF20FD8B06E
:10CE700082EF6BF00E0FADEF6BF0905302E1915328
:10CE800008E00201396B386B376B4F0E366F09D0F3
:10CE900000010801E5930201396B386B376B5D0EB9
:10CEA000366F0001985308E002013D6B3C6B3B6B11
:10CEB000560E3A6F09D000010801E59102013D6B61
:10CEC0003C6B3B6B5D0E3A6F000182EF6BF092534F
:10CED00002E1935308E00201396B386B376B500E57
:10CEE000366F09D000010801E5930201396B386BF8
:10CEF000376B5D0E366F0001995308E002013D6B00
:10CF00003C6B3B6B570E3A6F09D000010801E5916D
:10CF100002013D6B3C6B3B6B5D0E3A6F000182EF93
:10CF20006BF0945302E1955308E00201396B386BC2
:10CF3000376B510E366F09D000010801E5930201ED
:10CF4000396B386B376B5D0E366F00019A5308E012
:10CF500002013D6B3C6B3B6B580E3A6F09D00001F0
:10CF60000801E59102013D6B3C6B3B6B5D0E3A6F36
:10CF7000000182EF6BF0905302E191530CE0925369
:10CF800002E1935308E00201396B386B376B550EA1
:10CF9000366F29D00001905302E191530CE0925377
:10CFA0000AE1935308E10201396B386B376B4F0E7E
:10CFB000366F19D0000190530EE191530CE192535A
:10CFC00002E1935308E00201396B386B376B500E66
:10CFD000366F09D000010801E5930201396B386B07
:10CFE000376B5D0E366F000198530AE0995308E0E5
:10CFF00002013D6B3C6B3B6B5C0E3A6F1DD0000138
:10D00000985308E002013D6B3C6B3B6B560E3A6F48
:10D0100013D00001995308E002013D6B3C6B3B6B60
:10D02000570E3A6F09D000010801E59102013D6BEE
:10D030003C6B3B6B5D0E3A6F000182EF6BF09253DD
:10D0400002E193530CE0945302E1955308E002018E
:10D05000396B386B376B550E366F29D00001925300
:10D0600002E193530CE094530AE1955308E1020165
:10D07000396B386B376B500E366F19D000019253F5
:10D080000EE193530CE1945302E1955308E0020141
:10D09000396B386B376B510E366F09D000010801C0
:10D0A000E5930201396B386B376B5D0E366F00010B
:10D0B00099530AE09A5308E002013D6B3C6B3B6BCD
:10D0C0005C0E3A6F1DD00001995308E002013D6BE0
:10D0D0003C6B3B6B570E3A6F13D000019A5308E03C
:10D0E00002013D6B3C6B3B6B580E3A6F09D000015F
:10D0F0000801E59102013D6B3C6B3B6B5D0E3A6FA5
:10D10000000182EF6BF0905302E191530CE09453D5
:10D1100002E1955308E00201396B386B376B550E0D
:10D12000366F29D00001905302E191530CE09453E3
:10D130000AE1955308E10201396B386B376B4F0EEA
:10D14000366F19D0000190530EE191530CE19453C6
:10D1500002E1955308E00201396B386B376B510ED1
:10D16000366F09D000010801E5930201396B386B75
:10D17000376B5D0E366F000198530AE09A5308E052
:10D1800002013D6B3C6B3B6B5C0E3A6F1DD00001A6
:10D19000985308E002013D6B3C6B3B6B560E3A6FB7
:10D1A00013D000019A5308E002013D6B3C6B3B6BCE
:10D1B000580E3A6F09D000010801E59102013D6B5C
:10D1C0003C6B3B6B5D0E3A6F00019CD2905302E1C9
:10D1D000915310E0925302E193530CE0945302E117
:10D1E000955308E00201396B386B376B550E366F7B
:10D1F00069D00001905302E1915310E0925302E193
:10D2000093530CE094530AE1955308E10201396B02
:10D21000386B376B520E366F55D00001905312E1C8
:10D22000915310E1925302E193530CE0945302E1C5
:10D23000955308E00201396B386B376B540E366F2B
:10D2400041D00001905302E1915310E092530EE15E
:10D2500093530CE1945302E1955308E00201396BBA
:10D26000386B376B530E366F2DD00001905302E1AF
:10D27000915308E00201396B386B376B4F0E366FF4
:10D2800021D00001925302E1935308E00201396B6F
:10D29000386B376B500E366F15D00001945302E196
:10D2A000955308E00201396B386B376B510E366FBE
:10D2B00009D000010801E5930201396B386B376B27
:10D2C0005D0E366F000198530CE099530AE09A53B3
:10D2D00008E002013D6B3C6B3B6B5C0E3A6F4BD040
:10D2E000000198530AE0995308E002013D6B3C6B42
:10D2F0003B6B590E3A6F3FD0000199530AE09A53A5
:10D3000008E002013D6B3C6B3B6B5B0E3A6F33D028
:10D31000000198530AE09A5308E002013D6B3C6B10
:10D320003B6B5A0E3A6F27D00001985308E0020178
:10D330003D6B3C6B3B6B560E3A6F1DD00001995311
:10D3400008E002013D6B3C6B3B6B570E3A6F13D00C
:10D3500000019A5308E002013D6B3C6B3B6B580E99
:10D360003A6F09D000010801E59102013D6B3C6B69
:10D370003B6B5D0E3A6F0001C5D1965302E19753A6
:10D3800008E00201396B386B376BAC0E366F09D091
:10D3900000010801E5930201396B386B376B5D0EB4
:10D3A000366F00019B5308E002013D6B3C6B3B6B09
:10D3B000AF0E3A6F09D000010801E59102013D6B03
:10D3C0003C6B3B6B5D0E3A6F00019CD1965302E1C2
:10D3D00097530CE0925302E1935308E00201396B3A
:10D3E000386B376B550E366F29D00001965302E12A
:10D3F00097530CE092530AE1935308E10201396B11
:10D40000386B376BAC0E366F19D0000196530EE1B6
:10D4100097530CE1925302E1935308E00201396BF8
:10D42000386B376B500E366F09D000010801E59359
:10D430000201396B386B376B5D0E366F00019B5301
:10D440000AE0995308E002013D6B3C6B3B6B5C0EBC
:10D450003A6F1DD000019B5308E002013D6B3C6B0D
:10D460003B6BAF0E3A6F13D00001995308E00201F5
:10D470003D6B3C6B3B6B570E3A6F09D000010801C6
:10D48000E59102013D6B3C6B3B6B5D0E3A6F000119
:10D4900039D1965302E197530CE0945302E195532E
:10D4A00008E00201396B386B376B550E366F29D0A7
:10D4B0000001965302E197530CE094530AE195530F
:10D4C00008E10201396B386B376BAC0E366F19D03F
:10D4D000000196530EE197530CE1945302E19553EA
:10D4E00008E00201396B386B376B510E366F09D08B
:10D4F00000010801E5930201396B386B376B5D0E53
:10D50000366F00019B530AE09A5308E002013D6B1D
:10D510003C6B3B6B5C0E3A6F1DD000019B5308E0E7
:10D5200002013D6B3C6B3B6BAF0E3A6F13D00001B9
:10D530009A5308E002013D6B3C6B3B6B580E3A6F0F
:10D5400009D000010801E59102013D6B3C6B3B6B8A
:10D550005D0E3A6F0001D6D0965302E1975310E06A
:10D56000925302E193530CE0945302E1955308E087
:10D570000201396B386B376B550E366F69D000017D
:10D58000965302E1975310E0925302E193530CE05B
:10D5900094530AE1955308E10201396B386B376BFC
:10D5A000AD0E366F55D00001965312E1975310E13E
:10D5B000925302E193530CE0945302E1955308E037
:10D5C0000201396B386B376B540E366F41D0000156
:10D5D000965302E1975310E092530EE193530CE1FE
:10D5E000945302E1955308E00201396B386B376BB5
:10D5F000AE0E366F2DD00001965302E1975308E02E
:10D600000201396B386B376BAC0E366F21D00001DD
:10D61000925302E1935308E00201396B386B376B88
:10D62000500E366F15D00001945302E1955308E077
:10D630000201396B386B376B510E366F09D0000120
:10D640000801E5930201396B386B376B5D0E366F5D
:10D6500000019B530CE099530AE09A5308E0020141
:10D660003D6B3C6B3B6B5C0E3A6F4BD000019B53A8
:10D670000AE0995308E002013D6B3C6B3B6BB00E36
:10D680003A6F3FD0000199530AE09A5308E0020133
:10D690003D6B3C6B3B6B5B0E3A6F33D000019B5391
:10D6A0000AE09A5308E002013D6B3C6B3B6BB10E04
:10D6B0003A6F27D000019B5308E002013D6B3C6BA1
:10D6C0003B6BAF0E3A6F1DD00001995308E0020189
:10D6D0003D6B3C6B3B6B570E3A6F13D000019A5376
:10D6E00008E002013D6B3C6B3B6B580E3A6F09D072
:10D6F00000010801E59102013D6B3C6B3B6B5D0E47
:10D700003A6F000137C2E7F836C2E6F837C203F9CC
:10D7100036C202F9020E0901046F2D0E056F010ECB
:10D72000066F076B000157EC0EF03BC2E7F83AC2F8
:10D73000E6F83BC203F93AC202F9020E0901046F8E
:10D74000370E056F010E066F076B000157EC0EF0E8
:10D750000801E591E59300011200E824F76AF73625
:10D760007B0FF66ED70EF722000EF86EFB6E0A00E6
:10D77000F550FA6E0800F550F96E7ACECECE76CF1F
:10D7800022CF06D13ED0CCD17AD304D7CCD304D784
:10D7900092D404D758D50801D669D76BD86BFAC58F
:10D7A000F5F60601F551050802E0F5C6F6F6010E9C
:10D7B000F55DED0FD8B01EEF72F0130F000186EF8C
:10D7C00072F00501FB51CA0809E1050E0801E56F79
:10D7D000010EE66F00013BEC65F00501DD0E08016E
:10D7E000D66F06011EEF72F0FCC587F0FDC589F00B
:10D7F000FEC582F0FFC521F721C753F821C772F893
:10D800000501FB51AA0A00010BE0110A31E0660A8A
:10D8100049E0330A4DE0410A52E0110A56E07ED059
:10D820000601FF51FB0F20E2050F000123EF72F00C
:10D83000588A060119D0588C0601F79B15D0588ECE
:10D840004F9A0601F7AB02D0F78FF79B0DD0589E89
:10D850004F8A0601F79B08D00601F781F7AB02D08B
:10D86000F78FF79B01D00601DD0E0801D66F58D067
:10D870000601FF51FB0F12E2050F000138EF72F0B5
:10D88000589A06010BD0589C060108D0589E4F9A12
:10D89000060104D00601F79101D00601DD0E080152
:10D8A000D66F3ED00601F787DD0E0801D66F38D05F
:10D8B0000601F797588ADD0E0801D66F31D00601B0
:10D8C000F78BDD0E0801D66F2BD00601FF51FB0F41
:10D8D00020E2050F00014DEF72F006011AD0588CBE
:10D8E000060117D0CC2D02D0010E616F615302E109
:10D8F000588E01D04F8A0601F7AB02D0F79BF78F05
:10D9000008D00601F781F7AB02D0F79BF78F01D063
:10D910000601DD0E0801D66F03D000010801D669AB
:10D92000D651DD0808E1050EE56F040EE66F000133
:10D930003BEC65F0080106011EEF72F00801D96B9F
:10D94000D951240830E3036AD951770F016E070ECD
:10D95000032203C0E6F8010ED925036AFA0FE96E27
:10D96000050E0320EA6EEFCFE7F8E6C8EAFF01C034
:10D97000E9FFE7C8EFFFD95124080AE0036AD9514B
:10D98000770FE96E070E0320EA6EEF50D72709D014
:10D99000036AD951770FE96E070E0320EA6EEFCFC5
:10D9A000D8F8D92BCDD7D7C8E7F800015CEC5DF0EB
:10D9B00001500801D85D18E1070EEA6E520EE96EBB
:10D9C000070EE26E770EE16E250E016EE6CFEEFFDA
:10D9D000012EFCD7050EE56F080EE66F00013BEC4B
:10D9E00065F0DD0E0801D66F06011EEF72F008012A
:10D9F000DA6BDA51040830E3036ADA51A10F016EE1
:10DA0000070E032203C0E6F8010EDA25036AFA0FB7
:10DA1000E96E050E0320EA6EEFCFE7F8E6C8EAFFED
:10DA200001C0E9FFE7C8EFFFDA5104080AE0036A22
:10DA3000DA51A10FE96E070E0320EA6EEF50D727E7
:10DA400009D0036ADA51A10FE96E070E0320EA6ECE
:10DA5000EFCFD8F8DA2BCDD7D7C8E7F800015CECC8
:10DA60005DF001500801D85D18E1070EEA6E9C0ECA
:10DA7000E96E070EE26EA10EE16E050E016EE6CFB5
:10DA8000EEFF012EFCD7050EE56F090EE66F0001D3
:10DA90003BEC65F0DD0E0801D66F06011EEF72F05B
:10DAA0000801DB6BDB510D0830E3036ADB510E0F1D
:10DAB000016E080E032203C0E6F8010EDB25036A9F
:10DAC000FA0FE96E050E0320EA6EEFCFE7F8E6C81D
:10DAD000EAFF01C0E9FFE7C8EFFFDB510D080AE0EC
:10DAE000036ADB510E0FE96E080E0320EA6EEF5059
:10DAF000D72709D0036ADB510E0FE96E080E032009
:10DB0000EA6EEFCFD8F8DB2BCDD7D7C8E7F8000106
:10DB10005CEC5DF001500801D85D15E1080EEA6E7D
:10DB2000E96AE26E0E0EE16E016EE6CFEEFF012EA7
:10DB3000FCD7050EE56F0A0EE66F00013BEC65F0C1
:10DB4000DD0E0801D66F06011EEF72F00801DC6BD6
:10DB5000DC51020830E3036ADC511F0F016E080E2E
:10DB6000032203C0E6F8010EDC25036AFA0FE96E12
:10DB7000050E0320EA6EEFCFE7F8E6C8EAFF01C022
:10DB8000E9FFE7C8EFFFDC5102080AE0036ADC5155
:10DB90001F0FE96E080E0320EA6EEF50D72709D059
:10DBA000036ADC511F0FE96E080E0320EA6EEFCF07
:10DBB000D8F8DC2BCDD7D7C8E7F800015CEC5DF0D6
:10DBC00001500801D85D10E11FC81CF820C81DF8DD
:10DBD00021C81EF8050EE56F0B0EE66F00013BEC49
:10DBE00065F0DD0E0801D66F06011EEF72F0080128
:10DBF000DD6BDD51160830E3036ADD51550F016E10
:10DC0000080E032203C0E6F8010EDD25036AFA0FB1
:10DC1000E96E050E0320EA6EEFCFE7F8E6C8EAFFEB
:10DC200001C0E9FFE7C8EFFFDD5116080AE0036A0B
:10DC3000DD51550FE96E080E0320EA6EEF50D7272D
:10DC400009D0036ADD51550FE96E080E0320EA6E14
:10DC5000EFCFD8F8DD2BCDD7D7C8E7F800015CECC3
:10DC60005DF001500801D85D18E1080EEA6E3E0E25
:10DC7000E96E080EE26E550EE16E170E016EE6CFEC
:10DC8000EEFF012EFCD7050EE56F060EE66F0001D4
:10DC90003BEC65F0DD0E0801D66F06011EEF72F059
:10DCA0000801DE6BDE51070830E3036ADE51740FB2
:10DCB000016E080E032203C0E6F8010EDE25036A9A
:10DCC000FA0FE96E050E0320EA6EEFCFE7F8E6C81B
:10DCD000EAFF01C0E9FFE7C8EFFFDE5107080AE0ED
:10DCE000036ADE51740FE96E080E0320EA6EEF50EE
:10DCF000D72709D0036ADE51740FE96E080E03209E
:10DD0000EA6EEFCFD8F8DE2BCDD7D7C8E7F8000101
:10DD10005CEC5DF001500801D85D18E1080EEA6E78
:10DD20006C0EE96E080EE26E740EE16E080E016E66
:10DD3000E6CFEEFF012EFCD7050EE56F070EE66F6E
:10DD400000013BEC65F0DD0E0801D66F060176D3CD
:10DD50000801DF6BDF512C0830E3036ADF51D30F7A
:10DD6000016E070E032203C0E6F8010EDF25036AE9
:10DD7000FA0FE96E050E0320EA6EEFCFE7F8E6C86A
:10DD8000EAFF01C0E9FFE7C8EFFFDF512C080AE016
:10DD9000036ADF51D30FE96E070E0320EA6EEF50DE
:10DDA000D72709D0036ADF51D30FE96E070E03208E
:10DDB000EA6EEFCFD8F8DF2BCDD7D7C8E7F8000150
:10DDC0005CEC5DF001500801D85D1CE1070EEA6EC5
:10DDD000A60EE96E070EE26ED30EE16E2D0E016EF9
:10DDE000E6CFEEFF012EFCD70001C0EC65F0050E7A
:10DDF0000801E56F0C0EE66F00013BEC65F0DD0EEF
:10DE00000801D66F06011AD30801E06BE0510D0836
:10DE100030E3036AE051300F016E080E032203C0A5
:10DE2000E6F8010EE025036AFA0FE96E050E0320FD
:10DE3000EA6EEFCFE7F8E6C8EAFF01C0E9FFE7C8FE
:10DE4000EFFFE0510D080AE0036AE051300FE96E80
:10DE5000080E0320EA6EEF50D72709D0036AE0517D
:10DE6000300FE96E080E0320EA6EEFCFD8F8E02BF2
:10DE7000CDD7D7C8E7F800015CEC5DF00150080190
:10DE8000D85D1CE1080EEA6E220EE96E080EE26E05
:10DE9000300EE16E0E0E016EE6CFEEFF012EFCD7C6
:10DEA0000001C0EC65F0050E0801E56F0D0EE66F90
:10DEB00000013BEC65F0DD0E0801D66F0601BED215
:10DEC0000801E16BE1510A0830E3036AE151870F71
:10DED000016E080E032203C0E6F8010EE125036A75
:10DEE000FA0FE96E050E0320EA6EEFCFE7F8E6C8F9
:10DEF000EAFF01C0E9FFE7C8EFFFE1510A080AE0C5
:10DF0000036AE151870FE96E080E0320EA6EEF50B5
:10DF1000D72709D0036AE151870FE96E080E032065
:10DF2000EA6EEFCFD8F8E12BCDD7D7C8E7F80001DC
:10DF30005CEC5DF001500801D85D1CE1080EEA6E52
:10DF40007C0EE96E080EE26E870EE16E0B0E016E1E
:10DF5000E6CFEEFF012EFCD70001C0EC65F0050E08
:10DF60000801E56F0E0EE66F00013BEC65F0DD0E7B
:10DF70000801D66F060162D2FBC5FAF6FCC5F9F6B8
:10DF8000DD0E0801D66F060159D251AA18D006013C
:10DF9000F6510501FB5D0DE1FC2D0BD0FDC54DF0EB
:10DFA000FEC54CF0DD0E0801D66F5684519A05D09F
:10DFB00005015694DD0E0801D66F10D00001060150
:10DFC000F6510501FB5D08E1FC51CC0805E1DD0ED1
:10DFD0000801D66F03D005010801D66906012ED2CB
:10DFE0000601F79D0501FBA103D00601F78D050190
:10DFF000050E0801E56F030EE66F00013BEC65F0CE
:10E00000DD0E0801D66F060119D20501FB51EC0F98
:10E01000D8B0FCD0140F000162EF72F0010E0801BD
:10E02000E56FE66F000141EC08F00501EFD0010E4D
:10E030000801E56FE66F000109EC50F00501E6D03C
:10E04000010E0801E56F020EE66F000109EC50F0C9
:10E050000501DCD0010E0801E56F030EE66F00013B
:10E0600009EC50F00501D2D00801E56B020EE66F15
:10E07000010EE76F000194EC50F00801E56B020E11
:10E08000E66FE76B000194EC50F00501BFD008018A
:10E09000E56B020EE66F010EE76F000194EC50F0A5
:10E0A000010E0801E56F020EE66FE76B000194ECCC
:10E0B00050F00501ABD0010E0801E56F020EE66FCE
:10E0C000010EE76F000194EC50F00801E56B020EC1
:10E0D000E66FE76B000194EC50F0050197D0080162
:10E0E000E56B010EE66FE76F000194EC50F008015C
:10E0F000E56B010EE66FE76B000194EC50F0050153
:10E1000085D00801E56B010EE66FE76F000194EC26
:10E1100050F0010E0801E56FE66FE76B000194EC2B
:10E1200050F0050173D0010E0801E56FE66FE76F4F
:10E13000000194EC50F00801E56B010EE66FE76B0F
:10E14000000194EC50F0050161D00801E56BE66B2D
:10E15000010EE76F000194EC50F00801E56BE66BEF
:10E16000E76B000194EC50F0050150D00801E56B1D
:10E17000E66B010EE76F000194EC50F0010E080110
:10E18000E56FE66BE76B000194EC50F005013ED0C3
:10E19000010E0801E56FE66BE76F000194EC50F0AB
:10E1A0000801E56BE66BE76B000194EC50F00501AC
:10E1B0002DD0010E0801E56FE66B000109EC50F06F
:10E1C000050124D00801E56B010EE66F000109ECA2
:10E1D00050F005011BD00801E56B020EE66F00014F
:10E1E00009EC50F0050112D00801E56B030EE66F53
:10E1F000000109EC50F0050109D00801E56BE66B60
:10E20000000109EC50F0050101D00501050E0801DF
:10E21000E56F020EE66F00013BEC65F0DD0E0801D4
:10E22000D66F06010BD10801E26BE251090830E319
:10E23000036AE2519C0F016E080E032203C0E6F848
:10E24000010EE225036AFA0FE96E050E0320EA6E5D
:10E25000EFCFE7F8E6C8EAFF01C0E9FFE7C8EFFF44
:10E26000E25109080AE0036AE2519C0FE96E080EC8
:10E270000320EA6EEF50D72709D0036AE2519C0FC2
:10E28000E96E080E0320EA6EEFCFD8F8E22BCDD767
:10E29000D7C8E7F800015CEC5DF001500801D85DDB
:10E2A00018E1080EEA6E920EE96E080EE26E9C0E00
:10E2B000E16E0A0E016EE6CFEEFF012EFCD7050ED1
:10E2C000E56F100EE66F00013BEC65F0DD0E080116
:10E2D000D66F0601B3D00801E36BE351050830E3C4
:10E2E000036AE351AC0F016E080E032203C0E6F887
:10E2F000010EE325036AFA0FE96E050E0320EA6EAC
:10E30000EFCFE7F8E6C8EAFF01C0E9FFE7C8EFFF93
:10E31000E35105080AE0036AE351AC0FE96E080E09
:10E320000320EA6EEF50D72709D0036AE351AC0F00
:10E33000E96E080E0320EA6EEFCFD8F8E32BCDD7B5
:10E34000D7C8E7F800015CEC5DF001500801D85D2A
:10E3500018E1080EEA6EA60EE96E080EE26EAC0E2B
:10E36000E16E060E016EE6CFEEFF012EFCD7050E24
:10E37000E56F110EE66F00013BEC65F0DD0E080164
:10E38000D66F06015BD00801E46BE451050830E369
:10E39000036AE451B80F016E080E032203C0E6F8C9
:10E3A000010EE425036AFA0FE96E050E0320EA6EFA
:10E3B000EFCFE7F8E6C8EAFF01C0E9FFE7C8EFFFE3
:10E3C000E45105080AE0036AE451B80FE96E080E4B
:10E3D0000320EA6EEF50D72709D0036AE451B80F43
:10E3E000E96E080E0320EA6EEFCFD8F8E42BCDD704
:10E3F000D7C8E7F800015CEC5DF001500801D85D7A
:10E4000018E1080EEA6EB20EE96E080EE26EB80E62
:10E41000E16E060E016EE6CFEEFF012EFCD7050E73
:10E42000E56F120EE66F00013BEC65F0DD0E0801B2
:10E43000D66F060103D0060101D006010801D6C837
:10E4400001F000011200E824F76AF736670FF66E54
:10E45000E40EF722000EF86EFB6E0A00F550FA6E1D
:10E460000800F550F96E30D836D83ED84ED858D876
:10E47000E824F76AF736910FF66EE40EF722000EE5
:10E48000F86EFB6E0A00F550FA6E0800F550F96E52
:10E4900080D886D88CD88CD894D8E824F76AF736F8
:10E4A000BB0FF66EE40EF722000EF86EFB6E0A004C
:10E4B000F550FA6E0800F550F96EDAD8DED8E4D8D7
:10E4C000E4D802D9E824F76AF736E50FF66EE40ED1
:10E4D000F722000EF86EFB6E0A00F550FA6E080087
:10E4E000F550F96E1CE02EE040E054E068E08EE06C
:10E4F000B6E0DEE002E126E14AE16CE190E1B2E162
:10E500000AE20AE2C4E1D6E1E8E1FAE1E824F76AC6
:10E51000F7362D0FF66EE50EF722000EF86EFB6E45
:10E520000A00F550FA6E0800F550F96EC2D70AE0FD
:10E53000E0DFE8D78ADFEEDBA0DC3CD9EED9A0DA59
:10E540004CDB50DD08DEC0DE78DF26E2D6E286E373
:10E5500036E401019A6B996B986B976B0701076B17
:10E56000D3C8D4F800010AEF63F00601FE6BFD6B1F
:10E57000FC6BFB6B58B81BD0FE5319E1FD5108082A
:10E5800016E307E1FC51640812E303E1FB51700854
:10E590000EE3010EFB27D8B0FC2BD8B4FD2BD8B46A
:10E5A000FE2B0001A8EC07F004000601E3D7589801
:10E5B000FE530EE1FD510708D8B074D0FF0A08E100
:10E5C000FC5163086FE2FF0A03E1FB516F086AE246
:10E5D0000701072B0751050862E2010E0801D66FFB
:10E5E0000001C0EC07F00701076B51AA02D0518867
:10E5F00051D0CD0E00016B6F09010B6B6BC00AF996
:10E600000D6B040E0C6F000163EC0BF002C003F005
:10E610000150860F006E020E0220016E026AD8B011
:10E62000002A036A02C0D6F8E8CFD5F800C0D4F8B3
:10E63000EA6E00C0E9FF23EC01F001C07EF06B6BD5
:10E640006C690101AA6BA96BA86BA76B09010B6B25
:10E650006BC00AF90D6B040E0C6F000163EC0BF03C
:10E6600002C003F00150860F006E020E0220016E00
:10E67000026AD8B0002A036A02C0D6F8E8CFD5F8FB
:10E6800000C0D4F8EA6E00C0E9FF23EC01F001C03D
:10E690007EF007010601F783F46B03D00701060142
:10E6A000F79311D00001CBEC6BF00150DD0804E1D1
:10E6B0000601F783010E02D00601F793F7A303D0FA
:10E6C00054A401D05482F7B302D0070149D7F7937D
:10E6D000519854A401D0549600011200F2CFD2F800
:10E6E000F29E636ACFC862FF7F9C7F9E7F806150ED
:10E6F0000801D2BFF28ED36F010ECF25D46FF2CFB7
:10E70000D5F8F29E636AD4C862FF7F9C7F9E7F80AB
:10E710006150D5BFF28ED46FD3C8D1F8D4C8D0F829
:10E72000D02BD8B4D12BD1C8D2F8F250006EF29EC3
:10E73000636ACFC862FFD2C861FF7F9C7F9E7F84DF
:10E740000F01550E7E6EAA0E7E6E7F820050F21271
:10E750007FB2FED77F940801D86B640ED76F00019B
:10E76000ABEC07F0010E0801CF25D26FD0C8D3F86B
:10E77000F250006EF29E636AD2C862FFD3C861FF96
:10E780007F9C7F9E7F840F01550E7E6EAA0E7E6E4B
:10E790007F820050F2127FB2FED77F940801D86BBF
:10E7A000640ED76F0001ABEC07F00501E7510801DB
:10E7B000CF25D26FF2CFD3F8F29E636AD2C862FF40
:10E7C0007F9C7F9E7F806150D3BFF28ED26F050108
:10E7D000E7510801CF25010FD46FF2CFD5F8F29E93
:10E7E000636AD4C862FF7F9C7F9E7F806150D5BFE3
:10E7F000F28ED46FD2C8D1F8D4C8D0F8D02BD8B408
:10E80000D12B0501E7510801CF25D26FD1C8D3F82C
:10E81000F250006EF29E636AD2C862FFD3C861FFF5
:10E820007F9C7F9E7F840F01550E7E6EAA0E7E6EAA
:10E830007F820050F2127FB2FED77F940801D86B1E
:10E84000640ED76F0001ABEC07F00501E75108013A
:10E85000CF25010FD26FD0C8D3F8F250006EF29ED0
:10E86000636AD2C862FFD3C861FF7F9C7F9E7F84AA
:10E870000F01550E7E6EAA0E7E6E7F820050F21240
:10E880007FB2FED77F940801D86B640ED76F00016A
:10E89000ABEC07F0120001019A6B996B986B976BC8
:10E8A0000701076BD4C8E5F8D5C8E6F800013BECD2
:10E8B00065F00601FE6BFD6BFC6BFB6B58B81AD064
:10E8C000FE5318E1FD51080815E307E1FC51640807
:10E8D00011E303E1FB5170080DE3010EFB27D8B0F3
:10E8E000FC2BD8B4FD2BD8B4FE2B0001A8EC07F00C
:10E8F0000601E4D75898FE530DE1FD5107086FE279
:10E90000FF0A08E1FC5163086AE2FF0A03E1FB51D8
:10E910006F0865E20701072B075105085DE2010E4C
:10E920000801D66F0001C0EC07F00701076BCD0EA0
:10E9300000016B6F09010B6B6BC00AF90D6B040EC4
:10E940000C6F000163EC0BF002C003F00150860F66
:10E95000006E020E0220016E026AD8B0002A036A1D
:10E9600002C0D8F8E8CFD7F800C0D6F8EA6E00C0E9
:10E97000E9FF23EC01F001C07EF06C696B6B0101D3
:10E98000AA6BA96BA86BA76B09010B6B6BC00AF98B
:10E990000D6B040E0C6F000163EC0BF002C003F072
:10E9A0000150860F006E020E0220016E026AD8B07E
:10E9B000002A036A02C0D8F8E8CFD7F800C0D6F81A
:10E9C000EA6E00C0E9FF23EC01F001C07EF0060111
:10E9D000F783F46B03D007010601F7930CD0000115
:10E9E000CBEC6BF00150DD0804E10601F783010E6A
:10E9F00002D00601F793F7B302D0070153D7000105
:10EA000012002C0E0801E46F020EE56F0001D4EC39
:10EA10004BF0025047EF76F0EACFE6F8E9CFE5F8A1
:10EA20000801DF39F009E16FE127E20FE26F320FF1
:10EA3000E46FDF510F0BE227E227E427E90FE36FD2
:10EA4000E327E327DE390F0BE327E427E337E43737
:10EA5000E41FE437DE510F0BE427E137070EE06FC8
:10EA60000A0EE307E427FDE3E207E327FDE3E107FE
:10EA7000E227FDE3E007E127FDE3080EEA6EE00E82
:10EA8000E96E070EE515E59DE926000EEA22E9503C
:10EA9000E40804E1EA50080801E1E58DEF50006E5A
:10EAA00008E1E5BD06D0E5B90CD0E5B702D0200EEF
:10EAB00003D0E587E599300E002600509EA8FED7CA
:10EAC000AD6EEE50E5ADE3D700011200E95008014C
:10EAD000ED6FEC51EF6F23E01B6AF2BE1B8EF29ECE
:10EAE000EBC87BF9EAC87AF9E9C879F9E8C878F996
:10EAF00009017F6B7E6B200E7D6F820E7C6F0001A3
:10EB000060EC05F01BBEF28E03C0EBF802C0EAF821
:10EB100001C0E9F800C0E8F80801EF2FDDD7EBC825
:10EB200010F9EAC80FF9E9C80EF9E8C80DF90001B3
:10EB3000A3EC19F003C0EBF802C0EAF801C0E9F851
:10EB400000C0E8F80801EBAF0DD0ED07ED8BE81F32
:10EB5000E91FEA1FEB1FE82BD8B4E92BD8B4EA2B46
:10EB6000D8B4EB2B3B0EF46F9A0EF36FCA0EF26F14
:10EB7000F16B0A0EEF6FEC51D8B4ED2BD882080E72
:10EB8000EA6EE80EE96EEBC813F9EAC812F9E9C8B3
:10EB900011F9E8C810F9F4C817F9F3C816F9F2C862
:10EBA00015F9F1C814F90001DBEC09F0015000522D
:10EBB00013E10801EC29EF5DD8A402D000010CD0CC
:10EBC000ED510DE00F0BEF5D01E03CE2EDBF3AD0FF
:10EBD000EDBD05D0200E31D0200E0801ED17EDABB4
:10EBE0000DD0ED9BEC51D8A4ED070050ED6F2D0E2C
:10EBF0009EA8FED7AD6EED51006EED6BEC51EF5D52
:10EC00000BE10050ED6F2E0E9EA8FED7AD6EED51BC
:10EC1000006E200EED17000E300EEDAB0ED0ED9B0A
:10EC2000EC51D8A4ED070050ED6F2D0E9EA8FED735
:10EC3000AD6EED51006EED6B300E002600509EA8BB
:10EC4000FED7AD6ED892F4C813F9F3C812F9F2C822
:10EC500011F9F1C810F90901176B166B156B0A0E43
:10EC6000146F0001DBEC09F003C0F4F802C0F3F804
:10EC700001C0F2F800C0F1F80801EF2F7FD70001C2
:10EC800012000801CE6BD06BCF6B0001BAD602C068
:10EC9000D2F801C0D1F8100EE96E02C0DFF801C051
:10ECA000DEF8BADE2C0E9EA8FED7AD6E7B0E0801F4
:10ECB000CE6FD06B2D0ECF6FD053D8A47DD0CF5157
:10ECC0003D08D8A079D0F2CFD1F8F29ED0C863FF2A
:10ECD000CFC862FF7F9C7F9E7F806150D1BFF28E44
:10ECE000D26F010ECF25D36F000ED021D46FF2CF9B
:10ECF000D5F8F29ED4C863FFD3C862FF7F9C7F9E85
:10ED00007F806150D5BFF28ED36FD2C8D7F8D3C8F9
:10ED1000D6F80501E7510801CF25D86F000ED021A4
:10ED2000D96FF2CFD4F8F29ED9C863FFD8C862FF7A
:10ED30007F9C7F9E7F806150D4BFF28ED86F05018B
:10ED4000E7510801CF25D96F000ED021DA6F010EEF
:10ED5000D927000EDA23F2CFDBF8F29EDAC863FF80
:10ED6000D9C862FF7F9C7F9E7F806150DBBFF28E9F
:10ED7000D96FD8C8DDF8D9C8DCF8100EE96ED7C84D
:10ED8000DFF8D6C8DEF8000147DE2C0E9EA8FED7BD
:10ED9000AD6E100EE96EDDC8DFF8DCC8DEF83CDED3
:10EDA0002C0E9EA8FED7AD6E0801CE51CE2B020EC2
:10EDB000CF27000ED02380D7840ECE6FD06B3F0EAE
:10EDC000CF6FD053D8A43AD1CF514708D8A036D16D
:10EDD000F2CFD1F8F29ED0C863FFCFC862FF7F9C0C
:10EDE0007F9E7F806150D1BFF28ED26F010ECF2502
:10EDF000D36F000ED021D46FF2CFD5F8F29ED4C8D5
:10EE000063FFD3C862FF7F9C7F9E7F806150D5BF28
:10EE1000F28ED36F020ECF25D66F000ED021D76FA2
:10EE2000F2CFD4F8F29ED7C863FFD6C862FF7F9CAA
:10EE30007F9E7F806150D4BFF28ED66F030ECF25A8
:10EE4000D76F000ED021D86FF2CFD9F8F29ED8C874
:10EE500063FFD7C862FF7F9C7F9E7F806150D9BFD0
:10EE6000F28ED76FD2C8DBF8D3C8DAF8D6C8D9F893
:10EE7000D7C8D8F8DBC8EBF8DAC8EAF8D9C8E9F897
:10EE8000D8C8E8F8000153EC0AF003C026F902C024
:10EE900025F901C024F900C023F909012A6B296B67
:10EEA000700E286F840E276F00016FEC0AF003C00C
:10EEB000DBF802C0DAF801C0D9F800C0D8F80501C3
:10EEC000E7510801CF25DC6F000ED021DD6FF2CFB6
:10EED000DEF8F29EDDC863FFDCC862FF7F9C7F9E88
:10EEE0007F806150DEBFF28EDC6F0501E7510801C3
:10EEF000CF25DF6F000ED021E06F010EDF27000E5F
:10EF0000E023F2CFDDF8F29EE0C863FFDFC862FFC6
:10EF10007F9C7F9E7F806150DDBFF28EDF6F050199
:10EF2000E7510801CF25E06F000ED021E16F020EFE
:10EF3000E027000EE123F2CFE2F8F29EE1C863FF82
:10EF4000E0C862FF7F9C7F9E7F806150E2BFF28EAF
:10EF5000E06F0501E7510801CF25E36F000ED021D6
:10EF6000E46F030EE327000EE423F2CFE1F8F29EF4
:10EF7000E4C863FFE3C862FF7F9C7F9E7F8061508F
:10EF8000E1BFF28EE36FDCC8E7F8DFC8E6F8E0C85F
:10EF9000E5F8E3C8E4F8E7C8EBF8E6C8EAF8E5C83E
:10EFA000E9F8E4C8E8F8000153EC0AF003C026F9D8
:10EFB00002C025F901C024F900C023F909012A6B18
:10EFC000296B700E286F840E276F00016FEC0AF01A
:10EFD00003C0E7F802C0E6F801C0E5F800C0E4F8B5
:10EFE000040EE96EDBC8EBF8DAC8EAF8D9C8E9F82C
:10EFF000D8C8E8F8010E0801EC6F000167DD2C0E9F
:10F000009EA8FED7AD6E040EE96EE7C8EBF8E6C821
:10F01000EAF8E5C8E9F8E4C8E8F8010E0801EC6F81
:10F02000000154DD2C0E9EA8FED7AD6E0801CE5116
:10F03000CE2B040ECF27000ED023C3D60001A4EFA1
:10F0400078F00150D3C809F9640E09010A6F000174
:10F0500066EC0FF000C0D3F80150300E08E1080153
:10F06000D4A30ED0D4B70CD0D4B9200E04D008014C
:10F07000D497D499D481012601509EA8FED7AD6EB5
:10F08000D3C809F90A0E09010A6F000166EC0FF0F6
:10F0900000C0D3F80150300E08E10801D4B70BD0FE
:10F0A000D4A109D0D4B9200E0001012601509EA898
:10F0B000FED7AD6E0801300ED327D3519EA8FED7E0
:10F0C000AD6E00011200010E0801CE6FCE51150881
:10F0D00037E3F2CFCFF8F29E636ACEC862FF7F9C1F
:10F0E0007F9E7F806150CFBFF28ED06F0501E651C9
:10F0F0000801CE25D16FF2CFD2F8F29E636AD1C853
:10F1000062FF7F9C7F9E7F806150D2BFF28ED16F65
:10F11000D0C8D3F81B0ED46F000193DF2C0E9EA82D
:10F12000FED7AD6ED1C8D3F81B0E0801D46F000115
:10F1300088DF2C0E9EA8FED7AD6E0801CE2BC6D759
:10F140000001A5EF78F09DD5BED7100EE96E8EC1F7
:10F15000DFF88DC1DEF860DC2C0E9EA8FED7AD6E08
:10F16000100EE96E4BC0DFF84AC0DEF855DC2C0EFD
:10F170009EA8FED7AD6E100EE96E4DC0DFF84CC0F4
:10F18000DEF84ADC2C0E9EA8FED7AD6EC1EFDAF099
:10F190000801CE6BCF6BCF51170830E3B60ECF25E9
:10F1A000D06F030ED16FD8B0D12BD1C8DDF8D0C845
:10F1B000DCF8000178EC08F001C0CEF80801CE3D83
:10F1C00012D0CE6BB60ECF25D06F030ED16FD8B054
:10F1D000D12BD1C8DBF8D0C8DAF8CEC8DCF80001F2
:10F1E000B4EC08F00801036ACF51A70FE96E000ED6
:10F1F0000320EA6ECEC8EFFFCF2BCDD70001D7EFAB
:10F20000DAF08AEC37F0B6EC37F0E2EC37F00EECDF
:10F2100038F0D9EFDAF051A8A3D06B518D080EE089
:10F220006B518E080BE06B51B50808E06B51790803
:10F2300005E06B51830802E0875347E088EC0BF050
:10F240000901036B490E026F080E046F410E056F32
:10F25000010E066F076B000157EC0EF00901036BFE
:10F260004A0E026F080E046F500E056F010E066FF6
:10F27000076B000157EC0EF0FA0E6C6FEAEC53F0DE
:10F28000875307E0070E876F896B50EC52F0876B4E
:10F290001CD06B51780807E26B51810804E3D0EC75
:10F2A00053F0589E12D06B51820809E26B518B08C3
:10F2B00006E3B9EC52F00601F79108D000016B515A
:10F2C000B40803E2E4EC50F0589C0601000125EC80
:10F2D00054F0020E0801D66F0001C0EC07F0BA0E20
:10F2E000006E050E016E026A036A0801D06BCF6FD3
:10F2F000BA0ECE6FCFC8EAFFE96E000123EC01F031
:10F3000001C07EF051986C696B6B0101AA6BA96B0F
:10F31000A86BA76B518C09010B6B6BC00AF90D6BC5
:10F32000040E0C6F000163EC0BF002C003F00150FF
:10F33000860F006E020E0220016E026AD8B0002A0B
:10F34000036A02C0D0F8E8CFCFF800C0CEF8EA6E6A
:10F3500000C0E9FF23EC01F001C07EF00601F46B70
:10F36000000104EFDBF00801E56BE66BCFC8E7F8BE
:10F37000000194EC50F0010E0801E56FE66FCFC874
:10F38000E7F8000194EC50F012000801E56B010E63
:10F39000E66FCFC8E7F8000194EC50F0010E0801C9
:10F3A000E56FE66BCFC8E7F8000194EC50F012006F
:10F3B0000101CA6BC96B010EC86F2C0EC76F1B6AA7
:10F3C000F2BE1B8EF29E010E09016F6F000153EC1D
:10F3D00003F01BBEF28E12000101CA6BC96B020E54
:10F3E000C86FEE0EC76F1B6AF2BE1B8EF29E010E37
:10F3F00009016F6F000153EC03F01BBEF28EA6EF04
:10F400007EF00101CA6BC96B050EC86FDC0EC76FB9
:10F410001B6AF2BE1B8EF29E010E09016F6F000186
:10F4200053EC03F01BBEF28EBBEF7EF058A8BCEF8E
:10F430007EF0A8EC07F00400589801019A6B996BD4
:10F44000986B976B0001CBEC6BF00150DD08D8A4F2
:10F45000BCEF7EF0A8EC07F0518C0601F5510F0AC5
:10F4600000010EE01F0AD8B431EF7EF0130AD8B4C1
:10F470008FEF7EF0120AD8B4BCEF7EF0BCEF7EF0C6
:10F480000601F95303E1FA53D8B445D3F951010BFE
:10F49000006E036A0050031013E05080000187A142
:10F4A00005D0020E0801CF6F00015DDF0601FF539A
:10F4B00006E18F0E00016B6F0701006B06010ED095
:10F4C00050900001872D01D003D08751080805E135
:10F4D000020E0801CF6F000158DF0601F951020B3F
:10F4E000006E036A0050031050E05082FF530BE19E
:10F4F000010E0801CF6F000136DF8F0E6B6F070121
:10F50000016B41D00601FF51020818E17B0E00019A
:10F510006B6F000E4FB8010E036A740FE96E000E98
:10F520000320EA6EEF5203E00701046B0001030EB3
:10F530000801CF6F000117DF25D00601FF51030836
:10F540000FE17B0E00016B6F765303E00701046B44
:10F550000001030E0801CF6F000105DF13D0060183
:10F56000FF5104080FE1850E00016B6FC05302E1EB
:10F57000C15303E00701046B0001030E0801CF6FC4
:10F580000001F1DE07011ED00601509200018751F3
:10F59000020811E00601FF510308D8A402D00001BF
:10F5A0000AD0FF510208D8A402D0000104D0FF51B4
:10F5B000040807E10001010E0801CF6F0001E5DE3C
:10F5C000060107010601F951040B006E036A0050A1
:10F5D000031022E050840801E56BE66BE76B000145
:10F5E00094EC50F0010E0801E56FE66FE76B000147
:10F5F00094EC50F00601FF5307E18F0E00016B6F92
:10F600000701026B07D00601FF2D03D0B70E0001E2
:10F610006B6F070110D00601509400018751040858
:10F6200004E00601FF2D06D000010801CF6B0001A8
:10F63000ACDE060107010601F951400B006E036ABA
:10F640000050031060E00F0E0801D66F0001C0ECFF
:10F6500007F00F0ECA6FCE0E6B6F050E0801E56F37
:10F660000F0EE66F00013BEC65F009010B6B6BC000
:10F670000AF90D6B040E0C6F000163EC0BF002C075
:10F6800003F00150860F006E020E0220016E026A26
:10F69000D8B0002A036A02C0D1F8E8CFD0F800C081
:10F6A000CFF8EA6E00C0E9FF23EC01F001C07EF064
:10F6B0006B6B0101AA6BA96BA86BA76B518C09013D
:10F6C0000B6B6BC00AF90D6B040E0C6F000163EC41
:10F6D0000BF002C003F00150860F006E020E0220F4
:10F6E000016E026AD8B0002A036A02C0D1F8E8CFDE
:10F6F000D0F800C0CFF8EA6E00C0E9FF23EC01F0BB
:10F7000001C07EF00601F951800B006E036A0050C3
:10F71000031060E0100E0801D66F0001C0EC07F086
:10F72000100ECA6FCE0E6B6F050E0801E56F0F0E3F
:10F73000E66F00013BEC65F009010B6B6BC00AF949
:10F740000D6B040E0C6F000163EC0BF002C003F0B4
:10F750000150860F006E020E0220016E026AD8B0C0
:10F76000002A036A02C0D1F8E8CFD0F800C0CFF871
:10F77000EA6E00C0E9FF23EC01F001C07EF06B6B84
:10F780000101AA6BA96BA86BA76B518C09010B6BCC
:10F790006BC00AF90D6B040E0C6F000163EC0BF0EB
:10F7A00002C003F00150860F006E020E0220016EAF
:10F7B000026AD8B0002A036A02C0D1F8E8CFD0F8B4
:10F7C00000C0CFF8EA6E00C0E9FF23EC01F001C0F1
:10F7D0007EF00601000B006EFA51010B036E005023
:10F7E000031060E0110E0801D66F0001C0EC07F0B5
:10F7F000110ECA6FCE0E6B6F050E0801E56F0F0E6E
:10F80000E66F00013BEC65F009010B6B6BC00AF978
:10F810000D6B040E0C6F000163EC0BF002C003F0E3
:10F820000150860F006E020E0220016E026AD8B0EF
:10F83000002A036A02C0D1F8E8CFD0F800C0CFF8A0
:10F84000EA6E00C0E9FF23EC01F001C07EF06B6BB3
:10F850000101AA6BA96BA86BA76B518C09010B6BFB
:10F860006BC00AF90D6B040E0C6F000163EC0BF01A
:10F8700002C003F00150860F006E020E0220016EDE
:10F88000026AD8B0002A036A02C0D1F8E8CFD0F8E3
:10F8900000C0CFF8EA6E00C0E9FF23EC01F001C020
:10F8A0007EF00601000B006EFA51100B036E005043
:10F8B000031060E0120E0801D66F0001C0EC07F0E3
:10F8C000120ECA6FCE0E6B6F050E0801E56F0F0E9C
:10F8D000E66F00013BEC65F009010B6B6BC00AF9A8
:10F8E0000D6B040E0C6F000163EC0BF002C003F013
:10F8F0000150860F006E020E0220016E026AD8B01F
:10F90000002A036A02C0D1F8E8CFD0F800C0CFF8CF
:10F91000EA6E00C0E9FF23EC01F001C07EF06B6BE2
:10F920000101AA6BA96BA86BA76B518C09010B6B2A
:10F930006BC00AF90D6B040E0C6F000163EC0BF049
:10F9400002C003F00150860F006E020E0220016E0D
:10F95000026AD8B0002A036A02C0D1F8E8CFD0F812
:10F9600000C0CFF8EA6E00C0E9FF23EC01F001C04F
:10F970007EF00601000B006EFA51200B036E005062
:10F98000031060E0130E0801D66F0001C0EC07F011
:10F99000130ECA6FCE0E6B6F050E0801E56F0F0ECA
:10F9A000E66F00013BEC65F009010B6B6BC00AF9D7
:10F9B0000D6B040E0C6F000163EC0BF002C003F042
:10F9C0000150860F006E020E0220016E026AD8B04E
:10F9D000002A036A02C0D1F8E8CFD0F800C0CFF8FF
:10F9E000EA6E00C0E9FF23EC01F001C07EF06B6B12
:10F9F0000101AA6BA96BA86BA76B518C09010B6B5A
:10FA00006BC00AF90D6B040E0C6F000163EC0BF078
:10FA100002C003F00150860F006E020E0220016E3C
:10FA2000026AD8B0002A036A02C0D1F8E8CFD0F841
:10FA300000C0CFF8EA6E00C0E9FF23EC01F001C07E
:10FA40007EF00601000B006EFA51400B036E005071
:10FA5000031060E0140E0801D66F0001C0EC07F03F
:10FA6000140ECA6FCE0E6B6F050E0801E56F0F0EF8
:10FA7000E66F00013BEC65F009010B6B6BC00AF906
:10FA80000D6B040E0C6F000163EC0BF002C003F071
:10FA90000150860F006E020E0220016E026AD8B07D
:10FAA000002A036A02C0D1F8E8CFD0F800C0CFF82E
:10FAB000EA6E00C0E9FF23EC01F001C07EF06B6B41
:10FAC0000101AA6BA96BA86BA76B518C09010B6B89
:10FAD0006BC00AF90D6B040E0C6F000163EC0BF0A8
:10FAE00002C003F00150860F006E020E0220016E6C
:10FAF000026AD8B0002A036A02C0D1F8E8CFD0F871
:10FB000000C0CFF8EA6E00C0E9FF23EC01F001C0AD
:10FB10007EF006019DD0FF53D8A46DD0000187531D
:10FB200068E08D0E6B6F509050925094010E875D7F
:10FB3000F20F5FE20E0FBEEF7EF0020E0801CF6FF4
:10FB4000000123DC56D0010E0801CF6F00011DDC3F
:10FB500050D00801CF6B000118DC4BD0020E080119
:10FB6000CF6F000112DC010E0801CF6F00010DDC28
:10FB700040D0010E0801CF6F000107DC0801CF6BF8
:10FB8000000103DC36D0020E0801CF6F0001C5EC86
:10FB900079F00801CF6B0001C5EC79F02AD0020E94
:10FBA0000801CF6F0001C5EC79F0010E0801CF6F9D
:10FBB0000001C5EC79F00801CF6B0001C5EC79F0CC
:10FBC00018D0010E0801CF6F0001C5EC79F011D0FB
:10FBD0000801CF6B0001C5EC79F00BD0010E0801D4
:10FBE000CF6F0001C5EC79F00801CF6B0001C5ECC7
:10FBF00079F02DD00601FF51020803E0FF51030800
:10FC00000CE1790E00016B6F5092030E0801CF6F6B
:10FC10000001C5EC79F01BD00601FF2D0BD0B50E0D
:10FC200000016B6F50940801CF6B0001C5EC79F0B7
:10FC30000ED00601FF5104080BE1830E00016B6F2B
:10FC40005092030E0801CF6F0001C5EC79F0060158
:10FC5000050E0801E56F0F0EE66F00013BEC65F045
:10FC60008BD064532AE10101926B916B906B8F6B87
:10FC700000016B51790806E06B51830803E06B517A
:10FC8000B5080BE10101475302E1485304E0475135
:10FC9000D8B44807470712D000016B518D080DE119
:10FCA000D8908235036A470FE96E010E0320EA6E91
:10FCB000FF0EEF2602E2EE52ED0601019AC8CFF8E0
:10FCC000036A0801CF51920FD06F080E0320D16F45
:10FCD000D1C8E2FFD0C8E1FFE6CFCEF89AC8CFF88E
:10FCE000036ACF51E96E070E0324EA6ECEC8EFFF18
:10FCF00099C864F09AC8CFF8036ACF51E96E070E2D
:10FD00000324EA6EEF5204E00001D8EC79F0080118
:10FD1000CF6BCFC899F85182569200012DD00601C1
:10FD2000F7AD16D00801E56B010EE66F020EE76F26
:10FD3000000194EC50F0010E0801E56FE66B020E35
:10FD4000E76F000194EC50F0ECEF79F014D006016D
:10FD50000801E56BE66B020EE76F000194EC50F0D2
:10FD6000010E0801E56FE66F020EE76F000194ECEB
:10FD700050F001EF7AF000D00CEFDBF0E824F76AE6
:10FD8000F7369D0FF66EFD0EF722000EF86EFB6E35
:10FD90000A00F550FA6E0800F550F96E3AFB46FB82
:10FDA0005CFB52FB86FB72FB9EFBF2FBF2FBC2FB91
:10FDB000F2FBD0FBF2FBDCFB569C56BE568C569EEB
:10FDC00084A0568E000E56BE010E016E0EEFDBF0C3
:10FDD0000AEC56F001520DE1040E0801D66F000145
:10FDE000C0EC07F0000E58B4010E01095894E8B0B9
:10FDF000588408EC5BF001520DE1050E0801D66F46
:10FE00000001C0EC07F0000E58B4010E020958942E
:10FE1000E8B0588412000801CE51040817E1036AC3
:10FE200007015151270FE96E070E0320EA6ECEC875
:10FE3000EFFF5151512B036A3B0FE96E070E032070
:10FE4000EA6ECFC8EFFF502B1DD00801CEC801F9D4
:10FE500000013AEC38F0015216E1036A07015151F2
:10FE6000270FE96E070E0320EA6ECEC8EFFF51514F
:10FE7000512B036A3B0FE96E070E0320EA6ECFC8D1
:10FE8000EFFF502B00011200D5C8EBF8D4C8EAF8F8
:10FE9000D3C8E9F8D2C8E8F853EC0AF003C0DFF899
:10FEA00002C0DEF801C0DDF800C0DCF8D7C80BF9ED
:10FEB000D6C80AF909010D6B320E0C6F000163EC14
:10FEC0000BF002C003F001501B6AF2BE1B8EF29EC3
:10FED0000901786F02C079F9000145EC05F01BBEFD
:10FEE000F28EDFC826F9DEC825F9DDC824F9DCC8A2
:10FEF00023F903C02AF902C029F901C028F900C07A
:10FF000027F96FEC0AF003C0DBF802C0DAF801C091
:10FF1000D9F800C0D8F8DBC8E9F8DAC8E8F8D9C8D9
:10FF2000E7F8D8C8E6F80801ED6BEC6BEB6BEA6B11
:10FF3000000121EC2BF001E206E10801DB6BDA6B3A
:10FF4000D96BD86B00011B6AF2BE1B8EF29EDBC818
:10FF50007BF9DAC87AF9D9C879F9D8C878F9DBEC2D
:10FF600005F01BBEF28E025012000801CE6BCE517E
:10FF7000030813E3E56BE66BCEC8E7F8000194ECE9
:10FF800050F00801E56B010EE66FCEC8E7F80001FE
:10FF900094EC50F00801CE2BEAD7000112000101C9
:10FFA00092530DE19151070821E2FF0A08E19051B7
:10FFB0003C081CE2FF0A03E18F515F0817E29253ED
:10FFC0000DE1915108080EE2FF0A08E19051260860
:10FFD00009E2FF0A03E18F51BF0804E2020E016E3D
:10FFE00007D003D0010E016E03D002D0000E016EC7
:06FFF000000106EFE6F03F
:020000040001F9
:10000000F2CFD3F8F29E636ACEC862FF7F9C7F9ED8
:100010007F8061500801D3BFF28ED46F010ECE25D0
:10002000D56FF2CFD6F8F29E636AD5C862FF7F9C87
:100030007F9E7F806150D6BFF28ED56F020ECE2597
:10004000D76FF2CFD8F8F29E636AD7C862FF7F9C61
:100050007F9E7F806150D8BFF28ED76F030ECE2572
:10006000D96FF2CFDAF8F29E636AD9C862FF7F9C3B
:100070007F9E7F806150DABFF28ED96FD4C8D2F8EC
:10008000D5C8D1F8D7C8D0F8D9C8CFF8010ECF2736
:10009000D8B0D02BD8B4D12BD8B4D22BD2C8D3F867
:1000A000F250006EF29E636ACEC862FFD3C861FF51
:1000B0007F9C7F9E7F840F01550E7E6EAA0E7E6E02
:1000C0007F820050F2127FB263EF80F07F940801CC
:1000D000D86B640ED76F0001ABEC07F0010E08017E
:1000E000CE25D36FD1C8D4F8F250006EF29E636A69
:1000F000D3C862FFD4C861FF7F9C7F9E7F840F01BD
:10010000550E7E6EAA0E7E6E7F820050F2127FB276
:1001100087EF80F07F940801D86B640ED76F0001E1
:10012000ABEC07F0020E0801CE25D36FD0C8D4F88F
:10013000F250006EF29E636AD3C862FFD4C861FFBA
:100140007F9C7F9E7F840F01550E7E6EAA0E7E6E71
:100150007F820050F2127FB2ABEF80F07F940801F3
:10016000D86B640ED76F0001ABEC07F0030E0801EB
:10017000CE25D36FCFC8D4F8F250006EF29E636ADA
:10018000D3C862FFD4C861FF7F9C7F9E7F840F012C
:10019000550E7E6EAA0E7E6E7F820050F2127FB2E6
:1001A000CFEF80F07F940801D86B640ED76F000109
:1001B000ABEC07F00501E7510801CE25D36FF2CF74
:1001C000D4F8F29E636AD3C862FF7F9C7F9E7F80D3
:1001D0006150D4BFF28ED36F0501E7510801CE25DF
:1001E000010FD56FF2CFD6F8F29E636AD5C862FFD1
:1001F0007F9C7F9E7F806150D6BFF28ED56F0501B8
:10020000E7510801CE25020FD76FF2CFD8F8F29E42
:10021000636AD7C862FF7F9C7F9E7F806150D8BF92
:10022000F28ED76F0501E7510801CE25030FD96F74
:10023000F2CFDAF8F29E636AD9C862FF7F9C7F9E94
:100240007F806150DABFF28ED96FD3C8D2F8D5C89B
:10025000D1F8D7C8D0F8D9C8CFF8010ECF27D8B079
:10026000D02BD8B4D12BD8B4D22B0501E75108013B
:10027000CE25D36FD2C8D4F8F250006EF29E636AD6
:10028000D3C862FFD4C861FF7F9C7F9E7F840F012B
:10029000550E7E6EAA0E7E6E7F820050F2127FB2E5
:1002A0004FEF81F07F940801D86B640ED76F000187
:1002B000ABEC07F00501E7510801CE25010FD36F24
:1002C000D1C8D4F8F250006EF29E636AD3C862FFC0
:1002D000D4C861FF7F9C7F9E7F840F01550E7E6E88
:1002E000AA0E7E6E7F820050F2127FB275EF81F00F
:1002F0007F940801D86B640ED76F0001ABEC07F058
:100300000501E7510801CE25020FD36FD0C8D4F8FC
:10031000F250006EF29E636AD3C862FFD4C861FFD8
:100320007F9C7F9E7F840F01550E7E6EAA0E7E6E8F
:100330007F820050F2127FB29BEF81F07F94080120
:10034000D86B640ED76F0001ABEC07F00501E751E5
:100350000801CE25030FD36FCFC8D4F8F250006E3A
:10036000F29E636AD3C862FFD4C861FF7F9C7F9E00
:100370007F840F01550E7E6EAA0E7E6E7F82005026
:10038000F2127FB2C1EF81F07F940801D86B640E46
:10039000D76F0001ABEC07F012000801CE51FC0F43
:1003A00034E2040F000107EF82F087918991080180
:1003B000E56BE66B020EE76F000194EC50F008016C
:1003C00024D0879389930801E56BE66B010EE76FF4
:1003D000000194EC50F0080118D087958995080128
:1003E000E56BE66BE76B000194EC50F008010DD073
:1003F000879789970801E56BE66B020EE76F0001AE
:1004000094EC50F0080101D0080100011200E8242A
:10041000F76AF7362F0FF66E040EF722010EF86E0C
:10042000FB6E0A00F550FA6E0800F550F96EAA034B
:10043000C203DA03F0030801D56BD46BD36BD26B24
:100440001B6AF2BE1B8EF29ECFC879F9CEC878F92E
:10045000000145EC05F01BBEF28E03C0D9F802C0C6
:10046000D8F801C0D7F800C0D6F81B6AF2BE1B8EC0
:10047000F29ED1C879F9D0C878F945EC05F01BBED9
:10048000F28E1B6AF2BE1B8EF29ED9C87BF9D8C8C9
:100490007AF9D7C879F9D6C878F903C07FF902C0CC
:1004A0007EF901C07DF900C07CF960EC05F01BBE4F
:1004B000F28E03C0D9F802C0D8F801C0D7F800C046
:1004C000D6F803C026F902C025F901C024F900C0FE
:1004D00023F909012A6B240E296F740E286F920EDE
:1004E000276F00016FEC0AF003C0D5F802C0D4F802
:1004F00001C0D3F800C0D2F8D5C810F9D4C80FF99C
:10050000D3C80EF9D2C80DF9A3EC19F012000801F6
:10051000D56BD46BD36BD26B1B6AF2BE1B8EF29E73
:10052000CFC879F9CEC878F9000145EC05F01BBEBB
:10053000F28E03C0D9F802C0D8F801C0D7F800C0C5
:10054000D6F81B6AF2BE1B8EF29ED1C879F9D0C8CC
:1005500078F945EC05F01BBEF28E1B6AF2BE1B8ECD
:10056000F29ED9C87BF9D8C87AF9D7C879F9D6C824
:1005700078F903C07FF902C07EF901C07DF900C09F
:100580007CF960EC05F01BBEF28E03C0D9F802C006
:10059000D8F801C0D7F800C0D6F803C026F902C0C9
:1005A00025F901C024F900C023F909012A6B240EA2
:1005B000296F740E286F920E276F00016FEC0AF0FE
:1005C00003C0D5F802C0D4F801C0D3F800C0D2F8F7
:1005D000D5C826F9D4C825F9D3C824F9D2C823F937
:1005E00009012A6B296B286B800E276F00016FECC5
:1005F0000AF003C0D5F802C0D4F801C0D3F800C097
:10060000D2F8D5C810F9D4C80FF9D3C80EF9D2C89A
:100610000DF9A3EC19F012000101CA6BC96BC86B8C
:10062000640EC76F1B6AF2BE1B8EF29E010E09019B
:100630006F6F000153EC03F01BBEF28E24EF83F0CA
:1006400051AE28D0519EE8D7A8EC07F0875318E1A7
:100650006B518D0815E06B518E0812E06B51B50897
:100660000FE06B5179080CE06B51830809E06B5186
:10067000C80806E00101926B916B906B8F6B0001D3
:100680006B51C80804E16A51050801E06A6BF094F7
:10069000F08AF19657EFE6F00101AA5318E1A95349
:1006A00016E1A85314E1A751130811E3AAC103F0FE
:1006B000A9C102F0A8C101F0A7C100F0010EA7274F
:1006C000D8B0A82BD8B4A92BD8B4AA2B06D0020E28
:1006D000A727000EA823A923AA23000112006A2D30
:1006E00039EF8FF0518C010E7D6F4E8EA8EC07F024
:1006F0006B518D0807E06B51790804E06B5183085A
:10070000D8A416D26B517908D8A4ECD085C862F071
:100710006251615D07E1010148531EE14751020842
:100720001BE30001000E4FB8010E006ED89000369A
:100730000050036A130FE96E010E0320EA6EECCF3E
:10074000CFF8ED52EFCFCEF80801CE53D8A4C8D0E1
:10075000CF53D8A4C5D0010100016153D8A496D0CD
:1007600007010453D8B490D0000196DF070121534C
:1007700006E001018A6B640E896F05D00701010153
:100780008A6BC80E896FAA5309E1A95307E18A5100
:10079000A85D0FE303E18951A75D0BE3AA6BA96B89
:1007A0008AC1A8F189C1A7F155820001C0EC65F0AA
:1007B0000101000E4FB8010E006ED89000360050B7
:1007C000036A0F0FE96E010E0320EA6EA7C1EFFF67
:1007D000A8C1ECFF000E4FB8010E006ED890003695
:1007E0000050036A0F0FE96E010E0320EA6EECCF92
:1007F0000BF9ED52EFCF0AF909010D6B320E0C6FB8
:10080000000163EC0BF002C05EF101C05DF157AA7C
:1008100038D0000E4FB8010E006ED8900036005050
:10082000036A130FE96E010E0320EA6EECCFCFF8D6
:10083000ED52EFCFCEF80801CE5302E1CF5322E0C4
:10084000000E4FB8010E006ED89000360050036ABB
:100850000F0FE96E010E0320EA6EECCFD7F8ED52D0
:10086000EFCFD6F89EC1D5F89DC1D4F89CC1D3F87E
:100870009BC1D2F8000144EC7FF002C048F101C0F6
:1008800047F108014F8207012AD0000105DF01016D
:10089000AA530AE1A95308E1A851000817E2FF0A88
:1008A00003E1A751210812E20001612D01D002D01D
:1008B00001010CD00101AA6BA96B010EA86F220ED9
:1008C000A76F55820001C0EC65F00101A8C10CF1D1
:1008D000A7C10BF14F82010E0001646F07010801EF
:1008E00024D100016B518308D8A4BDD00101485325
:1008F00009E14751150806E37F53D8A4B1D08053CE
:10090000D8A4AED007010453D8B4ABD00001C4DEE4
:100910001B6AF2BE1B8EF29EC6C07BF9C5C07AF977
:10092000C4C079F9C3C078F9DBEC05F01BBEF28EC8
:1009300002C0CFF801C0CEF802C00BF901C00AF91D
:1009400009010D6B3A0E0C6F000163EC0BF002C055
:100950002EF101C02DF101012E51020824E2FF0AFF
:1009600003E12D51E7081FE22EC111F92DC110F945
:100970000901136B640E126F000185EC17F002C0C1
:100980002EF101C02DF12EC10BF92DC10AF909017B
:100990000D6B640E0C6F000163EC0BF002C02EF1C6
:1009A00001C02DF101012EC111F92DC110F909016C
:1009B000136B320E126F000185EC17F002C02EF19E
:1009C00001C02DF101012E5303E12D51630803E213
:1009D0002E6B640E2D6FAA5309E1A95307E12E5126
:1009E000A85D0FE303E12D51A75D0BE3AA6BA96B93
:1009F0002EC1A8F12DC1A7F155820001C0EC65F010
:100A00000101A8C17EF1A7C17DF17EC10BF97DC1B5
:100A10000AF909010D6B320E0C6F000163EC0BF04B
:100A200002C060F101C05FF157AC18D001017F53E3
:100A300002E1805314E0A2C1D5F8A1C1D4F8A0C14D
:100A4000D3F89FC1D2F87EC1D7F87DC1D6F8000196
:100A500044EC7FF002C048F101C047F101014F8230
:100A6000070162D0000182C0E9FF070EEA6EEF5273
:100A70005BE0D8908235036A470FE96E010E0320D0
:100A8000EA6EECCFCFF8ED52EFCFCEF80801CF539E
:100A900006E1CE510208D8A002D0000145D0D8907E
:100AA00000018235036A390FE96E010E0320EA6EF8
:100AB0000101AA6BA96BECCFA8F1ED52EFCFA7F122
:100AC000020EA727000EA823A923AA23AA530AE1EE
:100AD000A95308E1A851000819E2FF0A03E1A75150
:100AE000210814E2AA6BA96B010EA86F220EA76F52
:100AF00082C0E7F8010E0801E86FEA6B550EE96F56
:100B0000000120EC08F0C0EC65F00101D890000174
:100B10008235036A390FE96E010E0320EA6EA7C120
:100B2000EFFFA8C1ECFF4F82080124EF8FF0000116
:100B30006B51B50848E1010E0101A727D8B0A82BD9
:100B4000D8B4A92BD8B4AA2BAA5307E1A95305E11D
:100B5000A85303E1A75190080AE2AA6BA96BA86BFE
:100B6000910EA76F55840001C0EC65F023D00201FF
:100B700055510101AA5D1FE311E102015451010128
:100B8000A95D19E30BE1020153510101A85D13E3D3
:100B900005E1020152510101A75D0DE355C2AAF121
:100BA00054C2A9F153C2A8F152C2A7F1588600015C
:100BB000C0EC65F00101A8C14FF2A7C14EF24F820F
:100BC00022EF8FF000016B51780809E06B51820829
:100BD00006E06B518C0803E06B51B40802E123EF8F
:100BE0008FF06BC009F90A0E09010A6F000166EC6B
:100BF0000FF0005206E16B515E0803E36B513208BF
:100C000005E16B513108D8A4FBEF8EF051A059EFEC
:100C100089F06B510A0811E06B5114080EE06B511A
:100C20001E080BE06B51280808E06B51500805E0E6
:100C30006B515A08D8A459EF89F06B51140816E18A
:100C40000101A7510B08D8B402D000010FD0A8535E
:100C5000D8B402D000010AD0A953D8B402D0000100
:100C600005D0AA53D8B456EF89F000016B511E0885
:100C700016E10101A7510908D8B402D000010FD034
:100C8000A853D8B402D000010AD0A953D8B402D0D6
:100C9000000105D0AA53D8B456EF89F000016B517A
:100CA000280816E10101A7511008D8B402D00001AC
:100CB0000FD0A853D8B402D000010AD0A953D8B499
:100CC00002D0000105D0AA53D8B456EF89F0000134
:100CD0006B51500816E10101A7510B08D8B402D09E
:100CE00000010FD0A853D8B402D000010AD0A953F4
:100CF000D8B402D0000105D0AA53D8B456EF89F079
:100D000000016B51140A0AE00A0AD8B4B2D0360ABC
:100D1000D8B43BD1780AD8B44DD2BFD20101A75183
:100D2000006EA851036E035005E1010E005C000146
:100D30001FE00101035005E1050E005C000118E011
:100D40000101035005E1020E005C000134E00101E5
:100D5000035005E1060E005C00012DE00101035087
:100D600006E1090E005C0001D8B458D0010178D02A
:100D70000101AE5319E1AD5317E1AC5315E1AB518D
:100D8000130812E3AEC103F0ADC102F0ACC101F033
:100D9000ABC100F0010EAB27D8B0AC2BD8B4AD2B53
:100DA000D8B4AE2B005006D0020EAB27000EAC23F9
:100DB000AD23AE235DD00101AE5310E1AD530EE182
:100DC000AC530CE1AB51130809E3010EAB27D8B0CB
:100DD000AC2BD8B4AD2BD8B4AE2B1FD0AE5307E19B
:100DE000AD5305E1AC5303E1AB51130810E2AE5330
:100DF0000EE1AD530CE1AC530AE1AB513B0807E304
:100E0000020EAB27000EAC23AD23AE2306D0050E99
:100E1000AB27000EAC23AD23AE232AD00101AE5385
:100E200018E1AD5316E1AC5314E1AB51130811E3D3
:100E3000AEC103F0ADC102F0ACC101F0ABC100F036
:100E4000010EAB27D8B0AC2BD8B4AD2BD8B4AE2B99
:100E500006D0020EAB27000EAC23AD23AE2308D084
:100E6000010EAB27D8B0AC2BD8B4AD2BD8B4AE2B79
:100E70001DD20101A751006EA851036E035005E178
:100E8000010E005C000117E00101035005E1030EB3
:100E9000005C000133E00101035005E1040E005C39
:100EA000000148E00101035005E1050E005C00016E
:100EB00041E0010161D00101AE5319E1AD5317E1E9
:100EC000AC5315E1AB51130812E3AEC103F0ADC151
:100ED00002F0ACC101F0ABC100F0010EAB27D8B0FD
:100EE000AC2BD8B4AD2BD8B4AE2B005006D0020E2C
:100EF000AB27000EAC23AD23AE2346D00101AE5389
:100F000012E1AD5310E1AC5102080DE303E1AB5126
:100F1000CF0809E3010EAB27D8B0AC2BD8B4AD2B6A
:100F2000D8B4AE2B06D0AE6BAD6B020EAC6FD00E4C
:100F3000AB6F2AD00101AE5318E1AD5316E1AC53AB
:100F400014E1AB51090811E3AEC103F0ADC102F0E9
:100F5000ACC101F0ABC100F0010EAB27D8B0AC2B97
:100F6000D8B4AD2BD8B4AE2B06D0050EAB27000EEF
:100F7000AC23AD23AE2308D0010EAB27D8B0AC2BE9
:100F8000D8B4AD2BD8B4AE2B91D10101A751006ECE
:100F9000A851036E035005E1030E005C00012EE032
:100FA0000101035005E1040E005C000127E001018E
:100FB000035005E1070E005C000153E001010350FE
:100FC00005E10B0E005C000154E00101035005E156
:100FD0000C0E005C00014DE00101035006E10D0E16
:100FE000005C0001D8B4A8D00101035006E10E0E48
:100FF000005C0001D8B4A0D00101D3D00101AE53F0
:1010000010E1AD530EE1AC530CE1AB51090809E31B
:10101000010EAB27D8B0AC2BD8B4AD2BD8B4AE2BC7
:101020001FD0AE5307E1AD5305E1AC5303E1AB5123
:10103000090810E2AE530EE1AD530CE1AC530AE1E6
:10104000AB513B0807E3050EAB27000EAC23AD23E5
:10105000AE2306D00A0EAB27000EAC23AD23AE2381
:10106000A8D0020E0101AB27000EAC23AD23AE23A6
:10107000A0D0CD2D01D009D0CD51040806E0CD512E
:10108000060803E0CD5102084DE10101AE5310E125
:10109000AD530EE1AC530CE1AB51130809E3010E63
:1010A000AB27D8B0AC2BD8B4AD2BD8B4AE2B38D03E
:1010B000AE5307E1AD5305E1AC5303E1AB51130867
:1010C00010E2AE530EE1AD530CE1AC530AE1AB516B
:1010D000630807E3020EAB27000EAC23AD23AE235B
:1010E0001FD0AE5307E1AD5305E1AC5303E1AB5163
:1010F000630810E2AE530EE1AD530CE1AC530AE1CC
:10110000AB51C70807E30A0EAB27000EAC23AD2393
:10111000AE2306D0320EAB27000EAC23AD23AE2398
:101120000AD00001010E0101AB27D8B0AC2BD8B416
:10113000AD2BD8B4AE2B3DD00101AE5310E1AD5371
:101140000EE1AC530CE1AB51270809E3010EAB27CC
:10115000D8B0AC2BD8B4AD2BD8B4AE2B21D0AE5375
:1011600007E1AD5305E1AC5303E1AB51270812E2AF
:10117000AE5310E1AD530EE1AC5101080BE303E1B6
:10118000AB518F0807E3280EAB27000EAC23AD232D
:10119000AE2306D0C80EAB27000EAC23AD23AE2382
:1011A00008D0010EAB27D8B0AC2BD8B4AD2BD8B437
:1011B000AE2B7CD00101A751006EA851036E0350E5
:1011C00005E1020E005C000109E00101035005E1A8
:1011D000050E005C000135E0010155D00101AE5360
:1011E00010E1AD530EE1AC530CE1AB51130809E330
:1011F000010EAB27D8B0AC2BD8B4AD2BD8B4AE2BE6
:101200001FD0AE5307E1AD5305E1AC5303E1AB5141
:10121000130810E2AE530EE1AD530CE1AC530AE1FA
:10122000AB51630807E3050EAB27000EAC23AD23DB
:10123000AE2306D00A0EAB27000EAC23AD23AE239F
:101240002AD00101AE5318E1AD5316E1AC510308A9
:1012500013E303E1AB51E7080FE30A0EAB27000EDF
:10126000AC23AD23AE23ABC100F0ACC101F0ADC1E6
:1012700002F0AEC103F006D0320EAB27000EAC2355
:10128000AD23AE2308D0010EAB27D8B0AC2BD8B419
:10129000AD2BD8B4AE2B0AD00001010E0101AB2753
:1012A000D8B0AC2BD8B4AD2BD8B4AE2BF9EF8EF0B0
:1012B00000010101A7530CE1A8530AE1A95308E179
:1012C000AA5306E1AA6BA96BA86BA76BF9EF8EF086
:1012D000FF0EA727D8A0A827D8A0A927D8A0AA275B
:1012E00000016B530FE10101A75102080AE1A85365
:1012F00008E1A95306E1AA5304E1AA6BA96BA86B04
:10130000A76B00016B510A0A0EE01E0A4CE00A0AA4
:10131000D8B481D1360AD8B421D2780AD8B4EDEF46
:101320008EF0FAEF8EF00101A751006EA851036E06
:10133000035004E10052000117E00101035005E1F0
:10134000010E005C000117E00101035005E1020EEF
:10135000005C000117E00101035005E1030E005C91
:10136000000118E001011CD00101AE6BAD6BAC6B4C
:101370007BC0ABF115D00101AE6BAD6BAC6B7CC02B
:10138000ABF10ED00101AE6BAD6B0AC1ACF109C17E
:10139000ABF106D00101AE6BAD6BAC6B8BC0ABF1AA
:1013A0000001FAEF8EF0CC5338E10101A751090892
:1013B0000BE1A85309E1A95307E1AA5305E1AA6B80
:1013C000A96BA86B040EA76F000E4FB8010E006E3C
:1013D000D89000360050036A130FE96E010E032007
:1013E000EA6EECCFCFF8ED52EFCFCEF80801CE5336
:1013F00012E1CF5310E10101A75104080BE1A853FA
:1014000009E1A95307E1AA5305E1AA6BA96BA86BEF
:10141000030EA76F080120D00001CC2D1CD00101C4
:10142000A75104080BE1A85309E1A95307E1AA5306
:1014300005E1AA6BA96BA86B030EA76FA751020861
:101440000AE1A85308E1A95306E1AA5304E1AA6BF3
:10145000A96BA86BA76B08010101A751006EA851E9
:10146000036E035004E10052000147E00101035004
:1014700005E1010E005C000147E00101035005E1B8
:10148000020E005C000156E00101035005E1030E6D
:10149000005C000165E00101035006E1040E005C00
:1014A0000001D8B46DD00101035006E1050E005CC7
:1014B0000001D8B475D00101035006E1060E005CAE
:1014C0000001D8B475D00101035006E1070E005C9D
:1014D0000001D8B475D00101035006E1080E005C8C
:1014E0000001D8B477D00101035006E1090E005C79
:1014F0000001D8B482D001018BD00101AE6BAD6B7D
:10150000AC6BCCC0ABF184D0000E4FB8010E006EB6
:10151000D89000360050036A0F0FE96E010E0320C9
:10152000EA6E0101AE6BAD6BECCFACF1ED52EFCFDB
:10153000ABF16ED0000E4FB8010E006ED8900036A1
:101540000050036A130FE96E010E0320EA6E0101D9
:10155000AE6BAD6BECCFACF1ED52EFCFABF158D041
:10156000000E4FB8010E036A740FE96E000E0320DF
:10157000EA6E0101AE6BAD6BAC6BEFCFABF148D057
:10158000000E57BA010E016A026A036A03C0AEF187
:1015900002C0ADF101C0ACF1E8CFABF1010138D030
:1015A0000101AE6BAD6B0CC1ACF10BC1ABF130D036
:1015B0000101AE6BAD6B0EC1ACF10DC1ABF128D02A
:1015C000D8906335070120110101AB6FAC6BAD6B97
:1015D000AE6B1ED034C111F933C110F90901136B80
:1015E000190E126F000185EC17F00101AE6BAD6BA7
:1015F00002C0ACF101C0ABF10BD00101AE6BAD6B21
:1016000036C1ACF135C1ABF136C1BFF835C1BEF85A
:101610000001FAEF8EF001017F5310E180530EE1DB
:10162000A75102080BE1A85309E1A95307E1AA5306
:1016300005E1AA6BA96BA86B010EA76FA751006EFD
:10164000A851036E035005E1010E005C000125E086
:101650000101035005E1020E005C000126E00101DA
:10166000035005E1030E005C00012FE0010103506F
:1016700005E1040E005C00013BE00101035005E1BF
:10168000050E005C00013CE00101035005E1060E7F
:10169000005C00013CE001015ED00101AE6BAD6B6E
:1016A0007EC1ACF17DC1ABF156D0000E57BC010E2E
:1016B000016A026A036A03C0AEF102C0ADF101C063
:1016C000ACF1E8CFABF1010146D080C111F97FC187
:1016D00010F90901136B050E126F000185EC17F06C
:1016E0000101AE6BAD6B02C0ACF101C0ABF133D008
:1016F0000101AE6BAD6BC1C0ACF1C0C0ABF12BD082
:101700000101AE6BAD6BAC6BC2C0ABF124D0C6C0F7
:1017100026F9C5C025F9C4C024F9C3C023F90901BD
:101720002A6B296B286B7E0E276F00016FEC0AF085
:1017300003C010F902C00FF901C00EF900C00DF985
:10174000A3EC19F003C0AEF102C0ADF101C0ACF1E1
:1017500000C0ABF101010001FAEF8EF0CD51060897
:101760003EE0CD5105083BE0036A82515D0FE96E12
:10177000000E0320EA6EEF5210E10101A7510E089E
:101780000BE1A85309E1A95307E1AA5305E1AA6BAC
:10179000A96BA86B0D0EA76F0001036A82515D0F44
:1017A000E96E000E0320EA6EEF5219E0036A8251DF
:1017B000590FE96E000E0320EA6EEF5210E00101AE
:1017C000A7510E080BE1A85309E1A95307E1AA5359
:1017D00005E1AA6BA96BA86B0D0EA76F0001CD2DBB
:1017E00001D019D0CD51040816E0CD51060813E000
:1017F000CD51020810E00101A7510C080BE1A853DC
:1018000009E1A95307E1AA5305E1AA6BA96BA86BEB
:101810000B0EA76F0001036A82515D0FE96E000E87
:101820000320EA6EEF5210E10101A7510A080BE113
:10183000A85309E1A95307E1AA5305E1AA6BA96BD3
:10184000A86B090EA76F0001CD5310E00101A7514D
:101850000A080BE1A85309E1A95307E1AA5305E1DE
:10186000AA6BA96BA86B090EA76F0001CD510308E5
:1018700016E0CD51040813E0CD51020810E001013B
:10188000A75108080BE1A85309E1A95307E1AA539E
:1018900005E1AA6BA96BA86B070EA76F0001D89092
:1018A0008235036AFF0FE96E000E0320EA6EECCF6B
:1018B000CFF8ED52EFCFCEF80801CE5312E1CF535F
:1018C00010E10101A75106080BE1A85309E1A95352
:1018D00007E1AA5305E1AA6BA96BA86B050EA76FD8
:1018E00008010001CD5310E10101A75105080BE1EA
:1018F000A85309E1A95307E1AA5305E1AA6BA96B13
:10190000A86B040EA76F0001822D01D010D0010139
:10191000A75102080BE1A85309E1A95307E1AA5313
:1019200005E1AA6BA96BA86B010EA76F000182519C
:10193000030849E10101AA5307E1A95305E1A853AE
:1019400003E1A7510D080FE2AA530DE1A9530BE1E2
:10195000A85309E1A7510E0806E3AA6BA96BA86B6F
:101960000D0EA76F2FD0AA5307E1A95305E1A85385
:1019700003E1A7510B080FE2AA530DE1A9530BE1B4
:10198000A85309E1A7510C0806E3AA6BA96BA86B41
:101990000B0EA76F17D0AA5307E1A95305E1A8536F
:1019A00003E1A75101080EE2AA530CE1A9530AE191
:1019B000A85308E1A7510A0805E3AA6BA96BA86B15
:1019C000010EA76F00010101A751006EA851036E1F
:1019D000035006E1010E005C0001D8B46AD0010199
:1019E000035006E1020E005C0001D8B469D0010189
:1019F000035006E1030E005C0001D8B468D0010179
:101A0000035006E1040E005C0001D8B471D001015E
:101A1000035006E1050E005C0001D8B47AD0010144
:101A2000035006E1060E005C0001D8B479D0010134
:101A3000035006E1070E005C0001D8B47FD001011D
:101A4000035006E1080E005C0001D8B488D0010103
:101A5000035006E1090E005C0001D8B487D00101F3
:101A6000035006E10A0E005C0001D8B48DD00101DC
:101A7000035006E10B0E005C0001D8B493D00101C5
:101A8000035006E10C0E005C0001D8B4CAD001017D
:101A9000035006E10D0E005C0001D8B401D1010134
:101AA000035006E10E0E005C0001D8B447D10101DD
:101AB00092D10101AE6BAD6BAC6B82C0ABF18BD13F
:101AC0000101AE6BAD6BAC6BCDC0ABF184D1D890E6
:101AD0008235036AF70FE96E000E0320EA6E0101FA
:101AE000AE6BAD6BECCFACF1ED52EFCFABF173D190
:101AF000D8908235036AFF0FE96E000E0320EA6E6C
:101B00000101AE6BAD6BECCFACF1ED52EFCFABF1B1
:101B100062D10101AE6BAD6BAC6B64C2ABF15BD15A
:101B2000036A8251650FE96E000E0320EA6E01011F
:101B3000AE6BAD6BAC6BEFCFABF14DD1D8908235C6
:101B4000036A390FE96E010E0320EA6E0101AE6BE4
:101B5000AD6BECCFACF1ED52EFCFABF13CD101016D
:101B6000AE6BAD6BAC6B5BC2ABF135D1036A82512E
:101B70005D0FE96E000E0320EA6E0101AE6BAD6BE6
:101B8000AC6BEFCFABF127D1036A8251590FE96EED
:101B9000000E0320EA6E0101AE6BAD6BAC6BEFCFB4
:101BA000ABF119D1CD2D01D009D0CD51040806E0FB
:101BB000CD51060803E0CD51020809E10101AE6BE9
:101BC000AD6B58C2ACF157C2ABF12AD00001D8902E
:101BD0008235036ACF0FE96E000E0320EA6EECCF68
:101BE00011F9ED52EFCF10F932C113F931C112F9E9
:101BF00085EC17F00101AE6BAD6B02C0ACF101C01A
:101C0000ABF1D89000018235036ACF0FE96E000E68
:101C10000320EA6EECCFBFF8ED52EFCFBEF8010122
:101C2000DAD0CD2D01D009D0CD51040806E0CD5138
:101C3000060803E0CD51020809E10101AE6BAD6B6E
:101C40005AC2ACF159C2ABF12AD00001D89082350A
:101C5000036ACF0FE96E000E0320EA6EECCF11F994
:101C6000ED52EFCF10F932C113F931C112F985EC01
:101C700017F00101AE6BAD6B02C0ACF101C0ABF16E
:101C8000D89000018235036ACF0FE96E000E032061
:101C9000EA6EECCFBFF8ED52EFCFBEF801019BD05A
:101CA000CD51050803E0CD5106081BE1D89263C26F
:101CB00013F962C212F961C211F960C210F9090187
:101CC000176B166B156B190E146F0001DBEC09F026
:101CD00003C0AEF102C0ADF101C0ACF100C0ABF188
:101CE0002BD08251040DF350036AD70FE96E000E1A
:101CF0000320EA6EEFCF10F9ECCF11F9ECCF12F917
:101D0000ECCF13F9EACFD3F8E9CFD2F8D892090192
:101D1000176B166B156B190E146F0001DBEC09F0D5
:101D2000D3C8EAFFD2C8E9FF03C0AEF102C0ADF1EB
:101D300001C0ACF100C0ABF101014DD0CD5105089F
:101D400003E0CD5106081BE1D8925FC213F95EC2D1
:101D500012F95DC211F95CC210F90901176B166B1B
:101D6000156B190E146F0001DBEC09F003C0AEF126
:101D700002C0ADF101C0ACF100C0ABF12BD082517B
:101D8000040DF350036AE70FE96E000E0320EA6EBC
:101D9000EFCF10F9ECCF11F9ECCF12F9ECCF13F92A
:101DA000EACFD3F8E9CFD2F8D8920901176B166BB6
:101DB000156B190E146F0001DBEC09F0D3C8EAFFB4
:101DC000D2C8E9FF03C0AEF102C0ADF101C0ACF171
:101DD00000C0ABF1010100010DD00101AA6BA96B9C
:101DE000A86B080EA76FAE6BAD6B4FC2ACF14EC2C5
:101DF000ABF1000128D06B515B0803E06B515C082C
:101E000018E10101A75306E1A85304E1A95302E137
:101E1000AA5309E0FF0EA727D8A0A827D8A0A92772
:101E2000D8A0AA2704D0AA6BA96BA86BA76B0AD06D
:101E30000001010E0101A727D8B0A82BD8B4A92B07
:101E4000D8B4AA2B0001080100016A6B4E944E9889
:101E50004E961B6AF2BE1B8EF29E09016F6B00014B
:101E600053EC03F01BBEF28E5190A8C17AF1A7C1CA
:101E700079F15DEFE6F00101AA5307E1A95305E10D
:101E8000A85303E1A75114080FE2020EA75F000E4A
:101E9000A85BA95BAA5BA7C100F0A8C101F0A9C11A
:101EA00002F0AAC103F010D0AAC103F0A9C102F048
:101EB000A8C101F0A7C100F0FF0EA727D8A0A8274E
:101EC000D8A0A927D8A0AA27000112006A510208A9
:101ED000D8A477EF9BF0518C020E7D6F4E9EA8EC3C
:101EE00007F06B518D0807E06B51830804E06B51DC
:101EF0007908D8A467D26B518D08D8A47AD082C053
:101F0000E9FF070EEA6EEF52D8B472D0D89082354E
:101F1000036A470FE96E010E0320EA6EECCFCFF89B
:101F2000ED52EFCFCEF80801CF5306E1CE510208B3
:101F3000D8A002D000015CD082C0E7F8E86BEA6B61
:101F4000550EE96F000120EC08F0C0EC65F00101CE
:101F5000AA530DE1A9530BE1A85309E1A7510208C7
:101F600006E3AA6BA96BA86B020EA76F40D0D890AE
:101F700000018235036A390FE96E010E0320EA6E13
:101F80000101AA6BA96BECCFA8F1ED52EFCFA7F13D
:101F9000000187A717D0020E0101A75F000EA85B02
:101FA000A95BAA5BAA530CE1A9530AE1A85308E173
:101FB000A751020805E3AA6BA96BA86B020EA76FD5
:101FC00016D00001020E0101A75F000EA85BA95BFD
:101FD000AA5BAA530CE1A9530AE1A85308E1A7514F
:101FE000020805E3AA6BA96BA86B020EA76F00019C
:101FF00084D06B517908D8A45AD05592C0EC65F0C2
:1020000085C862F06251615D07E1010148531CE13E
:102010004751020819E30001000E4FB8010E006E8F
:10202000D89000360050036A130FE96E010E0320AA
:10203000EA6EECCFCFF8ED52EFCFCEF80801CE53D9
:1020400034E1CF5332E101010001615319E107018D
:10205000045314E00101AA530DE1A9530BE1A85365
:1020600009E1A751020806E3AA6BA96BA86B020E4F
:10207000A76F03D00001FFDE0101070115D00001A9
:102080000101AA530DE1A9530BE1A85309E1A7519E
:10209000020806E3AA6BA96BA86B020EA76F03D018
:1020A0000001E9DE0101070108012AD000016B519E
:1020B000830823E10101485307E14751150804E370
:1020C0007F531CE180531AE155920001C0EC65F08A
:1020D0000701045314E00101AA530DE1A9530BE1D8
:1020E000A85309E1A751020806E3AA6BA96BA86BE4
:1020F000020EA76F03D00001BEDE01010701080137
:1021000085C862F000016251615D07E10101485339
:1021100026E14751010823E300016B517908D8B447
:1021200002D001011CD0000E4FB8010E006ED890F5
:1021300000360050036A130FE96E010E0320EA6EA9
:10214000ECCFCFF8ED52EFCFCEF80801CE5304E13B
:10215000CF5302E14F8201D04F9238D00101485352
:1021600003E14751140804E27F5312E1805310E168
:1021700000016B518308D8B402D0010109D00101DC
:102180007F5304E1805302E14F8201D04F921FD070
:1021900000016B518D0818E1D8908235036A470F12
:1021A000E96E010E0320EA6EECCFCFF8ED52EFCFCF
:1021B000CEF80801CF5303E1CE51020802E24F826C
:1021C00001D04F9203D000014F82080101010001AC
:1021D0006B517908D8A4A2D085C862F06251615DC4
:1021E00007E1010148531EE1475102081BE30001CA
:1021F000000E4FB8010E006ED89000360050036AF2
:10220000130FE96E010E0320EA6EECCFCFF8ED520A
:10221000EFCFCEF80801CE53D8A47ED0CF53D8A4A8
:102220007BD001010001615372E1070104536BE0AF
:10223000000E4FB8010E006ED89000360050036AB1
:102240000F0FE96E010E0320EA6EA7C1EFFFA8C1D0
:10225000ECFF000E4FB8010E006ED8900036005013
:10226000036A0F0FE96E010E0320EA6EECCF0BF943
:10227000ED52EFCF0AF909010D6B320E0C6F000120
:1022800063EC0BF002C05EF101C05DF157AA38D0DB
:10229000000E4FB8010E006ED89000360050036A51
:1022A000130FE96E010E0320EA6EECCFCFF8ED526A
:1022B000EFCFCEF80801CE5302E1CF5322E0000E5B
:1022C0004FB8010E006ED89000360050036A0F0F11
:1022D000E96E010E0320EA6EECCFD7F8ED52EFCF96
:1022E000D6F89EC1D5F89DC1D4F89CC1D3F89BC146
:1022F000D2F8000144EC7FF002C048F101C047F180
:10230000080103D007014F92080106D00001A8C1BF
:102310000CF1A7C10BF1080152D000016B518308E9
:1023200041E10101485307E14751150804E37F5398
:1023300037E1805335E10701045330E0A8C17EF155
:10234000A7C17DF17EC10BF97DC10AF909010D6BB1
:10235000320E0C6F000163EC0BF002C060F101C0A3
:102360005FF157AC18D001017F5302E1805314E0B4
:10237000A2C1D5F8A1C1D4F8A0C1D3F89FC1D2F8A9
:102380007EC1D7F87DC1D6F8000144EC7FF002C0D1
:1023900048F101C047F1010103D007014F9201014B
:1023A0000DD00001D8908235036A390FE96E010E15
:1023B0000320EA6EA7C1EFFFA8C1ECFF080155EFAB
:1023C0009BF000016B51B50823E155945896C0EC81
:1023D00065F0FF0E0101A727D8A0A827D8A0A9273C
:1023E000D8A0AA27AA530CE1A9530AE1A85308E1EF
:1023F000A751020805E3AA6BA96BA86B020EA76F91
:10240000A8C14FF2A7C14EF24F8253EF9BF00001DB
:102410006B51780809E06B51820806E06B518C081B
:1024200003E06B51B40802E154EF9BF06BC009F973
:102430000A0E09010A6F000166EC0FF0005206E176
:102440006B515E0803E36B51320805E16B513108B3
:10245000D8A42DEF9BF051A098EF95F06B510A088E
:1024600011E06B5114080EE06B511E080BE06B512C
:10247000280808E06B51500805E06B515A08D8A4B1
:1024800098EF95F00101AB530CE1AC530AE1AD5369
:1024900008E1AE5306E1AE6BAD6BAC6BAB6B95EF89
:1024A00095F000016B51140816E10101A7510B08CA
:1024B000D8B402D000010FD0A853D8B402D0000184
:1024C0000AD0A953D8B402D0000105D0AA53D8B479
:1024D00095EF95F000016B511E0816E10101A7511F
:1024E0000908D8B402D000010FD0A853D8B402D044
:1024F00000010AD0A953D8B402D0000105D0AA53D4
:10250000D8B495EF95F000016B51280816E1010150
:10251000A7511008D8B402D000010FD0A853D8B4E6
:1025200002D000010AD0A953D8B402D0000105D0CE
:10253000AA53D8B495EF95F000016B51500816E1FD
:102540000101A7510B08D8B402D000010FD0A85345
:10255000D8B402D000010AD0A953D8B402D00001E7
:1025600005D0AA53D8B495EF95F000016B51140A29
:102570000AE00A0AD8B4C8D0360AD8B444D1780AD6
:10258000D8B456D2C9D20101A751006EA851036E2A
:10259000035005E1010E005C00011FE00101035042
:1025A00005E1050E005C000118E00101035005E1A2
:1025B000020E005C000142E00101035005E1060E3D
:1025C000005C00013BE00101035006E1090E005CE4
:1025D0000001D8B466D001018ED00101AE5307E1ED
:1025E000AD5305E1AC5303E1AB51140808E2020E10
:1025F000AB5F000EAC5BAD5BAE5BAB5110D0AEC160
:1026000003F0ADC102F0ACC101F0ABC100F0FF0EB0
:10261000AB27D8A0AC27D8A0AD27D8A0AE27AE5303
:102620000CE1AD530AE1AC5308E1AB51020805E3FC
:10263000AE6BAD6BAC6B020EAB6F65D00101AE53F0
:1026400010E1AD530EE1AC530CE1AB51140809E3BA
:10265000FF0EAB27D8A0AC27D8A0AD27D8A0AE27B7
:102660001FD0AE5307E1AD5305E1AC5303E1AB51CD
:10267000140810E2AE530EE1AD530CE1AC530AE185
:10268000AB513C0807E3020EAB5F000EAC5BAD5BE9
:10269000AE5B06D0050EAB5F000EAC5BAD5BAE5B18
:1026A00032D00101AE5307E1AD5305E1AC5303E174
:1026B000AB5114080FE2020EAB5F000EAC5BAD5BDA
:1026C000AE5BABC100F0ACC101F0ADC102F0AEC178
:1026D00003F010D0AEC103F0ADC102F0ACC101F007
:1026E000ABC100F0FF0EAB27D8A0AC27D8A0AD2718
:1026F000D8A0AE2708D0FF0EAB27D8A0AC27D8A013
:10270000AD27D8A0AE2711D20101A751006EA85164
:10271000036E035005E1010E005C000110E00101B1
:10272000035005E1040E005C00013AE00101035092
:1027300005E1050E005C000133E001015BD0010101
:10274000AE5307E1AD5305E1AC5303E1AB511408BF
:1027500008E2020EAB5F000EAC5BAD5BAE5BAB5153
:1027600010D0AEC103F0ADC102F0ACC101F0ABC1FD
:1027700000F0FF0EAB27D8A0AC27D8A0AD27D8A07B
:10278000AE27AE530CE1AD530AE1AC5308E1AB51B7
:10279000020805E3AE6BAD6BAC6B020EAB6F32D0D3
:1027A0000101AE5307E1AD5305E1AC5303E1AB5179
:1027B0000A080FE2050EAB5F000EAC5BAD5BAE5BD3
:1027C000ABC100F0ACC101F0ADC102F0AEC103F08D
:1027D00010D0AEC103F0ADC102F0ACC101F0ABC18D
:1027E00000F0FF0EAB27D8A0AC27D8A0AD27D8A00B
:1027F000AE2708D0FF0EAB27D8A0AC27D8A0AD27B6
:10280000D8A0AE2792D10101A751006EA851036E46
:10281000035005E1030E005C00012EE001010350AE
:1028200005E1040E005C000127E00101035005E111
:10283000070E005C000153E00101035005E10B0E9F
:10284000005C000154E00101035005E10C0E005C46
:1028500000014DE00101035006E10D0E005C000196
:10286000D8B4A8D00101035006E10E0E005C0001AF
:10287000D8B4A0D00101D3D00101AE5310E1AD53C3
:102880000EE1AC530CE1AB510A0809E3FF0EAB2794
:10289000D8A0AC27D8A0AD27D8A0AE271FD0AE5364
:1028A00007E1AD5305E1AC5303E1AB510A0810E277
:1028B000AE530EE1AD530CE1AC530AE1AB513C0811
:1028C00007E3050EAB5F000EAC5BAD5BAE5B06D005
:1028D0000A0EAB5F000EAC5BAD5BAE5BA8D0020E28
:1028E0000101AB5F000EAC5BAD5BAE5BA0D0CD2D4C
:1028F00001D009D0CD51040806E0CD51060803E00F
:10290000CD5102084DE10101AE5310E1AD530EE18E
:10291000AC530CE1AB51140809E3FF0EAB27D8A070
:10292000AC27D8A0AD27D8A0AE2738D0AE5307E14A
:10293000AD5305E1AC5303E1AB51140810E2AE53C3
:102940000EE1AD530CE1AC530AE1AB51640807E36F
:10295000020EAB5F000EAC5BAD5BAE5B1FD0AE5347
:1029600007E1AD5305E1AC5303E1AB51640810E25C
:10297000AE530EE1AD530CE1AC530AE1AB51C808C4
:1029800007E30A0EAB5F000EAC5BAD5BAE5B06D03F
:10299000320EAB5F000EAC5BAD5BAE5B0AD00001EC
:1029A000FF0E0101AB27D8A0AC27D8A0AD27D8A037
:1029B000AE273DD00101AE5310E1AD530EE1AC5353
:1029C0000CE1AB51280809E3FF0EAB27D8A0AC27D8
:1029D000D8A0AD27D8A0AE2721D0AE5307E1AD5384
:1029E00005E1AC5303E1AB51280812E2AE5310E10C
:1029F000AD530EE1AC5101080BE303E1AB5190087C
:102A000007E3280EAB5F000EAC5BAD5BAE5B06D0A0
:102A1000C80EAB5F000EAC5BAD5BAE5B08D0FF0ECB
:102A2000AB27D8A0AC27D8A0AD27D8A0AE277DD0A3
:102A30000101A751006EA851036E035005E1020E7B
:102A4000005C000109E00101035005E1050E005C96
:102A5000000135E0010156D00101AE5310E1AD5344
:102A60000EE1AC530CE1AB51140809E3FF0EAB27A8
:102A7000D8A0AC27D8A0AD27D8A0AE271FD0AE5382
:102A800007E1AD5305E1AC5303E1AB51140810E28B
:102A9000AE530EE1AD530CE1AC530AE1AB51640807
:102AA00007E3050EAB5F000EAC5BAD5BAE5B06D023
:102AB0000A0EAB5F000EAC5BAD5BAE5B2BD00101D1
:102AC000AE530AE1AD5308E1AC51020814E2FF0A2B
:102AD00003E1AB51E8080FE2320EAB5F000EAC5BD6
:102AE000AD5BAE5BABC100F0ACC101F0ADC102F0BB
:102AF000AEC103F006D00A0EAB5F000EAC5BAD5B5F
:102B0000AE5B08D0FF0EAB27D8A0AC27D8A0AD276E
:102B1000D8A0AE270AD00001FF0E0101AB27D8A034
:102B2000AC27D8A0AD27D8A0AE272BEF9BF0000193
:102B3000010E0101A727D8B0A82BD8B4A92BD8B46F
:102B4000AA2B00016B5318E10101A72D06D0A85351
:102B500004E1A95302E1AA5309E0A75102080BE1DD
:102B6000A85309E1A95307E1AA5305E1AA6BA96B90
:102B7000A86B030EA76F00016B510A0A0EE01E0A34
:102B80004CE00A0AD8B481D1360AD8B421D2780AE6
:102B9000D8B425EF9BF02CEF9BF00101A751006EFC
:102BA000A851036E035004E10052000117E0010137
:102BB000035005E1010E005C000117E00101035024
:102BC00005E1020E005C000117E00101035005E180
:102BD000030E005C000118E001011CD00101AE6B86
:102BE000AD6BAC6B7BC0ABF115D00101AE6BAD6BC7
:102BF000AC6B7CC0ABF10ED00101AE6BAD6B0AC10A
:102C0000ACF109C1ABF106D00101AE6BAD6BAC6BA1
:102C10008BC0ABF100012CEF9BF0CC5338E1000EE0
:102C20004FB8010E006ED89000360050036A130FA3
:102C3000E96E010E0320EA6EECCFCFF8ED52EFCF34
:102C4000CEF80801CE5312E1CF5310E10101A75194
:102C500004080BE1A85309E1A95307E1AA5305E1D0
:102C6000AA6BA96BA86B050EA76F08010101A751FC
:102C700005080BE1A85309E1A95307E1AA5305E1AF
:102C8000AA6BA96BA86B0A0EA76F1FD00001CC2DF1
:102C90001DD00101A72D0BD0A85309E1A95307E1CD
:102CA000AA5305E1AA6BA96BA86B030EA76FA751E6
:102CB00004080BE1A85309E1A95307E1AA5305E170
:102CC000AA6BA96BA86B050EA76F00010101A751A4
:102CD000006EA851036E035004E10052000147E06A
:102CE0000101035005E1010E005C000147E0010114
:102CF000035005E1020E005C000156E001010350A3
:102D000005E1030E005C000165E00101035006E1EE
:102D1000040E005C0001D8B46DD00101035006E13F
:102D2000050E005C0001D8B475D00101035006E126
:102D3000060E005C0001D8B475D00101035006E115
:102D4000070E005C0001D8B475D00101035006E104
:102D5000080E005C0001D8B477D00101035006E1F1
:102D6000090E005C0001D8B482D001018BD00101B2
:102D7000AE6BAD6BAC6BCCC0ABF184D0000E4FB87A
:102D8000010E006ED89000360050036A0F0FE96EF6
:102D9000010E0320EA6E0101AE6BAD6BECCFACF11E
:102DA000ED52EFCFABF16ED0000E4FB8010E006EBA
:102DB000D89000360050036A130FE96E010E03200D
:102DC000EA6E0101AE6BAD6BECCFACF1ED52EFCF23
:102DD000ABF158D0000E4FB8010E036A740FE96EC4
:102DE000000E0320EA6E0101AE6BAD6BAC6BEFCF52
:102DF000ABF148D0000E57BA010E016A026A036AAD
:102E000003C0AEF102C0ADF101C0ACF1E8CFABF14F
:102E1000010138D00101AE6BAD6B0CC1ACF10BC13F
:102E2000ABF130D00101AE6BAD6B0EC1ACF10DC199
:102E3000ABF128D0D8906335070120110101AB6FA9
:102E4000AC6BAD6BAE6B1ED034C111F933C110F950
:102E50000901136B190E126F000185EC17F00101C7
:102E6000AE6BAD6B02C0ACF101C0ABF10BD0010198
:102E7000AE6BAD6B36C1ACF135C1ABF136C1BFF84D
:102E800035C1BEF800012CEF9BF001017F5310E12A
:102E900080530EE1A75102080BE1A85309E1A953A1
:102EA00007E1AA5305E1AA6BA96BA86B030EA76FF4
:102EB000A751006EA851036E035005E1010E005C9E
:102EC000000125E00101035005E1020E005C000154
:102ED00026E00101035005E1030E005C00012FE034
:102EE0000101035005E1040E005C00013BE001011B
:102EF000035005E1050E005C00013CE001010350B8
:102F000005E1060E005C00013CE001015ED001011C
:102F1000AE6BAD6B7EC1ACF17DC1ABF156D0000E96
:102F200057BC010E016A026A036A03C0AEF102C017
:102F3000ADF101C0ACF1E8CFABF1010146D080C1E9
:102F400011F97FC110F90901136B050E126F000111
:102F500085EC17F00101AE6BAD6B02C0ACF101C0A6
:102F6000ABF133D00101AE6BAD6BC1C0ACF1C0C0F1
:102F7000ABF12BD00101AE6BAD6BAC6BC2C0ABF152
:102F800024D0C6C026F9C5C025F9C4C024F9C3C0E1
:102F900023F909012A6B296B286B7E0E276F00012C
:102FA0006FEC0AF003C010F902C00FF901C00EF96E
:102FB00000C00DF9A3EC19F003C0AEF102C0ADF1F1
:102FC00001C0ACF100C0ABF1010100012CEF9BF09E
:102FD000822D01D010D00101A75102080BE1A853A6
:102FE00009E1A95307E1AA5305E1AA6BA96BA86BF4
:102FF000030EA76F0001CD5310E10101A751050891
:103000000BE1A85309E1A95307E1AA5305E1AA6B13
:10301000A96BA86B060EA76F0001D8908235036AD2
:10302000FF0FE96E000E0320EA6EECCFCFF8ED52F1
:10303000EFCFCEF80801CE5312E1CF5310E10101DA
:10304000A75106080BE1A85309E1A95307E1AA53C8
:1030500005E1AA6BA96BA86B070EA76F0801000119
:10306000CD51030816E0CD51040813E0CD510208FC
:1030700010E00101A75108080BE1A85309E1A95389
:1030800007E1AA5305E1AA6BA96BA86B090EA76F0C
:103090000001036A82515D0FE96E000E0320EA6EA3
:1030A000EF5210E10101A7510A080BE1A85309E111
:1030B000A95307E1AA5305E1AA6BA96BA86B0B0EF4
:1030C000A76F0001CD5310E00101A7510A080BE1E1
:1030D000A85309E1A95307E1AA5305E1AA6BA96B1B
:1030E000A86B0B0EA76F0001CD2D01D019D0CD51CB
:1030F000040816E0CD51060813E0CD51020810E097
:103100000101A7510C080BE1A85309E1A95307E1FC
:10311000AA5305E1AA6BA96BA86B0D0EA76F00015E
:10312000CD5106083EE0CD5105083BE0036A8251CF
:103130005D0FE96E000E0320EA6EEF5210E101010F
:10314000A7510E080BE1A85309E1A95307E1AA53BF
:1031500005E1AA6BA96BA86B0F0EA76F0001036AAC
:1031600082515D0FE96E000E0320EA6EEF5219E006
:10317000036A8251590FE96E000E0320EA6EEF5286
:1031800010E00101A7510E080BE1A85309E1A95372
:1031900007E1AA5305E1AA6BA96BA86B0F0EA76FF5
:1031A00000018251030849E10101AA5307E1A95333
:1031B00005E1A85303E1A75101080FE2AA530DE16D
:1031C000A9530BE1A85309E1A7510A0806E3AA6B2A
:1031D000A96BA86B0B0EA76F2FD0AA5307E1A953B9
:1031E00005E1A85303E1A7510B080FE2AA530DE133
:1031F000A9530BE1A85309E1A7510C0806E3AA6BF8
:10320000A96BA86B0D0EA76F17D0AA5307E1A9539E
:1032100005E1A85303E1A7510D080EE2AA530CE102
:10322000A9530AE1A85308E1A7510E0805E3AA6BC8
:10323000A96BA86B0F0EA76F00010101A751006ECB
:10324000A851036E035006E1010E005C0001D8B4E2
:103250006AD00101035006E1020E005C0001D8B4FF
:1032600069D00101035006E1030E005C0001D8B4EF
:1032700068D00101035006E1040E005C0001D8B4DF
:1032800071D00101035006E1050E005C0001D8B4C5
:103290007AD00101035006E1060E005C0001D8B4AB
:1032A00079D00101035006E1070E005C0001D8B49B
:1032B0007FD00101035006E1080E005C0001D8B484
:1032C00088D00101035006E1090E005C0001D8B46A
:1032D00087D00101035006E10A0E005C0001D8B45A
:1032E0008DD00101035006E10B0E005C0001D8B443
:1032F00093D00101035006E10C0E005C0001D8B42C
:10330000CAD00101035006E10D0E005C0001D8B4E3
:1033100001D10101035006E10E0E005C0001D8B49A
:1033200046D1010190D10101AE6BAD6BAC6B82C097
:10333000ABF189D10101AE6BAD6BAC6BCDC0ABF124
:1033400082D1D8908235036AF70FE96E000E032010
:10335000EA6E0101AE6BAD6BECCFACF1ED52EFCF8D
:10336000ABF171D1D8908235036AFF0FE96E000E80
:103370000320EA6E0101AE6BAD6BECCFACF1ED5208
:10338000EFCFABF160D10101AE6BAD6BAC6B64C242
:10339000ABF159D1036A8251650FE96E000E03202B
:1033A000EA6E0101AE6BAD6BAC6BEFCFABF14BD105
:1033B000D8908235036A390FE96E010E0320EA6E58
:1033C0000101AE6BAD6BECCFACF1ED52EFCFABF1D9
:1033D0003AD10101AE6BAD6BAC6B5BC2ABF133D1DB
:1033E000036A82515D0FE96E000E0320EA6E01014F
:1033F000AE6BAD6BAC6BEFCFABF125D1036A8251F5
:10340000590FE96E000E0320EA6E0101AE6BAD6B41
:10341000AC6BEFCFABF117D1CD2D01D009D0CD5191
:10342000040806E0CD51060803E0CD51020809E189
:103430000101AE6BAD6B58C2ACF157C2ABF12AD0F3
:103440000001D8908235036ACF0FE96E000E032089
:10345000EA6EECCF11F9ED52EFCF10F932C113F94A
:1034600031C112F985EC17F00101AE6BAD6B02C0F2
:10347000ACF101C0ABF1D89000018235036ACF0FE7
:10348000E96E000E0320EA6EECCFBFF8ED52EFCFED
:10349000BEF80101D8D0CD2D01D009D0CD510408FE
:1034A00006E0CD51060803E0CD51020809E1010113
:1034B000AE6BAD6B5AC2ACF159C2ABF12AD0000170
:1034C000D8908235036ACF0FE96E000E0320EA6EB2
:1034D000ECCF11F9ED52EFCF10F932C113F931C130
:1034E00012F985EC17F00101AE6BAD6B02C0ACF1C7
:1034F00001C0ABF1D89000018235036ACF0FE96EAD
:10350000000E0320EA6EECCFBFF8ED52EFCFBEF80D
:10351000010199D08251040DF350036AD70FE96E6F
:10352000000E0320EA6EEFCF10F9ECCF11F9ECCFCB
:1035300012F9ECCF13F9EACFD3F8E9CFD2F8D89249
:103540000901176B166B156B190E146F0001DBEC7C
:1035500009F0D3C8EAFFD2C8E9FF03C0AEF102C048
:10356000ADF101C0ACF100C0ABF1CD51050803E0F5
:10357000CD5106081AE1D89263C213F962C212F95A
:1035800061C211F960C210F90901176B166B156B56
:10359000190E146F0001DBEC09F003C0AEF102C09C
:1035A000ADF101C0ACF100C0ABF101014CD08251D2
:1035B000040DF350036AE70FE96E000E0320EA6E74
:1035C000EFCF10F9ECCF11F9ECCF12F9ECCF13F9E2
:1035D000EACFD3F8E9CFD2F8D8920901176B166B6E
:1035E000156B190E146F0001DBEC09F0D3C8EAFF6C
:1035F000D2C8E9FF03C0AEF102C0ADF101C0ACF129
:1036000000C0ABF1CD51050803E0CD5106081AE129
:10361000D8925FC213F95EC212F95DC211F95CC2A1
:1036200010F90901176B166B156B190E146F000159
:10363000DBEC09F003C0AEF102C0ADF101C0ACF1AA
:1036400000C0ABF10101000107D00101AA6BA96B19
:10365000A86B0A0EA76F000127D06B515B0803E02F
:103660006B515C080BE1010E0101A727D8B0A82B14
:10367000D8B4A92BD8B4AA2B16D00001FF0E010193
:10368000A727D8A0A827D8A0A927D8A0AA27A7539A
:103690000AE1A85308E1A95306E1AA5304E1AA6B81
:1036A000A96BA86BA76B00010801000182C0E9FFAC
:1036B000070EEA6EEF5207E16B518C0803E06B5185
:1036C0008D0801E14F926A6B4E944E984E961B6A9C
:1036D000F2BE1B8EF29E09016F6B000153EC03F0EA
:1036E0001BBEF28E5190A8C17AF1A7C179F163EFA8
:1036F000E6F08251FC0F4CE2040FC9EF9BF087A16A
:1037000008D089A103D08E0E6B6F02D08D0E6B6F27
:1037100008D0280E6B6F0101AA6BA96BA86BA76B71
:10372000000136D087A308D089A303D08E0E6B6F1B
:1037300002D08D0E6B6F08D0280E6B6F0101AA6B43
:10374000A96BA86BA76B000123D087A507D08D0EAE
:103750006B6F89A502D08E0E6B6F08D0280E6B6F31
:103760000101AA6BA96BA86BA76B000111D087A7F9
:1037700007D08D0E6B6F89A702D08E0E6B6F08D0AD
:10378000280E6B6F0101AA6BA96BA86BA76B0001D8
:103790001200E824F76AF736B30FF66E370EF722F9
:1037A000010EF86EFB6E0A00F550FA6E0800F55037
:1037B000F96EFE3624374A376E370801E36BE2C8EC
:1037C000E4F8F250006EF29EDEC863FFDDC862FFCF
:1037D000E4C861FF7F9C7F9E7F840F01550E7E6E43
:1037E000AA0E7E6E7F820050F2127FB2FED77F94C7
:1037F0001B6AF2BE1B8EF29E050E0901796F000155
:1038000041EC06F01BBEF28E010E0801DD25E46FCF
:10381000000EDE21E56FE1C8E6F8F250006EF29E80
:10382000E5C863FFE4C862FFE6C861FF7F9C7F9E36
:103830007F840F01550E7E6EAA0E7E6E7F82005031
:10384000F2127FB2FED77F941B6AF2BE1B8EF29EED
:10385000050E0901796F000141EC06F01BBEF28EE6
:10386000020E0801DD25E46F000EDE21E56FE0C8E1
:10387000E6F8F250006EF29EE5C863FFE4C862FF0E
:10388000E6C861FF7F9C7F9E7F840F01550E7E6E90
:10389000AA0E7E6E7F820050F2127FB2FED77F9416
:1038A0001B6AF2BE1B8EF29E050E0901796F0001A4
:1038B00041EC06F01BBEF28E030E0801DD25E46F1D
:1038C000000EDE21E56FDFC8E6F8F250006EF29ED2
:1038D000E5C863FFE4C862FFE6C861FF7F9C7F9E86
:1038E0007F840F01550E7E6EAA0E7E6E7F82005081
:1038F000F2127FB2FED77F941B6AF2BE1B8EF29E3D
:10390000050E0901796F000141EC06F01BBEF28E35
:103910000801E3C801F0000112000801D36BD56B68
:10392000D46BD66B0001CE5103083FE0010E0801B5
:10393000D25DFB0F38E2050F00014FEFA3F0CE2D53
:1039400006D0010E0801D56F0D0ED46F00010801DD
:103950002AD0CE51780DF350A90F0801D46FD56B42
:10396000D8B0D42B20D0CE51780DF350BD0F080124
:10397000D46FD56BD8B0D42B16D015D0CE51780DCE
:10398000F350D10F0801D46FD56BD8B0D42B0BD026
:10399000CE51780DF350E50F0801D46FD56BD8B038
:1039A000D42B01D0080120D000010801D251030A14
:1039B000000105E0070A0AE0010A0FE014D0020E38
:1039C0000801D56F610ED46F00010DD0020E080101
:1039D000D56F890ED46F000106D0020E0801D56F95
:1039E000B10ED46F00010801010E0001BF5DF80F98
:1039F000D8B02AEFA3F0080F64EFA3F0D890823577
:103A0000036AF70FE96E000E0320EA6EECCFDEF8D2
:103A1000ED52EFCFDDF8D5C8DCF8D4C8DBF8DDEC2B
:103A200008F0020E0801D425D76F000ED521D86FFB
:103A3000D89000018235036AFF0FE96E000E032063
:103A4000EA6EECCFDEF8ED52EFCFDDF8D8C8DCF847
:103A5000D7C8DBF8DDEC08F0020E0801D425D76FDB
:103A6000000ED521D86F020ED727000ED823036A87
:103A700000018251650FE96E000E0320EA6EEFCF60
:103A8000DCF8D8C8DBF8D7C8DAF8B4EC08F0020ED6
:103A90000801D425D76F000ED521D86F020ED72785
:103AA000000ED823010ED727000ED823D89000018E
:103AB0008235036A390FE96E010E0320EA6EECCFFE
:103AC000DEF8ED52EFCFDDF8D8C8DCF8D7C8DBF868
:103AD000DDEC08F0020E0801D425D76F000ED521C9
:103AE000D86F020ED727000ED823010ED727000E5D
:103AF000D823020ED727000ED823D8900001823594
:103B0000036ACF0FE96E000E0320EA6EECCFDEF8F9
:103B1000ED52EFCFDDF8D8C8DCF8D7C8DBF8DDEC24
:103B200008F0020E0801D425D76F000ED521D86FFA
:103B3000020ED727000ED823010ED727000ED82358
:103B4000020ED727000ED823020ED727000ED82347
:103B5000036A000182515D0FE96E000E0320EA6ED8
:103B6000EFCFDCF8D8C8DBF8D7C8DAF8B4EC08F047
:103B7000020E0801D425D76F000ED521D86F020E92
:103B8000D727000ED823010ED727000ED823020E08
:103B9000D727000ED823020ED727000ED823010EF8
:103BA000D727000ED823036A00018251590FE96E0E
:103BB000000E0320EA6EEFCFDCF8D8C8DBF8D7C8D8
:103BC000DAF8B4EC08F0020E0801D425D76F000E25
:103BD000D521D86F020ED727000ED823010ED72784
:103BE000000ED823020ED727000ED823020ED727A7
:103BF000000ED823010ED727000ED823010ED72799
:103C0000000ED82300018251040DF350036AD70F30
:103C1000E96E000E0320EA6EEFCFDFF8ECCFE0F89C
:103C2000ECCFE1F8ECCFE2F8D8C8DEF8D7C8DDF881
:103C3000C4DD020E0801D425D76F000ED521D86F40
:103C4000020ED727000ED823010ED727000ED82347
:103C5000020ED727000ED823020ED727000ED82336
:103C6000010ED727000ED823010ED727000ED82328
:103C7000040ED727000ED82300018251040DF35003
:103C8000036AE70FE96E000E0320EA6EEFCFDFF85C
:103C9000ECCFE0F8ECCFE1F8ECCFE2F8D8C8DEF8F2
:103CA000D7C8DDF88ADD020E0801D425D76F000ED3
:103CB000D521D86F020ED727000ED823010ED727A3
:103CC000000ED823020ED727000ED823020ED727C6
:103CD000000ED823010ED727000ED823010ED727B8
:103CE000000ED823040ED727000ED823040ED727A2
:103CF000000ED823D8C8DBF8D7C8DAF8CDC0DCF876
:103D00000001B4EC08F0020E0801D425D76F000EB4
:103D1000D521D86F020ED727000ED823010ED72742
:103D2000000ED823020ED727000ED823020ED72765
:103D3000000ED823010ED727000ED823010ED72757
:103D4000000ED823040ED727000ED823040ED72741
:103D5000000ED823010ED727000ED823D8C8DCF8D0
:103D6000D7C8DBF858C2DEF857C2DDF80001DDEC39
:103D700008F0020E0801D425D76F000ED521D86FA8
:103D8000020ED727000ED823010ED727000ED82306
:103D9000020ED727000ED823020ED727000ED823F5
:103DA000010ED727000ED823010ED727000ED823E7
:103DB000040ED727000ED823040ED727000ED823D1
:103DC000010ED727000ED823020ED727000ED823C6
:103DD000D8C8DCF8D7C8DBF85AC2DEF859C2DDF81B
:103DE0000001DDEC08F0020E0801D425D76F000EAB
:103DF000D521D86F020ED727000ED823010ED72762
:103E0000000ED823020ED727000ED823020ED72784
:103E1000000ED823010ED727000ED823010ED72776
:103E2000000ED823040ED727000ED823040ED72760
:103E3000000ED823010ED727000ED823020ED72755
:103E4000000ED823020ED727000ED823D8C8DBF8DF
:103E5000D7C8DAF85BC2DCF80001B4EC08F0020E57
:103E60000801D425D76F000ED521D86F020ED727B1
:103E7000000ED823010ED727000ED823020ED72715
:103E8000000ED823020ED727000ED823010ED72705
:103E9000000ED823010ED727000ED823040ED727F3
:103EA000000ED823040ED727000ED823010ED727E3
:103EB000000ED823020ED727000ED823020ED727D4
:103EC000000ED823010ED727000ED823D8C8DEF85D
:103ED000D7C8DDF85FC2E2F85EC2E1F85DC2E0F883
:103EE0005CC2DFF8000169DC020E0801D425D76F3F
:103EF000000ED521D86F020ED727000ED823010E51
:103F0000D727000ED823020ED727000ED823020E83
:103F1000D727000ED823010ED727000ED823010E75
:103F2000D727000ED823040ED727000ED823040E5F
:103F3000D727000ED823010ED727000ED823020E54
:103F4000D727000ED823020ED727000ED823010E44
:103F5000D727000ED823040ED727000ED823D8C8A1
:103F6000DEF8D7C8DDF863C2E2F862C2E1F861C2E8
:103F7000E0F860C2DFF8000120DC020E0801D42561
:103F8000D76F000ED521D86F020ED727000ED82389
:103F9000010ED727000ED823020ED727000ED823F4
:103FA000020ED727000ED823010ED727000ED823E4
:103FB000010ED727000ED823040ED727000ED823D2
:103FC000040ED727000ED823010ED727000ED823C2
:103FD000020ED727000ED823020ED727000ED823B3
:103FE000010ED727000ED823040ED727000ED823A2
:103FF000040ED727000ED823D8C8DBF8D7C8DAF8C4
:1040000064C2DCF80001B4EC08F024D3D5C8DCF8B5
:10401000D4C8DBF810C1DEF80FC1DDF8DDEC08F024
:10402000020E0801D425D76F000ED521D86F000EDF
:104030004FB8010E006ED89000360050036A130F7F
:10404000E96E010E0320EA6EECCFDEF8ED52EFCF01
:10405000DDF8D8C8DCF8D7C8DBF80001DDEC08F0E3
:10406000020E0801D425D76F000ED521D86F020E9D
:10407000D727000ED823D8C8DBF8D7C8DAF874C021
:10408000DCF80001B4EC08F0020E0801D425D76F6B
:10409000000ED521D86F020ED727000ED823010EAF
:1040A000D727000ED82357BA010ED96FD8C8DBF82E
:1040B000D7C8DAF8DC6F0001B4EC08F0CBD2D5C871
:1040C000DCF8D4C8DBF812C1DEF811C1DDF8DDEC94
:1040D00008F0020E0801D425D76F000ED521D86F45
:1040E000000E4FB8010E006ED89000360050036AE3
:1040F000130FE96E010E0320EA6EECCFDEF8ED52ED
:10410000EFCFDDF8D8C8DCF8D7C8DBF80001DDEC6C
:1041100008F0020E0801D425D76F000ED521D86F04
:10412000020ED727000ED823D8C8DBF8D7C8DAF894
:1041300075C0DCF80001B4EC08F0020E0801D425CB
:10414000D76F000ED521D86F020ED727000ED823C7
:10415000010ED727000ED82357BA010ED96FD8C841
:10416000DBF8D7C8DAF8DC6F0001B4EC08F0020E17
:104170000801D425D76F000ED521D86F020ED7279E
:10418000000ED823010ED727000ED823010ED72703
:10419000000ED823D8C8DCF8D7C8DBF80CC1DEF88D
:1041A0000BC1DDF80001DDEC08F0020E0801D4259A
:1041B000D76F000ED521D86F020ED727000ED82357
:1041C000010ED727000ED823010ED727000ED823C3
:1041D000020ED727000ED823D8C8DCF8D7C8DBF8E2
:1041E0000EC1DEF80DC1DDF80001DDEC08F0020EB5
:1041F0000801D425D76F000ED521D86F020ED7271E
:10420000000ED823010ED727000ED823010ED72782
:10421000000ED823020ED727000ED823020ED72770
:10422000000ED823D8C8DBF8D7C8DAF863C0DCF8AA
:104230000001B4EC08F0020E0801D425D76F000E7F
:10424000D521D86F020ED727000ED823010ED7270D
:10425000000ED823010ED727000ED823020ED72731
:10426000000ED823020ED727000ED823010ED72721
:10427000000ED823D8C8DCF8D7C8DBF834C1DEF884
:1042800033C1DDF80001DDEC08F0020E0801D42591
:10429000D76F000ED521D86F020ED727000ED82376
:1042A000010ED727000ED823010ED727000ED823E2
:1042B000020ED727000ED823020ED727000ED823D0
:1042C000010ED727000ED823020ED727000ED823C1
:1042D000D8C8DCF8D7C8DBF836C1DEF835C1DDF860
:1042E0000001DDEC08F0B6D1D5C8DCF8D4C8DBF8A5
:1042F0007EC1DEF87DC1DDF8DDEC08F0020E0801BC
:10430000D425D76F000ED521D86FDC6FD7C8DBF866
:1043100080C1DEF87FC1DDF80001DDEC08F0020E9F
:104320000801D425D76F000ED521D86F020ED727EC
:10433000000ED823D8C8DCF8D7C8DBF8C1C0DEF837
:10434000C0C0DDF80001DDEC08F0020E0801D42544
:10435000D76F000ED521D86F020ED727000ED823B5
:10436000020ED727000ED8231B6AF2BE1B8EF29EC8
:10437000C6C07BF9C5C07AF9C4C079F9C3C078F961
:1043800009017F6B7E6B200E7D6F820E7C6F0001BA
:1043900060EC05F01BBEF28E03C010F902C00FF9ED
:1043A00001C00EF900C00DF9A3EC19F003C0DCF850
:1043B00002C0DBF801C0DAF800C0D9F8D8C8DEF8CE
:1043C000D7C8DDF803C0E2F802C0E1F801C0E0F8A8
:1043D00000C0DFF8DDEC9BF0020E0801D425D76F9A
:1043E000000ED521D86F020ED727000ED823020E5B
:1043F000D727000ED823040ED727000ED82357BC8A
:10440000010ED96FD8C8DBF8D7C8DAF8DC6F000125
:10441000B4EC08F0020E0801D425D76F000ED521A8
:10442000D86F020ED727000ED823020ED727000E12
:10443000D823040ED727000ED823010ED727000E4D
:10444000D823D8C8DBF8D7C8DAF8C2C0DCF8000136
:10445000B4EC08F0FFD0D5C8DBF8D4C8DAF843C212
:10446000DCF8B4EC08F0010E0801D425D76F000E7B
:10447000D521D86FDC6FD7C8DBF845C2DEF844C25F
:10448000DDF80001DDEC08F0010E0801D425D76F3E
:10449000000ED521D86F020ED727000ED823D8C81A
:1044A000DCF8D7C8DBF847C2DEF846C2DDF8000109
:1044B000DDEC08F0010E0801D425D76F000ED521E0
:1044C000D86F020ED727000ED823020ED727000E72
:1044D000D823D8C8DBF8D7C8DAF848C2DCF800011E
:1044E000B4EC08F0010E0801D425D76F000ED521D9
:1044F000D86F020ED727000ED823020ED727000E42
:10450000D823010ED727000ED823D8C8DBF8D7C888
:10451000DAF849C2DCF80001B4EC08F0010E080139
:10452000D425D76F000ED521D86F020ED727000EE5
:10453000D823020ED727000ED823010ED727000E4E
:10454000D823010ED727000ED823D8C8DCF8D7C847
:10455000DBF84BC2DEF84AC2DDF80001DDEC08F002
:10456000010E0801D425D76F000ED521D86F020E99
:10457000D727000ED823020ED727000ED823010E0E
:10458000D727000ED823010ED727000ED823020EFE
:10459000D727000ED823D8C8DBF8D7C8DAF84CC222
:1045A000DCF80001B4EC08F0010E0801D425D76F47
:1045B000000ED521D86F020ED727000ED823020E89
:1045C000D727000ED823010ED727000ED823010EBF
:1045D000D727000ED823020ED727000ED823010EAE
:1045E000D727000ED823D8C8DBF8D7C8DAF84DC2D1
:1045F000DCF80001B4EC08F0010E0801D425D76FF7
:10460000000ED521D86F020ED727000ED823020E38
:10461000D727000ED823010ED727000ED823010E6E
:10462000D727000ED823020ED727000ED823010E5D
:10463000D727000ED823010ED727000ED823D8C8BD
:10464000DCF8D7C8DBF84FC2DEF84EC2DDF8000157
:10465000DDEC08F0CE51060DF3500801D225D66FDF
:10466000036AD651A70FE96E000E0320EA6EBFC0A1
:10467000EFFFB60ED625D76F030ED86FD8B0D82B64
:10468000D8C8DBF8D7C8DAF8BFC0DCF80001B4EC52
:1046900008F00801D3C801F0000195EFADF0E8245F
:1046A000F76AF736BF0FF66E460EF722010EF86E68
:1046B000FB6E0A00F550FA6E0800F550F96E3E39AF
:1046C000523966397C399039E824F76AF736E90FB0
:1046D000F66E460EF722010EF86EFB6E0A00F550DC
:1046E000FA6E0800F550F96EFC390C40BE40E84205
:1046F00056445446FC39BE40010E0101A75D080135
:10470000CE6F000E0101A8590801CF6F000E010104
:10471000A9590801D06F000E0101AA590801D16FF3
:104720000001CE51060DF3500801CE27000ECF2315
:10473000D023D123A70ECE25E96E000ECF21EA6E3D
:10474000EF50010829E0010E0101A75D0801D26FB9
:10475000000E0101A8590801D36F000E0101A959EB
:104760000801D46F000E0101AA590801D56F00019C
:10477000CE51060DF3500801D227000ED323D423C7
:10478000D523A70ED225E96E000ED321EA6EEF5095
:10479000070802E0000E01D0010E016E00019CEF3F
:1047A000ADF0F2CFDEF8F29EDDC863FFDCC862FF39
:1047B0007F9C7F9E7F8061500801DEBFF28EDF6F9D
:1047C000010EDC25E06F000EDD21E16FF2CFE2F893
:1047D000F29EE1C863FFE0C862FF7F9C7F9E7F80FE
:1047E0006150E2BFF28EE06F020EDC25E36F000E37
:1047F000DD21E46FF2CFE1F8F29EE4C863FFE3C885
:1048000062FF7F9C7F9E7F806150E1BFF28EE36FED
:10481000030EDC25E46F000EDD21E56FF2CFE6F834
:10482000F29EE5C863FFE4C862FF7F9C7F9E7F80A5
:104830006150E6BFF28EE46FDFC803F0E0C802F01B
:10484000E3C801F0E4C800F0000112000801D36BD6
:10485000D56BD46BD66B0001CE510308D8B46BD0A6
:104860000801D251FA0FD8B064D0060F000111EF41
:10487000ACF0CE5105E0010A09E0030A0DE012D0C8
:104880000801D56B810ED46F00010CD00801D56BE7
:10489000F90ED46F000106D0010E0801D56F710E1C
:1048A000D46F0001080145D0CE5105E0010A09E0AE
:1048B000030A0EE013D00801D56B950ED46F0001EA
:1048C0000DD0010E0801D56F0D0ED46F000106D07A
:1048D000010E0801D56F850ED46F0001080129D0A3
:1048E000CE51780DF350A90F0801D46FD56BD8B015
:1048F000D42B1FD0CE51780DF350BD0F0801D46FCB
:10490000D56BD8B0D42B15D0CE51780DF350D10F34
:104910000801D46FD56BD8B0D42B0BD0CE51780D05
:10492000F350E50F0801D46FD56BD8B0D42B01D06C
:1049300008012ED000010801D251FA0F29E2060F1A
:10494000000127EFACF0010E0801D56FE90ED46F1E
:104950001FD0020E0801D56F110ED46F19D0020EB0
:104960000801D56F390ED46F13D0020E0801D56F30
:10497000610ED46F0DD0020E0801D56F890ED46F71
:1049800007D0020E0801D56FB10ED46F01D0080117
:104990000001CE51060DF3500801D225D66F036AEF
:1049A000D651A70FE96E000E0320EA6EEFCFBFF0DD
:1049B000010E0001BF5DF80FD8B00CEFACF0080F8E
:1049C0003DEFACF0BF5107082EE0C85102080CE3E0
:1049D000010EC96FC851016E04E0D890C937012E8D
:1049E000FCD7C8C082F01ED0C851050815E3C851D5
:1049F000030A05E0070A07E0010A0AE00CD0030EEB
:104A0000C96F826B08D0060EC96F010E826F03D08A
:104A1000050EC96F826B06D0C851060803E1070E68
:104A2000C96F826B0BD0010EC96FC851016E04E0D3
:104A3000D890C937012EFCD7010E826F0801D76BC1
:104A4000D7510208D8A05AD3010E006ED751016E7B
:104A500004E0D8900036012EFCD700500001C915A3
:104A6000D8B449D3D8900801D735036AF70F016E3F
:104A7000000E032201C0D8F803C0D9F8D5C8DDF86C
:104A8000D4C8DCF8000189EC08F0D9C8EAFFD8C81E
:104A9000E9FF02C0ECFFED5201C0EFFFD890080122
:104AA000D735036AFF0F016E000E032201C0D8F84C
:104AB00003C0D9F8020ED425DA6F000ED521DB6FC2
:104AC000DD6FDAC8DCF8000189EC08F0D9C8EAFF2C
:104AD000D8C8E9FF02C0ECFFED5201C0EFFF036A46
:104AE0000801D751650F016E000E032201C0D8F8EE
:104AF00003C0D9F8020ED425DA6F000ED521DB6F82
:104B0000020EDA27000EDB23DBC8DDF8DAC8DCF89A
:104B1000000178EC08F0D9C8EAFFD8C8E9FF01C065
:104B2000EFFFD8900801D735036A390F016E010EE7
:104B3000032201C0D8F803C0D9F8020ED425DA6FD9
:104B4000000ED521DB6F020EDA27000EDB23010EEB
:104B5000DA27000EDB23DBC8DDF8DAC8DCF8000159
:104B600089EC08F0D9C8EAFFD8C8E9FF02C0ECFF19
:104B7000ED5201C0EFFFD8900801D735036ACF0F7F
:104B8000016E000E032201C0D8F803C0D9F8020E4E
:104B9000D425DA6F000ED521DB6F020EDA27000E66
:104BA000DB23010EDA27000EDB23020EDA27000ECC
:104BB000DB23DBC8DDF8DAC8DCF8000189EC08F09B
:104BC000D9C8EAFFD8C8E9FF02C0ECFFED5201C026
:104BD000EFFF036A0801D7515D0F016E000E03223B
:104BE00001C0D8F803C0D9F8020ED425DA6F000E40
:104BF000D521DB6F020EDA27000EDB23010EDA2748
:104C0000000EDB23020EDA27000EDB23020EDA276A
:104C1000000EDB23DBC8DDF8DAC8DCF8000178EC35
:104C200008F0D9C8EAFFD8C8E9FF01C0EFFF036A5E
:104C30000801D751590F016E000E032201C0D8F8A8
:104C400003C0D9F8020ED425DA6F000ED521DB6F30
:104C5000020EDA27000EDB23010EDA27000EDB231B
:104C6000020EDA27000EDB23020EDA27000EDB230A
:104C7000010EDA27000EDB23DBC8DDF8DAC8DCF82A
:104C8000000178EC08F0D9C8EAFFD8C8E9FF01C0F4
:104C9000EFFF0801D751040DF350036AD70F016EDF
:104CA000000E032201C0D8F803C0D9F8020ED425A3
:104CB000DA6F000ED521DB6F020EDA27000EDB2340
:104CC000010EDA27000EDB23020EDA27000EDB23AB
:104CD000020EDA27000EDB23010EDA27000EDB239B
:104CE000010EDA27000EDB23DBC8DDF8DAC8DCF8BA
:104CF000000157DDD9C8EAFFD8C8E9FF00C0EFFFBF
:104D000001C0ECFF02C0ECFF03C0ECFF0801D7516B
:104D1000040DF350036AE70F016E000E032201C079
:104D2000D8F803C0D9F8020ED425DA6F000ED521C9
:104D3000DB6F020EDA27000EDB23010EDA27000EEE
:104D4000DB23020EDA27000EDB23020EDA27000E29
:104D5000DB23010EDA27000EDB23010EDA27000E1B
:104D6000DB23040EDA27000EDB23DBC8DDF8DAC80C
:104D7000DCF8000116DDD9C8EAFFD8C8E9FF00C099
:104D8000EFFF01C0ECFF02C0ECFF03C0ECFF020E1E
:104D90000801D425D86F000ED521D96F020ED8276F
:104DA000000ED923010ED827000ED923020ED827D2
:104DB000000ED923020ED827000ED923010ED827C2
:104DC000000ED923010ED827000ED923040ED827B0
:104DD000000ED923040ED827000ED923D9C8DDF838
:104DE000D8C8DCF8000178EC08F001C0CDF0020E64
:104DF0000801D425D86F000ED521D96F020ED8270F
:104E0000000ED923010ED827000ED923020ED82771
:104E1000000ED923020ED827000ED923010ED82761
:104E2000000ED923010ED827000ED923040ED8274F
:104E3000000ED923040ED827000ED923010ED8273F
:104E4000000ED923D9C8DDF8D8C8DCF8000189ECF8
:104E500008F002C058F201C057F2020E0801D42532
:104E6000D86F000ED521D96F020ED827000ED92396
:104E7000010ED827000ED923020ED827000ED92301
:104E8000020ED827000ED923010ED827000ED923F1
:104E9000010ED827000ED923040ED827000ED923DF
:104EA000040ED827000ED923010ED827000ED923CF
:104EB000020ED827000ED923D9C8DDF8D8C8DCF8EF
:104EC000000189EC08F002C05AF201C059F2020E4A
:104ED0000801D425D86F000ED521D96F020ED8272E
:104EE000000ED923010ED827000ED923020ED82791
:104EF000000ED923020ED827000ED923010ED82781
:104F0000000ED923010ED827000ED923040ED8276E
:104F1000000ED923040ED827000ED923010ED8275E
:104F2000000ED923020ED827000ED923020ED8274F
:104F3000000ED923D9C8DDF8D8C8DCF8000178EC18
:104F400008F001C05BF2020E0801D425D86F000EF4
:104F5000D521D96F020ED827000ED923010ED827EC
:104F6000000ED923020ED827000ED923020ED8270F
:104F7000000ED923010ED827000ED923010ED82701
:104F8000000ED923040ED827000ED923040ED827EB
:104F9000000ED923010ED827000ED923020ED827E0
:104FA000000ED923020ED827000ED923010ED827D0
:104FB000000ED923D9C8DDF8D8C8DCF80001D1EC3F
:104FC000A3F003C05FF202C05EF201C05DF200C058
:104FD0005CF2020E0801D425D86F000ED521D96FDE
:104FE000020ED827000ED923010ED827000ED92390
:104FF000020ED827000ED923020ED827000ED9237F
:10500000010ED827000ED923010ED827000ED92370
:10501000040ED827000ED923040ED827000ED9235A
:10502000010ED827000ED923020ED827000ED9234F
:10503000020ED827000ED923010ED827000ED9233F
:10504000040ED827000ED923D9C8DDF8D8C8DCF85B
:105050000001D1ECA3F003C063F202C062F201C010
:1050600061F200C060F2020E0801D425D86F000E74
:10507000D521D96F020ED827000ED923010ED827CB
:10508000000ED923020ED827000ED923020ED827EE
:10509000000ED923010ED827000ED923010ED827E0
:1050A000000ED923040ED827000ED923040ED827CA
:1050B000000ED923010ED827000ED923020ED827BF
:1050C000000ED923020ED827000ED923010ED827AF
:1050D000000ED923040ED827000ED923040ED8279A
:1050E000000ED923D9C8DDF8D8C8DCF8000178EC67
:1050F00008F001C064F20801D72BA2D4280E0001E9
:105100006B6F0101746B030E736F766B756BAA6B1B
:10511000A96BA86BA76B00017FD3D5C8DDF8D4C8F5
:10512000DCF889EC08F002C010F101C00FF1000EAC
:105130004FB8010E006ED89000360050036A130F6E
:10514000016E010E032201C0D8F8080103C0D9F88E
:10515000020ED425DA6F000ED521DB6FDD6FDAC8C1
:10516000DCF8000189EC08F0D9C8EAFFD8C8E9FFEB
:1051700002C0ECFFED5201C0EFFF020E0801D42582
:10518000D86F000ED521D96F020ED827000ED92373
:10519000D9C8DDF8D8C8DCF8000178EC08F001C007
:1051A00074F0020E0801D425D86F000ED521D96FF6
:1051B000020ED827000ED923010ED827000ED923BE
:1051C000D9C8DDF8D8C8DCF8000178EC08F0579AA7
:1051D00001B0578A140E6B6F4F98CC6B0101746B42
:1051E000010E736F766B756BAA6BA96BA86BA76BBF
:1051F000AE6BAD6B10C1ACF10FC1ABF100010CD3C4
:10520000D5C8DDF8D4C8DCF889EC08F002C012F18A
:1052100001C011F1000E4FB8010E006ED89000369B
:105220000050036A130F016E010E032201C0D8F86B
:10523000080103C0D9F8020ED425DA6F000ED5217B
:10524000DB6FDD6FDAC8DCF8000189EC08F0D9C843
:10525000EAFFD8C8E9FF02C0ECFFED5201C0EFFF42
:10526000020E0801D425D86F000ED521D96F020E89
:10527000D827000ED923D9C8DDF8D8C8DCF800013A
:1052800078EC08F001C075F0020E0801D425D86F43
:10529000000ED521D96F020ED827000ED923010E9A
:1052A000D827000ED923D9C8DDF8D8C8DCF800010A
:1052B00078EC08F0579A01B0578A020E0801D425FD
:1052C000D86F000ED521D96F020ED827000ED92332
:1052D000010ED827000ED923010ED827000ED9239E
:1052E000D9C8DDF8D8C8DCF8000189EC08F002C0A4
:1052F0000CF101C00BF1020E0801D425D86F000E8D
:10530000D521D96F020ED827000ED923010ED82738
:10531000000ED923010ED827000ED923020ED8275C
:10532000000ED923D9C8DDF8D8C8DCF8000189EC13
:1053300008F002C00EF101C00DF1020E0801D425E3
:10534000D86F000ED521D96F020ED827000ED923B1
:10535000010ED827000ED923010ED827000ED9231D
:10536000020ED827000ED923020ED827000ED9230B
:10537000D9C8DDF8D8C8DCF8000178EC08F001C025
:1053800063F0020E0801D425D86F000ED521D96F25
:10539000020ED827000ED923010ED827000ED923DC
:1053A000010ED827000ED923020ED827000ED923CC
:1053B000020ED827000ED923010ED827000ED923BC
:1053C000D9C8DDF8D8C8DCF8000189EC08F002C0C3
:1053D00034F101C033F1020E0801D425D86F000E5C
:1053E000D521D96F020ED827000ED923010ED82758
:1053F000000ED923010ED827000ED923020ED8277C
:10540000000ED923020ED827000ED923010ED8276B
:10541000000ED923020ED827000ED923D9C8DDF8F3
:10542000D8C8DCF8000189EC08F002C036F101C0F0
:1054300035F1140E6B6F4F88020ECC6FBF51080808
:1054400002E1010ECC6F0101746B010E736F766B7C
:10545000756BAA6BA96BA86BA76BAE6BAD6B12C11A
:10546000ACF111C1ABF10001D7D1D5C8DDF8D4C87A
:10547000DCF889EC08F002C07EF101C07DF1020E7B
:105480000801D425D86F000ED521D96FDD6FD8C89B
:10549000DCF8000189EC08F002C080F101C07FF166
:1054A000020E0801D425D86F000ED521D96F020E47
:1054B000D827000ED923D9C8DDF8D8C8DCF80001F8
:1054C00089EC08F002C0C1F001C0C0F0020E080172
:1054D000D425D86F000ED521D96F020ED827000E23
:1054E000D923020ED827000ED923D9C8DDF8D8C891
:1054F000DCF80001D1ECA3F003C0DBF802C0DAF85D
:1055000001C0D9F800C0D8F803C0EBF802C0EAF82F
:1055100001C0E9F800C0E8F853EC0AF003C026F92E
:1055200002C025F901C024F900C023F909012A6B42
:10553000296B200E286F820E276F00016FEC0AF096
:1055400003C0C6F002C0C5F001C0C4F000C0C3F083
:10555000020E0801D425D86F000ED521D96F020E96
:10556000D827000ED923020ED827000ED923040E07
:10557000D827000ED923D9C8DDF8D8C8DCF8000137
:1055800078EC08F0579C01B0578C020E0801D42526
:10559000D86F000ED521D96F020ED827000ED9235F
:1055A000020ED827000ED923040ED827000ED923C7
:1055B000010ED827000ED923D9C8DDF8D8C8DCF8E9
:1055C000000178EC08F001C0C2F01E0E6B6F010103
:1055D000746B020E736F766B756BAA6BA96BA86BFD
:1055E000A76BAE6BAD6B7EC1ACF17DC1ABF10001C1
:1055F00013D1D5C8DDF8D4C8DCF878EC08F001C0C8
:1056000043F2010E0801D425D86F000ED521D96FC1
:10561000DD6FD8C8DCF8000189EC08F002C045F263
:1056200001C044F2010E0801D425D86F000ED52127
:10563000D96F020ED827000ED923D9C8DDF8D8C8F3
:10564000DCF8000189EC08F002C047F201C046F224
:10565000010E0801D425D86F000ED521D96F020E96
:10566000D827000ED923020ED827000ED923D9C877
:10567000DDF8D8C8DCF8000178EC08F001C048F289
:10568000010E0801D425D86F000ED521D96F020E66
:10569000D827000ED923020ED827000ED923010ED9
:1056A000D827000ED923D9C8DDF8D8C8DCF8000106
:1056B00078EC08F001C049F2010E0801D425D86F3A
:1056C000000ED521D96F020ED827000ED923020E65
:1056D000D827000ED923010ED827000ED923010E9A
:1056E000D827000ED923D9C8DDF8D8C8DCF80001C6
:1056F00089EC08F002C04BF201C04AF2010E080129
:10570000D425D86F000ED521D96F020ED827000EF0
:10571000D923020ED827000ED923010ED827000E58
:10572000D923010ED827000ED923020ED827000E48
:10573000D923D9C8DDF8D8C8DCF8000178EC08F026
:1057400001C04CF2010E0801D425D86F000ED521FE
:10575000D96F020ED827000ED923020ED827000ECB
:10576000D923010ED827000ED923010ED827000E09
:10577000D923020ED827000ED923010ED827000EF8
:10578000D923D9C8DDF8D8C8DCF8000178EC08F0D6
:1057900001C04DF2010E0801D425D86F000ED521AD
:1057A000D96F020ED827000ED923020ED827000E7B
:1057B000D923010ED827000ED923010ED827000EB9
:1057C000D923020ED827000ED923010ED827000EA8
:1057D000D923010ED827000ED923D9C8DDF8D8C89F
:1057E000DCF8000189EC08F002C04FF201C04EF273
:1057F000500E6B6F0101746B040E736F766B756BDB
:10580000AA6BA96BA86B080EA76FAE6BAD6B4FC2EE
:10581000ACF14EC2ABF100010801D3C801F00001A8
:105820001200E824F76AF736430FF66E580EF72297
:10583000010EF86EFB6E0A00F550FA6E0800F55086
:10584000F96E7248A848E048F44808491C49E82421
:10585000F76AF7366F0FF66E580EF722010EF86EE4
:10586000FB6E0A00F550FA6E0800F550F96E4649D5
:1058700052495E496A4976498249E824F76AF7360F
:105880009B0FF66E580EF722010EF86EFB6E0A00A3
:10589000F550FA6E0800F550F96EC4491A510052DD
:1058A0006A54F2551858C44900526A510308D8A4E2
:1058B000CCD1518C030E7D6F6BC06CF0A8EC07F05F
:1058C0006B518C0806E06B518D0803E06B518E081C
:1058D0001BE1CD5318E1822B8251030805E2826B54
:1058E0004FAE02D0010E826F4FAE05D0825303E15E
:1058F000030E826F06D04FBE04D08251030801E12F
:10590000826B79EC9BF087D16B53D8A480D00101D6
:10591000A7530BE1A85309E1A95307E1AA5305E1F5
:105920005A0E00016B6F5ED00101A751020811E110
:10593000A8530FE1A9530DE1AA530BE11E0E00017C
:105940006B6F0101AE6BAD6B7EC1ACF17DC1ABF194
:1059500048D0A75103080BE1A85309E1A95307E177
:10596000AA5305E1280E00016B6F3CD00101A7513D
:10597000040811E1A8530FE1A9530DE1AA530BE16B
:10598000500E00016B6F0101AE6BAD6B4FC2ACF1FD
:105990004EC2ABF126D0A75105080BE1A85309E18F
:1059A000A95307E1AA5305E10A0E00016B6F1AD053
:1059B0000101140E00016B6F000E4FB8010E006E56
:1059C000D89000360050036A0F0FE96E010E0320D5
:1059D000EA6E0101AE6BAD6BECCFACF1ED52EFCFE7
:1059E000ABF10001A8C174F1A7C173F10101AA6B69
:1059F000A96BA86BA76B00016B51500807E101016F
:105A0000AA6BA96BA86B080EA76F000104D16BC02D
:105A100009F90A0E09010A6F000166EC0FF0005245
:105A2000D8A467D06B515908D8A063D06B51320805
:105A3000D8B45FD00101A7510A080BE1A85309E1CE
:105A4000A95307E1AA5305E100016B5114082DE0A9
:105A50000101A75107080BE1A85309E1A95307E188
:105A6000AA5305E100016B511E081FE00101A75177
:105A70000F080BE1A85309E1A95307E1AA5305E177
:105A800000016B51280811E00101A7510A0826E125
:105A9000A85324E1A95322E1AA5320E100016B514C
:105AA0005008D8B402D0010119D05C0E6B6F6B5155
:105AB0008C0813E18251FC0F10E2040F27EFAEF0C7
:105AC00088A701D08897888108D0888306D08885E8
:105AD00004D088A101D08891888706D000016B513D
:105AE0000A0802E0640E6B27A8C176F1A7C175F120
:105AF00092D06B515C081BE1010E0101A75D08010A
:105B0000CE6F000E0101A8590801CF6F000E0101F0
:105B1000A9590801D06F000E0101AA590801D16FDF
:105B2000CEC8D2F800018DEF9CF0518C74D06B512F
:105B30005A0868E17CEFA3F0015242E0010E010136
:105B4000A75D0001C76FCE51060DF350C725036A4C
:105B5000A70FE96E000E0320EA6EEF50070805E17B
:105B6000C7C0D2F826ECA4F028D00101A751030841
:105B700021E1A8531FE1A9531DE1AA531BE14F8E58
:105B8000030E0001826FC86F4F8ED66B080ED56F63
:105B9000E66BE56BE46BFA0EE36FF66BF56BF46B9B
:105BA000F36F280E6B6F0101AA6BA96BA86B010E36
:105BB000A76F04D05B0E00016B6F01011DD00001C7
:105BC000010E0101A75D0801CE6F000E0101A85969
:105BD0000801CF6F000E0101A9590801D06F000E16
:105BE0000101AA590801D16FCEC8D2F8000126ECF4
:105BF000A4F0518C54880101A8C176F1A7C175F1B8
:105C00000BD000016B515B0806E1A7C1C8F0C7C00B
:105C1000D2F826ECA4F0010100016B51B50809E1AE
:105C20004F740101AA6BA96B4FC2A8F14EC2A7F134
:105C300000016A6B1B6AF2BE1B8EF29E09016F6B3C
:105C4000000153EC03F01BBEF28E69EFE6F0E8248E
:105C5000F76AF7366F0FF66E5C0EF722010EF86EDC
:105C6000FB6E0A00F550FA6E0800F550F96EC05A46
:105C7000CA5ACE5AD25A6A510408D8A43DD1518C7E
:105C8000040E7D6F6BC06CF0A8EC07F06B515F08E1
:105C9000D8A0D8D06BC009F90A0E09010A6F00011B
:105CA00066EC0FF0005230E16B5145082DE36B516B
:105CB00032082AE06B51280819E1875317E0825314
:105CC00010E082074FAE05D0825303E1030E826FCE
:105CD00007D04FBE05D08251030802E1020E826F49
:105CE00002D0020E826F79EC9BF00DD06B6B01013C
:105CF000AA6BA96B74C1A8F173C1A7F1746B736B24
:105D0000766B756B00019DD06B5150080EE16B6B8B
:105D10000101AA6BA96B74C1A8F173C1A7F1746BDF
:105D2000736B766B756B8CD000016B515A080EE16A
:105D30006B6B0101AA6BA96B74C1A8F173C1A7F1C8
:105D4000746B736B766B756B7BD000016B515A086B
:105D500043E26B515E0840E36B515C0820E1010EA9
:105D6000BF5DF80F11E2080F7EEFAFF0280E6B6FEA
:105D70000BD0280E6B6F08D0140E6B6F05D0500E31
:105D80006B6F02D01E0E6B6F0101AA6BA96B76C1FF
:105D9000A8F175C1A7F1766B756B1CD000016B5132
:105DA0005B080DE15A0E6B6F0101AA6BA96B78C1FC
:105DB000A8F177C1A7F1786B776B0CD000015A0E70
:105DC0006B6F0101AA6BA96B76C1A8F175C1A7F130
:105DD000766B756B35D000016B5128081CE1875339
:105DE0001AE0825305E1030E826F036A825102D0EA
:105DF000825182074FAE05D0825303E1030E826FBA
:105E000007D04FBE05D08251030802E1020E826F17
:105E100079EC9BF016D06BC009F90A0E09010A6FE4
:105E2000000166EC0FF001C086F086510A0DF3CF39
:105E30006BF00101AA6BA96B76C1A8F175C1A7F13E
:105E400000014CD06B51640823E26BC009F90A0EC3
:105E500009010A6F000166EC0FF0005219E16B5165
:105E60008C080DE18251FC0F0AE2040F96EFAFF0AF
:105E7000889105D0889303D0889501D08897640EC7
:105E80006B5F0101AA6BA96BA86BA76B28D00001FF
:105E90006B518D0803E06B518E0820E187531EE0A3
:105EA000CD531CE1825308E1030E826F82C000F0E3
:105EB000016A026A036A02D0825182074FAE05D09E
:105EC000825303E1030E826F07D04FBE05D082518B
:105ED000030802E1020E826F79EC9BF001010001E0
:105EE0006A6B1B6AF2BE1B8EF29E09016F6B00018A
:105EF00053EC03F01BBEF28E6FEFE6F0E824F76A76
:105F0000F7361D0FF66E5F0EF722010EF86EFB6E70
:105F10000A00F550FA6E0800F550F96E6C5D785D78
:105F2000785D845D7E5D885D725D785DE824F76AEA
:105F3000F7364D0FF66E5F0EF722010EF86EFB6E10
:105F40000A00F550FA6E0800F550F96E705E745E46
:105F5000785E7C5E87A109D087910801E56BE66BCE
:105F6000020EE76F000194EC50F087A309D08793ED
:105F70000801E56BE66B010EE76F000194EC50F051
:105F800087A508D087950801E56BE66BE76B0001F4
:105F900094EC50F087A709D087970801E56BE66B72
:105FA000020EE76F000194EC50F012000801CE5190
:105FB000FC0F4BE2040F000128EFB0F08781010EC7
:105FC0000801E56FE66B020EE76F000194EC50F0FC
:105FD0002F0E0801CF6F00016EEC73F0080135D071
:105FE0008783010E0801E56FE66BE76F000194EC13
:105FF00050F0310E0801CF6F00016EEC73F0080114
:1060000024D08785010E0801E56FE66BE76B000180
:1060100094EC50F0330E0801CF6F00016EEC73F07A
:10602000080113D08787010E0801E56FE66B020EA9
:10603000E76F000194EC50F0350E0801CF6F0001BE
:106040006EEC73F0080101D008010001FBEFB2F023
:10605000E824F76AF736710FF66E600EF722010E2C
:10606000F86EFB6E0A00F550FA6E0800F550F96EF6
:10607000BC5FE05F026024606A510508D8A4B0EFFD
:10608000B6F0518CA8EC07F06B51C8080BE16DC05D
:106090006BF00101926B916B906B8F6B00016A6BDF
:1060A000A5EFB6F001019A6B996B986B976B5192C3
:1060B00000016B51780A56E0010AD8B4FDD0020AFB
:1060C000D8B4A7D1F90AD8B4B0D1010AD8B40BD248
:1060D000060AD8B44CD2AD0AD8B455D2010AD8B405
:1060E00052D2030AD8B44FD2010AD8B44CD2070A0C
:1060F000D8B449D2010AD8B446D2030AD8B443D29C
:10610000010AD8B440D21F0AD8B43DD2010AD8B48B
:106110003AD2030AD8B437D2010AD8B434D2070A23
:10612000D8B431D2B80AD8B447D2010AD8B4D5D23B
:10613000030AD8B406EFB5F0010AD8B4A3EFB5F05E
:106140003B0AD8B442EFB6F0010AD8B463EFB6F018
:10615000020AD8B47DEFB6F07F0AD8B488EFB6F063
:1061600090EFB6F05682790E6B6F0601F7BB5ED0EA
:106170000001616BCC2D02D0010E616F000E4FB893
:10618000010E006ED89000360050036A130FE96EBE
:10619000010E0320EA6EECCFCFF8ED52EFCFCEF830
:1061A0000801CE5302E1CF5332E0000E4FB8010E8A
:1061B000006ED89000360050036A130FE96E010E8E
:1061C0000320EA6EECCFCFF8ED52EFCFCEF8000E01
:1061D0004FB8010E036A740FE96E000E0320EA6ED9
:1061E000EF50CE250101476F000E0801CF210101BC
:1061F000486F5951A3259B6F5A51A4219C6F000EE3
:10620000A5219D6F000EA6219E6F04D008010101FB
:10621000486B476B0001CC2D08D0765101010D254C
:10622000476F000E0E21486F00010601F7BB29D011
:10623000040E0801CE6FAA0ECF6F00010BEC7FF0A9
:10624000CC5306E1370E0801CF6F00016EEC73F0FE
:10625000CC2D06D0390E0801CF6F00016EEC73F023
:10626000CC5102080CE1370E0801CF6F00016EEC33
:1062700073F0390E0801CF6F00016EEC73F00AD095
:106280000601F79B040E0801CE6FBE0ECF6F000112
:106290000BEC7FF0010E0801E56FE66B030EE76F74
:1062A000000194EC50F0615302E1588E01D04F8A06
:1062B0000EEC53F090EFB6F00601F7BB9ED0000E47
:1062C0004FB8010E006ED89000360050036A130FCD
:1062D000016E010E032201C0CEF8080103C0CFF801
:1062E000000E4FB8010E006ED89000360050036AC1
:1062F0000F0FE96E010E0320EA6EECCFD7F8ED52D6
:10630000EFCFD6F8A6C1D5F8A5C1D4F8A4C1D3F86B
:10631000A3C1D2F8000144EC7FF0CFC8EAFFCEC899
:10632000E9FF02C0ECFFED5201C0EFFF000E4FB8D5
:10633000010E006ED89000360050036A130FE96E0C
:10634000010E0320EA6EECCFCFF8ED52EFCFCEF87E
:106350000801CE5307E1CF5305E10101486B476BBC
:1063600025D00801000E4FB8010E006ED8900036FF
:106370000050036A130FE96E010E0320EA6EECCFA2
:10638000CFF8ED52EFCFCEF8000E4FB8010E036AF2
:10639000740FE96E000E0320EA6EEF50CE25010166
:1063A000476F000E0801CF210101486F0001CC2D7D
:1063B00008D0765101010D25476F000E0E21486F60
:1063C000000101015951A3259B6F5A51A4219C6FD3
:1063D000000EA5219D6F000EA6219E6F040E0801E0
:1063E000CE6FBB0ECF6F00010BEC7FF0616BCC2D3D
:1063F00002D0010E616F09D00601040E0801CE6FB4
:10640000AF0ECF6F00010BEC7FF00EEC53F090EF6E
:10641000B6F0040E0801CE6FBB0ECF6F00010BEC7F
:106420007FF00EEC53F090EFB6F05682830E6B6F58
:106430000601F7AB02D0F79B2CD001017F5302E19C
:10644000805324E00001C05101017F250801CE6F77
:106450000001C151010180210801CF6F0001C2512B
:106460000801CE250101476F000E0801CF2101016F
:10647000486F8151B7259F6F8251B821A06F83511A
:10648000B921A16F8451BA21A26F02D0486B476B2A
:106490000601F7BB10D0040E0801CE6FAA0ECF6F15
:1064A00000010BEC7FF03B0E0801CF6F00016EEC9A
:1064B00073F009D00601040E0801CE6FBE0ECF6F37
:1064C00000010BEC7FF0010E0801E56FE66B030E97
:1064D000E76F000194EC50F00601F781000192ECA7
:1064E00052F090EFB6F00601F7BB35D001017F53B3
:1064F00005E1805303E1486B476B17D00001C051A1
:1065000001017F250801CE6F0001C15101018021E9
:106510000801CF6F0001C2510801CE250101476F6C
:10652000000E0801CF210101486F8151B7259F6FEF
:106530008251B821A06F8351B921A16F8451BA2132
:10654000A26F040E0801CE6FBB0ECF6F00010BECE3
:106550007FF009D00601040E0801CE6FAF0ECF6F99
:1065600000010BEC7FF092EC52F090EFB6F0040ECD
:106570000801CE6FBB0ECF6F00010BEC7FF092ECE9
:1065800052F090EFB6F00601F7AB0BD00001E2DC61
:10659000040E0801CE6FAF0ECF6F00010BEC7FF041
:1065A000060100018AEC37F0B6EC37F0E2EC37F088
:1065B0000EEC38F090EFB6F0568251920601F7AB30
:1065C00011D000018753D8A402D006010BD0C2DC41
:1065D000040E0801CE6FAF0ECF6F00010BEC7FF001
:1065E0003DD006018D0E00016B6F0601F79B82C046
:1065F000CEF80001DBD4D89082350801CF6BCE6F86
:10660000900ECE25E96E000ECF21EA6EEF6AD8908B
:10661000000182350801CF6BCE6F010ECE25016ED1
:10662000000ECF21036E0150900FE96E000E032083
:10663000EA6EEF6A036A00018251980FE96E000E5C
:106640000320EA6EEF6A040E0801CE6FAA0ECF6F28
:1066500000010BEC7FF00601F79700018251FC0F5F
:106660000EE2040FB2EFB6F08AEC37F008D0B6ECC9
:1066700037F005D0E2EC37F002D00EEC38F0D890CD
:106680008235036A390FE96E010E0320EA6EECCF02
:10669000CFF8ED52EFCFCEF80801CF5100081BE242
:1066A000FF0A03E1CE51210816E2D890000182359D
:1066B000036A390FE96E010E0320EA6E010EEC6EDB
:1066C000ED52220EEF6E0101AA6BA96B010EA86FAD
:1066D000220EA76F0801000123D30601F7BBB3D038
:1066E000D89000018235036A4F0F016E010E03221C
:1066F000080103C0CFF8D89000018235036AFF0F6C
:10670000E96E000E0320EA6EECCF03F0ED52EFCFFE
:10671000D0F80801CFC8EAFF01C0E9FF03C0ECFFD1
:10672000ED52D0C8EFFFD89000018235036A470FC1
:10673000016E010E032201C0CEF8080103C0CFF89C
:10674000D89000018235036AF70FE96E000E03202E
:10675000EA6EECCFD1F8ED52EFCFD0F8020E08017F
:10676000D025016E000ED121CFC8EAFFCEC8E9FFC7
:10677000EC6EED5201C0EFFF0001825103080DE104
:10678000D8908235036A470FE96E010E0320EA6E46
:106790000E0EEC6EED52100EEF6E036A82517F0FFB
:1067A000016E000E0322080103C0CFF8036A000146
:1067B0008251650FE96E000E0320EA6EEFCFD0F82C
:1067C0000801CFC8EAFF01C0E9FFD0C8EFFF82C0CF
:1067D000CEF80001CDEC81F0D8908235036A390FF4
:1067E000E96E010E0320EA6EECCFCFF8ED52EFCF49
:1067F000CEF80801CF5100081BE2FF0A03E1CE5199
:10680000210816E2D89000018235036A390FE96E3B
:10681000010E0320EA6E010EEC6EED52220EEF6EB9
:106820000101AA6BA96B010EA86F220EA76F0801C8
:1068300000018251030805E10101406B040E3F6F26
:1068400000017DD00601000187A11DD087910801BC
:10685000E56BE66B020EE76F000194EC50F001016E
:106860003A5100080FE2FF0A03E1395121080AE218
:10687000010E3A6F220E396FAA6BA96B010EA86F39
:10688000220EA76F000187A31DD087930801E56B37
:10689000E66B010EE76F000194EC50F001013C51F2
:1068A00000080FE2FF0A03E13B5121080AE2010E52
:1068B0003C6F220E3B6FAA6BA96B010EA86F220ED4
:1068C000A76F000187A51CD087950801E56BE66BD3
:1068D000E76B000194EC50F001013E5100080FE21B
:1068E000FF0A03E13D5121080AE2010E3E6F220E2C
:1068F0003D6FAA6BA96B010EA86F220EA76F000156
:1069000087A71DD087970801E56BE66B020EE76F3E
:10691000000194EC50F001013A5100080FE2FF0A27
:1069200003E1395121080AE2010E3A6F220E396F54
:10693000AA6BA96B010EA86F220EA76F00018251EE
:10694000040DF3500801CF6BCE6FA60ECE25D06F8D
:10695000070ECF21D16FD36BD26BD1C8EAFFD0C85D
:10696000E9FFD2C8EEFF080EEA6ED10EE96EEF6ABB
:1069700000018251040DF3500801CF6BCE6F020E5F
:10698000CE25016E000ECF21036E0150CE6F03C0E5
:10699000CFF8A60ECE25D06F070ECF21D16FD36BC7
:1069A000D26BD1C8EAFFD0C8E9FFD2C8EEFF080E0B
:1069B000EA6ED10EE96EEF6A0601F7BB0AD0040E4B
:1069C0000801CE6FBB0ECF6F00010BEC7FF009D03A
:1069D0000601040E0801CE6FAF0ECF6F00010BEC65
:1069E0007FF00601F79700018251FC0F0EE2040FC1
:1069F000C6EFB6F08AEC37F008D0B6EC37F005D029
:106A0000E2EC37F002D00EEC38F08AD1D890823523
:106A1000036A4F0F016E010E0322080103C0CFF875
:106A2000D89000018235036AFF0FE96E000E032043
:106A3000EA6EECCF03F0ED52EFCFD0F80801CFC8EB
:106A4000EAFF01C0E9FF03C0ECFFED52D0C8EFFF41
:106A5000D89000018235036A470F016E010E0322B0
:106A600001C0CEF8080103C0CFF8D89000018235EC
:106A7000036AF70FE96E000E0320EA6EECCFD1F83F
:106A8000ED52EFCFD0F8020E0801D025016E000EB6
:106A9000D121CFC8EAFFCEC8E9FFEC6EED5201C0AC
:106AA000EFFF036A000182517F0F016E000E032287
:106AB000080103C0CFF8036A00018251650FE96E37
:106AC000000E0320EA6EEFCFD0F80801CFC8EAFF2E
:106AD00001C0E9FFD0C8EFFF0601F7BB07D082C0B5
:106AE000CEF80001CDEC81F004D006010001AAEC43
:106AF000AFF00601F7BB0AD0040E0801CE6FBB0E43
:106B0000CF6F00010BEC7FF009D00601040E0801E5
:106B1000CE6FAF0ECF6F00010BEC7FF00601F79741
:106B200000018251FC0F0EE2040FDAEFB6F08AEC9E
:106B300037F008D0B6EC37F005D0E2EC37F002D0F1
:106B40000EEC38F0EDD0D8908235036A4F0F016E0D
:106B5000010E0322080103C0CFF8D890000182354E
:106B6000036AFF0FE96E000E0320EA6EECCF03F01C
:106B7000ED52EFCFD0F80801CFC8EAFF01C0E9FF1E
:106B800003C0ECFFED52D0C8EFFFD8900001823572
:106B9000036A470F016E010E032201C0CEF80801FF
:106BA00003C0CFF8D89000018235036AF70FE96E71
:106BB000000E0320EA6EECCFD1F8ED52EFCFD0F803
:106BC000020E0801D025016E000ED121CFC8EAFFC8
:106BD000CEC8E9FFEC6EED5201C0EFFF036A000181
:106BE00082517F0F016E000E0322080103C0CFF80F
:106BF000036A00018251650FE96E000E0320EA6E00
:106C0000EFCFD0F80801CFC8EAFF01C0E9FFD0C834
:106C1000EFFF0601F7BB07D082C0CEF80001CDEC34
:106C200081F004D006010001AAECAFF00601F7BB29
:106C30000AD0040E0801CE6FBB0ECF6F00010BEC23
:106C40007FF009D00601040E0801CE6FAF0ECF6FA2
:106C500000010BEC7FF00601F797FA6BF96B00016E
:106C60008251FC0F0EE2040FEEEFB6F08AEC37F023
:106C700008D0B6EC37F005D0E2EC37F002D00EECDD
:106C800038F04ED056820601F7AB01D008D0000193
:106C900071EC47F051C248F150C247F10601040EB1
:106CA0000801CE6FAA0ECF6F00010BEC7FF0010E32
:106CB0000801E56FE66BE76B000194EC50F0588C2F
:106CC000B50E6B6F2DD00601F7BB0ED051C248F147
:106CD00050C247F1040E0801CE6FBB0ECF6F00010A
:106CE0000BEC7FF009D00601040E0801CE6FAF0E49
:106CF000CF6F00010BEC7FF013D0040E0801CE6FB4
:106D0000BB0ECF6F00010BEC7FF071EC47F008D0A9
:106D10006DC06BF00101926B916B906B8F6B0001FA
:106D20006A6B86A607D00101B66BB56BB46BB36B0B
:106D30000BD0000181BC09D00101B66BB56BB46BFF
:106D4000B36BF40E986E8F7600011B6AF2BE1B8E39
:106D5000F29E09016F6B000153EC03F01BBEF28E33
:106D600076EFE6F0E824F76AF736850FF66E6D0EDB
:106D7000F722010EF86EFB6E0A00F550FA6E08005D
:106D8000F550F96E68666E6674667A66E824F76A8E
:106D9000F736AD0FF66E6D0EF722010EF86EFB6E34
:106DA0000A00F550FA6E0800F550F96EF469FA69B8
:106DB000006A066AE824F76AF736D50FF66E6D0E9C
:106DC000F722010EF86EFB6E0A00F550FA6E08000D
:106DD000F550F96E2E6B346B3A6B406BE824F76A12
:106DE000F736FD0FF66E6D0EF722010EF86EFB6E94
:106DF0000A00F550FA6E0800F550F96E6C6C726C72
:106E0000786C7E6C6C510A0807E00101AE6BAD6BCB
:106E1000AC6B7BC0ABF100010101AE5307E1AD5398
:106E200005E1AC5303E1AB51640805E2AE6BAD6B19
:106E3000AC6B640EAB6FAE530CE1AD530AE1AC53D7
:106E400008E1AB510A0805E3AE6BAD6BAC6B0A0E03
:106E5000AB6FABC17BF00801CF6B7BC0CEF8CFC866
:106E60000BF97BC00AF909010D6B0A0E0C6F0001CA
:106E700063EC0BF002C0CFF801C0CEF80801CF33AD
:106E8000CE33CF33CE33CF33CEC847FFCF33CF311E
:106E9000300B006E0F014651CF0B0010466F030EF2
:106EA0000801DB6FED0EDA6F7BC0DCF80001B4EC9B
:106EB00008F0D7EFCCF00101AE5307E1AD5305E187
:106EC000AC5303E1AB51500805E2AE6BAD6BAC6B5C
:106ED000500EAB6FAE530CE1AD530AE1AC5308E179
:106EE000AB510A0805E3AE6BAD6BAC6B0A0EAB6F32
:106EF000ABC17CF00901596B810E5A6F000174EC33
:106F00000BF01B6AF2BE1B8EF29E0901796B7CC0EE
:106F100078F9000145EC05F01BBEF28E1B6AF2BE4B
:106F20001B8EF29E03C07BF902C07AF901C079F989
:106F300000C078F9AE0E09017F6F470E7E6F210EFB
:106F40007D6F7E0E7C6F000160EC05F01BBEF28E43
:106F50001B6AF2BE1B8EF29E03C07BF902C07AF957
:106F600001C079F900C078F9DBEC05F01BBEF28EA8
:106F700001C0CEF8010E0901596F01C05AF9000194
:106F800074EC0BF0010E0901596F040E5A6F0001E9
:106F900074EC0BF0030E0801DB6FEE0EDA6F7CC0B1
:106FA000DCF80001B4EC08F0DBEFCCF00101AE53EB
:106FB00007E1AD5305E1AC5303E1AB51640805E2D1
:106FC000AE6BAD6BAC6B640EAB6FAB530AE1AC5305
:106FD00008E1AD5306E1AE5304E1AE6BAD6BAC6BB3
:106FE000AB6BACC10AF1ABC109F1AB530CE1AC53D3
:106FF0000AE1AD5308E1AE5306E1F00E6E16830EC2
:10700000966E8D8A54D0830E966E8D9A0C0E6E6E8F
:107010003F0E0F012C17000E2C131B6AF2BE1B8EA5
:10702000F29E0AC179F909C178F9000145EC05F031
:107030001BBEF28E1B6AF2BE1B8EF29E03C07BF952
:1070400002C07AF901C079F900C078F909017F6BB3
:107050007E6B100E7D6F810E7C6F000160EC05F081
:107060001BBEF28E1B6AF2BE1B8EF29E03C07BF922
:1070700002C07AF901C079F900C078F9DBEC05F0BB
:107080001BBEF28E02C0CFF801C0CEF80801CF338C
:10709000CE33CF33CE33CF33CEC86FFFCF33CF31E4
:1070A000300B006E6E50CF0B00106E6E0101030EA0
:1070B0000801DC6FEF0EDB6F0AC1DEF809C1DDF8F5
:1070C0000001DDEC08F0DFEFCCF0010E0101AB17A1
:1070D000AC6BAD6BAE6BAB51006EAC51036E03503D
:1070E00004E10052000109E00101035005E1010E35
:1070F000005C00010BE0010113D0920E8C6F0501C2
:10710000EB6BEA6BE96BE86B01010AD0930E8C6FB5
:107110000501EB6BEA6B040EE96F1A0EE86F0101D3
:10712000AB5100018B5D0EE10101AC53D8B402D02C
:10713000000108D0AD53D8B402D0000103D0AE5343
:1071400004E00001ABC18BF00101030E0801DB6F0D
:10715000F10EDA6F8BC0DCF80001B4EC08F0E3EF5D
:10716000CCF06C51140807E00101AE6BAD6BAC6B59
:10717000CCC0ABF100010101AE5307E1AD5305E115
:10718000AC5303E1AB51010805E2AE6BAD6BAC6BE8
:10719000020EAB6FAB530AE1AC5308E1AD5306E10D
:1071A000AE5304E1AE6BAD6BAC6BAB6BABC1CCF073
:1071B0004F980001CC51020801E14F8833EFCDF028
:1071C0000801D56BD46BD36BD26B01015A6B596B31
:1071D000000E4FB8010E036A740FE96E000E032013
:1071E000EA6EEF52D8B4A9D01B6AF2BE1B8EF29E93
:1071F000D1C879F9D0C878F9000145EC05F01BBE7B
:10720000F28E03C0D9F802C0D8F801C0D7F800C088
:10721000D6F81B6AF2BE1B8EF29E03C07BF902C039
:107220007AF901C079F900C078F909017F6B7E6BAA
:10723000480E7D6F840E7C6F000160EC05F01BBE74
:10724000F28E03C0D9F802C0D8F801C0D7F800C048
:10725000D6F8000E4FB8010E036A740FE96E000EE7
:107260000320EA6EEF501B6AF2BE1B8EF29E0901EC
:10727000796B786F000145EC05F01BBEF28E1B6A3E
:10728000F2BE1B8EF29ED9C87BF9D8C87AF9D7C84E
:1072900079F9D6C878F903C07FF902C07EF901C038
:1072A0007DF900C07CF960EC05F01BBEF28E03C0D6
:1072B000D9F802C0D8F801C0D7F800C0D6F803C08A
:1072C00026F902C025F901C024F900C023F90901FB
:1072D0002A6B296B286B800E276F00016FEC0AF078
:1072E0001B6AF2BE1B8EF29E03C07BF902C07AF9C4
:1072F00001C079F900C078F9DBEC05F01BBEF28E15
:1073000002C05AF101C059F1000E4FB8010E036AD4
:10731000740FE96E000E0320EA6EEFCF12F95AC126
:1073200011F959C110F90901136B000185EC17F02F
:1073300002C062F101C061F101011B6AF2BE1B8E45
:10734000F29ED1C879F9D0C878F9000145EC05F072
:107350001BBEF28E03C0D9F802C0D8F801C0D7F81E
:1073600000C0D6F81B6AF2BE1B8EF29E03C07BF9EA
:1073700002C07AF901C079F900C078F909017F6B80
:107380007E6B480E7D6F840E7C6F000160EC05F013
:107390001BBEF28E03C0D9F802C0D8F801C0D7F8DE
:1073A00000C0D6F8000E4FB8010E006ED89000361F
:1073B0000050036A130FE96E010E0320EA6EECCF52
:1073C00003F0ED52EF501B6AF2BE1B8EF29E0901D4
:1073D000786F03C079F9000145EC05F01BBEF28E11
:1073E0001B6AF2BE1B8EF29ED9C87BF9D8C87AF907
:1073F000D7C879F9D6C878F903C07FF902C07EF9F9
:1074000001C07DF900C07CF960EC05F01BBEF28E76
:1074100003C0D5F802C0D4F801C0D3F800C0D2F838
:10742000D5C810F9D4C80FF9D3C80EF9D2C80DF9D0
:10743000A3EC19F012000801D36BD26BD16BD06BA7
:107440000101846B836B826B816B0001C05303E18C
:10745000C153D8B4AED0C253D8B4ABD01B6AF2BEBD
:107460001B8EF29ECFC879F9CEC878F945EC05F0AD
:107470001BBEF28E03C0D7F802C0D6F801C0D5F803
:1074800000C0D4F81B6AF2BE1B8EF29E03C07BF9CB
:1074900002C07AF901C079F900C078F909017F6B5F
:1074A0007E6B480E7D6F840E7C6F000160EC05F0F2
:1074B0001BBEF28E03C0D7F802C0D6F801C0D5F8C3
:1074C00000C0D4F8C251C025016E000EC121036E68
:1074D00001501B6AF2BE1B8EF29E0901786F03C039
:1074E00079F9000145EC05F01BBEF28E1B6AF2BE75
:1074F0001B8EF29ED7C87BF9D6C87AF9D5C879F920
:10750000D4C878F903C07FF902C07EF901C07DF9C3
:1075100000C07CF960EC05F01BBEF28E03C0D7F80A
:1075200002C0D6F801C0D5F800C0D4F803C026F9CF
:1075300002C025F901C024F900C023F909012A6B12
:10754000296B286B800E276F00016FEC0AF003C0D7
:1075500010F902C00FF901C00EF900C00DF9A3EC3B
:1075600019F003C084F102C083F101C082F100C0B0
:1075700081F1C251C025016E000EC121036E01C010
:10758000D4F80801D56FD89284C113F983C112F9D8
:1075900082C111F981C110F90901176B166B156FC2
:1075A00001C014F90001DBEC09F001C086F100C054
:1075B00085F11B6AF2BE1B8EF29ECFC879F9CEC848
:1075C00078F945EC05F01BBEF28E03C0D7F802C077
:1075D000D6F801C0D5F800C0D4F81B6AF2BE1B8EE5
:1075E000F29E03C07BF902C07AF901C079F900C0AC
:1075F00078F909017F6B7E6B480E7D6F840E7C6F7E
:10760000000160EC05F01BBEF28E03C0D7F802C08B
:10761000D6F801C0D5F800C0D4F81B6AF2BE1B8EA4
:10762000F29E80C179F97FC178F945EC05F01BBE67
:10763000F28E1B6AF2BE1B8EF29ED7C87BF9D6C8AB
:107640007AF9D5C879F9D4C878F903C07FF902C0AE
:107650007EF901C07DF900C07CF960EC05F01BBE2D
:10766000F28E03C0D3F802C0D2F801C0D1F800C036
:10767000D0F8D3C810F9D2C80FF9D1C80EF9D0C8C4
:107680000DF9A3EC19F012006B51140A09E00A0A73
:1076900033E0360AD8B4A5D0780AD8B4AFD0B9D080
:1076A0000101A72D17D0A85315E1A95313E1AA533F
:1076B00011E12C6B020E2B6F0701215306E0010133
:1076C0002E6B640E2D6F05D0070101012E6BC80EC5
:1076D0002D6F10D0A75105080DE1A8530BE1A95358
:1076E00009E1AA5307E12C6B020E2B6F010E2E6FDE
:1076F000220E2D6F00018DD001012C6B020E2B6F1D
:107700001B6AF2BE1B8EF29EC6C07BF9C5C07AF919
:10771000C4C079F9C3C078F90001DBEC05F01BBEE9
:10772000F28E02C0CFF801C0CEF802C00BF901C042
:107730000AF909010D6B3A0E0C6F000163EC0BF0B6
:1077400002C02EF101C02DF101012E51020824E2E8
:10775000FF0A03E12D51E7081FE22EC111F92DC1E7
:1077600010F90901136B640E126F000185EC17F01C
:1077700002C02EF101C02DF12EC10BF92DC10AF965
:1077800009010D6B640E0C6F000163EC0BF002C07D
:107790002EF101C02DF101012EC111F92DC110F9F9
:1077A0000901136B320E126F000185EC17F002C055
:1077B0002EF101C02DF101012E5303E12D5163087B
:1077C00003E22E6B640E2D6F2E517E5D08E303E104
:1077D0002D517D5D04E32EC17EF12DC17DF10001AF
:1077E00018D0010E01012E6F220E2D6F2C6B020E90
:1077F0002B6F306B320E2F6F00010BD001012E6BFF
:10780000910E2D6F2C6B020E2B6F306B640E2F6F51
:1078100000010101AE5309E1AD5307E12E51AC5D0A
:107820000AE303E1AB512D5D06E2AE6BAD6B2EC1F9
:10783000ACF12DC1ABF1AE530FE1AD530DE1AC5145
:107840002C5D0AE303E1AB512B5D06E3AE6BAD6B40
:107850002CC1ACF12BC1ABF100016B51140A07E054
:107860000A0A4CE0360A5CE0780A67E06AD0010157
:10787000A72D35D0A85333E1A95331E1AA532FE105
:10788000000E4FB8010E006ED89000360050036A0B
:107890000F0FE96E010E0320EA6EABC1EFFFACC122
:1078A000ECFF000E4FB8010E006ED890003600506D
:1078B000036A0F0FE96E010E0320EA6EECCFD1F8D8
:1078C000ED52EFCFD0F800017BDC03C0A6F102C07F
:1078D000A5F101C0A4F100C0A3F10FD00101A7518F
:1078E00005080AE1A85308E1A95306E1AA5304E1F7
:1078F000ACC10CF1ABC10BF1000123D0ACC17EF1E6
:10790000ABC17DF17EC1CFF87DC1CEF894DD03C05F
:10791000BAF102C0B9F101C0B8F100C0B7F111D09D
:10792000D8908235036A390FE96E010E0320EA6EA2
:10793000ABC1EFFFACC1ECFF04D0ACC14FF2ABC1A7
:107940004EF212006B51140A07E00A0AD8B4E7D0CD
:10795000360AD8B433D1CED10101A7510208D8A438
:10796000AFD0A853D8A4ACD0A953D8A4A9D0AA53B7
:10797000D8A4A6D0AE530AE1AD5308E1AC510D082E
:107980000BE2FF0A03E1AB51100806E2AE6BAD6BF0
:107990000E0EAC6F100EAB6F4FA80FD0AE530CE1B4
:1079A000AD530AE1AC5308E1AB51010805E3AE6BFE
:1079B000AD6BAC6B010EAB6F0ED0AE530CE1AD53A3
:1079C0000AE1AC5308E1AB51010805E3AE6BAD6BC6
:1079D000AC6B010EAB6F000E4FB8010E006ED8906D
:1079E00000360050036A130FE96E010E0320EA6EA1
:1079F000ABC1EFFFACC1ECFF000E4FB8010E006E43
:107A0000D89000360050036A130FE96E010E032070
:107A1000EA6EECCFCFF8ED52EFCFCEF80801CE539F
:107A200002E1CF5317E0000E4FB8010E036A740F46
:107A3000E96E000E0320EA6EEF5001080BE3000E22
:107A40004FB8010E036A740FE96E000E0320EA6E50
:107A5000010EEF6E000E4FB8010E036A740FE96E4F
:107A6000000E0320EA6EEF5009080BE2000E4FB83B
:107A7000010E036A740FE96E000E0320EA6E0A0E0F
:107A8000EF6E000E4FB8010E006ED8900036005019
:107A9000036A0F0FE96E010E0320EA6EECCFD1F8F6
:107AA000ED52EFCFD0F80001E0ECB8F003C0A6F142
:107AB00002C0A5F101C0A4F100C0A3F12FD00101C3
:107AC000A75106082AE1A85328E1A95326E1AA53A1
:107AD00024E1AE530AE1AD5308E1AC510D080BE2CD
:107AE000FF0A03E1AB51100806E2AE6BAD6B0E0E60
:107AF000AC6F100EAB6FAE530CE1AD530AE1AC535B
:107B000008E1AB51010805E3AE6BAD6BAC6B010E48
:107B1000AB6FACC10EF1ABC10DF10001EBD00101B7
:107B2000A751030849E1A85347E1A95345E1AA53E6
:107B300043E1AE530AE1AD5308E1AC510D080BE24D
:107B4000FF0A03E1AB51100806E2AE6BAD6B0E0EFF
:107B5000AC6F100EAB6FAE530CE1AD530AE1AC53FA
:107B600008E1AB51010805E3AE6BAD6BAC6B010EE8
:107B7000AB6FAEC15BF9ADC15AF9ACC159F9ABC13C
:107B800058F909015F6B5E6B5D6B050E5C6F000160
:107B900025EC0AF001C080F100C07FF17EC1CFF872
:107BA0007DC1CEF848DC03C0BAF102C0B9F101C012
:107BB000B8F100C0B7F1010100019CD00101A7514B
:107BC000030835E1A85333E1A95331E1AA532FE16A
:107BD000AE530AE1AD5308E1AC510D080BE2FF0AC8
:107BE00003E1AB510B0806E2AE6BAD6B0E0EAC6F52
:107BF0000B0EAB6FAE530CE1AD530AE1AC5308E191
:107C0000AB51010805E3AE6BAD6BAC6B010EAB6F16
:107C1000D89000018235036AF70FE96E000E032049
:107C2000EA6EABC1EFFFACC1ECFF64D00101A7511C
:107C3000040833E1A85331E1A9532FE1AA532DE100
:107C4000AE530AE1AD5308E1AC510D080BE2FF0A57
:107C500003E1AB510B0806E2AE6BAD6B0E0EAC6FE1
:107C60000B0EAB6FAB530AE1AC5308E1AD5306E129
:107C7000AE5304E1AE6BAD6BAC6BAB6BD890000157
:107C80008235036AFF0FE96E000E0320EA6EABC176
:107C9000EFFFACC1ECFF2ED00101A751050829E18F
:107CA000A85327E1A95325E1AA5323E1AE5311E1DB
:107CB000AD530FE1AC530DE1AB510201655DD8B09E
:107CC00002D0010106D00101AE6BAD6BAC6B65C299
:107CD000ABF1AE5307E1AD5305E1AC5303E1AB515A
:107CE0003B0805E2AE6BAD6BAC6B3C0EAB6FABC152
:107CF00064F2000112006B511E0810E00101AE5346
:107D000007E1AD5305E1AC5303E1AB510A0805E2CD
:107D1000AE6BAD6BAC6B0A0EAB6F00010101AE53E5
:107D20000CE1AD530AE1AC5308E1AB51010805E3A6
:107D3000AE6BAD6BAC6B010EAB6F00016B51140AF7
:107D400004E00A0AD8B468D0B0D00101A7510308F2
:107D500061E1A8535FE1A9535DE1AA535BE1000E25
:107D60004FB8010E006ED89000360050036A130F12
:107D7000E96E010E0320EA6EECCFCFF8ED52EFCFA3
:107D8000CEF80801CE5302E1CF5310E00101AE530B
:107D90000CE1AD530AE1AC5308E1AB51010805E336
:107DA000AE6BAD6BAC6B010EAB6F0801000E4FB844
:107DB000010E036A740FE96E000E0320EA6EABC178
:107DC000EFFF000E4FB8010E036A740FE96E000E4C
:107DD0000320EA6EEFCF76F0000E4FB8010E006E72
:107DE000D89000360050036A0F0FE96E010E032091
:107DF000EA6EECCFD1F8ED52EFCFD0F80001E0EC15
:107E0000B8F003C0A6F102C0A5F101C0A4F100C002
:107E1000A3F10101000149D00101A75104081DE1AE
:107E2000A8531BE1A95319E1AA5317E1AE530AE184
:107E3000AD5308E1AC5100080BE2FF0A03E1AB517E
:107E40002C0806E2AE6BAD6B010EAC6F2C0EAB6F67
:107E5000ACC1C1F0ABC1C0F019D0A751050816E103
:107E6000A85314E1A95312E1AA5310E1AE5307E15C
:107E7000AD5305E1AC5303E1AB513C0805E2AE6BF9
:107E8000AD6BAC6B3C0EAB6FABC1C2F07EC1CFF83B
:107E90007DC1CEF800011BECBAF003C0BAF102C0FC
:107EA000B9F101C0B8F100C0B7F10101AE530CE166
:107EB000AD530AE1AC5308E1AB51010805E3AE6BE9
:107EC000AD6BAC6B010EAB6F000112000101AE5344
:107ED00007E1AD5305E1AC5303E1AB51010805E205
:107EE000AE6BAD6BAC6B010EAB6FAB530AE1AC5339
:107EF00008E1AD5306E1AE5304E1AE6BAD6BAC6B84
:107F0000AB6B00016B51140A03E00A0A07E00BD0C7
:107F1000579A0101ABB1578A000105D0579C010166
:107F2000ABB1578C000112001B6AF2BE1B8EF29E91
:107F3000CFC879F9CEC878F945EC05F01BBEF28EB2
:107F40000901266BBA0E256F5B0E246F920E236F0C
:107F500003C02AF902C029F901C028F900C027F995
:107F600000016FEC0AF003C0D4F802C0D3F801C0DE
:107F7000D2F800C0D1F8D4C810F9D3C80FF9D2C8CC
:107F80000EF9D1C80DF9A3EC19F003C0D8F802C05E
:107F9000D7F801C0D6F800C0D5F86B51280809E021
:107FA0006B518C0806E06B518D081CE1825103086F
:107FB00019E00801D8530DE1D751020811E2FF0A78
:107FC00008E1D6510C080CE2FF0A03E1D5513F0845
:107FD00007E2D86B030ED76F0D0ED66F400ED56F2C
:107FE00014D000010801D8530AE1D75308E1D65153
:107FF00002080BE2FF0A03E1D551E70806E2D86B5D
:10800000D76B030ED66FE80ED56FD892D8C813F988
:10801000D7C812F9D6C811F9D5C810F90901176BDC
:10802000166B156B190E146F0001DBEC09F003C021
:10803000D8F802C0D7F801C0D6F800C0D5F88251F0
:10804000030810E10801D85307E1D75305E1D653DF
:1080500003E1D551270805E2D86BD76BD66B280E04
:10806000D56F0001D5C800F0D6C801F0D7C802F01E
:10807000D8C803F01200CFC80BF9CEC80AF909011D
:108080000D6B190E0C6F000163EC0BF002C003F0D6
:1080900001500801D35309E1D25307E10350D15DE8
:1080A00016E303E1D051015C12E2CFC80BF9CEC850
:1080B0000AF909010D6B190E0C6F000163EC0BF04E
:1080C0000801D36BD26B02C0D1F801C0D0F8D0C880
:1080D00000F0D1C801F0D2C802F0D3C803F000010B
:1080E00047EFC1F08351010A03E0030A28E06FD093
:1080F0000801CE530AE0F8C0FAF0F7C0F9F000C169
:1081000002F1FFC001F165C066F0D0C0D2F0CFC06F
:10811000D1F059C05AF05DC05EF0DAC0DEF0D9C0CF
:10812000DDF0D8C0DCF0D7C0DBF0EAC0EEF0E9C08B
:10813000EDF0E8C0ECF0E7C0EBF0000148D008013A
:10814000CE5314E0F8C0FAF0F7C0F9F0FAC0FCF032
:10815000F9C0FBF000C102F1FFC001F102C104F15E
:1081600001C103F165C066F066C067F0D0C0D2F00F
:10817000CFC0D1F0D2C0D4F0D1C0D3F059C05AF0A2
:108180005AC05BF05DC05EF05EC05FF0DAC0DEF04A
:10819000D9C0DDF0D8C0DCF0D7C0DBF0DEC0E2F043
:1081A000DDC0E1F0DCC0E0F0DBC0DFF0EAC0EEF003
:1081B000E9C0EDF0E8C0ECF0E7C0EBF0EEC0F2F0A3
:1081C000EDC0F1F0ECC0F0F0EBC0EFF000011200F8
:1081D0006B51140811E10101AE5307E1AD5305E104
:1081E000AC5303E1AB51020805E2AE6BAD6BAC6B77
:1081F000020EAB6F10D000010101AE5307E1AD5389
:1082000005E1AC5303E1AB51010805E2AE6BAD6B88
:10821000AC6B010EAB6FAB530AE1AC5308E1AD534D
:1082200006E1AE5304E1AE6BAD6BAC6BAB6B000122
:108230006B51140A05E03C0A2FE0780A3DE03ED07D
:10824000D8900101AE31AD31AC31AB31E8CF63F044
:1082500000010101AB51010B0701206F36C1CFF8BE
:1082600035C1CEF863C0D0F800015EDE01C038F140
:1082700000C037F138C1CFF837C1CEF80801D36B51
:10828000D26B34C1D1F833C1D0F80001F4D601C0AB
:1082900034F100C033F112D0036A82515D0FE96EF0
:1082A000000E0320EA6EABC1EFFF835304E0080128
:1082B000CE6B000117DF02D0ABC143F212006B514D
:1082C000140A05E03C0A09E0780A1EE022D0010108
:1082D000386B280E376F00011CD08251030805E16E
:1082E0000101386B280E376F0001010138511E085B
:1082F00009E2FF0A03E137513F0804E21F0E386F1D
:10830000400E376F000105D00101386B280E376F22
:1083100000010101AE5309E1AD5307E13851AC5DF5
:108320000AE303E13751AB5D06E3AE6BAD6B38C1D9
:10833000ACF137C1ABF100016B51500811E1010103
:10834000AE530CE1AD530AE1AC5308E1AB51050863
:1083500005E3AE6BAD6BAC6B050EAB6F43D00001AC
:108360006B51280830E10101AE530CE1AD530AE135
:10837000AC5308E1AB51010805E3AE6BAD6BAC6BE0
:10838000020EAB6F0001CD51050803E0CD51060888
:1083900019E10101A7510D0814E1A85312E1A953F5
:1083A00010E1AA530EE1AE530CE1AD530AE1AC5318
:1083B00008E1AB51020805E3AE6BAD6BAC6B030E8D
:1083C000AB6F000110D00101AE530CE1AD530AE1D7
:1083D000AC5308E1AB51040805E3AE6BAD6BAC6B7D
:1083E000050EAB6F00016B51140A06E03C0A1AE05F
:1083F000780AD8B410D224D2AEC15BF9ADC15AF913
:10840000ACC159F9ABC158F909015F6B5E6B5D6B8B
:10841000190E5C6F000125EC0AF001C034F100C0B8
:1084200033F10ED20101A7510D08D8A40ED1A853E3
:10843000D8A40BD1A953D8A408D1AA53D8A405D144
:108440000001CD51050804E0CD510608D8A49ED006
:108450000101AE5307E1AD5305E1AC5303E1AB516C
:1084600002081CE2D8925FC213F95EC212F95DC223
:1084700011F95CC210F90901176B166B156B190E17
:10848000146F0001DBEC09F0010E0801002401016A
:108490002B6F000E0801012001012C6FAE5307E184
:1084A000AD5305E1AC5303E1AB5128081CE2D8926F
:1084B0005FC213F95EC212F95DC211F95CC210F914
:1084C0000901176B166B156B190E146F0001DBECAD
:1084D00009F0280E0801002401012B6F000E08018D
:1084E000012001012C6FAE530AE1AD5308E1AC51FC
:1084F000000821E2FF0A03E1AB5190081CE2D89288
:108500005FC213F95EC212F95DC211F95CC210F9C3
:108510000901176B166B156B190E146F0001DBEC5C
:1085200009F0C80E0801002401012B6F000E08019C
:10853000012001012C6FAE530FE1AD530DE1AC51A1
:108540002C5D0AE303E1AB512B5D06E3AE6BAD6B33
:108550002CC1ACF12BC1ABF1AEC15BF9ADC15AF985
:10856000ACC159F9ABC158F909015F6B5E6B5D6B2A
:10857000190E5C6F000125EC0AF003C063F202C023
:1085800062F201C061F200C060F22AD08251040D93
:10859000F350036AD70FE96E000E0320EA6EEACFAC
:1085A000D1F8E9CFD0F8AEC15BF9ADC15AF9ACC191
:1085B00059F9ABC158F909015F6B5E6B5D6B190E20
:1085C0005C6F000125EC0AF0D1C8EAFFD0C8E9FFD2
:1085D00000C0EFFF01C0ECFF02C0ECFF03C0ECFFE6
:1085E000835304E00801CE6B00017CDD8251030857
:1085F0002AE18251040DF350036AE70F016E000E69
:10860000032201C0CEF803C0CFF800018251040D4F
:10861000F350036AD70FE96E000E0320EA6EEFCF26
:1086200000F0ECCF01F0ECCF02F0ECCF03F0CFC8BC
:10863000EAFFCEC8E9FF00C0EFFF01C0ECFF02C0B7
:10864000ECFF03C0ECFFE4D00101A7510E08D8A451
:10865000E0D0A853D8A4DDD0A953D8A4DAD0AA5327
:10866000D8A4D7D00001CD51050804E0CD510608AB
:10867000D8A49ED00101AE5307E1AD5305E1AC5340
:1086800003E1AB5102081CE2D89263C213F962C243
:1086900012F961C211F960C210F90901176B166B6A
:1086A000156B190E146F0001DBEC09F0010E0801C7
:1086B000005C01012D6F000E0801015801012E6FB1
:1086C000AE5307E1AD5305E1AC5303E1AB512808CC
:1086D0001CE2D89263C213F962C212F961C211F9A5
:1086E00060C210F90901176B166B156B190E146F28
:1086F0000001DBEC09F0280E0801005C01012D6F80
:10870000000E0801015801012E6FAE530AE1AD536E
:1087100008E1AC51000821E2FF0A03E1AB519008E7
:108720001CE2D89263C213F962C212F961C211F954
:1087300060C210F90901176B166B156B190E146FD7
:108740000001DBEC09F0C80E0801005C01012D6F8F
:10875000000E0801015801012E6FAE5309E1AD531F
:1087600007E12E51AC5D0AE303E12D51AB5D06E359
:10877000AE6BAD6B2EC1ACF12DC1ABF1AEC15BF9EF
:10878000ADC15AF9ACC159F9ABC158F909015F6BD8
:108790005E6B5D6B190E5C6F000125EC0AF003C087
:1087A0005FF202C05EF201C05DF200C05CF22AD04E
:1087B0008251040DF350036AE70FE96E000E0320A7
:1087C000EA6EEACFD1F8E9CFD0F8AEC15BF9ADC11E
:1087D0005AF9ACC159F9ABC158F909015F6B5E6B2D
:1087E0005D6B190E5C6F000125EC0AF0D1C8EAFF41
:1087F000D0C8E9FF00C0EFFF01C0ECFF02C0ECFFF2
:1088000003C0ECFF835304E00801CE6B00016ADC77
:108810000101000115D0AEC15BF9ADC15AF9ACC17F
:1088200059F9ABC158F909015F6B5E6B5D6B190EAD
:108830005C6F000125EC0AF001C045F200C044F273
:1088400012006B51140A03E03C0A0CE03AD001011B
:108850002E6B960E2D6F2C6B010E2B6F326B316FC2
:1088600000012FD0D8908235036A630FE96E010EA4
:108870000320EA6EECCF2EF1ED52EFCF2DF1D89020
:108880008235036A6B0FE96E010E0320EA6EECCFAE
:108890002CF1ED52EFCF2BF1CD2D01D009D0CD51E0
:1088A000040806E0CD51060803E0CD51020809E1B5
:1088B000010E01012E6FF40E2D6F2C6B010E2B6F2C
:1088C0000001CD2D01D01FD0CD5104081CE0CD51A9
:1088D000060819E0CD51020816E0AEC15BF9ADC142
:1088E0005AF9ACC159F9ABC158F909015F6B5E6B1C
:1088F00032C15DF931C15CF9000125EC0AF001C01B
:10890000BFF800C0BEF86B511408D8B46FD1CD2D9C
:1089100001D06CD1CD510408D8B468D1CD5106082E
:10892000D8B464D1CD510208D8B460D10801BF5386
:1089300003E1BE51C8081FE2BF5127081CE303E151
:10894000BE51100818E30101326B320E316FBFC8FF
:1089500011F9BEC810F932C113F931C112F9000181
:1089600085EC17F00101AE6BAD6B02C0ACF101C03C
:10897000ABF13BD10801BE51C80834E1BF5332E12D
:108980004EAE18D00101326B320E316FBFC811F9F3
:10899000BEC810F932C113F931C112F9000185ECDA
:1089A00017F00101AE6BAD6B02C0ACF101C0ABF1D1
:1089B00017D008010101326B0A0E316FBFC811F9DF
:1089C000BEC810F932C113F931C112F9000185ECAA
:1089D00017F00101AE6BAD6B02C0ACF101C0ABF1A1
:1089E00004D10801BF5303E1BE51640835E2BF530F
:1089F00033E1BE51C70830E30101AB51030815E173
:108A0000AC5313E1AD5311E1AE530FE131513208D4
:108A10000CE132530AE1AE6BAD6BAC6B130EAB6F76
:108A20000801BF6BBE0EBE6F0101326B0A0E316FC3
:108A3000BFC811F9BEC810F932C113F931C112F91A
:108A4000000185EC17F00101AE6BAD6B02C0ACF11B
:108A500001C0ABF1CAD00801BE51640834E1BF5374
:108A600032E14EAE18D00101326B0A0E316FBFC831
:108A700011F9BEC810F932C113F931C112F9000160
:108A800085EC17F00101AE6BAD6B02C0ACF101C01B
:108A9000ABF117D008010101326B020E316FBFC874
:108AA00011F9BEC810F932C113F931C112F9000130
:108AB00085EC17F00101AE6BAD6B02C0ACF101C0EB
:108AC000ABF193D00801BF5303E1BE51140835E266
:108AD000BF5333E1BE51630830E30101AB510908D4
:108AE00015E1AC5313E1AD5311E1AE530FE1315138
:108AF0000A080CE132530AE1AE6BAD6BAC6B310E80
:108B0000AB6F0801BF6B620EBE6F0101326B020ECC
:108B1000316FBFC811F9BEC810F932C113F931C1A4
:108B200012F9000185EC17F00101AE6BAD6B02C0CC
:108B3000ACF101C0ABF159D00801BE51140834E1C9
:108B4000BF5332E14EAE18D00101326B020E316FCD
:108B5000BFC811F9BEC810F932C113F931C112F9F9
:108B6000000185EC17F00101AE6BAD6B02C0ACF1FA
:108B700001C0ABF117D008010101326B010E316F5A
:108B8000BFC811F9BEC810F932C113F931C112F9C9
:108B9000000185EC17F00101AE6BAD6B02C0ACF1CA
:108BA00001C0ABF122D008010101AB51090814E169
:108BB000AC5312E1AD5310E1AE530EE13151020856
:108BC0000BE1325309E1AE6BAD6BAC6B130EAB6FC7
:108BD0000801BF6BBE6F0101326B010E316FAE6BCE
:108BE000AD6BBFC8ACF1BEC8ABF10001CD2D01D05B
:108BF0008AD0CD510408D8B486D0CD510608D8B457
:108C000082D0CD510208D8B47ED0AEC15BF9ADC1DF
:108C10005AF9ACC159F9ABC158F909015F6B5E6BE8
:108C200032C15DF931C15CF9000125EC0AF003C0E5
:108C3000D1F802C0D0F801C0CFF800C0CEF80801CA
:108C4000D1530DE1D0530BE101012E510801CF5D4D
:108C500019E305E101012D510801CE5D13E32EC199
:108C600011F92DC110F932C113F931C112F9000106
:108C700085EC17F00101AE6BAD6B02C0ACF101C029
:108C8000ABF10801AEC15BF9ADC15AF9ACC159F9FC
:108C9000ABC158F909015F6B5E6B32C15DF931C13F
:108CA0005CF9000125EC0AF003C0D1F802C0D0F84D
:108CB00001C0CFF800C0CEF80801D15322E1D05353
:108CC00020E1CF5101012C5DD8B002D0080119D0AC
:108CD00005E12B510801CE5D14E201012CC111F90F
:108CE0002BC110F932C113F931C112F9000185EC21
:108CF00017F00101AE6BAD6B02C0ACF101C0ABF17E
:108D0000080125D000010101AE5309E1AD5307E18F
:108D10002E51AC5D0AE303E12D51AB5D06E3AE6B72
:108D2000AD6B2EC1ACF12DC1ABF1AE530FE1AD5324
:108D30000DE1AC512C5D0AE303E12B51AB5D06E282
:108D4000AE6BAD6B2CC1ACF12BC1ABF108010001D6
:108D50006B51140A03E03C0A24E03FD1AEC15BF939
:108D6000ADC15AF9ACC159F9ABC158F909015F6BF2
:108D70005E6B32C15DF931C15CF9000125EC0AF08E
:108D800001C036F100C035F136C1CFF835C1CEF89B
:108D900063C0D0F894ECBFF001C038F100C037F1E7
:108DA0001CD1CD2D01D00AD0CD51040807E0CD5102
:108DB000060804E0CD510208D8A4E0D00101A75173
:108DC0000B08D8A46BD0A853D8A468D0A953D8A4B2
:108DD00065D0AA53D8A462D0AE5307E1AD5305E1E4
:108DE000AC5303E1AB5101080AE2010E0201595DE7
:108DF00001012D6F000E02015A5901012E6FAE5371
:108E000007E1AD5305E1AC5303E1AB5114080AE2AD
:108E1000020E0201595D01012D6F000E02015A5927
:108E200001012E6FAE5307E1AD5305E1AC5303E1F1
:108E3000AB5164080AE20A0E0201595D01012D6F6F
:108E4000000E02015A5901012E6FAE5307E1AD53D6
:108E500005E1AC5303E1AB51C8080AE2320E02014E
:108E6000595D01012D6F000E02015A5901012E6F4B
:108E7000AE5309E1AD5307E12E51AC5D0AE303E1C6
:108E80002D51AB5D06E3AE6BAD6B2EC1ACF12DC1C8
:108E9000ABF1ACC158F2ABC157F26ED0A7510C0880
:108EA000D8A46AD0A853D8A467D0A953D8A464D0B2
:108EB000AA53D8A461D0AE5307E1AD5305E1AC533A
:108EC00003E1AB5101080AE2010E0201572501013D
:108ED0002B6F000E0201582101012C6FAE5307E1E8
:108EE000AD5305E1AC5303E1AB5114080AE2020EA5
:108EF0000201572501012B6F000E020158210101CB
:108F00002C6FAE5307E1AD5305E1AC5303E1AB5118
:108F100064080AE20A0E0201572501012B6F000EB8
:108F20000201582101012C6FAE5307E1AD5305E159
:108F3000AC5303E1AB51C8080AE2320E02015725D7
:108F400001012B6F000E0201582101012C6FAE535D
:108F50000FE1AD530DE1AC512C5D0AE303E1AB51E0
:108F60002B5D06E3AE6BAD6B2CC1ACF12BC1ABF14D
:108F7000ACC15AF2ABC159F22FD00001D890823562
:108F8000036ACF0FE96E000E0320EA6EEACFD1F834
:108F9000E9CFD0F8AEC15BF9ADC15AF9ACC159F90E
:108FA000ABC158F909015F6B5E6B32C15DF931C12C
:108FB0005CF9000125EC0AF0D1C8EAFFD0C8E9FF4E
:108FC00000C0EFFF01C0ECFF835305E00801CE6B4A
:108FD000000172ECC0F00101000112007EC10BF92A
:108FE0007DC10AF909010D6B320E0C6F000163ECB3
:108FF0000BF002C003F001501B6AF2BE1B8EF29E02
:109000000901786F02C079F9000145EC05F01BBE3B
:10901000F28E03C0D5F802C0D4F801C0D3F800C066
:10902000D2F803C026F902C025F901C024F900C016
:1090300023F909012A6B296B680E286F840E276FAC
:1090400000016FEC0AF003C0D1F802C0D0F801C0F3
:10905000CFF800C0CEF81B6AF2BE1B8EF29ED1C8BC
:109060007BF9D0C87AF9CFC879F9CEC878F9DBECAA
:1090700005F01BBEF28E02C02CF101C02BF11B6A61
:10908000F2BE1B8EF29ED1C87BF9D0C87AF9CFC848
:1090900079F9CEC878F9DBEC05F01BBEF28E02C080
:1090A00003F001501B6AF2BE1B8EF29E0901786F1D
:1090B00002C079F9000145EC05F01BBEF28ED882A2
:1090C000D1C80FF9D0C80EF9CFC80DF9CEC80CF928
:1090D00003C013F902C012F901C011F900C010F960
:1090E000C4EC19F003C0D5F802C0D4F801C0D3F81D
:1090F00000C0D2F800C000F001C001F002C002F0D0
:1091000003C003F0019E03C0D5F802C0D4F801C02B
:10911000D3F800C0D2F80801E96BE86BE76B7E0E6C
:10912000E66F03C0EDF802C0ECF801C0EBF800C038
:10913000EAF8000121EC2BF046E31B6AF2BE1B8E1D
:10914000F29ED1C87BF9D0C87AF9CFC879F9CEC8D8
:1091500078F9DBEC05F01BBEF28E02C0D3F801C03B
:10916000D2F81B6AF2BE1B8EF29E02C079F901C0D2
:1091700078F945EC05F01BBEF28ED89203C00FF9CA
:1091800002C00EF901C00DF900C00CF90901136B02
:10919000126B116B7E0E106F0001C4EC19F01B6A8C
:1091A000F2BE1B8EF29E03C07BF902C07AF901C0A9
:1091B00079F900C078F9DBEC05F01BBEF28E02C035
:1091C0002CF101C02BF101012C5306E12B510308B6
:1091D00003E32C6B040E2B6FAE5307E1AD5305E197
:1091E000AC5303E1AB51C80805E2AE6BAD6BAC6BA1
:1091F000C80EAB6FAE530FE1AD530DE1AC512C5D1A
:109200000AE303E12B51AB5D06E2AE6BAD6B2CC103
:10921000ACF12BC1ABF1AEC1EBF8ADC1EAF8ACC11A
:10922000E9F8ABC1E8F8000153EC0AF01B6AF2BEA2
:109230001B8EF29E03C07BF902C07AF901C079F956
:1092400000C078F909017F6B7E6B7D6B7E0E7C6FB1
:10925000000160EC05F01BBEF28E03C0C6F002C038
:10926000C5F001C0C4F000C0C3F01B6AF2BE1B8E83
:10927000F29EC6C07BF9C5C07AF9C4C079F9C3C0F3
:1092800078F9DBEC05F01BBEF28E02C0D3F801C00A
:10929000D2F802C00BF901C00AF909010D6B3A0EB0
:1092A0000C6F000163EC0BF002C02EF101C02DF138
:1092B00001012E51020824E2FF0A03E12D51E708C3
:1092C0001FE22EC111F92DC110F90901136B640EB3
:1092D000126F000185EC17F002C02EF101C02DF1D4
:1092E0002EC10BF92DC10AF909010D6B640E0C6F2B
:1092F000000163EC0BF002C02EF101C02DF1010161
:109300002EC111F92DC110F90901136B320E126F24
:10931000000185EC17F002C02EF101C02DF1010112
:109320002E5303E12D51630803E22E6B640E2D6F63
:109330002E517E5D08E303E12D517D5D04E32EC1D6
:109340007EF12DC17DF10001A0EFCDF06C51280818
:1093500007E00101AE6BAD6BAC6B82C0ABF10001FD
:1093600087A120D00101AB530BE1AC5309E1AD5310
:1093700007E1AE5305E1AE6BAD6BAC6B010EAB6FAD
:10938000000187A30FD00101AB2D0BD0AC5309E135
:10939000AD5307E1AE5305E1AE6BAD6BAC6B020EA6
:1093A000AB6F000187A32BD00101AB2D27D0AC53AD
:1093B00025E1AD5323E1AE5321E1AE5309E1AD53B5
:1093C00007E1AC5305E1AB510001825D07E2010109
:1093D000AE6BAD6BAC6B020EAB6F00010101AE5317
:1093E0000DE1AD530BE1AC5309E1000182510101E4
:1093F000AB5D04E2AE6BAD6BAC6BAB6B000187A5F4
:1094000020D00101AB5102080BE1AC5309E1AD538F
:1094100007E1AE5305E1AE6BAD6BAC6B010EAB6F0C
:10942000000187A30ED00101AB2D0AD0AC5308E197
:10943000AD5306E1AE5304E1AE6BAD6BAC6BAB6B01
:1094400000010101AE5307E1AD5305E1AC5303E167
:10945000AB51030805E2AE6BAD6BAC6B030EAB6FAB
:10946000000187A11CD00101AB510308D8B402D080
:10947000000115D0AC53D8B402D0000110D0AD53C8
:10948000D8B402D000010BD0AE53D8B402D0000142
:1094900006D0AE6BAD6BAC6B020EAB6F000187A755
:1094A0001BD00101AB53D8B402D0000115D0AC538E
:1094B000D8B402D0000110D0AD53D8B402D000010E
:1094C0000BD0AE53D8B402D0000106D0AE6BAD6B5A
:1094D000AC6B010EAB6F00010101AB51006EAC51E2
:1094E000036E035004E10052000117E00101035034
:1094F00005E1010E005C000113E00101035005E1EC
:10950000020E005C00010EE00101035005E1030EB4
:10951000005C000109E001010AD04F9E010107D063
:10952000010105D0010103D04F8E836B0101ABC156
:1095300082F0000111EFCEF00101AB530AE1AC5310
:1095400008E1AD5306E1AE5304E1AE6BAD6BAC6B1D
:10955000AB6BAE5307E1AD5305E1AC5303E1AB5147
:10956000050805E2AE6BAD6BAC6B060EAB6F000190
:10957000875306E00101AE6BAD6BAC6BAB6B0001CA
:10958000ABC1CDF014EFCEF00101AE5307E1AD5306
:1095900005E1AC5303E1AB51640805E2AE6BAD6B82
:1095A000AC6B640EAB6FAB530BE1AC5309E1AD5345
:1095B00007E1AE5305E1AE6BAD6BAC6B010EAB6F6B
:1095C000036A00018251650FE96E000E0320EA6E06
:1095D000ABC1EFFF23EFCEF00101AE5311E1AD536C
:1095E0000FE1AC530DE1AB510201665DD8B002D082
:1095F000010106D00101AE6BAD6BAC6B66C2ABF185
:10960000AE5309E1AD5307E1AC5305E102016751E7
:109610000101AB5D05E3AE6BAD6BAC6B67C2ABF14B
:10962000D89000018235036A390FE96E010E0320DC
:10963000EA6EECCFCFF8ED52EFCFCEF8D89008011C
:10964000CF31036ECE31026E016E0101AE5309E1DE
:10965000AD5307E10350AC5D1EE303E10150AB5D88
:109660001AE3D89000018235036A390FE96E010EC2
:109670000320EA6EECCFCFF8ED52EFCFCEF8D890C2
:109680000101AE6BAD6B0801CF310101AC6F080178
:10969000CE310101AB6FABC15BF200012AEFCEF01E
:1096A0000101AE5307E1AD5305E1AC5303E1AB510A
:1096B000010805E2AE6BAD6BAC6B010EAB6FAB534B
:1096C0000AE1AC5308E1AD5306E1AE5304E1AE6BE1
:1096D000AD6BAC6BAB6BAB5306E1AC5304E1AD537C
:1096E00002E1AE530BE0036A000182515D0FE96EA7
:1096F000000E0320EA6E010EEF6E010100016B51B6
:10970000280A01E010D0036A8251590FE96E000E59
:109710000320EA6EABC1EFFF835305E00801CE6B77
:10972000000172ECC0F034EFCEF00101A751006EE1
:10973000A851036E035005E1020E005C000125E014
:109740000101035005E1030E005C000127E0010167
:10975000035005E1040E005C000129E00101035003
:1097600005E1050E005C00012BE00101035005E15D
:10977000060E005C00012EE00101035005E1070E1A
:10978000005C000130E0010136D00801CF6B010E12
:10979000CE6FD16BC80ED06F01012DD00801CF6BF9
:1097A000010ECE6FD16B140ED06F010124D00801D1
:1097B000CF6B010ECE6FD16B0A0ED06F01011BD0A3
:1097C0000801CF6B320ECE6F0F0ED16FA00ED06F8F
:1097D000010111D00801CF6B010ECE6FD16B320E9B
:1097E000D06F010108D00801CF6B010ECE6FD16B95
:1097F000280ED06F0101AE5319E1AD5317E1AC5102
:109800000801CF5DD8B002D0010110D008E10101FC
:10981000AB510801CE5DD8B002D0010107D00101E3
:10982000AE6BAD6BCFC8ACF1CEC8ABF1AE530DE1B2
:10983000AD530BE10801D1510101AC5D0CE305E131
:109840000801D0510101AB5D06E3AE6BAD6BD1C831
:10985000ACF1D0C8ABF1A751006EA851036E035014
:1098600005E1020E005C000125E00101035005E165
:10987000030E005C000124E00101035005E1040E29
:10988000005C000121E00101035005E1050E005CD0
:1098900000011EE00101035005E1060E005C00011D
:1098A0001DE00101035005E1070E005C00011AE014
:1098B00001011BD0ACC147F2ABC146F2010115D08A
:1098C000ABC148F2010111D0ABC149F201010DD089
:1098D000ACC14BF2ABC14AF2010107D0ABC14CF2B3
:1098E000010103D0ABC14DF20101000198EFCEF0B0
:1098F0006C515A0807E00101AE6BAD6BAC6BCEC08A
:10990000ABF100010101AE5307E1AD5305E1AC53EA
:1099100003E1AB51030805E2AE6BAD6BAC6B030E1C
:10992000AB6FAB530AE1AC5308E1AD5306E1AE5364
:1099300004E1AE6BAD6BAC6BAB6BABC1CEF00001B9
:10994000ACEFCEF06B510A0A0FE01E0A3FE00A0AA4
:10995000D8B4B0D0360AD8B4F6D0780AD8B497D1F3
:109960000A0AD8B4ECD1FAD10101A751006EA8516E
:10997000036E035004E10052000117E0010103509F
:1099800005E1010E005C000114E00101035005E156
:10999000020E005C000111E00101035005E1030E1D
:1099A000005C00010EE001010FD002EFB7F00101F1
:1099B0000BD05BEFB7F0010107D0D6EFB7F0010194
:1099C00003D065EFB8F001010001C8D10101A75132
:1099D000006EA851036E035004E10052000141E003
:1099E0000101035005E1010E005C00013EE00101B0
:1099F000035005E1020E005C00013BE00101035051
:109A000005E1030E005C000138E00101035005E1AF
:109A1000040E005C000135E00101035005E1050E74
:109A2000005C000132E00101035005E1060E005C1C
:109A300000012FE00101035005E1070E005C000169
:109A40002CE00101035005E1080E005C000129E053
:109A50000101035005E1090E005C000126E001014F
:109A600027D0B1EFB8F0010123D044ECBBF00101E5
:109A70001FD0A2ECBCF001011BD07BECBEF00101B9
:109A800017D066ECBFF0010113D044ECBBF001012C
:109A90000FD0A2ECBCF001010BD0E8ECC0F001014A
:109AA00007D05FECC1F0010103D021ECC4F001014B
:109AB000000154D10101A751006EA851036E03505B
:109AC00005E1010E005C000125E00101035005E104
:109AD000020E005C000122E00101035005E1030ECB
:109AE000005C00011FE00101035005E1040E005C71
:109AF00000011CE00101035005E1050E005C0001BE
:109B000019E00101035005E1060E005C000116E0BA
:109B1000010117D044ECBBF0010113D066ECBFF09B
:109B200001010FD0A2ECBCF001010BD07BECBEF028
:109B3000010107D07BECBEF0010103D0EEEFC7F0CE
:109B4000010100010BD10101A751006EA851036E64
:109B5000035006E1010E005C0001D8B460D00101A1
:109B6000035006E1020E005C0001D8B45CD0010194
:109B7000035006E1030E005C0001D8B457D0010188
:109B8000035006E1040E005C0001D8B453D001017B
:109B9000035005E1050E005C000150E00101035097
:109BA00005E1060E005C00014DE00101035005E1F6
:109BB000070E005C000149E00101035005E1080EB9
:109BC000005C000146E00101035005E1090E005C64
:109BD000000142E00101035005E10A0E005C0001B2
:109BE00042E00101035005E10B0E005C00013EE084
:109BF0000101035005E10C0E005C00013BE0010196
:109C0000035005E10D0E005C000138E00101035036
:109C100005E10E0E005C000135E0010136D0A6EF33
:109C2000C9F0010132D088D401012FD0A2ECBCF0E0
:109C300001012BD0A2ECBCF0010127D0A2ECBCF0BA
:109C4000010123D0A1D4010120D044ECBBF00101DB
:109C50001CD0C2D4010119D08251030802E0E8EC03
:109C6000C0F0010112D01CD501010FD021ECC4F0CD
:109C700001010BD021ECC4F0010107D05FECC1F071
:109C8000010103D05FECC1F00101000167D06C510C
:109C9000B408D8B453D00101A751006EA851036E87
:109CA000035004E1005200013AE00101035005E1D4
:109CB000010E005C000137E00101035005E1020ED6
:109CC000005C000134E00101035005E1030E005C7B
:109CD00000012DE00101035005E1040E005C0001CC
:109CE00026E00101035005E1050E005C00011FE0C4
:109CF0000101035005E1060E005C000118E00101BE
:109D0000035005E1070E005C000111E00101035062
:109D100005E1080E005C00010DE001010ED0E8EC49
:109D2000C0F001010AD05FECC1F0010106D0FDD402
:109D3000010103D044ECBBF0010100010FD001018F
:109D4000A751006EA851036E035004E100520001B8
:109D500002E0010102D0CCD501010001AEC1B2F197
:109D6000ADC1B1F1ACC1B0F1ABC1AFF17CEFE6F088
:109D70004FA224D06B518D0821E164531FE04F9214
:109D800001019A6B996B986B976B82C09DF787C0A6
:109D90009CF7D89000018235036A390FE96E010EF5
:109DA0000320EA6EECCF9FF7ED52EFCF9EF708014C
:109DB000090E0901006F00015CEC38F083EFE6F05A
:109DC0004FA215D06B51B50812E1645310E04F92C9
:109DD00001019A6B996B986B976B4EC21CF84FC23E
:109DE0001DF80B0E0901006F00015CEC38F08AEFE2
:109DF000E6F04FA22DD06B5179082AE1645328E098
:109E00004F9201019A6B996B986B976B000E4FB84C
:109E1000010E006ED89000360050036A0F0FE96EF5
:109E2000010E0320EA6EECCF6DF8ED52EFCF6CF827
:109E300008010BC16EF80CC16FF861C070F8CE6BF1
:109E4000CEC871F8070E0901006F00015CEC38F014
:109E500091EFE6F04FA220D06B5183081DE16453CF
:109E60001BE04F9201019A6B996B986B976B7DC1C8
:109E70006CF87EC16DF80801CF6BCE6BCEC86EF862
:109E80006F6BCE6BCEC870F81EC771F8070E090154
:109E9000006F00015CEC38F098EFE6F00801CE6B43
:109EA000CF6BD09186A62FD14FC7D1F80701505163
:109EB0000801D15DD8B019D10001A8EC07F0070165
:109EC0000881036A0801D151270FE96E070E0320AC
:109ED000EA6EEF500508D8A0F6D0036AD151270FDB
:109EE000E96E070E0320EA6EEF500408D8A4D4D020
:109EF0000001A6534EE0036A0801CE51A10FE96E9E
:109F0000000E0320EA6EEF50D15D28E182C08AF096
:109F1000036ACE519C0FE96E000E0320EA6EEFCF6C
:109F200082F0036AD151270FE96E070E0320EA6E13
:109F3000EFCFD4F8036AD1513B0FE96E070E03202F
:109F4000EA6EEFCFD5F800014BEC74F082C0CFF889
:109F50008AC082F00801CE2BD09119D0036AD1516A
:109F6000270FE96E070E0320EA6EEFCFD4F8036ADD
:109F7000D1513B0FE96E070E0320EA6EEFCFD5F803
:109F800000014BEC74F082C0CFF80801D0811BD0E7
:109F90000001036A0801D151270FE96E070E032063
:109FA000EA6EEFCFD4F8036AD1513B0FE96E070E8A
:109FB0000320EA6EEFCFD5F800014BEC74F082C0BD
:109FC000CFF80801D081036AD1513B0FE96E070E2B
:109FD0000320EA6EEF50BB080AE0036AD1513B0F41
:109FE000E96E070E0320EA6EEF50AF0854E158AC5B
:109FF00007D00001E4EC50F0B40E6B6F4AD00801BA
:10A0000058AE07D0000144EC53F0780E6B6F41D08E
:10A0100008014FAA06D00001D0EC53F0780E6B6F08
:10A0200038D00601F7A107D00001B9EC52F0820E3A
:10A030006B6F2FD00601F7AB0ED0000128EC51F06A
:10A040008BEC51F0EEEC51F00601F79B8C0E000109
:10A050006B6F1FD006010801CF51FC0F15E2040FF2
:10A06000000186EFD0F028EC51F008010DD08BEC08
:10A0700051F0080109D0EEEC51F0080105D028ECB0
:10A0800051F0080101D00801D0A104D08C0E0001CC
:10A090006B6F0801579416D0036AD151270FE96EF0
:10A0A000070E0320EA6EEFCFD4F8036AD1513B0FBD
:10A0B000E96E070E0320EA6EEFCFD5F800014BECF6
:10A0C00074F008010DD0036AD151270FE96E070E15
:10A0D0000320EA6EEFCFD3F80001A9EC72F008017B
:10A0E00007014F2B0801D12BE1D6070108915051F0
:10A0F0004F5D05E300015BEC08F0A66B070156AA73
:10A1000001D0569A080100019FEFE6F0E824F76AB3
:10A11000F7362D0FF66EA10EF722010EF86EFB6ECC
:10A120000A00F550FA6E0800F550F96E66A06EA0B0
:10A1300076A07EA0F86AA292F09CF190A59AF19286
:10A14000D29AD29CD08E078E140E006E100E016E25
:10A15000020EE96E000EEA6EEE6A002EFDD7012EA9
:10A16000FBD7700ED36E400E9B6E646A336A6586B1
:10A17000820EAF6E060ED46EA60EAC6E900EAB6E57
:10A180000F0120878A0E1E6F000E1F6FA60E216F13
:10A19000900E226F120E4B6E7F0E4A6E4D6A4C6A05
:10A1A0004E904E924E944E964E984E9A4E9C4E8E97
:10A1B0004F904F924F944F964F984F9A4F9C4F9E6F
:10A1C00051905192519451965198519A519C519E4F
:10A1D00054905492549454865498549A549C549E37
:10A1E00056905692569456965698569A569C569E07
:10A1F00057905792579457965798579A579C578EFF
:10A20000589058920001616B626B010E636F646B32
:10A21000696B6A6B6B6B6C6B6D6B6E6B6F6B640EEB
:10A22000706F736B050E766F776B786B796B7A6BEB
:10A230000F0E7B6F190E7C6F7D6B7E6B826B836B59
:10A24000866B876B886B896B8A6B8B6B8C6B8D6B6A
:10A250008E6B58943E0E8F6FA66BBF6BC16B0A0E50
:10A26000C06F140EC26FC66BC56B0C0EC46F840E2C
:10A27000C36FC76BC86BC96BCA6BCB6BCC6BCD6B39
:10A28000CE6B0101086B076B0A6B020E096F0C6B3A
:10A290000A0E0B6F010E0E6FE00E0D6F186B176B31
:10A2A0001A6B196B1C6B1B6B1E6B1D6B206B1F6B72
:10A2B000226B216B2C6B2B6B2E6B2D6B306B320E4C
:10A2C0002F6F326B010E316F030E346F200E336F20
:10A2D000366B960E356F1F0E386F400E376F426B20
:10A2E000416B010E446FF40E436F010E466FF40E86
:10A2F000456F566B556B586B576B5A6B596B5C6B54
:10A300005B6B5E6B5D6B606B5F6B626B616B7C6BE1
:10A310007B6B7E6B280E7D6F040E806FB00E7F6F9F
:10A32000846B836B826B816B866B856B886B876BB1
:10A330008A6B896B8C6B8B6B8E6B8D6B926B916B5D
:10A34000906B8F6B966B956B946B936B9A6B996B11
:10A35000986B976B9E6B9D6B9C6B9B6BA26BA16BC1
:10A36000A06B9F6BA66BA56B030EA46FE80EA36F8B
:10A37000AA6BA96BA86BA76BAE6BAD6BAC6BAB6B31
:10A38000B26BB16BB06BAF6BB66BB56BB46BB36BE1
:10A39000BA6BB96BB86BB76BBE6BBD6BBC6BBB6B91
:10A3A000C26BC16BC06BBF6BC66BC56BC46BC36B41
:10A3B000CA6BC96BC86BC76BCE6BCD6BCC6B640EB5
:10A3C000CB6FD26BD16BD06BCF6BD66BD56BD46BA5
:10A3D000D36BDA6BD96BD86BD76B02013E6B426BD8
:10A3E000416B406B3F6B010E436F456FF40E446F42
:10A3F000476B040E466F0A0E486F496F4B6BC80ED1
:10A400004A6F280E4C6F0A0E4D6F4F6B020E4E6F47
:10A41000516B0A0E506F556B546B536B910E526F0C
:10A420005896566B586B0A0E576F5A6B320E596F0F
:10A43000050E5B6F5F6B5E6B5D6B320E5C6F636B0B
:10A44000626B030E616FE80E606F1E0E646F656BCA
:10A45000010E666F910E676F6F6B6E6B716B706B39
:10A46000736B726B756B746B776B766B796B786BE8
:10A470007D6B7C6B7B6B7A6B816B806B7F6B7E6B98
:10A48000856B846B836B826B170E0501E66F1E0E66
:10A49000E76FEB6BEA6BE96BE86B0601F46BF56B4E
:10A4A000F66B5898589A589C589EF791F793F86B0A
:10A4B000F795F797F799FA6BF96BFE6BFD6BFC6BF1
:10A4C000FB6BFF6BF79BF79DF79F0701076B0891ED
:10A4D0001E6B08931F6B206B216B226B0801C16BF5
:10A4E000C06B000E0F01236F246F256FC196C198BA
:10A4F000C19A2E6B2F6B546B67D0070034485720DE
:10A50000312E330008003F465720312E30300001F5
:10A51000005000020052000001005500084059019F
:10A5200004006505010101020074010103007F00C0
:10A530000000020084FF900A409C001840A70031F0
:10A5400000CF6400960002000A00FA000000C80074
:10A550000000FA000000FA000000FA000000C80045
:10A560000000FA000000FA0000000500C800C00367
:10A57000C8003707C00008010F070007005000504F
:10A5800000084123000801390A0014000A000C00E9
:10A590000E01470A0014001E00100E280032003C75
:10A5A000000F0163E803E803E803E803010001008A
:10A5B00001000109C000FF428600FFC000FFC0008B
:10A5C00063C0000747000000010EF86EA40EF76E8E
:10A5D000FA0EF66E0900F550006E000A13E009004D
:10A5E000F550016EE8BE05D00F0BEA6E0900F5CFFD
:10A5F000E9FF01BC090001AC0900F5CFEEFF004EF8
:10A60000E9D7F9D7F86AD0B608D00A0E0801D66F94
:10A610000001C0EC07F056800F010400020EEA6E44
:10A62000860EE96E036A000E026E260E016E900E13
:10A63000EF6E01C0ECFF02C0ECFF03C0ECFF020EA6
:10A64000EA6EAE0EE96E036A000E026E2B0E016E0C
:10A65000D60EEF6E01C0ECFF02C0ECFF03C0ECFFB2
:10A66000030EEA6E260EE96E036A000E026E370EC6
:10A67000016E4E0EEF6E01C0ECFF02C0ECFF03C096
:10A68000ECFF030EEA6EC60EE96E036A000E026E60
:10A69000580E016ED00EEF6E01C0ECFF02C0ECFF51
:10A6A00003C0ECFF030EEA6EEE0EE96E036A000EC5
:10A6B000026E6C0E016E460EEF6E01C0ECFF02C022
:10A6C000ECFF03C0ECFF030EEA6EF20EE96E036AC4
:10A6D000000E026E6C0E016EB00EEF6E01C0ECFF4C
:10A6E00002C0ECFF03C0ECFF030EEA6EF60EE96E4B
:10A6F000036A000E026E6D0E016E8E0EEF6E01C0CB
:10A70000ECFF02C0ECFF03C0ECFF040EEA6EB60ED5
:10A71000E96E036A000E026E750E016EC20EEF6ED8
:10A7200001C0ECFF02C0ECFF03C0ECFF040EEA6EB8
:10A73000BA0EE96E036A000E026E750E016EC20E4D
:10A74000EF6E01C0ECFF02C0ECFF03C0ECFF040E93
:10A75000EA6EBE0EE96E036A000E026E750E016EA1
:10A76000C20EEF6E01C0ECFF02C0ECFF03C0ECFFB5
:10A77000040EEA6EC20EE96E036A000E026E750EDA
:10A78000016EC20EEF6E01C0ECFF02C0ECFF03C011
:10A79000ECFF050EEA6E560EE96E036A000E026EBD
:10A7A0008F0E016E7E0EEF6E01C0ECFF02C0ECFF5B
:10A7B00003C0ECFF050EEA6E5A0EE96E036A000E46
:10A7C000026E8F0E016E7E0EEF6E01C0ECFF02C0B6
:10A7D000ECFF03C0ECFF050EEA6E620EE96E036A41
:10A7E000000E026E8F0E016E7E0EEF6E01C0ECFF4A
:10A7F00002C0ECFF03C0ECFF050EEA6EA60EE96E88
:10A80000036A000E026E950E016EFC0EEF6E01C023
:10A81000ECFF02C0ECFF03C0ECFF050EEA6EAA0ECF
:10A82000E96E036A000E026E970E016E780EEF6EEF
:10A8300001C0ECFF02C0ECFF03C0ECFF050EEA6EA6
:10A84000B60EE96E036A000E026E990E016EEE0EF0
:10A85000EF6E01C0ECFF02C0ECFF03C0ECFF050E81
:10A86000EA6EBA0EE96E036A000E026EA80E016E61
:10A87000880EEF6E01C0ECFF02C0ECFF03C0ECFFDE
:10A88000050EEA6EBE0EE96E036A000E026EA90E98
:10A89000016E6A0EEF6E01C0ECFF02C0ECFF03C058
:10A8A000ECFF050EEA6EC20EE96E036A000E026E40
:10A8B000A90E016EFC0EEF6E01C0ECFF02C0ECFFB2
:10A8C00003C0ECFF080E256F246B010E236F81CFB0
:10A8D0006EF0F290F292F288F19CF296C00EF212B3
:10A8E000B59CB59EC050C00B0709C06EC08EC2801B
:10A8F000010E236F000E246F080E256FC196C188CC
:10A90000C18A0D0E926E896A7F0E936E8A6A8B6A77
:10A91000200E956E8C6A830E966E8D6A7D0E976EF4
:10A920008E6AF40E986E8F6A0801E56B110EE66F61
:10A93000000141EC08F00801E56B040EE66F000130
:10A9400041EC08F00801E56B050EE66F000141ECF3
:10A9500008F0C69AAB9E0F01229F4E80C290000164
:10A960005BEC08F0F40E986E8F90D3CF00F0D19E80
:10A97000D39E030000C0D3FF4EA003D04EBA01D037
:10A98000EFD7F40E986E8F8056961B6AF2BE1B8E20
:10A99000F29E09016F6B000153EC03F01BBEF28EB7
:10A9A00056880601F46BC69AAB9E0F01229F7C0E5F
:10A9B000D36E400E9B6E0400F296D80E9412980E41
:10A9C00094169882F40E986E8F80AB8E228F266933
:10A9D000010E0801E56F110EE66F000141EC08F071
:10A9E0001B6AF2BE1B8EF29E010E0901766FF40EF9
:10A9F000756F000156EC06F01BBEF28EC050C00B06
:10AA00000709C06EC08EC280010E0F01236F000EB9
:10AA1000246F080E256FC196C188C18AC280000EBE
:10AA20000609CA6EF90ECB6E000133EF09F0B06A69
:10AA3000070EB16EB36AB26A0101D66BD56BD46BE7
:10AA4000D36B780E05090F01336FFA0E346FBA9A83
:10AA5000B98A3385830E966E8D9A0C0E6E6E3F0EFC
:10AA60002C17000E2C131B6AF2BE1B8EF29E0AC11D
:10AA700079F909C178F9000145EC05F01BBEF28EA9
:10AA80001B6AF2BE1B8EF29E03C07BF902C07AF9EC
:10AA900001C079F900C078F909017F6B7E6B100E57
:10AAA0007D6F810E7C6F000160EC05F01BBEF28EA5
:10AAB0001B6AF2BE1B8EF29E03C07BF902C07AF9BC
:10AAC00001C079F900C078F9DBEC05F01BBEF28E0D
:10AAD00002C0CFF801C0CEF80801CF33CE33CF3358
:10AAE000CE33CF33CEC86FFFCF33CF31300B006EB4
:10AAF0006E50CF0B00106E6EC26BC25102081FE386
:10AB00008B8A1B6AF2BE1B8EF29E0901766B7D0E4C
:10AB1000756F000156EC06F01BBEF28E8B9A1B6A15
:10AB2000F2BE1B8EF29E0901766B7D0E756F0001E1
:10AB300056EC06F01BBEF28E0801C22BDED70001D8
:10AB40008BEF09F01B6AF2BE1B8EF29E0901766B39
:10AB5000640E756F000156EC06F01BBEF28E090103
:10AB6000646B010E636FFB0E626FD00E616F0001AC
:10AB7000B9EC09F001018E6B01C08DF18DC18EF130
:10AB80008D6B0901646B010E636FFB0E626FD10E5A
:10AB9000616F0001B9EC09F0015001018D13010E44
:10ABA0000801E56F040EE66F000141EC08F01B6A36
:10ABB000F2BE1B8EF29E010E0901766FF40E756FC8
:10ABC000000156EC06F01BBEF28E0C0E016EC25058
:10ABD000830B0110C26E000E016EC150F80B011004
:10ABE000C16EC2B2FED7C282C2B2FED7C4CFD0F10C
:10ABF0000101C3CFCFF1D16BD26BC2B2FED7D26B02
:10AC0000D16BD06BCF6B0801C36BC3510E081EE331
:10AC10000C0E016EC250830B0110C26E000E016E4D
:10AC2000C150F80B0110C16EC2B2FED7C282C2B2CF
:10AC3000FED7C3500101CF27C450D023000ED1232B
:10AC4000D223C2B2FED70801C32BDFD7D892D2C11C
:10AC500013F9D1C112F9D0C111F9CFC110F909010D
:10AC6000176B166B156B0F0E146F0001DBEC09F000
:10AC700003C0D2F102C0D1F101C0D0F100C0CFF1C8
:10AC8000D2C15BF9D1C15AF9D0C159F9CFC158F934
:10AC900009015F6B5E6B8EC15DF98DC15CF90001CE
:10ACA00025EC0AF003C0D1F802C0D0F801C0CFF8FB
:10ACB00000C0CEF803C0EBF802C0EAF801C0E9F822
:10ACC00000C0E8F853EC0AF003C026F902C025F9E9
:10ACD00001C024F900C023F909012A6B296B286BF4
:10ACE0008B0E276F00016FEC0AF01B6AF2BE1B8E01
:10ACF000F29E03C07BF902C07AF901C079F900C065
:10AD000078F9DBEC05F01BBEF28E02C07CF101C0CD
:10AD10007BF101017C51090805E2FF0A0AE17B5140
:10AD2000BE0807E37C51080816E303E17B51C9081C
:10AD300012E3010E0801CE6F00011EEC0BF03CEC9B
:10AD40000BF0030E0801D66F0001C0EC07F02EECEB
:10AD500055F006D60101010E0801E56F050EE66FFC
:10AD6000000141EC08F01B6AF2BE1B8EF29E010E40
:10AD70000901766FF40E756F000156EC06F01BBEEC
:10AD8000F28E0AEC56F0015211E1010E0801CE6F6D
:10AD900000011EEC0BF03CEC0BF0040E0801D66F2A
:10ADA0000001C0EC07F02EEC55F0DAD5040082A6C5
:10ADB00002D082B812D0060ECA6F0801D66F000109
:10ADC000C0EC07F0010E0801CE6F00011EEC0BF085
:10ADD0003CEC0BF02EEC55F0C3D5C68A7F0EC86E46
:10ADE000280EC66EC78EC79C678A0801CE6BCF6BD4
:10ADF000D06B010ED16F000116EF56F054AE13D098
:10AE0000549E060ECA6F0801D66F0001C0EC07F011
:10AE1000010E0801CE6F00011EEC0BF03CEC0BF0B4
:10AE20002EEC55F09DD50801F26BF36BF46B010E1F
:10AE3000F56F0001D5EC4FF0780E06090F01306F69
:10AE4000320E316F830E966E8D980C0E466FFC0E8F
:10AE50002B17000E2B13040E2E6F2F6F546F6F6A7B
:10AE60006E50CF0B6E6E0801CF6B7BC0CEF8CFC893
:10AE70000BF97BC00AF909010D6B0A0E0C6F00017A
:10AE800063EC0BF002C0CFF801C0CEF80801CF335D
:10AE9000CE33CF33CE33CF33CEC847FFCF33CF31CE
:10AEA000300B006E0F014651CF0B0010466FF40EB1
:10AEB000986E8F900400000181EF56F01B6AF2BE7D
:10AEC0001B8EF29E09016F6B000153EC03F01BBE59
:10AED000F28E0801C56B490EC46FC76B580EC66F62
:10AEE000090ED06F190ED16FC5C8D3F8C4C8D2F8F7
:10AEF000C7C8D5F8C6C8D4F8000107EF59F093EFDA
:10AF00005AF0015202E054AE38D0549E060ECA6F79
:10AF10000801D66F0001C0EC07F0CF0E6B6F09017E
:10AF20000B6B6BC00AF90D6B040E0C6F000163EC28
:10AF30000BF002C003F00150860F006E020E0220DB
:10AF4000016E026AD8B0002A036A02C0D0F8E8CFC6
:10AF5000CFF800C0CEF8EA6E00C0E9FF23EC01F0A4
:10AF600001C07EF0010E0801CE6F00011EEC0BF057
:10AF70003CEC0BF02EEC55F0F3D4830E966E8D8CDA
:10AF80000400EAEC53F00400010E0801E56FE66FDF
:10AF9000000141EC08F01B6AF2BE1B8EF29E010E0E
:10AFA0000901766FF40E756F000156EC06F01BBEBA
:10AFB000F28E08EC5BF0015211E1010E0801CE6F38
:10AFC00000011EEC0BF03CEC0BF0050E0801D66FF7
:10AFD0000001C0EC07F02EEC55F0C2D40801E56B7F
:10AFE000010EE66F000141EC08F0A38AC00EF212D8
:10AFF000040085BA01D0578214EF5BF081BA50D0BB
:10B000008B808B8A010E0801CE6F00011EEC0BF0C5
:10B0100088EC0BF01B6AF2BE1B8EF29E640E0901D7
:10B02000796F000141EC06F01BBEF28E3BEC5BF049
:10B03000015236E13CEC0BF0090ECA6F0801D66FE5
:10B040000001C0EC07F0CF0E6B6F09010B6B6BC0FA
:10B050000AF90D6B040E0C6F000163EC0BF002C0DB
:10B0600003F00150860F006E020E0220016E026A8C
:10B07000D8B0002A036A02C0D0F8E8CFCFF800C0E9
:10B08000CEF8EA6E00C0E9FF23EC01F001C07EF0CB
:10B0900081BA02D00400FCD78B908B9A88EC0BF01D
:10B0A000F298F29CF29EF2BEFDD781BA02D03EEF3A
:10B0B0005CF081BA28D004004E8ACC0E6B6F090177
:10B0C0000B6B6BC00AF90D6B040E0C6F000163EC87
:10B0D0000BF002C003F00150860F006E020E02203A
:10B0E000016E026AD8B0002A036A02C0D0F8E8CF25
:10B0F000CFF800C0CEF8EA6E00C0E9FF23EC01F003
:10B1000001C07EF0D6D74EAA04D04E9A8B908B9A6F
:10B1100038D41E0E0801CF6F00014FEC5AF081CFDA
:10B120006EF08B90F290F292F288F19CFA0E6C6FB6
:10B130004E9A6B6B0601F46B549007010893589874
:10B140000601F795F086F19AF08AF196A38AF286C5
:10B15000C00EF21281CF6EF0F2900101926B916BF2
:10B16000906B8F6BF286040056984E920001C3ECF0
:10B170005CF0015202E054AE45D0549E010E08012D
:10B18000CE6F00011EEC0BF0060ECA6F0801D66FE1
:10B190000001C0EC07F0CF0E6B6F09010B6B6BC0A9
:10B1A0000AF90D6B040E0C6F000163EC0BF002C08A
:10B1B00003F00150860F006E020E0220016E026A3B
:10B1C000D8B0002A036A02C0D0F8E8CFCFF800C098
:10B1D000CEF8EA6E00C0E9FF23EC01F001C07EF07A
:10B1E0001B6AF2BE1B8EF29E070E0901766FD00E0F
:10B1F000756F000156EC06F01BBEF28E2EEC55F07A
:10B20000B0EFD4F056A04CD056900A0ECA6F080189
:10B21000D66F0001C0EC07F000EC54F0CF0E6B6F5E
:10B2200009010B6B6BC00AF90D6B040E0C6F00016A
:10B2300063EC0BF002C003F00150860F006E020EAB
:10B240000220016E026AD8B0002A036A02C0D0F858
:10B25000E8CFCFF800C0CEF8EA6E00C0E9FF23ECDB
:10B2600001F001C07EF0E5EC10F0010E0801CE6F98
:10B2700000011EEC0BF01B6AF2BE1B8EF29E030E49
:10B280000901766FE80E756F000156EC06F01BBEE3
:10B29000F28E85AC02D00400FCD7519E33EC54F002
:10B2A000FA0E6C6F4E9A6B6B04005198F2CFCEF889
:10B2B000F29E030E636EF30E626E7F9C7F9E7F8014
:10B2C00061500801CEBFF28EFF0832E1000136EF77
:10B2D0005DF0F250006EF29E030E636EF30E626E2E
:10B2E000960E616E7F9C7F9E7F840F01550E7E6E51
:10B2F000AA0E7E6E7F820050F2127FB2FED77F943C
:10B30000F2CF00F0F29E030E636EF40E626E61687F
:10B310007F9C7F9E7F84550E7E6EAA0E7E6E7F82FE
:10B320000050F2127FB2FED77F945788B0D0080148
:10B33000F2CFCEF8F29E030E636EF40E626E7F9C27
:10B340007F9E7F806150CEBFF28EBA081CE1000163
:10B350004AEF5DF0F250006EF29E030E636EF40E43
:10B36000626E61687F9C7F9E7F840F01550E7E6EAA
:10B37000AA0E7E6E7F820050F2127FB2FED77F94BB
:10B38000578803D0080157980F01518A0801D16BE3
:10B39000D06BCF6BCE6BCEC8A6F8A76BA86BA96B92
:10B3A000CE6BCEC8AAF8010ED36F0001A9EC72F0E3
:10B3B00051A832D051984D6A4C6A00EC54F0010EFD
:10B3C000CA6FC20E006E050E016E026A036A0801A2
:10B3D000D06BCF6FC20ECE6FCFC8EAFFE96E00010F
:10B3E00023EC01F001C07EF0010E0801CE6F0001D8
:10B3F0001EEC0BF01B6AF2BE1B8EF29E070E0901BB
:10B40000766FD00E756F000156EC06F01BBEF28E03
:10B410002EEC55F0B0EFD4F056B438D088EC0BF0E9
:10B42000150E0801D66F0001C0EC07F0150ECA6FAB
:10B4300000EC54F0C20E006E050E016E026A036A43
:10B440000801D06BCF6FC20ECE6FCFC8EAFFE96E96
:10B45000000123EC01F001C07EF0010E0801CE6F67
:10B4600000011EEC0BF01B6AF2BE1B8EF29E070E53
:10B470000901766FD00E756F000156EC06F01BBE09
:10B48000F28E2EEC55F05198B0EFD4F00F01519A96
:10B4900051985196518C00015BEC08F02D0E08017B
:10B4A000CF6F00016EEC73F01B6AF2BE1B8EF29E32
:10B4B0000AC179F909C178F945EC05F01BBEF28E95
:10B4C0001B6AF2BE1B8EF29E03C07BF902C07AF9A2
:10B4D00001C079F900C078F909017F6B7E6B100E0D
:10B4E0007D6F810E7C6F000160EC05F01BBEF28E5B
:10B4F0001B6AF2BE1B8EF29E03C07BF902C07AF972
:10B5000001C079F900C078F9DBEC05F01BBEF28EC2
:10B5100002C0CFF801C0CEF80801CF33CE33CF330D
:10B52000CE33CF33CEC86FFFCF33CF31300B006E69
:10B530006E50CF0B00106E6E040057A232D057929F
:10B54000130ED46FAB0ED56F00014BEC74F0010EEF
:10B550000801E56F040EE66F000109EC50F07D0E66
:10B56000976E8E9E1B6AF2BE1B8EF29E0901766B51
:10B57000640E756F000156EC06F01BBEF28EA3EF51
:10B5800078F0130E0801D46FCD0ED56F00014BEC8F
:10B5900074F00801E56B040EE66F000109EC50F051
:10B5A00008010400000188EC0BF0C8EF78F001EF0F
:10B5B00079F071EC47F00EEC53F092EC52F05794A6
:10B5C0007D0E976E8E920400A8EC07F00F0122A367
:10B5D0000AD01DCF3EF21DCF3EF21DCF3EF2229982
:10B5E000228922B3F6D722A504D01DCF3EF221999D
:10B5F000218954A402D099EFE6F00001CB5304E175
:10B6000056BA02D00BEF79F0A8EC07F0CB5304E167
:10B6100056BA02D016EF7AF0DCEF7EF001C021F7C7
:10B6200021C753F821C772F8006A56BE008C5650E5
:10B630000018400B02E157A032D057900701215368
:10B6400015E0420E0801C86FC96B080E09010A6FA8
:10B65000C80E096F3B0E0B6F040E0C6F010E0D6FC1
:10B660000E6B000131EC0FF014D00701200E080121
:10B67000CA6FCB6B080E09010A6FCA0E096F3B0E29
:10B680000B6F040E0C6F010E0D6F0E6B000131EC91
:10B690000FF06B51790803E1645301E04F82A8EC8D
:10B6A00007F0CB53D8A458D15894C3EC5CF00152A6
:10B6B00021E027EC4CF001C06FF06FC009F9140EC7
:10B6C00009010A6F000166EC0FF00150010F736F62
:10B6D00057A804D05194370E6F6F06D06F510908E8
:10B6E00002E3518401D051947351050802E2050E22
:10B6F000736F32D1A8EC07F0FA0E6C6F875317E026
:10B700005894E8EC7EF0070E876F896B040E0801F1
:10B71000CE6FAF0ECF6F00010BEC7FF050EC52F00C
:10B72000876B6B518B0802E28C0E6B6FCED06B5126
:10B730007808D8B07CD06B51810879E35894E8EC54
:10B740007EF0000E4FB8010E006ED890003600500B
:10B75000036A130F016E010E032201C0CEF8080127
:10B7600003C0CFF8000E4FB8010E006ED89000361F
:10B770000050036A0F0FE96E010E0320EA6EECCF52
:10B78000D7F8ED52EFCFD6F8A6C1D5F8A5C1D4F8B9
:10B79000A4C1D3F8A3C1D2F8000144EC7FF0CFC814
:10B7A000EAFFCEC8E9FF02C0ECFFED5201C0EFFF97
:10B7B000000E4FB8010E006ED89000360050036A9C
:10B7C000130FE96E010E0320EA6EECCFCFF8ED52B5
:10B7D000EFCFCEF8000E4FB8010E036A740FE96E7A
:10B7E000000E0320EA6EEF500801CE250101476FDD
:10B7F000000E0801CF210101486F5951A3259B6F0D
:10B800005A51A4219C6F000EA5219D6F000EA62108
:10B810009E6F040E0801CE6FBB0ECF6F00010BECC4
:10B820007FF0D0EC53F0589E780E6B6F4ED06B517A
:10B83000820838E26B518B0835E35894E8EC7EF0CF
:10B84000C05101017F250801CE6F0001C1510101E6
:10B8500080210801CF6F0001C2510801CE250101EE
:10B86000476F000E0801CF210101486F8151B725B4
:10B870009F6F8251B821A06F8351B921A16F84516C
:10B88000BA21A26F040E0801CE6FBB0ECF6F00016C
:10B890000BEC7FF0B9EC52F00601F791820E00013B
:10B8A0006B6F13D06B51B40810E25894E8EC7EF043
:10B8B000040E0801CE6FBB0ECF6F00010BEC7FF0C2
:10B8C000E4EC50F0589CB40E6B6FEAEC53F088EC4B
:10B8D0000BF0060ECA6F0801D66F0001C0EC07F02E
:10B8E000CF0E6B6F09010B6B6BC00AF90D6B040E69
:10B8F0000C6F000163EC0BF002C003F00150860FE7
:10B90000006E020E0220016E026AD8B0002A036A9D
:10B9100002C0D0F8E8CFCFF800C0CEF8EA6E00C081
:10B92000E9FF23EC01F001C07EF0010E0801CE6FAB
:10B9300000011EEC0BF0070E0801EC6FD00EEB6F50
:10B94000000159EC4FF00801CE6B00011EEC0BF02A
:10B950002EEC55F0B0EFD4F0A8EC07F0CB53D8A400
:10B9600051D181BA4FD18B808B8A010E0801CE6FE5
:10B9700000011EEC0BF088EC0BF00901036B260EA6
:10B98000026F0F0E046F230E056F010E066F076B1B
:10B99000000157EC0EF00901036B270E026F0F0E2A
:10B9A000046F2D0E056F010E066F076B000157EC3B
:10B9B0000EF06B518D0811E06B518E080EE06B514B
:10B9C000B5080BE06B51B70808E06B51790805E04A
:10B9D0006B51830802E0875365E00901036B490E50
:10B9E000026F080E046F410E056F010E066F076BA4
:10B9F000000157EC0EF00901036B4A0E026F080EAE
:10BA0000046F500E056F010E066F076B000157ECB7
:10BA10000EF0FA0E6C6FEAEC53F087530FE0070E4E
:10BA2000876F896B040E0801CE6FBB0ECF6F0001CC
:10BA30000BEC7FF050EC52F0876B34D06B517808F0
:10BA40000FE26B5181080CE3040E0801CE6FBB0EB0
:10BA5000CF6F00010BEC7FF0D0EC53F0589E22D05A
:10BA60006B51820811E26B518B080EE3040E080142
:10BA7000CE6FBB0ECF6F00010BEC7FF0B9EC52F034
:10BA80000601F79110D000016B51B4080BE2040ECF
:10BA90000801CE6FBB0ECF6F00010BEC7FF0E4EC22
:10BAA00050F0589C0601548C9AEFE6F000013BECF4
:10BAB0005BF001526FE1A8EC07F03CEC0BF0090ED3
:10BAC000CA6F0801D66F0001C0EC07F0CF0E6B6F94
:10BAD00009010B6B6BC00AF90D6B040E0C6F0001B2
:10BAE00063EC0BF002C003F00150860F006E020EF3
:10BAF0000220016E026AD8B0002A036A02C0D0F8A0
:10BB0000E8CFCFF800C0CEF8EA6E00C0E9FF23EC22
:10BB100001F001C07EF081BA04D004003BEC5BF080
:10BB2000FAD7030E0801EC6FE80EEB6F000159EC39
:10BB30004FF0CC0E6B6FA8EC07F009010B6B6BC0DC
:10BB40000AF90D6B040E0C6F000163EC0BF002C0E0
:10BB500003F00150860F006E020E0220016E026A91
:10BB6000D8B0002A036A02C0D0F8E8CFCFF800C0EE
:10BB7000CEF8EA6E00C0E9FF23EC01F001C07EF0D0
:10BB8000A8EC07F00801CE6B00011EEC0BF050EFA3
:10BB9000D8F038D0030E0801EC6FE80EEB6F00010F
:10BBA00059EC4FF0CC0E6B6FA8EC07F009010B6B52
:10BBB0006BC00AF90D6B040E0C6F000163EC0BF007
:10BBC00002C003F00150860F006E020E0220016ECB
:10BBD000026AD8B0002A036A02C0D0F8E8CFCFF8D2
:10BBE00000C0CEF8EA6E00C0E9FF23EC01F001C00E
:10BBF0007EF0A8EC07F00801CE6B00011EEC0BF004
:10BC000050EFD8F0CB5306E14EA004D02EEC55F007
:10BC1000B0EFD4F0A8EC07F0CB53D8A42CD2060197
:10BC2000F7A114D01E0E0801CF6F00014FEC5AF09F
:10BC300081CF6EF0F2900801EC6B010EEB6F00010A
:10BC400059EC4FF04E9CF2864E9C060100016F515C
:10BC5000020819E24EBC17D051A20DD287530AE157
:10BC60006B51780803E26B518B0804E26B51B40806
:10BC7000D8B001D20AEC56F0015205E008EC5BF0B6
:10BC80000152D8A4F8D1FA0E6C6F6F51020805E288
:10BC90004EBC03D05894E8EC7EF0875314E0070EB6
:10BCA000876F896B040E0801CE6FAF0ECF6F000156
:10BCB0000BEC7FF050EC52F0876B6B518B0802E27B
:10BCC0008C0E6B6FC1D06B517808D8B081D06B519E
:10BCD0008108D8A07DD0CC2D01D06AD0000E4FB8FD
:10BCE000010E006ED89000360050036A130F016EEB
:10BCF000010E032201C0CEF8080103C0CFF8000EE8
:10BD00004FB8010E006ED89000360050036A0F0F36
:10BD1000E96E010E0320EA6EECCFD7F8ED52EFCFBB
:10BD2000D6F8A6C1D5F8A5C1D4F8A4C1D3F8A3C14B
:10BD3000D2F8000144EC7FF0CFC8EAFFCEC8E9FF9B
:10BD400002C0ECFFED5201C0EFFF000E4FB8010E34
:10BD5000006ED89000360050036A130FE96E010E92
:10BD60000320EA6EECCFCFF8ED52EFCFCEF8000E05
:10BD70004FB8010E036A740FE96E000E0320EA6EDD
:10BD8000EF500801CE250101476F000E0801CF21B9
:10BD90000101486F5951A3259B6F5A51A4219C6FF3
:10BDA000000EA5219D6F000EA6219E6F08D00001F8
:10BDB000765101010D25476F000E0E21486F040ECC
:10BDC0000801CE6FBB0ECF6F00010BEC7FF03CD0B3
:10BDD0006B5182082EE26B518B082BE3C05101019D
:10BDE0007F250801CE6F0001C151010180210801AA
:10BDF000CF6F0001C2510801CE250101476F000E2F
:10BE00000801CF210101486F8151B7259F6F8251F1
:10BE1000B821A06F8351B921A16F8451BA21A26FBB
:10BE2000040E0801CE6FBB0ECF6F00010BEC7FF04C
:10BE30000BD06B51B40808E2040E0801CE6FBB0EA4
:10BE4000CF6F00010BEC7FF0A8EC07F0EAEC53F0A9
:10BE500088EC0BF0A8EC07F0B5EC7FF0A8EC07F04D
:10BE60004EAC49D000EC54F0010E0801CE6F000139
:10BE70001EEC0BF0080E0801D66F0001C0EC07F0B5
:10BE8000080ECA6FC20E006E050E016E026A036ACA
:10BE90000801D06BCF6FC20ECE6FCFC8EAFFE96E3C
:10BEA000000123EC01F001C07EF0070E0801EC6FE9
:10BEB000D00EEB6F000159EC4FF00801CE6B000182
:10BEC0001EEC0BF0B5EC7FF01E0E0801CF6F0001E9
:10BED0004FEC5AF081CF6EF0F2900801EC6B010E3E
:10BEE000EB6F000159EC4FF04E9CF2864E9C568A47
:10BEF000010ECB6FBBD06F51020838E388EC0BF01A
:10BF00000901036BB20E026F040E046F1E0E056F63
:10BF1000020E066F076B000157EC0EF00901036B70
:10BF2000B30E026F050E046F500E056F020E066F02
:10BF3000076B000157EC0EF03CEC0BF0010E080112
:10BF4000CE6F00011EEC0BF0030E0801EC6FE80E43
:10BF5000EB6F000159EC4FF00801CE6B00011EECB5
:10BF60000BF02EEC55F0B0EFD4F080D03CEC0BF0A1
:10BF700088EC0BF00901036B5E0E026F140E046F68
:10BF8000320E056F010E066F076B000157EC0EF0C5
:10BF9000000E58B4010E010A05E0030A11E0010A7F
:10BFA0001DE03DD0010E0801C16FDB0EC06F040E15
:10BFB0000901076F030E086F00018DEC0FF02FD001
:10BFC000010E0801C16FDB0EC06F050E0901076F7E
:10BFD000030E086F00018DEC0FF021D0010E080157
:10BFE000C16FDB0EC06F040E0901076F030E086FEF
:10BFF00000018DEC0FF0480EF66E0F0EF76E000E7E
:10C00000F86E030E0901066F000176EC15F0050EBF
:10C010000901076F030E086F00018DEC0FF0010E90
:10C0200009010A6FDB0E096F210E0B6F460E0C6FB4
:10C03000020E0D6F0E6B000131EC0FF05192010EEC
:10C040000801CE6F00011EEC0BF0070E0801EC6F2B
:10C05000D00EEB6F000159EC4FF00801CE6B0001E0
:10C060001EEC0BF02EEC55F0B0EFD4F0518C060125
:10C070009AEFE6F00001A8EC07F0CB53D8A439EF13
:10C08000E6F06B518D0812E06B518E080FE06B519A
:10C09000B5080CE06B51790809E06B51830806E0A4
:10C0A000875304E18953D8B402EFE6F04EA2DAEFE9
:10C0B000E5F04E926453D8B4DAEFE5F06B518D0899
:10C0C00003E08753D8B4E6D10801CC6BCC51030808
:10C0D000D8A0DED1010E006ECC51016E04E0D890E4
:10C0E0000036012EFCD7005000018715D8B4CBD103
:10C0F000010E006E0801CC51016E04E0D8900036AC
:10C10000012EFCD7005000016415D8B4BCD1010E3B
:10C11000006E0801CC51016E04E0D8900036012E6B
:10C12000FCD7005000018915D8A4ADD10801CC512D
:10C13000FC0F25E2040F0001B4EFE6F03F0E08010A
:10C14000CE6F000100EC80F0080119D0430E080109
:10C15000CE6F000100EC80F0080111D0470E0801FD
:10C16000CE6F000100EC80F0080109D03F0E0801FD
:10C17000CE6F000100EC80F0080101D00801D890DA
:10C18000CC35036A470FE96E010E0320EA6EECCF4F
:10C19000CFF8ED52EFCFCEF8CE53D8A436D1CF534F
:10C1A000D8A433D1CC510001825D04E16BC06CF0A6
:10C1B0008E0E6B6F036A0801CC517F0FE96E000E83
:10C1C0000320EA6E010EEF5CCE6F036ACC51650F5F
:10C1D000E96E000E0320EA6EEF50CE5D20E2D890AB
:10C1E000CC35036A470F016E010E032203C0CFF85E
:10C1F000D890CC35036AF70FE96E000E0320EA6E83
:10C20000ECCF03F0ED52EFCFD0F8CFC8EAFF01C07A
:10C21000E9FF03C0ECFFED52D0C8EFFF25D0D89066
:10C22000CC35036A470F016E010E032201C0CEF820
:10C2300003C0CFF8D890CC35036AF70FE96E000E33
:10C240000320EA6EECCFD1F8ED52EFCFD0F8020E1A
:10C25000D025016E000ED121CFC8EAFFCEC8E9FF7C
:10C26000EC6EED5201C0EFFFCC5103080DE1D89008
:10C27000CC35036A470FE96E010E0320EA6E0E0EFD
:10C28000EC6EED52100EEF6E0601F797036A08018F
:10C29000CC517F0FE96E000E0320EA6EEF500108CB
:10C2A00051E2036ACC517F0FE96E000E0320EA6E63
:10C2B000EF06CC51000A000105E0010A05E0030A7F
:10C2C00005E005D0898103D0898301D08985ACEC54
:10C2D00065F0036AA6519C0FE96E000E0320EA6E1A
:10C2E000CCC8EFFFA651A62B036AA10FE96E000E82
:10C2F0000320EA6E51C7EFFF040E0801CE6FDD0E7A
:10C30000CF6F00010BEC7FF058820801CC51040D77
:10C31000F350CF6BCE6FA60ECE25D06F070ECF2178
:10C32000D16FD36BD26BD1C8EAFFD0C8E9FFD2C8B6
:10C33000EEFF080EEA6ED10EE96EEF6A0601F7878E
:10C3400060D00801036ACC517F0F016E000E0322FA
:10C3500003C0CFF8036ACC51650FE96E000E0320CD
:10C36000EA6EEFCFD0F8CFC8EAFF01C0E9FFD0C82E
:10C37000EFFFCCC8CEF80001CDEC81F0036AA651E6
:10C380009C0FE96E000E0320EA6ECCC8EFFFA651A9
:10C39000A62B036AA10FE96E000E0320EA6E51C7B7
:10C3A000EFFF040E0801CE6FBB0ECF6F00010BEC48
:10C3B0007FF00801CC51040DF350CF6BCE6FA60E69
:10C3C000CE25D06F070ECF21D16FD36BD26BD1C8E2
:10C3D000EAFFD0C8E9FFD2C8EEFF080EEA6ED10E20
:10C3E000E96EEF6ACCC8E9FF070EEA6EEF6A00015A
:10C3F000ACEC65F0875304E16BC06CF08C0E6B6F96
:10C4000006019AEFE6F041D00801010E006ECC5112
:10C41000016E04E0D8900036012EFCD700500601D2
:10C42000F915006E036A005003102FE1D89008013F
:10C43000CC35036A470FE96E010E0320EA6EFF0E4A
:10C44000EF2602E2EE52ED06D890CC35036A470F94
:10C45000E96E010E0320EA6EECCFCFF8ED52EFCF7C
:10C46000CEF8CF5311E1CE5104080EE3036ACC514C
:10C470007F0FE96E000E0320EA6EEF50010804E31F
:10C480000001D8EC79F0080106010801CC2B1ED67A
:10C4900085D200016B51B50834E1470E0801CE6F1B
:10C4A000000100EC80F0010147531BE1485319E102
:10C4B0006BC06CF0B40E00016B6F51C248F150C2FA
:10C4C00047F14F94040E0801CE6FBB0ECF6F0001F1
:10C4D0000BEC7FF0ACEC65F006019AEFE6F00FD0C4
:10C4E00001014751D8B448074707485307E147516E
:10C4F000040804E30001D8EC79F0010106014DD2F3
:10C5000000016B517908D8A4B0D1430E0801CE6F59
:10C51000000100EC80F0000E4FB8010E006ED890C4
:10C5200000360050036A130FE96E010E0320EA6E15
:10C53000ECCFCFF8ED52EFCFCEF80801CE5354E157
:10C54000CF5352E10001CC2D03D008014DD00001A2
:10C550000101472BD8B4482B0701045325E0000103
:10C560006153D8B402D007011FD001015D519B5F18
:10C570005E519C5B000E9D5B9E5B1AC1CFF819C19A
:10C58000CEF818C1D1F817C1D0F800011BEC82F029
:10C5900000500101D7270150D8230250D92303505E
:10C5A000DA2357961FD00701010161519B5F625149
:10C5B0009C5B000E9D5B9E5B57B614D01AC1CFF8F2
:10C5C00019C1CEF818C1D1F817C1D0F8000187EC15
:10C5D00082F003C0DAF102C0D9F101C0D8F100C085
:10C5E000D7F101013FD108010101485317E147513B
:10C5F000050814E3485303E1475100080FE24FA830
:10C6000009D04FA80BD000016153D8A402D001017A
:10C6100005D001010001D8EC79F001014753D8A4FD
:10C62000D3D04853D8A4D0D04FA809D04FA881D098
:10C6300000016153D8A402D001017BD001016BC07D
:10C640006CF0780E00016B6F616B000E4FB8010E3D
:10C65000006ED89000360050036A130F016E010E71
:10C66000032201C0CEF8080103C0CFF8000E4FB876
:10C67000010E006ED89000360050036A0F0FE96E6D
:10C68000010E0320EA6EECCFD7F8ED52EFCFD6F8CB
:10C69000A6C1D5F8A5C1D4F8A4C1D3F8A3C1D2F8D6
:10C6A000000144EC7FF0CFC8EAFFCEC8E9FF02C02A
:10C6B000ECFFED5201C0EFFF000E4FB8010E006E0F
:10C6C000D89000360050036A130FE96E010E032064
:10C6D000EA6EECCFCFF8ED52EFCFCEF8000E4FB8A8
:10C6E000010E036A740FE96E000E0320EA6EEF502C
:10C6F0000801CE250101476F000E0801CF2101017D
:10C70000486F5951A3259B6F5A51A4219C6F000E6D
:10C71000A5219D6F000EA6219E6F040E0801CE6F0D
:10C72000BB0ECF6F00010BEC7FF0ACEC65F048D096
:10C730000101010E0001616F01010C51000809E2C5
:10C74000FF0A03E10B51210804E2010E0C6F220ED7
:10C750000B6FAA6BA96B0CC1A8F10BC1A7F1000E5E
:10C760004FB8010E006ED89000360050036A0F0FCC
:10C77000E96E010E0320EA6EECCF6DF8ED52EFCFBB
:10C780006CF808010BC16EF80CC16FF861C070F84D
:10C79000070E0901006F00015CEC38F0646B4F8AF2
:10C7A000030E0601FF6F0001765101010D25476F51
:10C7B000000E0E21486F00010EEC53F0ACEC65F05A
:10C7C0000601B8D250D001010701045325E0000151
:10C7D0006153D8B402D007011FD001015D519B5FA6
:10C7E0005E519C5B000E9D5B9E5B1AC1CFF819C128
:10C7F000CEF818C1D1F817C1D0F800011BEC82F0B7
:10C8000000500101D7270150D8230250D9230350EB
:10C81000DA2357961FD00701010161519B5F6251D6
:10C820009C5B000E9D5B9E5B57B614D01AC1CFF87F
:10C8300019C1CEF818C1D1F817C1D0F8000187ECA2
:10C8400082F003C0DAF102C0D9F101C0D8F100C012
:10C85000D7F10101475302E1485304E04751D8B4EE
:10C8600048074707060199D000016B518308D8A4F7
:10C8700094D0430E0801CE6F000100EC80F001015E
:10C880007F531BE1805319E1472BD8B4482B070194
:10C8900004530AE001015F519F5F6051A05B000EED
:10C8A000A15BA25B09D00701010185519F5F865101
:10C8B000A05B000EA15BA25B6FD00001C251010121
:10C8C000475D0AE1485308E1010E07011E6F4F82E0
:10C8D0000001D8EC79F0010148530CE147510508FB
:10C8E00009E3485303E14751010804E20001D8EC91
:10C8F00079F00101475337E1485335E16BC06CF0E3
:10C90000820E00016B6FC05101017F250801CE6FBF
:10C910000001C151010180210801CF6F0001C25106
:10C920000801CE250101476F000E0801CF2101014A
:10C93000486F8151B7259F6F8251B821A06F8351F5
:10C94000B921A16F8451BA21A26F040E0801CE6FE4
:10C95000BB0ECF6F00010BEC7FF0ACEC65F0060175
:10C96000E9D11BD00101070104530AE001015F5125
:10C970009F5F6051A05B000EA15BA25B09D0070125
:10C98000010185519F5F8651A05B000EA15BA25BF8
:10C990004751D8B4480747070601080100018953E9
:10C9A000D8B408D10801CD6BCD510208D8A001D16F
:10C9B000010E006ECD51016E04E0D8900036012EBC
:10C9C000FCD7005000018915D8B4F0D0010E006EDC
:10C9D0000801CD51016E04E0D8900036012EFCD73D
:10C9E000005000016415D8B4E1D0036A0801CD51AC
:10C9F0007F0FE96E000E0320EA6EEF524BE1036AEF
:10CA0000CD517F0F016E000E032203C0CFF8036AE1
:10CA1000CD51650FE96E000E0320EA6EEFCFD0F81E
:10CA2000CFC8EAFF01C0E9FFD0C8EFFFCD51000138
:10CA3000825D04E16BC06CF08C0E6B6FCDC8CEF8DC
:10CA4000CDEC81F0036AA6519C0FE96E000E032025
:10CA5000EA6ECDC8EFFFA651A62B036AA10FE96EBF
:10CA6000000E0320EA6E51C7EFFF040E0801CE6FDF
:10CA7000BB0ECF6F00010BEC7FF0ACEC65F0875381
:10CA800004E16BC06CF08C0E6B6F0601F79752D10E
:10CA90008CD00801D890CD35036A4F0FE96E010E96
:10CAA0000320EA6EECCFCFF8ED52EFCFCEF8CE53A5
:10CAB0005CE1CF535AE1CD510001825D04E16BC0CE
:10CAC0006CF08D0E6B6F0601F797D8900801CD358D
:10CAD000036A4F0F016E010E032203C0CFF8D890F6
:10CAE000CD35036AFF0FE96E000E0320EA6EECCF2E
:10CAF00003F0ED52EFCFD0F8CFC8EAFF01C0E9FF55
:10CB000003C0ECFFED52D0C8EFFFCD51000A000189
:10CB100005E0010A05E0030A05E005D0899103D08C
:10CB2000899301D08995D8EC79F0036AA6519C0FBE
:10CB3000E96E000E0320EA6ECDC8EFFFA651A62BCA
:10CB4000036AA10FE96E000E0320EA6E51C7EFFFE2
:10CB5000040E0801CE6FEE0ECF6F00010BEC7FF0DC
:10CB600058800601E7D021D00801010E006ECD519A
:10CB7000016E04E0D8900036012EFCD7005006016B
:10CB8000F915006E036A005003100FE1D8900801F8
:10CB9000CD35036A4F0FE96E010E0320EA6EFF0EDA
:10CBA000EF2602E2EE52ED06060100010801CD2B50
:10CBB000FBD60001A8EC07F009010B6B6BC00AF96A
:10CBC0000D6B040E0C6F000163EC0BF002C003F060
:10CBD0000150860F006E020E0220016E026AD8B06C
:10CBE000002A036A02C0D0F8E8CFCFF800C0CEF820
:10CBF000EA6E00C0E9FF23EC01F001C07EF0A8EC72
:10CC000007F037D0A8EC07F0CFEF7FF00150010A12
:10CC100003E0030A04E006D0C80E6B6F03D0C90E10
:10CC20006B6F4E80A8EC07F009010B6B6BC00AF923
:10CC30000D6B040E0C6F000163EC0BF002C003F0EF
:10CC40000150860F006E020E0220016E026AD8B0FB
:10CC5000002A036A02C0D0F8E8CFCFF800C0CEF8AF
:10CC6000EA6E00C0E9FF23EC01F001C07EF0A8EC01
:10CC700007F00701225314E06BC06CF0B40E000102
:10CC80006B6F040E0801CE6FBB0ECF6F00010BEC73
:10CC90007FF0ACEC65F00701226B06014BD0070179
:10CCA0000001A8EC07F0CB5302E120EF83F0A8ECE1
:10CCB00007F0CB5302E16FEF83F0A8EC07F0CB5302
:10CCC00002E166EF8FF0A8EC07F0CB5302E155EFDD
:10CCD000ACF0A8EC07F0CB5302E13BEFAEF0A8ECD0
:10CCE00007F0CB51010802E33CEFB0F0A8EC07F0ED
:10CCF000CB5302E1A2EFCCF0A8EC07F0CB51010836
:10CD000002E3B8EFCEF0A8EC07F0CB51010802E344
:10CD1000E0EFCEF0A8EC07F0CB51010802E3F9EF09
:10CD2000CEF0A8EC07F0CB51010802E32AEFCFF0D8
:10CD30000F0106010001A8EC07F04EEFCFF0CB5138
:10CD4000010806E3CB6B54AC03D0549C57EFDDF0E5
:10CD500058A202D0589223D658A003D058905EEF24
:10CD6000E0F0E3EFDAF00300E824F76AF736890F22
:10CD7000F66ECD0EF722010EF86EFB6E0A00F5502E
:10CD8000FA6E0800F550F96E3CC14CC15CC16CC133
:0200000400F00A
:0103F400BA4E
:020000040030CA
:0E00000015C8782901899100FFC0FFE0FF407C
:00000001FF
;PIC18F67K22
;CRC=48DD  CREATED="25-mar.-26 12:17"
