:10000000B7EFCCF012001200046ED8CF05F0E0CFAD
:1000100006F00001E9CF0CF0EACF07F0E1CF08F0DD
:10002000E2CF09F0D9CF0AF0DACF0BF0F3CF12F01C
:10003000F4CF13F0FACF14F0F5CF15F0F6CF16F099
:10004000F7CF17F0F8CF18F0FBCF19F000C00EF083
:1000500001C00FF002C010F003C011F0F2AA34EF9B
:1000600000F0F2B4F7EF00F09DA03AEF00F09EB080
:100070001BEF0EF0A0A240EF00F0A1B2C5EF13F00D
:10008000F2A846EF00F0F2B26DEF25F09DAA4CEF1A
:1000900000F09EBA0EEF1CF0B9A052EF00F0BAB01B
:1000A00035EF11F0B9A258EF00F0BAB22AEF02F022
:1000B000B9A45EEF00F0BAB4BAEF12F0B9A664EFDB
:1000C00000F0BAB673EF03F0B9A86AEF00F0BAB85F
:1000D000E1EF16F0B9AA70EF00F0BABAC8EF18F065
:1000E000B9AC76EF00F0BABC85EF22F00EC000F09C
:1000F0000FC001F010C002F011C003F00CC0E9FF06
:1001000007C0EAFF078E08C0E1FF09C0E2FF0AC08E
:10011000D9FF0BC0DAFF12C0F3FF13C0F4FF14C005
:10012000FAFF15C0F5FF16C0F6FF17C0F7FF18C09D
:10013000F8FF19C0FBFF045006C0E0FF05C0D8FF60
:100140001000256620560D0A0000256620560D0A6F
:100150000000256C752075410D0A000025662056AB
:100160000D0A0000256620560D0A0000256C75203A
:1001700075410D0A00000601AF6BAE6BB16BB06B41
:10018000C282C2B2FED7C3CFB0F6C4CFB1F6C2B2FC
:10019000FED7030144510601B05F0301455106013A
:1001A000B15BB1BF05D0B15306E1B051000803E324
:1001B000AF6BAE6B04D0B1C6AFF6B0C6AEF6AEC68E
:1001C00001F0AFC602F000011200010E0601AE5FA1
:1001D0000CE3060EEA6EAE0EE96EEF5006E0040E7A
:1001E000006E002EFED7EF2EFAD700011200040198
:1001F0004B53D8A4A1D0C1C0D7FFC0C0D6FF375041
:1002000007081BE100017A51785DD8B402D00401DF
:1002100014D07B51795DD8B402D004010ED07C514A
:100220007A5DD8B402D0040108D07D517B5DD8B48A
:1002300002D0040102D02586040125A60AD037A2E7
:1002400008D0CD90CF68FA0ECE6E45C041F044C0C4
:1002500040F025A80BD03750050808E1B190B368ED
:10026000FA0EB26E47C043F046C042F02488000E3A
:10027000956E8C90250E006E002EFED7000E966EA9
:100280008D8E4F0E006E002EFED700D0000E956EA4
:100290008C887B800001835307E1825305E1815301
:1002A00003E180517C0802E237B00BD08F5307E1A5
:1002B0008E5305E18D5303E18C517C0803E237A690
:1002C00001D038D02AA61BD0350E006E002EFED7E6
:1002D000180E016EC250830B0110C26E000E016E2B
:1002E000C150F80B0110C16E350E006E002EFED706
:1002F00042DF02C0D7F001C0D6F02A961BD0350EDF
:10030000006E002EFED7040E016EC250830B01104A
:10031000C26E000E016EC150F80B0110C16E350E99
:10032000006E002EFED727DF02C0D3F001C0D2F04E
:100330002A8628808CD004014B2D87D00001682BA1
:100340006951685D05E2C1C0D7FFC0C0D6FF7FD04C
:100350000401725303E01FBE01D072072B96000107
:10036000686BC1C0D7FFC0C0D6FF040172536AE0FA
:10037000000E956E8C9E250E006E002EFED7CD9041
:10038000B190C7C0CFFFC6C0CEFFCDC0B3FFCCC0B9
:10039000B2FF416A406A436A426ACD80B180000E72
:1003A000966E8D844F0E006E002EFED700D0900EFC
:1003B000946E8B840F013685300E0601AE6F0001FE
:1003C00004DF200E016EC250830B0110C26E000EBE
:1003D000016EC150F80B0110C16E250E006E002E8B
:1003E000FED7C9DE02C0E7F001C0E6F0350E006EB0
:1003F000002EFED7240E016EC250830B0110C26E78
:10040000000E016EC150F80B0110C16E250E006E7A
:10041000002EFED7B0DE02C0E3F001C0E2F0288477
:10042000E10EC56F180EC46F0F013D91C5C03FFFAF
:10043000C4C03EFFBA96B986000E966E8D9E3D8171
:1004400005D00401D59E010E6E6F0F010001F294DC
:1004500076EF00F0722B6C51725D05E2C3C07DFF38
:10046000C2C07CFF3BD1835307E1825305E1815336
:1004700003E180517C0802E237B00BD08F5307E1D3
:100480008E5305E18D5303E18C517C0831E237A690
:100490002FD0180E016EC250830B0110C26E000ED9
:1004A000016EC150F80B0110C16E250E006E002EBA
:1004B000FED761DE02C0D7F001C0D6F0350E006E67
:1004C000002EFED7040E016EC250830B0110C26EC7
:1004D000000E016EC150F80B0110C16E250E006EAA
:1004E000002EFED748DE02C0D3F001C0D2F0288033
:1004F000726B7B90C3C07DFFC2C07CFF000E956E07
:100500008C98250E006E002EFED7302C6BD037A0B5
:1005100069D0000E966E8D9EC5C03FFFC4C03EFFE1
:10052000935307E1925305E1915303E190517C0805
:100530000FE2000E956E8C804F0E006E002EFED7DF
:1005400000D0000E956E8C860F013D8149D00001D0
:10055000000E956E8C80350E006E002EFED7000EBC
:10056000956E8C860F013D812AA81DD0350E006E38
:10057000002EFED7140E016EC250830B0110C26E06
:10058000000E016EC150F80B0110C16E350E006EE9
:10059000002EFED70001EFDD02C0D9F001C0D8F077
:1005A0002A981DD00F01350E006E002EFED7040EC6
:1005B000016EC250830B0110C26E000E016EC1505D
:1005C000F80B0110C16E350E006E002EFED7000133
:1005D000D2DD02C0D5F001C0D4F02A8828800F01F6
:1005E0007ED0000137A669D0000E966E8D9EC5C0E4
:1005F0003FFFC4C03EFF9F5307E19E5305E19D535B
:1006000003E19C517C080FE2000E956E8C804F0E2A
:10061000006E002EFED700D0000E956E8C860F0166
:100620003D8149D00001000E956E8C80350E006E24
:10063000002EFED7000E956E8C860F013D812AA8F4
:100640001DD0350E006E002EFED7140E016EC25066
:10065000830B0110C26E000E016EC150F80B011029
:10066000C16E350E006E002EFED7000184DD02C083
:10067000D9F001C0D8F02A981DD00F01350E006EB8
:10068000002EFED7040E016EC250830B0110C26E05
:10069000000E016EC150F80B0110C16E350E006ED8
:1006A000002EFED7000167DD02C0D5F001C0D4F0F6
:1006B0002A8828800F0113D00001000E956E8C90BF
:1006C000249825A602D0CD80259625A805D03750A0
:1006D000050802E1B18025981F8428800F01BA9295
:1006E000000176EF00F00F013D91BA96C5C03FFFC3
:1006F000C4C03EFF000E966E8D8EBA96000176EF56
:1007000000F08E0E006EB9C601F0B8C602F0036AA2
:10071000015209E102C001F0026A080E005E0152B6
:1007200002E1006A08D0D89001BE04D0023601363A
:100730000006F9D7019E12000601B851D8B4A5D021
:10074000C46FBC51D8B4A1D0C45F05E37F0EC427E9
:10075000D8B09BD006D0810EC45FD8A096D0D8B4B4
:1007600094D0C4C600F0016A026A036AC36BB9C6BA
:10077000C2F6C28FBAC6C1F6BBC6C0F6190EC46FA8
:10078000BF51C05F0DE2010EC15F0AE2C25F08E225
:10079000C35F06E2C32BC22BC12BBF51C02728D099
:1007A000BE51C15F12E2010EC25F0FE2C35F0DE2F4
:1007B000C32BC22BBE51C127BF51C02719E3C12B88
:1007C00017E1C22B15E1C32B13D0BD518009C25FC5
:1007D0000EE2010EC35F0BE2C32BBD518009C2279D
:1007E000BE51C127E9E3C22BE7E1C32BE5D7038064
:1007F000C42F01D00BD0D890C037C137C237C33710
:10080000D890033602360136C537BAD7C5A106D00F
:10081000D890013202320332C53302D0000635E0EF
:10082000C5BF1ED0D890C037C137C237C337BF51FC
:10083000C05F07E2010EC15F04E2C25F02E2C35F74
:100840001AE3BE51C15F05E2010EC25F02E2C35F5F
:1008500012E3BD518009C25F03E2010EC35F0BE3E7
:10086000032A09E1022A07E1012A05E1002A0DE035
:10087000013202320332B9C6C4F6BD51C41BC4AF43
:1008800002D0018E06D0019E04D0006A016A026A7D
:10089000036A000112008E0E006E0601B451005E64
:1008A000B5C602F0B6C601F0028E005209E0D8903B
:1008B000025202E1015204E002320132002EF7D767
:1008C000B5AF05D0011E021E012AD8B4022A0001CC
:1008D0001200800ED8A202D00601BD1B0601C26B19
:1008E000C36BB9C6C1F6BD51C11BB851D8B4DFD076
:1008F000C06F006EBC51D8B4E3D0C05FD8B483D011
:100900003EE3BDC6C6F6C68FBEC6C5F6BFC6C4F6B4
:10091000C36BD890C633C533C433C333C02FF8D7A5
:10092000C1AF03D0C281E0D0C291C091C289060E8E
:10093000EA6EBB0EE96EEBD0C299C1BF0AD0C0A16E
:1009400013D0C633C533C433C333002AD8B4C7D099
:100950000BD0C6BF0CD0D890C337C437C537C63705
:100960000006D8B4BCD0F5D7C28D6DD0C29DB9C633
:10097000C1F6B9AF02D0C68FABD0C69FA9D0BCC656
:10098000C0F6BCC600F0B851C05FB9C6C6F6C68F87
:10099000BAC6C5F6BBC6C4F6C36BD890C633C5335A
:1009A000C433C333C02FF8D7C1AF03D0C2839CD0A8
:1009B000C293C091C28B060EEA6EBF0EE96EA7D03D
:1009C000C29BC1BF0AD0C0A113D0C633C533C43344
:1009D000C333002AD8B483D00BD0C6BF0CD0D89074
:1009E000C337C437C537C6370006D8B478D0F5D773
:1009F000C28F29D0C29FBDC6C1F6BDAF02D0C68F7F
:100A000067D0C69F65D0BDC6C6F6C68FBEC6C5F642
:100A1000BFC6C4F6C1AF04D0C69FC28565D0C2951B
:100A2000C36BC091060EEA6EBB0EE96E70D0C1BFFB
:100A30001CD0B9C6C1F6C0A106D0C633C533C43375
:100A4000C333002A4CE0C3AF0BD0C42B09E1C52B44
:100A500007E1C62B05E1C633C533C433002A3FE0A6
:100A6000C2BD84D7C2BFC6D71CD0800EC61BC6AFBE
:100A700004D03AD0BDC6C1F60AD0B9C6C1F6C65335
:100A800006E1C55304E1C45302E1006A21D0C6BFA8
:100A900008D0D890C337C437C537C637002EF7D72C
:100AA0001ED0C1AF02D0C68F13D0C69F11D0BCC616
:100AB00000F0BDC6C6F6BEC6C5F6BFC6C4F608D0B1
:100AC000B8C600F0B9C6C6F6BAC6C5F6BBC6C4F607
:100AD000C6C601F0C5C602F0C4C603F034D0006A31
:100AE000016A026A036A2FD0C36BC41FC51FC61FE9
:100AF000C31FC32B05E1C42B03E1C52B01E1C62BAA
:100B0000C2B112D7C2B354D7C2B589D7B3D7EF5049
:100B1000C42705E3C52B03E1C62BD8B4C081ED5231
:100B2000EF50C52703E3C62BD8B4C081ED52EF5078
:100B3000EFBE01D0800AC627D8B0C081C2B9FCD6AA
:100B4000C2BB3ED774D700011200B9C6C0F6060179
:100B5000BD51C01BC0AF05D0D894D890B9BFD880C4
:100B60002FD0B9C6C0F6BCC6C1F6B851C15F06E009
:100B7000C0AF26D0D850010AD86E22D0BDC6C1F66B
:100B8000B951C15F06E0C0AF1BD0D850010AD86E82
:100B900017D0BEC6C1F6BA51C15F06E0C0AF10D0D3
:100BA000D850010AD86E0CD0BFC6C1F6BB51C15F88
:100BB00006E0C0AF05D0D850010AD86E01D0D89059
:100BC000000112000601B851B608B86F036AB9C631
:100BD000BCF6B98FD890B933BA33BB330332023283
:100BE00001320032B82FF6D7BCAF0BD0001E011E69
:100BF000021E031E002AD8B4012AD8B4022AD8B48F
:100C0000032A000112000601B851D8B471D0006E59
:100C1000BC51D8B46DD0002604E3810E002668E2F2
:100C200004D07F0E005E64E363E0B9C6C0F6BD5138
:100C3000C01BB98FBD8FBB51BF03F4CFC2F6BA51F1
:100C4000BE03F4CF03F0F3CFC1F6BF03F350C227C6
:100C5000F450C123000E0322BB51BE03F350C22740
:100C6000F450C123000E026A03220222B951BF03CD
:100C7000F350C127F4500322000E0222B951BE03E3
:100C8000F3500326F4500222000E016A0122BB51E8
:100C9000BD03F350C127F4500322000E02220122AB
:100CA000BA51BD03F3500326F4500222000E012274
:100CB000B951BD03F3500226F4500122002A01BEAF
:100CC00005D0C1370336023601360006000EC1AF2B
:100CD0000AD0032A02220122015005E1025003E159
:100CE000035001E1002AC0BF018EC0AF019E04D0B5
:100CF000006A016A026A036A000112000601BB6B06
:100D0000BA6B780EB96F830EB86FB7C6BFF6B6C6AA
:100D1000BEF6B5C6BDF6B4C6BCF6000116DF31E3BB
:100D2000456A446A0601BB6B240EBA6F740EB96F34
:100D3000930EB86FB7C6BFF6B6C6BEF6B5C6BDF65B
:100D4000B4C6BCF60001F8DC03C0BBF602C0BAF6BC
:100D500001C0B9F600C0B8F635DF03C0DFF102C04C
:100D6000DEF101C0DDF100C0DCF1000ED880010130
:100D7000DC550001C66F000E0101DD550001C76F93
:100D8000C9D1B7C6BBF6B6C6BAF6B5C6B9F6B4C6CB
:100D9000B8F60601BF6BBE6BBD6B800EBC6F000169
:100DA000D4DE01E248E1456A280E446E45C0B9F63A
:100DB00044C0B8F6A6DCB7C6BBF6B6C6BAF6B5C62A
:100DC000B9F6B4C6B8F603C0BFF602C0BEF601C09D
:100DD000BDF600C0BCF617DF0601BB6B240EBA6F70
:100DE000740EB96F930EB86F03C0BFF602C0BEF6A3
:100DF00001C0BDF600C0BCF600019EDC03C0BBF61E
:100E000002C0BAF601C0B9F600C0B8F6DBDE03C016
:100E1000DFF102C0DEF101C0DDF100C0DCF1000E47
:100E2000D8800101DC550001C66F000E0101DD55BF
:100E30000001C76F6FD1B7C6BBF6B6C6BAF6B5C666
:100E4000B9F6B4C6B8F60601BF6BBE6BBD6B810EBA
:100E5000BC6F00017ADE01E248E1456A140E446E7F
:100E600045C0B9F644C0B8F64CDCB7C6BBF6B6C64A
:100E7000BAF6B5C6B9F6B4C6B8F603C0BFF602C036
:100E8000BEF601C0BDF600C0BCF6BDDE0601BB6B00
:100E9000240EBA6F740EB96F930EB86F03C0BFF60D
:100EA00002C0BEF601C0BDF600C0BCF6000144DCC5
:100EB00003C0BBF602C0BAF601C0B9F600C0B8F66E
:100EC00081DE03C0DFF102C0DEF101C0DDF100C050
:100ED000DCF1000ED8800101DC550001C66F000E68
:100EE0000101DD550001C76F15D1B7C6BBF6B6C607
:100EF000BAF6B5C6B9F6B4C6B8F60601BF6BBE6B96
:100F0000BD6B820EBC6F000120DE01E24AE1456A42
:100F10000A0E446E45C0B9F644C0B8F681EC03F041
:100F2000B7C6BBF6B6C6BAF6B5C6B9F6B4C6B8F615
:100F300003C0BFF602C0BEF601C0BDF600C0BCF6DD
:100F400062DE0601BB6B240EBA6F740EB96F930E8E
:100F5000B86F03C0BFF602C0BEF601C0BDF600C048
:100F6000BCF600019CEC03F003C0BBF602C0BAF66D
:100F700001C0B9F600C0B8F625DE03C0DFF102C03B
:100F8000DEF101C0DDF100C0DCF1000ED88001010E
:100F9000DC550001C66F000E0101DD550001C76F71
:100FA000B9D0B7C6BBF6B6C6BAF6B5C6B9F6B4C6BA
:100FB000B8F60601BF6BBE6B200EBD6F830EBC6F13
:100FC0000001C3DD01E24AE1456A050E446E45C0F9
:100FD000B9F644C0B8F681EC03F0B7C6BBF6B6C6A6
:100FE000BAF6B5C6B9F6B4C6B8F603C0BFF602C0C5
:100FF000BEF601C0BDF600C0BCF605DE0601BB6B47
:10100000240EBA6F740EB96F930EB86F03C0BFF69B
:1010100002C0BEF601C0BDF600C0BCF600019CECEB
:1010200003F003C0BBF602C0BAF601C0B9F600C0B7
:10103000B8F6C8DD03C0DFF102C0DEF101C0DDF1AA
:1010400000C0DCF1000ED8800101DC550001C66F44
:10105000000E0101DD550001C76F5CD0B7C6BBF6BD
:10106000B6C6BAF6B5C6B9F6B4C6B8F60601BF6BD1
:10107000BE6B780EBD6F830EBC6F000166DD01E2B2
:1010800049E1456A020E446E45C0B9F644C0B8F65F
:1010900081EC03F0B7C6BBF6B6C6BAF6B5C6B9F66C
:1010A000B4C6B8F603C0BFF602C0BEF601C0BDF6B6
:1010B00000C0BCF6A8DD0601BB6B240EBA6F740E2F
:1010C000B96F930EB86F03C0BFF602C0BEF601C081
:1010D000BDF600C0BCF600019CEC03F003C0BBF6FB
:1010E00002C0BAF601C0B9F600C0B8F66BDD03C0A5
:1010F000DFF102C0DEF101C0DDF100C0DCF1000E65
:10110000D8800101DC550001C66F000E0101DD55DC
:101110000001C76FC7C0CFFFC6C0CEFF12000201DB
:10112000E6A35FD0CDC2B9F6CCC2B8F6000181EC1F
:1011300003F003C0F2F202C0F1F201C0F0F200C00D
:10114000EFF203012EAB4BD025C3FEF224C3FDF218
:1011500023C3FCF222C3FBF2FEC2B7F6FDC2B6F611
:10116000FCC2B5F6FBC2B4F600014BEC04F002C0C1
:10117000B5F601C0B4F60601B533B433B533B433B4
:10118000B533B4C644FFB533B531300B006E0F0133
:101190004351CF0B0010436F315220E0FEC2B7F62F
:1011A000FDC2B6F6FCC2B5F6FBC2B4F600014BECCC
:1011B00004F002C0B5F601C0B4F60601B533B4338D
:1011C000B533B433B533B4C647FFB533B531300B9F
:1011D000006E0F014651CF0B0010466F030115D171
:1011E0000201E6A511D0CFC2B9F6CEC2B8F6000111
:1011F00081EC03F003C0F2F202C0F1F201C0F0F2A0
:1012000000C0EFF203D1020103012EBB40D02BAE90
:101210001ED0D892F2C2BBF6F1C2BAF6F0C2B9F64D
:10122000EFC2B8F6EEC2BFF6EDC2BEF6ECC2BDF636
:10123000EBC2BCF6000169EC04F003C0F2F202C09C
:10124000F1F201C0F0F200C0EFF21FD003012BBE9B
:101250001DD0D882F2C2BBF6F1C2BAF6F0C2B9F61E
:10126000EFC2B8F6EEC2BFF6EDC2BEF6ECC2BDF6F6
:10127000EBC2BCF6000169EC04F003C0F2F202C05C
:10128000F1F201C0F0F200C0EFF20301BED02BAECC
:1012900061D00201E6A704D0E6B502D003015AD01E
:1012A000CDC2B9F6CCC2B8F6000181EC03F003C0A0
:1012B000F2F202C0F1F201C0F0F200C0EFF225C379
:1012C000FEF224C3FDF223C3FCF222C3FBF2FEC2F2
:1012D000B7F6FDC2B6F6FCC2B5F6FBC2B4F64BECEF
:1012E00004F002C0B5F601C0B4F60601B533B4335C
:1012F000B533B433B533B4C644FFB533B531300B71
:10130000006E0F014351CF0B0010436F315220E0AC
:10131000FEC2B7F6FDC2B6F6FCC2B5F6FBC2B4F625
:1013200000014BEC04F002C0B5F601C0B4F60601B2
:10133000B533B433B533B433B533B4C647FFB5337F
:10134000B531300B006E0F014651CF0B0010466FC8
:101350005BD003012BBE59D0CFC2B9F6CEC2B8F6CE
:10136000000181EC03F003C0F2F202C0F1F201C00F
:10137000F0F200C0EFF2FAC2FEF2F9C2FDF2F8C2DA
:10138000FCF2F7C2FBF2FEC2B7F6FDC2B6F6FCC233
:10139000B5F6FBC2B4F64BEC04F002C0B5F601C0E2
:1013A000B4F60601B533B433B533B433B533B4C68C
:1013B00044FFB533B531300B006E0F014351CF0BF5
:1013C0000010436F315220E0FEC2B7F6FDC2B6F600
:1013D000FCC2B5F6FBC2B4F600014BEC04F002C04F
:1013E000B5F601C0B4F60601B533B433B533B43342
:1013F000B533B4C647FFB533B531300B006E0F01BE
:101400004651CF0B0010466F030100010601BB6B74
:10141000BA6BB96B7F0EB86FF2C2BFF6F1C2BEF6FF
:10142000F0C2BDF6EFC2BCF600019CEC03F003C0B5
:10143000B7F602C0B6F601C0B5F600C0B4F6D88261
:1014400003C0BBF602C0BAF601C0B9F600C0B8F6D8
:10145000EAC2BFF6E9C2BEF6E8C2BDF6E7C2BCF614
:1014600069EC04F003C0B3F602C0B2F601C0B1F6F5
:1014700000C0B0F60601BB6BBA6BB96B7F0EB86FDC
:10148000B3C6BFF6B2C6BEF6B1C6BDF6B0C6BCF6B0
:1014900000019CEC03F003C0E5F202C0E4F201C0DD
:1014A000E3F200C0E2F2E5C2BBF6E4C2BAF6E3C280
:1014B000B9F6E2C2B8F60601BF6BBE6BBD6BBC6B82
:1014C0000001A5EC05F001E20AE10601B76BB66B7D
:1014D0007A0EB56F880EB46F000110DC09D0E5C23A
:1014E000B7F6E4C2B6F6E3C2B5F6E2C2B4F606DC7D
:1014F0001200D2C2B9F6D1C2B8F681EC03F003C033
:10150000B3F602C0B2F601C0B1F600C0B0F6D882A0
:1015100003C0BBF602C0BAF601C0B9F600C0B8F607
:1015200002C3BFF601C3BEF600C3BDF6FFC2BCF6E0
:1015300069EC04F003C0B3F602C0B2F601C0B1F624
:1015400000C0B0F603C0BBF602C0BAF601C0B9F6DF
:1015500000C0B8F638C3BFF637C3BEF636C3BDF613
:1015600035C3BCF603EC06F003C0BBF602C0BAF606
:1015700001C0B9F600C0B8F6E2EC05F003C0B3F65E
:1015800002C0B2F601C0B1F600C0B0F60201D351FC
:1015900006010024006E0201D45106010120016EF3
:1015A0000201D55106010220026E0201D651060148
:1015B0000320E8CF3CF302C03BF301C03AF300C084
:1015C00039F33CC387F03BC386F03AC385F039C397
:1015D00084F03CC397F03BC396F03AC395F039C30F
:1015E00094F000011200D8B204D0060EEA6EBC0ED0
:1015F000E96E006A016A026A036A0601BC6BBD6B90
:10160000BE6BBF6BBB51BA11B911B8112CE0200EE3
:10161000C06FD890B437B537B637B737BC37BD379A
:10162000BE37BF37BB51BF5D08E1BA51BE5D05E1B2
:10163000B951BD5D02E1B851BC5D0FE3B851BC5F6B
:10164000B951D8A0B93DBD5FBA51D8A0BA3DBE5F6F
:10165000BB51D8A0BB3DBF5FD880003601360236F3
:101660000336C02FD6D7BCC6EFFFBDC6ECFFBEC643
:10167000ECFFBFC6ECFF00011200B60E006E036A5D
:10168000026A016A0601B851B911BA11BB1102E12F
:10169000006A0DD0D89001BE09D0B837B937BA3733
:1016A000BB37033602360136002EF4D7019E000107
:1016B000120003013C5346E13B5344E13A51040814
:1016C00041E303E13951FA083DE339350601B06FD2
:1016D00003013A350601B16F03013B350601B26FD4
:1016E00003013C350601B36FB037B137B237B337BA
:1016F000B037B137B237B337B037B137B237B337A6
:10170000B037B137B237B337B037B137B237B33795
:10171000C00EB017D892B3C6B7F6B2C6B6F6B1C609
:10172000B5F6B0C6B4F6BB6BBA6B010EB96F040E5A
:10173000B86F000158DF01C0C9F000C0C8F06E6B7F
:101740000FD103013CC3BBF63BC3BAF63AC3B9F6AB
:1017500039C3B8F6000191DF03C0B3F602C0B2F698
:1017600001C0B1F600C0B0F603C0BBF602C0BAF6C5
:1017700001C0B9F600C0B8F60601BF6B600EBE6FBF
:101780001F0EBD6F890EBC6F00019CEC03F003C0FF
:10179000A3F202C0A2F201C0A1F200C0A0F2A3C253
:1017A000B7F6A2C2B6F6A1C2B5F6A0C2B4F64BEC2B
:1017B00004F00601B96B01C0B8F6000181EC03F03A
:1017C000D882A3C2BBF6A2C2BAF6A1C2B9F6A0C221
:1017D000B8F603C0BFF602C0BEF601C0BDF600C039
:1017E000BCF669EC04F003C0B3F602C0B2F601C067
:1017F000B1F600C0B0F603C0BBF602C0BAF601C035
:10180000B9F600C0B8F60601BF6BBE6BBD6BBC6B12
:101810000001A5EC05F00DE1A3C2B7F6A2C2B6F631
:10182000A1C2B5F6A0C2B4F64BEC04F001C06EF054
:101830000DD0A3C2B7F6A2C2B6F6A1C2B5F6A0C239
:10184000B4F64BEC04F0010E01246E6F0601B96B87
:101850006EC0B8F6000181EC03F0A3C2BBF6A2C2D1
:10186000BAF6A1C2B9F6A0C2B8F603C0BFF602C06C
:10187000BEF601C0BDF600C0BCF69CEC03F003C090
:101880008BF202C08AF201C089F200C088F2060120
:10189000BB6BBA6B7F0EB96F860EB86F8BC2BFF68B
:1018A0008AC2BEF689C2BDF688C2BCF6000103EC4E
:1018B00006F003C0B7F602C0B6F601C0B5F600C028
:1018C000B4F64BEC04F002C0C9F001C0C8F0060148
:1018D000B96B6EC0B8F6000181EC03F003C0BBF633
:1018E00002C0BAF601C0B9F600C0B8F69A0E0601F9
:1018F000BF6F990EBE6F190EBD6F7D0EBC6F0001DC
:1019000003EC06F003C0B3F602C0B2F601C0B1F6B4
:1019100000C0B0F60601B96B6EC0B8F6000181ECEC
:1019200003F0D89203C0BBF602C0BAF601C0B9F604
:1019300000C0B8F6B3C6BFF6B2C6BEF6B1C6BDF6B5
:10194000B0C6BCF669EC04F003C0B7F602C0B6F648
:1019500001C0B5F600C0B4F64BEC04F001C06EF067
:10196000200E06096B6EC8C06CFF6B94746B312C33
:1019700061D103013C5346E13B5344E13A51040831
:1019800041E303E13951FA083DE339350601B06F0F
:1019900003013A350601B16F03013B350601B26F11
:1019A00003013C350601B36FB037B137B237B337F7
:1019B000B037B137B237B337B037B137B237B337E3
:1019C000B037B137B237B337B037B137B237B337D3
:1019D000C00EB017D892B3C6B7F6B2C6B6F6B1C647
:1019E000B5F6B0C6B4F6BB6BBA6B010EB96F040E98
:1019F000B86F0001F8DD01C0CBF000C0CAF06F6B1A
:101A00000FD103013CC3BBF63BC3BAF63AC3B9F6E8
:101A100039C3B8F6000131DE03C0B3F602C0B2F636
:101A200001C0B1F600C0B0F603C0BBF602C0BAF602
:101A300001C0B9F600C0B8F60601BF6B600EBE6FFC
:101A40001F0EBD6F890EBC6F00019CEC03F003C03C
:101A5000A7F202C0A6F201C0A5F200C0A4F2A7C27C
:101A6000B7F6A6C2B6F6A5C2B5F6A4C2B4F64BEC5C
:101A700004F00601B96B01C0B8F6000181EC03F077
:101A8000D882A7C2BBF6A6C2BAF6A5C2B9F6A4C24E
:101A9000B8F603C0BFF602C0BEF601C0BDF600C076
:101AA000BCF669EC04F003C0B3F602C0B2F601C0A4
:101AB000B1F600C0B0F603C0BBF602C0BAF601C072
:101AC000B9F600C0B8F60601BF6BBE6BBD6BBC6B50
:101AD0000001A5EC05F00DE1A7C2B7F6A6C2B6F667
:101AE000A5C2B5F6A4C2B4F64BEC04F001C06FF089
:101AF0000DD0A7C2B7F6A6C2B6F6A5C2B5F6A4C267
:101B0000B4F64BEC04F0010E01246F6F0601B96BC3
:101B10006FC0B8F6000181EC03F0A7C2BBF6A6C205
:101B2000BAF6A5C2B9F6A4C2B8F603C0BFF602C0A1
:101B3000BEF601C0BDF600C0BCF69CEC03F003C0CD
:101B40008FF202C08EF201C08DF200C08CF206014D
:101B5000BB6BBA6B7F0EB96F860EB86F8FC2BFF6C4
:101B60008EC2BEF68DC2BDF68CC2BCF6000103EC7F
:101B700006F003C0B7F602C0B6F601C0B5F600C065
:101B8000B4F64BEC04F002C0CBF001C0CAF0060181
:101B9000B96B6FC0B8F6000181EC03F003C0BBF66F
:101BA00002C0BAF601C0B9F600C0B8F69A0E060136
:101BB000BF6F990EBE6F190EBD6F7D0EBC6F000119
:101BC00003EC06F003C0B3F602C0B2F601C0B1F6F2
:101BD00000C0B0F60601B96B6FC0B8F6000181EC29
:101BE00003F0D89203C0BBF602C0BAF601C0B9F642
:101BF00000C0B8F6B3C6BFF6B2C6BEF6B1C6BDF6F3
:101C0000B0C6BCF669EC04F003C0B7F602C0B6F685
:101C100001C0B5F600C0B4F64BEC04F001C06FF0A3
:101C2000200E06090F01396FCAC03AFF0F0139951E
:101C30000001756B1200402AD8B4412A4150455C1E
:101C400009E303E14450405C05E2C7C0CFFFC6C0D2
:101C5000CEFF08D3CD90416A406A04014B53D8A40B
:101C60002ED137500208D8A42AD12AB028D143BB9C
:101C700026D12BAC1ED10201E6A364D00301302B88
:101C80003051030838E10F013095060E326F030121
:101C9000116B106BBA9C306B0201E693CDC2B9F6A2
:101CA000CCC2B8F6000181EC03F00601BB6BBA6B45
:101CB000B96B7F0EB86F03C0BFF602C0BEF601C09D
:101CC000BDF600C0BCF600019CEC03F003C002F3BB
:101CD00002C001F301C000F300C0FFF20201EA6B91
:101CE000E96BE86BE76B2B8E00018FEC08F0B98C89
:101CF0000F01308503013051020802E0302D0DD074
:101D0000026B016B006B0201FF6BEA6BE96BE86B26
:101D1000E76B00018FEC08F003012BAA0DD0026BDA
:101D2000016B006B0201FF6B03012EB705D00001B0
:101D300079EC0AF0BEDC03010201EA6BE96BE86BA7
:101D4000E76BB5D0E6A59BD003012F2B2F510308DD
:101D50005AE10F013095060E326F0301116B106BC3
:101D6000BA9C00018FEC08F0CFC2B9F6CEC2B8F62B
:101D700081EC03F00601BB6BBA6BB96B7F0EB86FD9
:101D800003C0BFF602C0BEF601C0BDF600C0BCF67F
:101D900000019CEC03F003C0B1F602C0B0F601C034
:101DA000AFF600C0AEF6D2C2B9F6D1C2B8F681EC39
:101DB00003F0D88203C0BBF602C0BAF601C0B9F680
:101DC00000C0B8F6B1C6BFF6B0C6BEF6AFC6BDF627
:101DD000AEC6BCF669EC04F003C002F302C001F326
:101DE00001C000F300C0FFF20201EA6BE96BE86B8F
:101DF000E76B2B9EE69503012F6B060E0F01326FEA
:101E0000B98C308503012F51020802E02F2D18D024
:101E1000D2C2B9F6D1C2B8F6000181EC03F003C01A
:101E200002F302C001F301C000F300C0FFF202019F
:101E3000EA6BE96BE86BE76B00018FEC08F00301DC
:101E40002BAA17D0D2C2B9F6D1C2B8F6000181ECE4
:101E500003F003C002F302C001F301C000F300C0AD
:101E6000FFF203012EB705D0000179EC0AF021DC66
:101E700003010201EA6BE96BE86BE76B18D0EA6BD0
:101E8000E96BE86BE76BE6AB0ED0E69BF2C2B7F608
:101E9000F1C2B6F6F0C2B5F6EFC2B4F600017EECC0
:101EA00006F006D00201C7C0CFFFC6C0CEFF0001BA
:101EB00004012BAA03D003012E85040104D0C7C05E
:101EC000CFFFC6C0CEFFCD80C7C0CFFFC6C0CEFFFC
:101ED0004B53D8A42ED1375007081BE100017A518B
:101EE000785DD8B402D0040114D07B51795DD8B4A8
:101EF00002D004010ED07C517A5DD8B402D0040126
:101F000008D07D517B5DD8B402D0040102D0258871
:101F1000040125A80AD037A408D0B190B368FA0EFE
:101F2000B26E47C043F046C042F037B002D037A689
:101F3000A5D0D6500101866FD7CF87F124B89AD0AB
:101F400024BE3CD0865303E18753D8B493D0863562
:101F5000026E8735036E02360336023603360236CA
:101F60000336F00E02160250FF0A0601AE6FFF0E96
:101F70000318AF6F280E01015A25006E000E5B2179
:101F8000016E000E5C21026E000E5D21036E035295
:101F9000D8A470D002526EE101500601AF5DD8B0F6
:101FA00002D0010167D0D8B402D0010107D0AE51F0
:101FB000005CD8A002D001015DD00101248A249EDA
:101FC000000E956E8C94250E006E002EFED7000E2E
:101FD000956E8C824F0E006E002EFED700D0000E44
:101FE000956E8C8C6B840001875307E1865305E165
:101FF000855303E184517C0801E23AD02AAA1CD01F
:10200000350E006E002EFED71C0E016EC250830BE3
:102010000110C26E000E016EC150F80B0110C16EAE
:10202000350E006E002EFED7BBEC00F002C0DFF0D4
:1020300001C0DEF02A9A1CD0350E006E002EFED7AD
:10204000080E016EC250830B0110C26E000E016EAD
:10205000C150F80B0110C16E350E006E002EFED778
:10206000BBEC00F002C0DBF001C0DAF02A8A288263
:1020700003D00101258600015AD00401248A000EF4
:10208000956E8C94250E006E002EFED7000E956E78
:102090008C824F0E006E002EFED700D0000E956E83
:1020A0008C8C6B840001875307E1865305E18553CF
:1020B00003E184517C0801E23AD02AAA1CD0350EF3
:1020C000006E002EFED71C0E016EC250830B011055
:1020D000C26E000E016EC150F80B0110C16E350EBC
:1020E000006E002EFED7BBEC00F002C0DFF001C096
:1020F000DEF02A9A1CD0350E006E002EFED7080E98
:10210000016EC250830B0110C26E000E016EC150F1
:10211000F80B0110C16E350E006E002EFED7BBEC21
:1021200000F002C0DBF001C0DAF02A8A28829AD0DF
:1021300004014B51030827E16C5314E1000E956E26
:102140008C94250E006E002EFED7000E956E8C82AC
:102150004F0E006E002EFED700D0000E956E8C8CB8
:102160006B8410D0000E956E8C92956E8C844F0E01
:10217000006E002EFED700D0000E956E8C8A0F01E7
:10218000398504016ED04B2D6CD0715301E071077D
:10219000715364E0E10E0001C56F180EC46F0F01AA
:1021A0003D91C5C03FFFC4C03EFFBA96B986000E40
:1021B000966E8D9E3D81956E8C9E250E006E002E36
:1021C000FED7B190CDC0B3FFCCC0B2FF436A426A24
:1021D000B180000E966E8D844F0E006E002EFED7DD
:1021E00000D0900E946E8B843685300E0601AE6F53
:1021F0000001E5EC00F0200E016EC250830B0110CF
:10220000C26E000E016EC150F80B0110C16E250E9A
:10221000006E002EFED7BBEC00F002C0E7F001C05C
:10222000E6F0350E006E002EFED7240E016EC25071
:10223000830B0110C26E000E016EC150F80B01102D
:10224000C16E250E006E002EFED7BBEC00F002C062
:10225000E3F001C0E2F0288405D00401CD90BEC2B5
:1022600071F400019E9076EF00F0742B6E51745D56
:1022700003E2C8C06DFF78D1746B6B94C8C06DFF6A
:1022800004014B53D8A4CED00001875307E18653F5
:1022900005E1855303E184517C0831E21C0E016E97
:1022A000C250830B0110C26E000E016EC150F80BBC
:1022B0000110C16E250E006E002EFED7BBEC00F0A3
:1022C00002C0DFF001C0DEF0350E006E002EFED73A
:1022D000080E016EC250830B0110C26E000E016E1B
:1022E000C150F80B0110C16E250E006E002EFED7F6
:1022F000BBEC00F002C0DBF001C0DAF02882000E77
:10230000956E8C9C250E006E002EFED7000E956EED
:102310008C92312C64D0975307E1965305E1955385
:1023200003E194517C080FE2000E956E8C844F0EF1
:10233000006E002EFED700D0000E956E8C8A0F0125
:1023400039854BD00001000E956E8C84350E006EE1
:10235000002EFED7000E956E8C8A0F0139852AACAF
:102360001ED0350E006E002EFED72C0E016EC25010
:10237000830B0110C26E000E016EC150F80B0110EC
:10238000C16E350E006E002EFED70001BBEC00F0D2
:1023900002C0E1F001C0E0F02A9C1ED00F01350E12
:1023A000006E002EFED7080E016EC250830B011086
:1023B000C26E000E016EC150F80B0110C16E350ED9
:1023C000006E002EFED70001BBEC00F002C0DDF075
:1023D00001C0DCF02A8C28820F0122D00001000EFF
:1023E000956E8C92956E8C94249A25A802D025988F
:1023F000B18004014B5303E128821F8602D028825A
:102400001F862BAA0CD003012E950201E6B506D03B
:10241000E6B304D0000159EC0BF0020104010F01F6
:10242000A4D004014B510308D8A4A0D06C5334E1CC
:102430001C0E016EC250830B0110C26E000E016EA5
:10244000C150F80B0110C16E250E006E002EFED794
:102450000001BBEC00F002C0DFF001C0DEF0350E81
:10246000006E002EFED7080E016EC250830B0110C5
:10247000C26E000E016EC150F80B0110C16E250E28
:10248000006E002EFED7BBEC00F002C0DBF001C0F6
:10249000DAF028823FD004012C0E016EC250830B6B
:1024A0000110C26E000E016EC150F80B0110C16E1A
:1024B000250E006E002EFED7AE0E926E898A0001A8
:1024C000BBEC00F002C0E1F001C0E0F0AE0E926E95
:1024D000899A350E006E002EFED7080E016EC2508E
:1024E000830B0110C26E000E016EC150F80B01107B
:1024F000C16E250E006E002EFED7AE0E926E898A3A
:10250000BBEC00F002C0DDF001C0DCF0AE0E926E5C
:10251000899A2882000E956E8C9C250E006E002EE6
:10252000FED7345211E0000E956E8C92956E8C841D
:102530004F0E006E002EFED700D0000E956E8C8AD6
:102540000F01398512D00001000E956E8C9C956E9E
:102550008C9A250E006E002EFED7000E956E8C9282
:10256000956E8C941F8628820F010401BA90000199
:1025700076EF00F0752B6F51755D03E2CAC03BFF2B
:10258000EED0756B04014B533FE1346A312C3CD0E3
:102590000001975307E1965305E1955303E19451E8
:1025A0007C0831E22C0E016EC250830B0110C26E0A
:1025B000000E016EC150F80B0110C16E250E006EA9
:1025C000002EFED7BBEC00F002C0E1F001C0E0F04D
:1025D000350E006E002EFED7080E016EC250830B22
:1025E0000110C26E000E016EC150F80B0110C16ED9
:1025F000250E006E002EFED7BBEC00F002C0DDF011
:1026000001C0DCF028820401345233E02C0E016E4C
:10261000C250830B0110C26E000E016EC150F80B48
:102620000110C16E250E006E002EFED70001BBEC1E
:1026300000F002C0E1F001C0E0F0350E006E002EA7
:10264000FED7080E016EC250830B0110C26E000E41
:10265000016EC150F80B0110C16E250E006E002EE8
:10266000FED7BBEC00F002C0DDF001C0DCF0288238
:1026700004016C2D3FD02C0E016EC250830B011053
:10268000C26E000E016EC150F80B0110C16E250E16
:10269000006E002EFED7AE0E926E898A0001BBEC52
:1026A00000F002C0E1F001C0E0F0AE0E926E899A37
:1026B000350E006E002EFED7080E016EC250830B41
:1026C0000110C26E000E016EC150F80B0110C16EF8
:1026D000250E006E002EFED7AE0E926E898ABBECE0
:1026E00000F002C0DDF001C0DCF0AE0E926E899AFF
:1026F000288204010F013995CAC03BFF000E956E78
:102700008C9C956E8C9A956E8C92956E8C94249A76
:1027100025A802D02598B18004014B5312E1000195
:10272000875307E1865305E1855303E184517C0813
:1027300002E21F8604D02AAC01D001D01F8603D04C
:1027400004011F8600012BAA0AD003012E95020165
:10275000E6B506D0E6B304D0000159EC0BF0020157
:10276000BA94000176EF00F00601B051B203F3CF46
:1027700001F0F4CF00F0B303F3500026B151B203DF
:10278000F3500020026E00011200422AD8B4432AFE
:102790004350475C09E303E14650425C05E2CDC08B
:1027A000B3FFCCC0B2FF0AD3436A426ACDC0B3FFC5
:1027B000CCC0B2FF04014B53D8A498D224B895D210
:1027C00024BA93D237B002D037A67CD1375007084D
:1027D0001BE100017A51785DD8B402D0040114D015
:1027E0007B51795DD8B402D004010ED07C517A5D62
:1027F000D8B402D0040108D07D517B5DD8B402D09A
:10280000040102D025800401D6500101866FD7CF84
:1028100087F12B9225B03AD0865302E1875337E0F7
:102820008635026E8735036E02360336023603366E
:1028300002360336F00E02160250FF0A0601AE6F92
:10284000FF0E0318AF6F500E01015E25006E000EE3
:102850005F21016E000E6021026E000E6121036E89
:10286000035215E1025213E101500601AF5DD8B0E9
:1028700002D001010CD0D8B402D0010107D0AE5172
:10288000005CD8A002D0010102D001012B822BA252
:1028900015D137A2B6D0CE50886FCFCF89F12B9209
:1028A00025B04BD0885302E1895348E04050445C46
:1028B0000601AE6F41504558AF6FB16FAEC6B0F66E
:1028C00063C1B3F662C1B2F600014EDF02C0AFF6DB
:1028D00001C0AEF688C1B0F60601B01F89C1B1F6DD
:1028E0000601B11FD890B131036EB031026EAE2730
:1028F0000350AF23280E01015E25006E000E5F21FC
:10290000016E000E6021026E000E6121036E035203
:1029100015E1025213E101500601AF5DD8B002D0BB
:1029200001010CD0D8B402D0010107D0AE51005C37
:10293000D8A002D0010102D001012B822BA25DD0D0
:102940002590248C000E956E8C9E250E006E002E18
:10295000FED7000E966E8D844F0E006E002EFED7B1
:1029600000D0900E946E8B840F01368500018B533E
:1029700007E18A5305E1895303E188517C0801E2AC
:102980003AD02AAE1CD0350E006E002EFED7200E97
:10299000016EC250830B0110C26E000E016EC15059
:1029A000F80B0110C16E350E006E002EFED7BBEC89
:1029B00000F002C0E7F001C0E6F02A9E1CD0350E00
:1029C000006E002EFED7240E016EC250830B011044
:1029D000C26E000E016EC150F80B0110C16E350EB3
:1029E000006E002EFED7BBEC00F002C0E3F001C089
:1029F000E2F02A8E288403D00101258800015CD0F2
:102A000001012590248C000E956E8C9E250E006E83
:102A1000002EFED7000E966E8D844F0E006E002E97
:102A2000FED700D0900E946E8B840F013685000186
:102A30008B5307E18A5305E1895303E188517C08F0
:102A400001E23AD02AAE1CD0350E006E002EFED721
:102A5000200E016EC250830B0110C26E000E016E7B
:102A6000C150F80B0110C16E350E006E002EFED75E
:102A7000BBEC00F002C0E7F001C0E6F02A9E1CD0DB
:102A8000350E006E002EFED7240E016EC250830B51
:102A90000110C26E000E016EC150F80B0110C16E24
:102AA000350E006E002EFED7BBEC00F002C0E3F046
:102AB00001C0E2F02A8E288403D00101258800019C
:102AC00013D1040137A2B6D0CE500101886FCFCF09
:102AD00089F125B04ED0885303E18953D8B4A6D0EC
:102AE0004050445C0601AE6F41504558AF6FB16F26
:102AF000AEC6B0F663C1B3F662C1B2F6000134DE11
:102B000002C0AFF601C0AEF688C1B0F60601B01F34
:102B100089C1B1F60601B11FD890B131036EB03151
:102B2000026EAE270350AF23280E01015E25006E12
:102B3000000E5F21016E000E6021026E000E612109
:102B4000036E0352D8A472D00252D8A46FD00150A1
:102B50000601AF5DD8B002D0010168D0D8B402D070
:102B6000010107D0AE51005CD8A002D001015ED0B7
:102B700001012590248C000E956E8C9E250E006E12
:102B8000002EFED7000E966E8D844F0E006E002E26
:102B9000FED700D0900E946E8B840F013685000115
:102BA0008B5307E18A5305E1895303E188517C087F
:102BB00001E23AD02AAE1CD0350E006E002EFED7B0
:102BC000200E016EC250830B0110C26E000E016E0A
:102BD000C150F80B0110C16E350E006E002EFED7ED
:102BE000BBEC00F002C0E7F001C0E6F02A9E1CD06A
:102BF000350E006E002EFED7240E016EC250830BE0
:102C00000110C26E000E016EC150F80B0110C16EB2
:102C1000350E006E002EFED7BBEC00F002C0E3F0D4
:102C200001C0E2F02A8E288403D00101258800012A
:102C30005BD00401248C000E956E8C9E250E006ED8
:102C4000002EFED7000E966E8D844F0E006E002E65
:102C5000FED700D0900E946E8B840F013685000154
:102C60008B5307E18A5305E1895303E188517C08BE
:102C700001E23AD02AAE1CD0350E006E002EFED7EF
:102C8000200E016EC250830B0110C26E000E016E49
:102C9000C150F80B0110C16E350E006E002EFED72C
:102CA000BBEC00F002C0E7F001C0E6F02A9E1CD0A9
:102CB000350E006E002EFED7240E016EC250830B1F
:102CC0000110C26E000E016EC150F80B0110C16EF2
:102CD000350E006E002EFED7BBEC00F002C0E3F014
:102CE00001C0E2F02A8E2884040166D04B2D64D006
:102CF00000016B5316E06B076B5313E1476ABBC2CD
:102D000046F0010E0201B92504016F6F000E0201A9
:102D1000BA210401706FBEC271F4D58ECD80B1802E
:102D2000000104016F5302E1705304E06F51D8B405
:102D300070076F076F5306E1705304E100016B5396
:102D400017E00401000E956E8C9E250E006E002E7D
:102D5000FED7000E966E8D844F0E006E002EFED7AD
:102D600000D0900E946E8B840F01368526D0000122
:102D7000B190E10EC56F180EC46F0F013D91C5C033
:102D80003FFFC4C03EFFBA96B986000E966E8D9E78
:102D90003D810401725101080BE37151010808E300
:102DA000D59ECD90B1900F013695339506D0040194
:102DB000BAC270F4B9C26FF40F010001A19276EFAC
:102DC00000F0762B7051765D03E2CEC038FFDDD186
:102DD000766B0F013695CEC038FF04014B53D8A453
:102DE0006DD124A2ACD024925050FF0A37140708AA
:102DF00006E05050FF0A37140E08D8A49FD0200ECA
:102E000006090F01336F54C134FF0F01000E956E98
:102E10008C94250E006E002EFED7248AC7C0CFFFEB
:102E2000C6C0CEFF000E956E8C824F0E006E002E37
:102E3000FED700D0000E956E8C8CCD806B843385D0
:102E40000001875307E1865305E1855303E184516F
:102E50007C0838E2300E0601AE6F0001E5EC00F0B0
:102E60001C0E016EC250830B0110C26E000E016E6B
:102E7000C150F80B0110C16E250E006E002EFED75A
:102E8000BBEC00F002C0DFF001C0DEF0350E006EDA
:102E9000002EFED7080E016EC250830B0110C26EC9
:102EA000000E016EC150F80B0110C16E250E006EB0
:102EB000002EFED7BBEC00F002C0DBF001C0DAF060
:102EC00028843AD02AAA1CD0350E006E002EFED7D8
:102ED0001C0E016EC250830B0110C26E000E016EFB
:102EE000C150F80B0110C16E350E006E002EFED7DA
:102EF000BBEC00F002C0DFF001C0DEF02A9A1CD06B
:102F0000350E006E002EFED7080E016EC250830BE8
:102F10000110C26E000E016EC150F80B0110C16E9F
:102F2000350E006E002EFED7BBEC00F002C0DBF0C9
:102F300001C0DAF02A8A288424820401BED000016C
:102F40008B5307E18A5305E1895303E188517C08DB
:102F500031E2200E016EC250830B0110C26E000ED2
:102F6000016EC150F80B0110C16E250E006E002ECF
:102F7000FED7BBEC00F002C0E7F001C0E6F0350E72
:102F8000006E002EFED7240E016EC250830B01107E
:102F9000C26E000E016EC150F80B0110C16E250EFD
:102FA000006E002EFED7BBEC00F002C0E3F001C0C3
:102FB000E2F02884900E946E8B94250E006E002E05
:102FC000FED7322C70D0000E966E8D94200E06091E
:102FD0000F01336FD0C034FF0F0100019B5307E195
:102FE0009A5305E1995303E198517C0810E2000ED1
:102FF000956E8C8E4F0E006E002EFED700D0900E78
:10300000946E8B820F01338528844BD00001000E13
:10301000956E8C8E350E006E002EFED7900E946E3F
:103020008B820F0133852BA01ED0350E006E002E33
:10303000FED7280E016EC250830B0110C26E000E27
:10304000016EC150F80B0110C16E350E006E002EDE
:10305000FED70001BBEC00F002C0E9F001C0E8F0CF
:103060002B901ED00F01350E006E002EFED7240EC1
:10307000016EC250830B0110C26E000E016EC15072
:10308000F80B0110C16E350E006E002EFED7000148
:10309000BBEC00F002C0E5F001C0E4F02B80288416
:1030A0000F010AD00001000E966E8D94956E8C9ED5
:1030B000249C1F8828840F01040166D04B2D64D006
:1030C000200E016EC250830B0110C26E000E016E05
:1030D000C150F80B0110C16E250E006E002EFED7F8
:1030E0000001BBEC00F002C0E7F001C0E6F0350ED5
:1030F000006E002EFED7240E016EC250830B01100D
:10310000C26E000E016EC150F80B0110C16E250E8B
:10311000006E002EFED7BBEC00F002C0E3F001C051
:10312000E2F02884900E946E8B94250E006E002E93
:10313000FED70201C15316E0000E966E8D94250E47
:10314000006E002EFED7000E956E8C8E4F0E006E18
:10315000002EFED700D0900E946E8B820F01338527
:1031600012D00201900E946E8B94946E8B92250E69
:10317000006E002EFED7000E966E8D94956E8C9E7E
:1031800028841F880F0104010001BA9876EF00F02F
:10319000772B7151775D03E2D0C035FFE3D2776BB7
:1031A0000F013395D0C035FF04014B53D8A44AD248
:1031B00024A2EFD124925050FF0A3714070806E0EA
:1031C0005050FF0A37140E08D8A49ED0000E956EFA
:1031D0008C9E250E006E002EFED7248C200E060934
:1031E0000F01366FCEC037FF0F01CDC0B3FFCCC08B
:1031F000B2FF000E966E8D844F0E006E002EFED72D
:1032000000D0900E946E8B84B180368500018B5374
:1032100007E18A5305E1895303E188517C0838E2CC
:10322000300E0601AE6F0001E5EC00F0200E016EDD
:10323000C250830B0110C26E000E016EC150F80B1C
:103240000110C16E250E006E002EFED7BBEC00F003
:1032500002C0E7F001C0E6F0350E006E002EFED78A
:10326000240E016EC250830B0110C26E000E016E5F
:10327000C150F80B0110C16E250E006E002EFED756
:10328000BBEC00F002C0E3F001C0E2F028843AD0C9
:103290002AAE1CD0350E006E002EFED7200E016E19
:1032A000C250830B0110C26E000E016EC150F80BAC
:1032B0000110C16E350E006E002EFED7BBEC00F083
:1032C00002C0E7F001C0E6F02A9E1CD0350E006E69
:1032D000002EFED7240E016EC250830B0110C26E69
:1032E000000E016EC150F80B0110C16E350E006E5C
:1032F000002EFED7BBEC00F002C0E3F001C0E2F00C
:103300002A8E288444D104015050FF0A371406083D
:103310000BE05050FF0A3714050806E05050FF0A32
:1033200037140C08D8A49ED0000E956E8C9E250EE6
:10333000006E002EFED7248C200E06090F01366F7A
:10334000CEC037FF0F01CDC0B3FFCCC0B2FF000E1F
:10335000966E8D844F0E006E002EFED700D0900E1C
:10336000946E8B84B180368500018B5307E18A53BC
:1033700005E1895303E188517C0838E2300E0601EB
:10338000AE6F0001E5EC00F0200E016EC250830B21
:103390000110C26E000E016EC150F80B0110C16E1B
:1033A000250E006E002EFED7BBEC00F002C0E7F049
:1033B00001C0E6F0350E006E002EFED7240E016E21
:1033C000C250830B0110C26E000E016EC150F80B8B
:1033D0000110C16E250E006E002EFED7BBEC00F072
:1033E00002C0E3F001C0E2F028843AD02AAE1CD03B
:1033F000350E006E002EFED7200E016EC250830BDC
:103400000110C26E000E016EC150F80B0110C16EAA
:10341000350E006E002EFED7BBEC00F002C0E7F0C8
:1034200001C0E6F02A9E1CD0350E006E002EFED79D
:10343000240E016EC250830B0110C26E000E016E8D
:10344000C150F80B0110C16E350E006E002EFED774
:10345000BBEC00F002C0E3F001C0E2F02A8E288449
:1034600096D00401000E956E8C94250E006E002EF1
:10347000FED7248AC7C0CFFFC6C0CEFF000E956E10
:103480008C824F0E006E002EFED700D0000E956E7F
:103490008C8CCD806B840001875307E1865305E156
:1034A000855303E184517C0838E2300E0601AE6F8B
:1034B0000001E5EC00F01C0E016EC250830B011000
:1034C000C26E000E016EC150F80B0110C16E250EC8
:1034D000006E002EFED7BBEC00F002C0DFF001C092
:1034E000DEF0350E006E002EFED7080E016EC250C3
:1034F000830B0110C26E000E016EC150F80B01105B
:10350000C16E250E006E002EFED7BBEC00F002C08F
:10351000DBF001C0DAF028843AD02AAA1CD0350E9C
:10352000006E002EFED71C0E016EC250830B0110E0
:10353000C26E000E016EC150F80B0110C16E350E47
:10354000006E002EFED7BBEC00F002C0DFF001C021
:10355000DEF02A9A1CD0350E006E002EFED7080E23
:10356000016EC250830B0110C26E000E016EC1507D
:10357000F80B0110C16E350E006E002EFED7BBECAD
:1035800000F002C0DBF001C0DAF02A8A288458D0AB
:10359000040100019B5307E19A5305E1995303E1AC
:1035A00098517C0831E2280E016EC250830B011045
:1035B000C26E000E016EC150F80B0110C16E250ED7
:1035C000006E002EFED7BBEC00F002C0E9F001C097
:1035D000E8F0350E006E002EFED7240E016EC250AC
:1035E000830B0110C26E000E016EC150F80B01106A
:1035F000C16E250E006E002EFED7BBEC00F002C09F
:10360000E5F001C0E4F02884900E946E8B94946EE3
:103610008B92000E966E8D94956E8C9E249C9B537F
:103620000DE19A530BE1995309E198517C0806E3A7
:103630002AAE01D002D028841F8802D028841F8897
:1036400091D004014B2D8DD00201C15333E0280EDF
:10365000016EC250830B0110C26E000E016EC1508C
:10366000F80B0110C16E250E006E002EFED7000172
:10367000BBEC00F002C0E9F001C0E8F0350E006ECE
:10368000002EFED7240E016EC250830B0110C26EB5
:10369000000E016EC150F80B0110C16E250E006EB8
:1036A000002EFED7BBEC00F002C0E5F001C0E4F054
:1036B00028840201900E946E8B94946E8B92250E4A
:1036C000006E002EFED7000E966E8D94956E8C9E29
:1036D0000401705345E16F51010842E37151010843
:1036E0003FE32B86C3C2C5F2C2C2C4F2C3C2C7F253
:1036F000C2C2C6F2300E0601AE6F0001E5EC00F06A
:10370000200E016EC250830B0110C26E000E016EBE
:10371000C150F80B0110C16E250E006E002EFED7B1
:10372000E76BE66BE96BE86B350E006E002EFED79B
:10373000240E016EC250830B0110C26E000E016E8A
:10374000C150F80B0110C16E250E006E002EFED781
:10375000E36BE26BE56BE46B2884258A2884040123
:103760001F880001BA9A76EF00F09EAAFED7ABCF71
:103770001CF0AECF01F01CA202D0AB98AB880FEFCB
:103780001CF00601AF91036AAE51550FE96E040EAD
:103790000320EA6EEF500401405D24E023E30301BF
:1037A0004651050819E1472D17D0036A0601AE51AD
:1037B000550FE96E040E0320EA6E020EEF24040199
:1037C000405D04E10601AF8103D004010601AF9121
:1037D0000401539706D00301040153970601AF91EA
:1037E000040114D0036A0601AE51550FE96E040EB0
:1037F0000320EA6EEF500401405D05E253870601A5
:10380000AF9103D004010601AF810401000E06014F
:10381000AFB1010E016E00013CEF1CF0A6D701C054
:1038200044F4040140530EE1445114080AE34051AA
:10383000402B036A460FE96E030E0320EA6E44C470
:10384000EFFF2AD04051402B036A460FE96E030E6A
:103850000320EA6E44C4EFFF405101081DE24451C9
:103860000D0802E043A918D0438944510A0810E129
:1038700046C3AEF6000185D7015204E003012E8D48
:1038800003D0000103012E9D04014399406B04D035
:1038900044510D0801E043999E9A000176EF00F033
:1038A0000601B36BB26BB16BB06B03012EA3AFD04B
:1038B000D2C2B9F6D1C2B8F6000181EC03F003C060
:1038C000B7F602C0B6F601C0B5F600C0B4F6D882AD
:1038D00003C0BBF602C0BAF601C0B9F600C0B8F624
:1038E00034C3BFF633C3BEF632C3BDF631C3BCF634
:1038F00069EC04F003C0B7F602C0B6F601C0B5F635
:1039000000C0B4F6CFC2B9F6CEC2B8F681EC03F06F
:103910000601BB6BBA6BB96B7F0EB86F03C0BFF605
:1039200002C0BEF601C0BDF600C0BCF600019CECB2
:1039300003F0D882B7C6BBF6B6C6BAF6B5C6B9F6B6
:10394000B4C6B8F603C0BFF602C0BEF601C0BDF6ED
:1039500000C0BCF669EC04F003C0B7F602C0B6F6CE
:1039600001C0B5F600C0B4F6CDC2B9F6CCC2B8F607
:1039700081EC03F00601BB6BBA6BB96B7F0EB86FBD
:1039800003C0BFF602C0BEF601C0BDF600C0BCF663
:1039900000019CEC03F0D882B7C6BBF6B6C6BAF6F7
:1039A000B5C6B9F6B4C6B8F603C0BFF602C0BEF6D7
:1039B00001C0BDF600C0BCF669EC04F003C0B7F668
:1039C00002C0B6F601C0B5F600C0B4F603C0BBF63F
:1039D00002C0BAF601C0B9F600C0B8F60601BF6B66
:1039E000BE6B200EBD6F820EBC6F000103EC06F0B3
:1039F00003C0B3F602C0B2F601C0B1F600C0B0F623
:103A00000301346B336B326B316B2E938ED0D2C289
:103A1000B9F6D1C2B8F6000181EC03F003C0B7F6E5
:103A200002C0B6F601C0B5F600C0B4F6CFC2B9F612
:103A3000CEC2B8F681EC03F00601BB6BBA6BB96B72
:103A40007F0EB86F03C0BFF602C0BEF601C0BDF660
:103A500000C0BCF600019CEC03F0D882B7C6BBF6F0
:103A6000B6C6BAF6B5C6B9F6B4C6B8F603C0BFF660
:103A700002C0BEF601C0BDF600C0BCF669EC04F0A1
:103A800003C0B7F602C0B6F601C0B5F600C0B4F682
:103A9000CDC2B9F6CCC2B8F681EC03F00601BB6B1F
:103AA000BA6BB96B7F0EB86F03C0BFF602C0BEF62B
:103AB00001C0BDF600C0BCF600019CEC03F0D8824A
:103AC000B7C6BBF6B6C6BAF6B5C6B9F6B4C6B8F64A
:103AD00003C0BFF602C0BEF601C0BDF600C0BCF612
:103AE00069EC04F003C0B7F602C0B6F601C0B5F643
:103AF00000C0B4F603C0BBF602C0BAF601C0B9F606
:103B000000C0B8F60601BF6BBE6B200EBD6F820E03
:103B1000BC6F000103EC06F003C0B3F602C0B2F6BE
:103B200001C0B1F600C0B0F603010201CC51CE5D78
:103B3000006ECD51CF59036E00C0B8F60601B96FC3
:103B4000000181EC03F003C0B7F602C0B6F601C075
:103B5000B5F600C0B4F603C0BBF602C0BAF601C0A9
:103B6000B9F600C0B8F6B3C6BFF6B2C6BEF6B1C667
:103B7000BDF6B0C6BCF69CEC03F003C0EEF202C08A
:103B8000EDF201C0ECF200C0EBF2B3C6B7F6B2C67C
:103B9000B6F6B1C6B5F6B0C6B4F64BEC04F002C04A
:103BA00013F301C012F3B3C6B7F6B2C6B6F6B1C688
:103BB000B5F6B0C6B4F64BEC04F002C0E0F201C0BA
:103BC000DFF2E0C2B9F6DFC2B8F681EC03F0D882CA
:103BD000B3C6BBF6B2C6BAF6B1C6B9F6B0C6B8F649
:103BE00003C0BFF602C0BEF601C0BDF600C0BCF601
:103BF00069EC04F003C0DEF202C0DDF201C0DCF2C9
:103C000000C0DBF212002BAC3DD02BAE1ED0D89200
:103C100002C3BBF601C3BAF600C3B9F6FFC2B8F6D9
:103C2000CD0E0601BF6FCC0EBE6F4C0EBD6F7B0E6E
:103C3000BC6F000169EC04F003C002F302C001F3A1
:103C400001C000F300C0FFF21DD0D88202C3BBF652
:103C500001C3BAF600C3B9F6FFC2B8F6CD0E06012D
:103C6000BF6FCC0EBE6F4C0EBD6F7B0EBC6F0001E4
:103C700069EC04F003C002F302C001F301C000F3D9
:103C800000C0FFF22BB802D02BAAABD12BBCA9D11C
:103C90000201E693E695D2C2B9F6D1C2B8F60001A8
:103CA00081EC03F002C3BBF601C3BAF600C3B9F658
:103CB000FFC2B8F603C0BFF602C0BEF601C0BDF633
:103CC00000C0BCF6A5EC05F0D8A0A2D00201E6B178
:103CD00002D000019DD0D89202C3BBF601C3BAF650
:103CE00000C3B9F6FFC2B8F6CD0E0601BF6FCC0E09
:103CF000BE6F4C0EBD6F7B0EBC6F000169EC04F013
:103D000003C002F302C001F301C000F300C0FFF2E0
:103D10002BAA7BD07BC0B9F67AC0B8F681EC03F051
:103D20000601BB6BBA6BB96B7F0EB86F03C0BFF6F1
:103D300002C0BEF601C0BDF600C0BCF600019CEC9E
:103D400003F0330E0601BB6FBA6F730EB96F7F0EAF
:103D5000B86F03C0BFF602C0BEF601C0BDF600C01A
:103D6000BCF6000103EC06F003C0B3F602C0B2F6E5
:103D700001C0B1F600C0B0F6D2C2B9F6D1C2B8F6F1
:103D800081EC03F0D88203C0BBF602C0BAF601C0D2
:103D9000B9F600C0B8F6B3C6BFF6B2C6BEF6B1C635
:103DA000BDF6B0C6BCF669EC04F003C0BBF602C0B9
:103DB000BAF601C0B9F600C0B8F602C3BFF601C337
:103DC000BEF600C3BDF6FFC2BCF6A5EC05F001E2ED
:103DD0001CE103012E87D6C23CF3D5C23BF3D4C20B
:103DE0003AF3D3C239F33CC387F03BC386F03AC3FE
:103DF00085F039C384F03CC397F03BC396F03AC3D7
:103E000095F039C394F003D0000103012E97E8D058
:103E10000201E6A131D0D2C2B9F6D1C2B8F6000192
:103E200081EC03F003C0BBF602C0BAF601C0B9F6DC
:103E300000C0B8F602C3BFF601C3BEF600C3BDF6AC
:103E4000FFC2BCF6A5EC05F004E2D8B402D0020132
:103E500013D00201E691D2C2B9F6D1C2B8F6000180
:103E600081EC03F003C002F302C001F301C000F3D0
:103E700000C0FFF2B4D00201E6B192D00601BB6BE4
:103E8000BA6BB96BB86B02C3BFF601C3BEF600C311
:103E9000BDF6FFC2BCF60001A5EC05F0D8B002D01B
:103EA00002017ED0D88202C3BBF601C3BAF600C3BA
:103EB000B9F6FFC2B8F6CD0E0601BF6FCC0EBE6FCD
:103EC0004C0EBD6F7B0EBC6F000169EC04F003C0AB
:103ED00002F302C001F301C000F300C0FFF22BAAFD
:103EE0005DD07BC0B9F67AC0B8F681EC03F006016C
:103EF000BB6BBA6BB96B7F0EB86F03C0BFF602C065
:103F0000BEF601C0BDF600C0BCF600019CEC03F09B
:103F1000330E0601BB6FBA6F730EB96F7F0EB86FA9
:103F200003C0BFF602C0BEF601C0BDF600C0BCF6BD
:103F3000000103EC06F002C3BBF601C3BAF600C3EE
:103F4000B9F6FFC2B8F603C0BFF602C0BEF601C0A4
:103F5000BDF600C0BCF6A5EC05F001E21CE10301D2
:103F60002E87DAC23CF3D9C23BF3D8C23AF3D7C2A8
:103F700039F33CC387F03BC386F03AC385F039C3BD
:103F800084F03CC397F03BC396F03AC395F039C335
:103F900094F003D0000103012E97000120D002010C
:103FA000E6B11DD002C3BBF601C3BAF600C3B9F631
:103FB000FFC2B8F60601BF6BBE6BBD6BBC6B0001E8
:103FC000A5EC05F004E2D8B402D0020108D0020149
:103FD000E6810301026B016B006B0201FF6B0301C1
:103FE00000011200A3C0B1F6A2C0B0F60601B36B87
:103FF000320EB26F0001B4EC13F002C01DF301C029
:104000001CF3030120511C5D1E6F21511D591F6FB0
:104010001F5303E11E51640807E21D511F5D07E3B2
:1040200003E11E511C5D03E21F6B640E1E6F1DC376
:10403000B9F61CC3B8F6000181EC03F0D89203C0B6
:10404000BBF602C0BAF601C0B9F600C0B8F6660EFB
:104050000601BF6FC60EBE6F7F0EBD6F880EBC6FB0
:10406000000169EC04F003C0B3F602C0B2F601C06F
:10407000B1F600C0B0F603C0BBF602C0BAF601C08C
:10408000B9F600C0B8F6CD0E0601BF6FCC0EBE6FFC
:10409000130EBD6F830EBC6F00019CEC03F003C0D8
:1040A00025F302C024F301C023F300C022F31FC391
:1040B000B9F61EC3B8F681EC03F0D89203C0BBF684
:1040C00002C0BAF601C0B9F600C0B8F6660E060125
:1040D000BF6FC60EBE6F7F0EBD6F880EBC6F000136
:1040E00069EC04F003C0B3F602C0B2F601C0B1F649
:1040F00000C0B0F603C0BBF602C0BAF601C0B9F604
:1041000000C0B8F6CD0E0601BF6FCC0EBE6F130E09
:10411000BD6F830EBC6F00019CEC03F003C0FAF28C
:1041200002C0F9F201C0F8F200C0F7F22BBC75D062
:10413000D88225C3BBF624C3BAF623C3B9F622C37B
:10414000B8F6FAC2BFF6F9C2BEF6F8C2BDF6F7C2BB
:10415000BCF669EC04F003C0B3F602C0B2F601C0CD
:10416000B1F600C0B0F6D2C2B9F6D1C2B8F681EC51
:1041700003F0B3C6BBF6B2C6BAF6B1C6B9F6B0C65E
:10418000B8F603C0BFF602C0BEF601C0BDF600C05F
:10419000BCF69CEC03F003C029F302C028F301C075
:1041A00027F300C026F303011E511C5D0601B06F0A
:1041B00003011F511D590601B16FD2C2B9F6D1C218
:1041C000B8F6000181EC03F003C0B5F602C0B4F606
:1041D00001C0B3F600C0B2F6B1C6B9F6B0C6B8F6C3
:1041E00081EC03F003C0BBF602C0BAF601C0B9F619
:1041F00000C0B8F6B5C6BFF6B4C6BEF6B3C6BDF6C7
:10420000B2C6BCF69CEC03F003C02DF302C02CF345
:1042100001C02BF300C02AF374D0D88225C3BBF6AB
:1042200024C3BAF623C3B9F622C3B8F6FAC2BFF65E
:10423000F9C2BEF6F8C2BDF6F7C2BCF669EC04F0EE
:1042400003C0B3F602C0B2F601C0B1F600C0B0F6CA
:10425000D2C2B9F6D1C2B8F681EC03F0B3C6BBF650
:10426000B2C6BAF6B1C6B9F6B0C6B8F603C0BFF664
:1042700002C0BEF601C0BDF600C0BCF69CEC03F067
:1042800003C029F302C028F301C027F300C026F3BE
:1042900003011E511C5D0601B06F03011F511D5922
:1042A0000601B16FD2C2B9F6D1C2B8F6000181ECF5
:1042B00003F003C0B5F602C0B4F601C0B3F600C007
:1042C000B2F6B1C6B9F6B0C6B8F681EC03F003C0D9
:1042D000BBF602C0BAF601C0B9F600C0B8F6B5C662
:1042E000BFF6B4C6BEF6B3C6BDF6B2C6BCF69CEC0D
:1042F00003F003C02DF302C02CF301C02BF300C068
:104300002AF3A3C01BF3A2C01AF3120003012EABC1
:1043100046D02BAE43D0FEC2B7F6FDC2B6F6FCC205
:10432000B5F6FBC2B4F600014BEC04F002C0B1F6E6
:1043300001C0B0F60601B133B033B133B033B1339D
:10434000B0C644FFB133B131300B006E0F014351A1
:10435000CF0B0010436F315220E0FEC2B7F6FDC212
:10436000B6F6FCC2B5F6FBC2B4F600014BEC04F0A5
:1043700002C0B1F601C0B0F60601B133B033B133BB
:10438000B033B133B0C647FFB133B131300B006E3B
:104390000F014651CF0B0010466F0301B4D0D2C2BB
:1043A000B9F6D1C2B8F6000181EC03F0D88203C09F
:1043B000BBF602C0BAF601C0B9F600C0B8F602C337
:1043C000BFF601C3BEF600C3BDF6FFC2BCF669EC82
:1043D00004F003C0B3F602C0B2F601C0B1F600C0EB
:1043E000B0F603C0BBF602C0BAF601C0B9F600C011
:1043F000B8F629C3BFF628C3BEF627C3BDF626C349
:10440000BCF603EC06F003C0B3F602C0B2F601C07E
:10441000B1F600C0B0F6D89203C0BBF602C0BAF63F
:1044200001C0B9F600C0B8F6FAC2BFF6F9C2BEF6CE
:10443000F8C2BDF6F7C2BCF669EC04F003C0FEF2A8
:1044400002C0FDF201C0FCF200C0FBF2D2C2B9F61C
:10445000D1C2B8F681EC03F0D88203C0BBF602C02B
:10446000BAF601C0B9F600C0B8F602C3BFF601C380
:10447000BEF600C3BDF6FFC2BCF669EC04F003C093
:10448000B3F602C0B2F601C0B1F600C0B0F603C088
:10449000BBF602C0BAF601C0B9F600C0B8F62DC32B
:1044A000BFF62CC3BEF62BC3BDF62AC3BCF603EC85
:1044B00006F003C0B3F602C0B2F601C0B1F600C008
:1044C000B0F61FC3B9F61EC3B8F681EC03F0D8925C
:1044D000B3C6BBF6B2C6BAF6B1C6B9F6B0C6B8F640
:1044E00003C0BFF602C0BEF601C0BDF600C0BCF6F8
:1044F00069EC04F003C018F302C017F301C016F30F
:1045000000C015F303010001120001012A2BD8B4E9
:104510002B2B442BD8B4452B0301102BD8B4112BD3
:1045200001012B5303E12A517C0813E237520EE1BB
:10453000040143A102D0010109D043A302D001012B
:1045400005D024B602D0010104D0010124802B6BD8
:104550002A6B04014B53D8A49FD237500208D8A429
:104560009BD21FBC99D243BB97D22AB095D20201ED
:10457000E6A302D0040190D2E6A502D004018CD2B9
:104580002BBC06D02BB804D02BBA02D0040184D2A5
:104590000301115304E11451105DD8A07CD2116BBA
:1045A000106B190E146F2BACE2D11251D8B4130753
:1045B00012070201E6A708D02BAE06D0E697E685E3
:1045C00003012E8309D00201E6A707D02BBE05D038
:1045D000E697E68303012E83020103011253D8A458
:1045E0009DD01353D8A49AD0DEC2BBF6DDC2BAF672
:1045F000DCC2B9F6DBC2B8F60601BF6BBE6B480E73
:10460000BD6F850EBC6F000103EC06F003C0B7F66A
:1046100002C0B6F601C0B5F600C0B4F64BEC04F02B
:104620000601B96B01C0B8F6000181EC03F003C0CC
:10463000BBF602C0BAF601C0B9F600C0B8F6060172
:10464000BF6BBE6BBD6B810EBC6F00019CEC03F0B9
:1046500003C0B7F602C0B6F601C0B5F600C0B4F6A6
:104660004BEC04F001C014F3010E0201DF2503013D
:10467000126F000E0201E0210301136F0201E687B1
:1046800003012EAB4BD0FAC2FEF2F9C2FDF2F8C222
:10469000FCF2F7C2FBF2FEC2B7F6FDC2B6F6FCC2F0
:1046A000B5F6FBC2B4F600014BEC04F002C0B1F663
:1046B00001C0B0F60601B133B033B133B033B1331A
:1046C000B0C644FFB133B131300B006E0F0143511E
:1046D000CF0B0010436F315220E0FEC2B7F6FDC28F
:1046E000B6F6FCC2B5F6FBC2B4F600014BEC04F022
:1046F00002C0B1F601C0B0F60601B133B033B13338
:10470000B033B133B0C647FFB133B131300B006EB7
:104710000F014651CF0B0010466F03019E90CE5003
:104720000601AE6FCFCFAFF60001C6510601AE5DF8
:10473000006E0001C7510601AF59036E00C0B8F604
:10474000B96F000181EC03F003C0B3F602C0B2F60A
:1047500001C0B1F600C0B0F641C0B9F640C0B8F62D
:1047600081EC03F003C0B7F602C0B6F601C0B5F69F
:1047700000C0B4F6000ED880C655006E000EC755B6
:10478000016E010ED8A0E806026E000ED8A0E80661
:10479000036EE8CFBBF602C0BAF601C0B9F600C09E
:1047A000B8F63DEC0BF0B7C6BBF6B6C6BAF6B5C662
:1047B000B9F6B4C6B8F603C0BFF602C0BEF601C073
:1047C000BDF600C0BCF603EC06F0D892B3C6BBF64B
:1047D000B2C6BAF6B1C6B9F6B0C6B8F603C0BFF6EF
:1047E00002C0BEF601C0BDF600C0BCF669EC04F024
:1047F00003C0B3F602C0B2F601C0B1F600C0B0F615
:1048000003C0BBF602C0BAF601C0B9F600C0B8F6E4
:10481000BD0E0601BF6F370EBE6F060EBD6F6A0E6E
:10482000BC6F000103EC06F0D892EAC2BBF6E9C205
:10483000BAF6E8C2B9F6E7C2B8F603C0BFF602C0DE
:10484000BEF601C0BDF600C0BCF669EC04F003C0C2
:10485000EAF202C0E9F201C0E8F200C0E7F2416A00
:10486000406A03012EA37DD02BAE3DD0CFC2B9F656
:10487000CEC2B8F6000181EC03F00601BB6BBA6B47
:10488000B96B7F0EB86F03C0BFF602C0BEF601C0A1
:10489000BDF600C0BCF600019CEC03F003C0B3F60B
:1048A00002C0B2F601C0B1F600C0B0F6D88203C0B3
:1048B000BBF602C0BAF601C0B9F600C0B8F6EAC24B
:1048C000BFF6E9C2BEF6E8C2BDF6E7C2BCF669ECC7
:1048D00004F003C034F302C033F301C032F300C06C
:1048E00031F33CD00301CDC2B9F6CCC2B8F6000119
:1048F00081EC03F00601BB6BBA6BB96B7F0EB86F2E
:1049000003C0BFF602C0BEF601C0BDF600C0BCF6D3
:1049100000019CEC03F003C0B3F602C0B2F601C084
:10492000B1F600C0B0F6D88203C0BBF602C0BAF63A
:1049300001C0B9F600C0B8F6EAC2BFF6E9C2BEF6D9
:10494000E8C2BDF6E7C2BCF669EC04F003C034F37C
:1049500002C033F301C032F300C031F350EC1CF05D
:10496000030100018FEC08F00201E68B0301000156
:1049700003EC1EF02BA877D0010E03011A5D06018F
:10498000B06F000E03011B590601B16F0001A35166
:104990000601B15D08E31FE1B0510001A25DD8B08E
:1049A00002D0060118D0010E03011A250601B06FCE
:1049B000000E03011B210601B16F0001A35D0EE390
:1049C000D8B402D0060107D0A2510601B05DD8A02C
:1049D00002D0000103D00001F2EC1FF097DC2AB0F6
:1049E00042D0FEC2B7F6FDC2B6F6FCC2B5F6FBC2B7
:1049F000B4F64BEC04F002C0B1F601C0B0F606010B
:104A0000B133B033B133B033B133B0C644FFB13397
:104A1000B131300B006E0F014351CF0B0010436FCB
:104A2000315220E0FEC2B7F6FDC2B6F6FCC2B5F6C2
:104A3000FBC2B4F600014BEC04F002C0B1F601C0B9
:104A4000B0F60601B133B033B133B033B133B0C6D1
:104A500047FFB133B131300B006E0F014651CF0B20
:104A60000010466F00012BAA15D003012EB704D009
:104A7000000179EC0AF003012EB50DD00201E6A584
:104A800002D0030108D0E6A302D0030104D0000144
:104A900059EC0BF0030104010101455303E14451BA
:104AA000170813E237520EE1040143A102D00101BD
:104AB00009D043A302D0010105D024B602D00101E0
:104AC00004D001012484456B446B5150180801E265
:104AD000516ABA9C000176EF00F0F29276EF00F096
:104AE000060194919A6B996B986B976B000E0F016E
:104AF000236F246F080E256FC196C198C19AC050CC
:104B0000C00B0A09C06EC08EC2800201236B226BEB
:104B1000216B206B0C0E016EC250830B0110C26E14
:104B2000000E016EC150F80B0110C16EC282C2B2FC
:104B3000FED7C4CF96F60601C3CF95F6C2B2FED714
:104B4000966B956B9B6B9B51040820E30C0E016EDA
:104B5000C250830B0110C26E000E016EC150F80BE3
:104B60000110C16EC2B2FED7C282C2B2FED7C3CF9D
:104B700095F6C4CF96F6C2B2FED7955197279651B7
:104B80009823000E99239A239B2BDDD7D8921B6A7A
:104B9000F2BE1B8EF29E9AC6B7F699C6B6F698C6B6
:104BA000B5F697C6B4F6BB6BBA6BB96B050EB86FAA
:104BB0000001F3EC0AF01BBEF28E03C09AF602C0AD
:104BC00099F601C098F600C097F61B6AF2BE1B8EDC
:104BD000F29E9AC6BBF699C6BAF698C6B9F697C6BB
:104BE000B8F63DEC0BF01BBEF28E1B6AF2BE1B8EBC
:104BF000F29E03C0BBF602C0BAF601C0B9F600C00F
:104C0000B8F60601BF6B400EBE6F1C0EBD6F8B0E5B
:104C1000BC6F000103EC06F01BBEF28E03C09FF6D2
:104C200002C09EF601C09DF600C09CF61B6AF2BE53
:104C30001B8EF29E03C0BBF602C0BAF601C0B9F6E5
:104C400000C0B8F60601BF6BF00EBE6F7F0EBD6FE1
:104C50008A0EBC6F00019CEC03F01BBEF28E03C0F9
:104C600023F202C022F201C021F200C020F21B6A2E
:104C7000F2BE1B8EF29E0601BB6BF00EBA6F200EC9
:104C8000B96F8B0EB86F23C2BFF622C2BEF621C227
:104C9000BDF620C2BCF60001A5EC05F01BBEF28EED
:104CA0001AE21B6AF2BE1B8EF29E23C2BBF622C220
:104CB000BAF621C2B9F620C2B8F60601BF6B900E53
:104CC000BE6F170EBD6F8B0EBC6F0001A5EC05F01B
:104CD0001BBEF28E04E30601949103D0000106018D
:104CE0009481000E0F01236F0F0E246FF60E256FB7
:104CF000C196C188C19AC050C00B1609C06EC08E43
:104D0000C280000E060194B1010E016E0001120076
:104D1000060EEA6E820EE96EEF500EE0140E016E82
:104D2000006A002EFED7012EFBD7BF0E006E002EAC
:104D3000FED700D0EF2EF2D71200060140514219E3
:104D4000800B446F40AF05D03F1F401F3F2BD8B4AE
:104D5000402B42AF05D0411F421F412BD8B4422BFC
:104D6000016A026A006A036A425102E1415118E095
:104D7000100E436FD8903F3740370036033642510C
:104D8000035C02E14151005C07E34151005ED8A0A1
:104D900003064251035ED88001360236432FEAD71C
:104DA00044AF05D0011E021E012AD8B4022A000118
:104DB0002BEF27F006013B6B3A6B3D6B3C6B100E03
:104DC000016EC250830B0110C26E000E016EC15005
:104DD000F80B0110C16E250E006E002EFED7C282A8
:104DE000C2B2FED7C3CF3AF6C4CF3BF6C2B2FED7AB
:104DF0003B6B3A6B3E6B3E51090824E3100E016E8B
:104E0000C250830B0110C26E000E016EC150F80B30
:104E10000110C16E250E006E002EFED7C282C2B2F6
:104E2000FED7C3CF3CF6C4CF3DF6C2B2FED73C514D
:104E30003A273D513B230A0E826F000169DF0601CC
:104E40003E2BD9D73BC640F63AC63FF6426B0A0E18
:104E5000416F000172D702C03BF601C03AF63BC673
:104E600045F33AC644F3BAEFCFF00601816B8151A6
:104E7000130812E3036A8151730FE96E040E0320D5
:104E8000EA6EEF6A036A8151870FE96E040E032010
:104E9000EA6EEF6A812BEBD704019B6B9C6B9D6BD9
:104EA00000011200040E0401566F576F586F080E70
:104EB000596F050E5A6F1A0E5B6F0B0E5C6F280E42
:104EC0005D6F080E5E6F110E5F6F060E606F300E25
:104ED000616F110E626F0E0E636F050E646F0D0E23
:104EE000656F090E666F676F040E686F0001BEEF95
:104EF000CFF006013B6B3A6B3AC6F2F40401F36B58
:104F000006013B6B3A6B3AC6F4F40401F56B0601FB
:104F10003B6B3A6B3AC602F50501036B06013B6B2E
:104F20003A6B3AC604F50501056B06013A6B3AC6C1
:104F300012F53A6B3AC613F53A6B3AC61AF55A6A45
:104F40005B6A0001626B28EF28F00601826B816BBF
:104F500081C6F6F40401F76B0601826B816B81C692
:104F6000F8F40401F96B0601826B816B81C606F5CA
:104F70000501076B0601826B816B81C608F505018F
:104F8000096B0601816B81C614F5816B81C615F52D
:104F9000816B81C61BF55C6A5D6A0001636B120060
:104FA0000601826B816B81C6FAF40401FB6B06017A
:104FB000826B816B81C6FCF40401FD6B0601826B80
:104FC000816B81C60AF505010B6B0601826B816B53
:104FD00081C60CF505010D6B0601816B81C616F5C6
:104FE000816B81C617F5816B81C61CF55E6A5F6AAD
:104FF0000001646B120006013B6B3A6B3AC6FEF48B
:105000000401FF6B06013B6B3A6B3AC600F50501E4
:10501000016B06013B6B3A6B3AC60EF505010F6B4F
:1050200006013B6B3A6B3AC610F50501116B0601A0
:105030003A6B3AC618F53A6B3AC619F53A6B3AC666
:105040001DF50001606B616B656B2BEF28F051D78C
:105050007CDFA6DFD0D7C3EFCFF09EA8FED7AD6E22
:105060001200060193699151050800E09151000179
:10507000F4DF06019151040A000109E0060A1CE070
:10508000110A25E0100A2EE0060A37E05BD006017F
:1050900092510001E2DF3750E0DF5050DEDF4F5029
:1050A000DCDF04016D510001D8DF91C642F4DD0E52
:1050B0000601936F000146D0060192510001CDDF39
:1050C00091C642F4DD0E0601936F00013BD006014C
:1050D00092510001C2DF91C642F4DD0E0601936FCA
:1050E000000130D0060192510001B7DF91C642F4B1
:1050F000DD0E0601936F000125D0060192510001DB
:10510000ACDF0601922D17D00001EADC259C01B02E
:10511000258C000E25BC010EA0DF1EC094F60601F2
:10512000945100019ADF1DC094F6060194510001CC
:1051300094DF04D00601CC0E00018FDFDD0E0601E6
:10514000936F000106019351DD0806E10D0E000189
:1051500084DF0A0E82DF060193C601F0000112000F
:105160000601946B010E936F925304E1946B010E50
:10517000936F1BD0956B9251955D17E21B6AF2BE3F
:105180001B8EF29E94C6B1F693C6B0F6B36B91C671
:10519000B2F60001B4EC13F01BBEF28E02C094F61E
:1051A00001C093F60601952BE6D793C601F094C68D
:1051B00002F00001B2EF29F006019551FF0A010F3C
:1051C000016E000112000601956B946B9551935D81
:1051D00019E303E19251945D15E2976B966B975139
:1051E00003080CE303E19651830808E3050E006E03
:1051F000002EFED7962BD8B4972BF1D7942BD8B48A
:10520000952BE4D7000112000601912D04D0010E68
:10521000936E8A8405D0915303E1010E936E8A86C2
:10522000936B960E926F0001CEDF010E936E8A94FF
:10523000936E8A96120006018269836B846B46C363
:1052400041F404014151050802E041C442F4010E59
:10525000415DED0FD8B07AEF2EF0130F0001BEEFD5
:105260002EF003014751CA0808E1050E0601916FAF
:10527000010E926F0001F5DE0301DD0E0601826F63
:1052800004017AEF2EF048C337F049C350F04AC307
:105290004FF04BC36DF46DC49FF56DC4BEF50301B3
:1052A0004751AA0A00010BE0110A32E0660A4BE0FE
:1052B000330A4FE0410A5EE0110A62E08CD004013B
:1052C0004B51FB0F21E2050F00017FEF2EF0030190
:1052D0002E8F040119D004014381439F15D004018E
:1052E0004383249643AF02D05383439F0DD00401E0
:1052F00043932486439F08D00401438543AF02D0E3
:105300005383439F01D00401DD0E0601826F65D0F7
:1053100004014B51FB0F13E2050F000194EF2EF037
:1053200003012E9F04010BD00401439108D0040116
:105330004393249604D00401439501D00401DD0E6B
:105340000601826F4AD00401438BDD0E0601826F95
:1053500044D00401439B020E0601916F4FC092F6A8
:105360000001FED601C066F003012E8FDD0E06019E
:10537000826F33D00401438FDD0E0601826F2DD082
:1053800004014B51FB0F22E2050F0001A9EF2EF0A3
:1053900004011CD00401438119D06A2D02D0010EF2
:1053A000356E355204E10401438303D000012486A5
:1053B000040143AF02D0439F538308D004014385C7
:1053C00043AF02D0439F538301D00401DD0E060199
:1053D000826F03D00001060182698251DD0807E176
:1053E000050E916F040E926F00013BDE0601040171
:1053F0007AEF2EF00601856B8551240830E3036AAD
:105400008551C30F016E040E032203C092F6010EF4
:105410008525036A460FE96E030E0320EA6EEFCF7F
:1054200093F692C6EAFF01C0E9FF93C6EFFF8551EC
:1054300024080AE0036A8551C30FE96E040E0320B5
:10544000EA6EEF50832709D0036A8551C30FE96ED6
:10545000040E0320EA6EEFCF84F6852BCDD783C6EA
:1054600095F60001A9DE01500601845D17E1040EE6
:10547000EA6E9E0EE96E040EE26EC30EE16E250E1C
:10548000016EE6CFEEFF012EFCD7050E916F080EE0
:10549000926F0001E6DDDD0E0601826F04017AEFF6
:1054A0002EF00601866B8651040830E3036A8651AC
:1054B000ED0F016E040E032203C092F6010E862545
:1054C000036A460FE96E030E0320EA6EEFCF93F6F0
:1054D00092C6EAFF01C0E9FF93C6EFFF86510408B8
:1054E0000AE0036A8651ED0FE96E040E0320EA6EAE
:1054F000EF50832709D0036A8651ED0FE96E040E41
:105500000320EA6EEFCF84F6862BCDD783C695F6BF
:10551000000152DE01500601845D17E1040EEA6EBF
:10552000E80EE96E040EE26EED0EE16E050E016E00
:10553000E6CFEEFF012EFCD7050E916F090E926F9C
:1055400000018FDDDD0E0601826F04017AEF2EF07F
:105550000601876B87510D0830E3036A87515A0FA4
:10556000016E050E032203C092F6010E8725036A21
:10557000460FE96E030E0320EA6EEFCF93F692C654
:10558000EAFF01C0E9FF93C6EFFF87510D080AE06B
:10559000036A87515A0FE96E050E0320EA6EEF5039
:1055A000832709D0036A87515A0FE96E050E03203D
:1055B000EA6EEFCF84F6872BCDD783C695F6000130
:1055C000FBDD01500601845D17E1050EEA6E4C0E0D
:1055D000E96E050EE26E5A0EE16E0E0E016EE6CF1A
:1055E000EEFF012EFCD7050E916F0A0E926F00019F
:1055F00038DDDD0E0601826F04017CD30601886B65
:105600008851020830E3036A88516B0F016E050E62
:10561000032203C092F6010E8825036A460FE96E45
:10562000030E0320EA6EEFCF93F692C6EAFF01C0A5
:10563000E9FF93C6EFFF885102080AE0036A885128
:105640006B0FE96E050E0320EA6EEF50832709D039
:10565000036A88516B0FE96E050E0320EA6EEFCFE7
:1056600084F6882BCDD783C695F60001A5DD0150C1
:105670000601845D0FE16BC568F56CC569F56DC504
:105680006AF5050E916F0B0E926F0001EADCDD0EDC
:105690000601826F04012ED30601896B8951160819
:1056A00030E3036A8951A10F016E050E032203C086
:1056B00092F6010E8925036A460FE96E030E032058
:1056C000EA6EEFCF93F692C6EAFF01C0E9FF93C6F8
:1056D000EFFF895116080AE0036A8951A10FE96EAC
:1056E000050E0320EA6EEF50832709D0036A895123
:1056F000A10FE96E050E0320EA6EEFCF84F6892B29
:10570000CDD783C695F6000157DD01500601845DB3
:1057100017E1050EEA6E8A0EE96E050EE26EA10E25
:10572000E16E170E016EE6CFEEFF012EFCD7050EDF
:10573000916F060E926F000194DCDD0E0601826F00
:105740000401D8D206018A6B8A51070830E3036A44
:105750008A51C00F016E050E032203C092F6010E9E
:105760008A25036A460FE96E030E0320EA6EEFCF27
:1057700093F692C6EAFF01C0E9FF93C6EFFF8A5194
:1057800007080AE0036A8A51C00FE96E050E03207C
:10579000EA6EEF50832709D0036A8A51C00FE96E81
:1057A000050E0320EA6EEFCF84F68A2BCDD783C691
:1057B00095F6000101DD01500601845D17E1050E3B
:1057C000EA6EB80EE96E050EE26EC00EE16E080ECE
:1057D000016EE6CFEEFF012EFCD7050E916F070E8E
:1057E000926F00013EDCDD0E0601826F040182D261
:1057F00006018B6B8B512C0830E3036A8B511F0F12
:10580000016E050E032203C092F6010E8B25036A7A
:10581000460FE96E030E0320EA6EEFCF93F692C6B1
:10582000EAFF01C0E9FF93C6EFFF8B512C080AE0A5
:10583000036A8B511F0FE96E050E0320EA6EEF50CD
:10584000832709D0036A8B511F0FE96E050E0320D1
:10585000EA6EEFCF84F68B2BCDD783C695F6000189
:10586000ABDC01500601845D18E1040EEA6EF20E15
:10587000E96E050EE26E1F0EE16E2D0E016EE6CF93
:10588000EEFF012EFCD7050E916F0C0E926F0001FA
:1058900031EC28F0DD0E0601826F04012BD20601E7
:1058A0008C6B8C510D0830E3036A8C517C0F016EB8
:1058B000050E032203C092F6010E8C25036A460FE3
:1058C000E96E030E0320EA6EEFCF93F692C6EAFF6D
:1058D00001C0E9FF93C6EFFF8C510D080AE0036A8F
:1058E0008C517C0FE96E050E0320EA6EEF50832782
:1058F00009D0036A8C517C0FE96E050E0320EA6E15
:10590000EFCF84F68C2BCDD783C695F6000154DCFF
:1059100001500601845D18E1050EEA6E6E0EE96E17
:10592000050EE26E7C0EE16E0E0E016EE6CFEEFF0E
:10593000012EFCD7050E916F0D0E926F000131EC18
:1059400028F0DD0E0601826F0401D4D106018D6BB3
:105950008D510A0830E3036A8D51D30F016E050E95
:10596000032203C092F6010E8D25036A460FE96EED
:10597000030E0320EA6EEFCF93F692C6EAFF01C052
:10598000E9FF93C6EFFF8D510A080AE0036A8D51C3
:10599000D30FE96E050E0320EA6EEF50832709D07E
:1059A000036A8D51D30FE96E050E0320EA6EEFCF27
:1059B00084F68D2BCDD783C695F60001DCEC28F05C
:1059C00001500601845D18E1050EEA6EC80EE96E0D
:1059D000050EE26ED30EE16E0B0E016EE6CFEEFF0A
:1059E000012EFCD7050E916F0E0E926F000131EC67
:1059F00028F0DD0E0601826F04017CD147C346F416
:105A000048C345F4050E0601916F0F0E926F000119
:105A100031EC28F0DD0E0601826F04016BD1040128
:105A200042510301475D08E14851CC0805E1DD0E14
:105A30000601826F03D003010601826904015AD175
:105A400004015391030147A103D0040153810301D1
:105A5000050E0601916F030E926F000131EC28F0E4
:105A6000DD0E0601826F040145D1030147510E0A84
:105A7000000103E0010A08E00CD0010E0601916F5D
:105A8000000104EC29F005D00601916B000104EC43
:105A900029F0050E0601916F020E926F000131ECA4
:105AA00028F0DD0E0601826F040124D106018E6B01
:105AB0008E51090830E3036A8E51E80F016E050E1E
:105AC000032203C092F6010E8E25036A460FE96E8B
:105AD000030E0320EA6EEFCF93F692C6EAFF01C0F1
:105AE000E9FF93C6EFFF8E5109080AE0036A8E5161
:105AF000E80FE96E050E0320EA6EEF50832709D008
:105B0000036A8E51E80FE96E050E0320EA6EEFCFAF
:105B100084F68E2BCDD783C695F60001DCEC28F0F9
:105B200001500601845D18E1050EEA6EDE0EE96E95
:105B3000050EE26EE80EE16E0A0E016EE6CFEEFF94
:105B4000012EFCD7050E916F100E926F000131EC03
:105B500028F0DD0E0601826F0401CCD006018F6BA8
:105B60008F51050830E3036A8F51F80F016E050E5F
:105B7000032203C092F6010E8F25036A460FE96ED9
:105B8000030E0320EA6EEFCF93F692C6EAFF01C040
:105B9000E9FF93C6EFFF8F5105080AE0036A8F51B2
:105BA000F80FE96E050E0320EA6EEF50832709D047
:105BB000036A8F51F80FE96E050E0320EA6EEFCFEE
:105BC00084F68F2BCDD783C695F60001DCEC28F048
:105BD00001500601845D18E1050EEA6EF20EE96ED1
:105BE000050EE26EF80EE16E060E016EE6CFEEFFD8
:105BF000012EFCD7050E916F110E926F000131EC52
:105C000028F0DD0E0601826F040174D00601906B4E
:105C10009051050830E3036A9051040F016E060E9F
:105C2000032203C092F6010E9025036A460FE96E27
:105C3000030E0320EA6EEFCF93F692C6EAFF01C08F
:105C4000E9FF93C6EFFF905105080AE0036A9051FF
:105C5000040FE96E060E0320EA6EEF50832709D089
:105C6000036A9051040FE96E060E0320EA6EEFCF2F
:105C700084F6902BCDD783C695F60001DCEC28F096
:105C800001500601845D18E1050EEA6EFE0EE96E14
:105C9000060EE26E040EE16E060E016EE6CFEEFF1A
:105CA000012EFCD7050E916F120E926F000131ECA0
:105CB00028F0DD0E0601826F04011CD0030147515C
:105CC000AB0804E1000E956E8C8206D04751CD08DA
:105CD00003E1000E956E8C92050E0601916F130E76
:105CE000926F000131EC28F0DD0E0601826F040195
:105CF00001D00401060182C601F000011200E8246F
:105D0000F76AF7361F0FF66E5D0EF722000EF86E7B
:105D1000FB6E0A00F550FA6E0800F550F96ECE528F
:105D2000D652DE52EE52F852E824F76AF736490F9F
:105D3000F66E5D0EF722000EF86EFB6E0A00F5504F
:105D4000FA6E0800F550F96E205328532E532E5347
:105D50003653E824F76AF736730FF66E5D0EF722B6
:105D6000000EF86EFB6E0A00F550FA6E0800F55052
:105D7000F96E905394539A539A53BC53E824F76A9C
:105D8000F7369D0FF66E5D0EF722000EF86EFB6E75
:105D90000A00F550FA6E0800F550F96E62526A5A20
:105DA000405A86521E5A98564457F453A25450559E
:105DB000FC55F0579E584C59FC59AC5A5C5B0C5C36
:105DC000BC5C0601846B836B8451825D0CE303E150
:105DD0008151835D08E2050E006E002EFED7832BF5
:105DE000D8B4842BF1D70001120006018351070BB0
:105DF000006E8331016E013201321F0E0116015017
:105E00008525E96E000E8621EA6E016A012A002AC4
:105E100001D00136002EFDD7845303E00150EF126C
:105E200003D0011E0150EF1600011200060181533C
:105E300002E1000E01D0010E82C683F6846F0F0EC0
:105E4000866F890E856F0001D0DF82C683F606015A
:105E5000846B0F0E866F920E856F0001C6DF1200F5
:105E6000E10EC56F180EC46F0F013D91C5C03FFF15
:105E7000C4C03EFFBA96B986000E966E8D9E3D81D7
:105E80009D90B990B994375207E1B99CBA9C24907F
:105E9000000135EC27F00F01375004080FE03750B0
:105EA00005080CE03750060809E03750070806E0FF
:105EB000B998B99ABA98BA9A369533959E90BA908D
:105EC000BA94CD906B943995375200E1040143BBED
:105ED00013D043BF11D00F01446B4351CF0B436F1D
:105EE000476B4651CF0B466F436B466B000E966E69
:105EF0008D96966E8D9804012BA852D043AF50D04A
:105F00001B6AF2BE1B8EF29EFEC2B7F6FDC2B6F64B
:105F1000FCC2B5F6FBC2B4F600014BEC04F01BBEAC
:105F2000F28E02C082F601C081F60601823381330F
:105F300082338133823381C644FF82338231300B16
:105F4000006E0F014351CF0B0010436F315226E01A
:105F50001B6AF2BE1B8EF29EFEC2B7F6FDC2B6F6FB
:105F6000FCC2B5F6FBC2B4F600014BEC04F01BBE5C
:105F7000F28E02C082F601C081F6060182338133BF
:105F800082338133823381C647FF82338231300BC3
:105F9000006E0F014651CF0B0010466F55D0040123
:105FA0002BA853D043BF02D043AB4FD01B6AF2BEE5
:105FB0001B8EF29E25C3B7F624C3B6F623C3B5F6EF
:105FC00022C3B4F600014BEC04F01BBEF28E02C0FB
:105FD00082F601C081F60601823381338233813338
:105FE000823381C644FF82338231300B006E0F0151
:105FF0004351CF0B0010436F315226E01B6AF2BEB3
:106000001B8EF29E25C3B7F624C3B6F623C3B5F69E
:1060100022C3B4F600014BEC04F01BBEF28E02C0AA
:1060200082F601C081F606018233813382338133E7
:10603000823381C647FF82338231300B006E0F01FD
:106040004651CF0B0010466F04012B982B9C2B9AC6
:1060500003012E9537520DE1000E956E8C82956EE0
:106060008C84030E0601826FE80E816F0001A9DEA9
:106070000301000E956E8C9C030E0601826FE80EE4
:10608000816F00019EDE000E956E8C9A956E8C924B
:10609000030E0601826FE80E816F000192DE000E92
:1060A000956E8C9450B206D00601816B040E826FFF
:1060B0000001BCDE1F921F961F9C20922292239209
:1060C000375201E1366A37B21DD0A351000809E208
:1060D000FF0A03E1A251220804E2010EA36F220E7F
:1060E000A26FEF6BEE6BF16BF06B0101256B246B14
:1060F0000201136B126B116B106B176B166B156B28
:10610000146B0001249A0401466B456B4D6B06012C
:10611000816B81C6DFF5249A0001A5EC27F01200FF
:10612000A092B998375205E1B99CBA9C249035ECFD
:1061300027F0A192BA98B1900F0136953750030815
:1061400006E03750070803E0B99ABA9A33953752F8
:1061500000E1756A7450CF0B746E786A7750CF0B7C
:10616000776E040143BB11D043BF0FD0756A7450E2
:10617000CF0B746E786A7750CF0B776E746A776A3C
:10618000E40E986E8F98986E8F9637520DE1000E40
:10619000966E8D84956E8C8E030E0601826FE80ECE
:1061A000816F00010EDE0401900E946E8B94030E3D
:1061B0000601826FE80E816F000103DE900E946E7F
:1061C0008B92000E966E8D94030E0601826FE80E80
:1061D000816F0001F6DD000E956E8C9E50B405D0E7
:1061E0000601816B826B000121DE1F921F981F9EAA
:1061F000209422942394375201E1366A37B41DD09B
:10620000A551000809E2FF0A03E1A451220804E2B3
:10621000010EA56F220EA46FF36BF26BF56BF46B9E
:106220000101276B266B02011B6B1A6B196B186B34
:106230001F6B1E6B1D6B1C6B00010401466B456BD5
:106240004E6B0601816B81C6E0F5249C0001D0EC09
:1062500027F012000401546B44C691F645C692F62D
:10626000000131EC28F004014A6B496B486B476B25
:1062700003012EBD24D004014A53D8B402D0030137
:106280001ED049510808D8B002D0030118D00DE142
:1062900048516408D8B002D0030111D006E147513B
:1062A0007008D8B002D003010AD0010E4727D8B039
:1062B000482BD8B4492BD8B44A2BDAD703012E9DEA
:1062C00004014A530DE14951070813E2FF0A08E1AE
:1062D000485163080EE2FF0A03E147516F0809E2E3
:1062E000542B5451050803E2FF00439701D0439714
:1062F0000CD000011BEC29F00150DD0804E1040181
:106300004387010E02D00401439743A7A5D700019C
:1063100012000601536B526B556B546B576B566BE7
:10632000536B526B5351515DD8A09ED004E1505134
:10633000525DD8B099D0556B546B010E505D006E14
:10634000000E5159036E00C001F05551035CD8A0F6
:1063500087D004E10150545DD8B082D0D890543534
:10636000026E5535036E02504E25E96E4F510320E3
:10637000EA6EECCF59F6ED52EFCF58F6010E5425E8
:106380005A6F000E55215B6FD8905A35026E5B35FF
:10639000036E02504E25E96E4F510320EA6EECCF9A
:1063A00003F0ED52EFCF01F00350595D55E303E1E7
:1063B0005851015C51E2D8905435026E5535036E48
:1063C00002504E25E96E4F510320EA6EECCF57F68E
:1063D000ED52EFCF56F6D8905435026E5535036E18
:1063E00002504E25016E4F51032203C059F6010E93
:1063F00054255A6F000E55215B6FD8905A35026EA6
:106400005B35036E02504E25E96E4F510320EA6E54
:10641000ECCF03F0ED52EFCF5AF659C6EAFF01C0B8
:10642000E9FF03C0ECFFED525AC6EFFF010E542501
:10643000586F000E5521596FD8905835026E593556
:10644000036E02504E25E96E4F510320EA6E57C687
:10645000ECFFED5256C6EFFF542BD8B4552B6DD739
:10646000522BD8B4532B5ED7000112001B6AF2BE28
:106470001B8EF29E82C6B9F681C6B8F681EC03F097
:106480001BBEF28E1B6AF2BE1B8EF29E03C0BBF6D1
:1064900002C0BAF601C0B9F600C0B8F60601BF6B7B
:1064A000400EBE6F1C0EBD6F8B0EBC6F000103EC67
:1064B00006F01BBEF28E03C08AF602C089F601C048
:1064C00088F600C087F61B6AF2BE1B8EF29E03C0E0
:1064D000BBF602C0BAF601C0B9F600C0B8F60601B4
:1064E000BF6BBE6BBD6B8B0EBC6F00019CEC03F0F1
:1064F0001BBEF28E03C086F602C085F601C084F68C
:1065000000C083F61B6AF2BE1B8EF29E86C6BBF6E7
:1065100085C6BAF684C6B9F683C6B8F60601BF6B5F
:10652000BE6B480EBD6F850EBC6F000103EC06F01C
:106530001BBEF28E03C08AF602C089F601C088F63F
:1065400000C087F61B6AF2BE1B8EF29E03C0BBF62C
:1065500002C0BAF601C0B9F600C0B8F6E70E0601EF
:10656000BF6FBB0EBE6F040EBD6F840EBC6F00010B
:106570009CEC03F01BBEF28E1B6AF2BE1B8EF29ED9
:1065800003C0B7F602C0B6F601C0B5F600C0B4F657
:106590004BEC04F01BBEF28E0250120047EF34F0B9
:1065A0001B6AF2BE1B8EF29E83C6B9F682C6B8F68F
:1065B00081EC03F01BBEF28E1B6AF2BE1B8EF29EB4
:1065C00003C0BBF602C0BAF601C0B9F600C0B8F607
:1065D0000601BF6BBE6B200EBD6F810EBC6F00014C
:1065E00003EC06F01BBEF28E03C08CF602C08BF6E5
:1065F00001C08AF600C089F61B6AF2BE1B8EF29EAD
:1066000003C0BBF602C0BAF601C0B9F600C0B8F6C6
:106610000601BF6BBE6BBD6B8B0EBC6F00019CECAB
:1066200003F01BBEF28E03C088F602C087F601C0DD
:1066300086F600C085F60601842D20D01B6AF2BEC6
:106640001B8EF29E88C6BBF687C6BAF686C6B9F61A
:1066500085C6B8F6BF6BBE6B300EBD6F820EBC6FC9
:10666000000103EC06F01BBEF28E03C088F602C0E8
:1066700087F601C086F600C085F6060185C600F0E3
:1066800086C601F087C602F088C603F0000112003A
:1066900006014651000A000107E0010AD8B409D1F9
:1066A000030AD8B402D2FED2040E016EC250830B8C
:1066B0000110C26E000E016EC150F80B0110C16EC8
:1066C000250E006E002EFED71B6AF2BE1B8EF29EB8
:1066D000BBEC00F01BBEF28E02C08DF101C08CF14C
:1066E000C2B2FED701018D6B8C6B0601486B48511D
:1066F0000E082EE3040E016EC250830B0110C26E11
:10670000000E016EC150F80B0110C16ED8904835D3
:10671000036A980F016E010E032201C04EF603C0FA
:106720004FF61B6AF2BE1B8EF29E0001BBEC00F01E
:106730001BBEF28E4FC6EAFF4EC6E9FF02C0ECFF59
:10674000ED5201C0EFFFC2B2FED70601482BCFD7F2
:10675000010E4F6F980E4E6F516B0F0E506F000170
:10676000D8DDA7C182F6A6C181F680DE02C08FF116
:1067700001C08EF18D82000E966E060147530DE129
:10678000180E016EC250830B0110C26E000E016E16
:10679000C150F80B0110C16E0ED0472D0CD0140E55
:1067A000016EC250830B0110C26E000E016EC1500B
:1067B000F80B0110C16E250E006E002EFED71B6A6D
:1067C000F2BE1B8EF29E0001BBEC00F01BBEF28EEF
:1067D00002C091F101C090F1C2B2FED70101916BEC
:1067E000906B0601496B49510E083FE347530DE199
:1067F000180E016EC250830B0110C26E000E016EA6
:10680000C150F80B0110C16E0ED0472D0CD0140EE4
:10681000016EC250830B0110C26E000E016EC1509A
:10682000F80B0110C16ED8904935036AB60F016E9E
:10683000010E032201C04EF603C04FF61B6AF2BEE2
:106840001B8EF29E0001BBEC00F01BBEF28E4FC609
:10685000EAFF4EC6E9FF02C0ECFFED5201C0EFFFB8
:10686000C2B2FED70601492BBED7010E4F6FB60E3E
:106870004E6F516B0F0E506F00014BDD010E060184
:106880004F6FB60E4E6F0F0E506F000187D6C5C109
:1068900083F6C4C182F6010E0601846F000180DE1A
:1068A00003C07FF202C07EF201C07DF200C07CF224
:1068B000F9D1080E016EC250830B0110C26E000E9A
:1068C000016EC150F80B0110C16E250E006E002E36
:1068D000FED71B6AF2BE1B8EF29EBBEC00F01BBE05
:1068E000F28E02C08DF101C08CF1C2B2FED701015F
:1068F0008D6B8C6B06014A6B4A510E082EE3080E15
:10690000016EC250830B0110C26E000E016EC150A9
:10691000F80B0110C16ED8904A35036A980F016ECA
:10692000010E032201C04EF603C04FF61B6AF2BEF1
:106930001B8EF29E0001BBEC00F01BBEF28E4FC618
:10694000EAFF4EC6E9FF02C0ECFFED5201C0EFFFC7
:10695000C2B2FED706014A2BCFD7010E4F6F980E59
:106960004E6F516B0F0E506F0001D3DCA7C182F642
:10697000A6C181F67BDD02C08FF101C08EF18D8052
:10698000000E966E060147530DE11C0E016EC250BB
:10699000830B0110C26E000E016EC150F80B011086
:1069A000C16E0ED0472D0CD02C0E016EC250830B41
:1069B0000110C26E000E016EC150F80B0110C16EC5
:1069C000250E006E002EFED71B6AF2BE1B8EF29EB5
:1069D0000001BBEC00F01BBEF28E02C091F101C0C1
:1069E00090F1C2B2FED70101916B906B06014B6B27
:1069F0004B510E083FE347530DE11C0E016EC25090
:106A0000830B0110C26E000E016EC150F80B011015
:106A1000C16E0ED0472D0CD02C0E016EC250830BD0
:106A20000110C26E000E016EC150F80B0110C16E54
:106A3000D8904B35036AB60F016E010E032201C0D8
:106A40004EF603C04FF61B6AF2BE1B8EF29E00018B
:106A5000BBEC00F01BBEF28E4FC6EAFF4EC6E9FF4C
:106A600002C0ECFFED5201C0EFFFC2B2FED706013B
:106A70004B2BBED7010E4F6FB60E4E6F516B0F0EE4
:106A8000506F000146DCC5C183F6C4C182F6010E19
:106A90000601846F000184DD03C07FF202C07EF234
:106AA00001C07DF200C07CF2FDD0240E016EC25008
:106AB000830B0110C26E000E016EC150F80B011065
:106AC000C16E250E006E002EFED71B6AF2BE1B8E15
:106AD000F29EBBEC00F01BBEF28E02C08DF101C035
:106AE0008CF1C2B2FED701018D6B8C6B06014C6B31
:106AF0004C510E082EE3240E016EC250830B011080
:106B0000C26E000E016EC150F80B0110C16ED8901C
:106B10004C35036A980F016E010E032201C04EF638
:106B200003C04FF61B6AF2BE1B8EF29E0001BBEC47
:106B300000F01BBEF28E4FC6EAFF4EC6E9FF02C050
:106B4000ECFFED5201C0EFFFC2B2FED706014C2BA5
:106B5000CFD7010E4F6F980E4E6F516B0F0E506FC7
:106B6000000189EC31F0A7C182F6A6C181F67EDC76
:106B700002C08FF101C08EF18F80E40E986E060185
:106B800047530DE1200E016EC250830B0110C26EFF
:106B9000000E016EC150F80B0110C16E0ED0472DD2
:106BA0000CD0280E016EC250830B0110C26E000E75
:106BB000016EC150F80B0110C16E250E006E002E43
:106BC000FED71B6AF2BE1B8EF29E0001BBEC00F0EA
:106BD0001BBEF28E02C091F101C090F1C2B2FED78D
:106BE0000101916B906B06014D6B4D510E083FE317
:106BF00047530DE1200E016EC250830B0110C26E8F
:106C0000000E016EC150F80B0110C16E0ED0472D61
:106C10000CD0280E016EC250830B0110C26E000E04
:106C2000016EC150F80B0110C16ED8904D35036A4A
:106C3000B60F016E010E032201C04EF603C04FF6DF
:106C40001B6AF2BE1B8EF29E0001BBEC00F01BBE65
:106C5000F28E4FC6EAFF4EC6E9FF02C0ECFFED52CE
:106C600001C0EFFFC2B2FED706014D2BBED7010E09
:106C70004F6FB60E4E6F516B0F0E506F000189ECC7
:106C800031F0C5C183F6C4C182F6010E0601846FDE
:106C9000000186DC03C07FF202C07EF201C07DF2FB
:106CA00000C07CF21200060145914451000A000127
:106CB00008E0010AD8B4B0D1030AD8B465D37BEF99
:106CC0003BF0000E956E8C98966E8D9E956E8C9610
:106CD000956E8C900101936BA10E926F93C102F09F
:106CE00092C101F00232013202320132023201C09D
:106CF0006FFF02320230300B006E6E50CF0B00106F
:106D00006E6E010E0601936FF40E926F0001E3ECBC
:106D100028F00601466B476B0001BADC01018F5376
:106D20001CE18E51960819E31B6AF2BE1B8EF29E7F
:106D30000601BB6BBA6BB96B7E0EB86F7FC2BFF634
:106D40007EC2BEF67DC2BDF67CC2BCF60001A5ECDB
:106D500005F01BBEF28E05E30101060145814DD110
:106D60000001000E956E8C880601466B476B000192
:106D70008FDC01018F51000805E2FF0A1DE18E51F1
:106D8000F4081AE31B6AF2BE1B8EF29E7FC2BBF6AA
:106D90007EC2BAF67DC2B9F67CC2B8F60601BF6BF8
:106DA000BE6B700EBD6F830EBC6F0001A5EC05F0CD
:106DB0001BBEF28E05E30101060145811ED10001D3
:106DC000000E956E8C800601466B476B000160DCFF
:106DD0001B6AF2BE1B8EF29E8FC1B9F68EC1B8F649
:106DE00081EC03F01BBEF28E1B6AF2BE1B8EF29E7C
:106DF0000601BB6B800EBA6F090EB96F8A0EB86FB1
:106E000003C0BFF602C0BEF601C0BDF600C0BCF6AE
:106E10000001A5EC05F01BBEF28E18E21B6AF2BE63
:106E20001B8EF29E0601BB6BBA6BB96B7F0EB86FFF
:106E30007FC2BFF67EC2BEF67DC2BDF67CC2BCF686
:106E40000001A5EC05F01BBEF28E04E306014581AE
:106E5000D4D00001000E956E8C98956E8C906F6A60
:106E60000101936BA10E926F93C102F092C101F0E8
:106E70000232013202320132023201C072FF0232AA
:106E80000230300B006E7150CF0B0010716E010E8E
:106E90000601936FF40E926F0001E3EC28F00601F7
:106EA000466B010E476F000148EC33F001018F5330
:106EB0001CE18E51960819E31B6AF2BE1B8EF29EEE
:106EC0000601BB6BBA6BB96B7E0EB86F7FC2BFF6A3
:106ED0007EC2BEF67DC2BDF67CC2BCF60001A5EC4A
:106EE00005F01BBEF28E05E301010601458185D048
:106EF0000001000E956E8C860601466B010E476FF1
:106F0000000148EC33F001018F51000805E2FF0A4F
:106F10001DE18E51F4081AE31B6AF2BE1B8EF29E2D
:106F20007FC2BBF67EC2BAF67DC2B9F67CC2B8F6A5
:106F30000601BF6BBE6B700EBD6F830EBC6F000190
:106F4000A5EC05F01BBEF28E05E3010106014581AB
:106F500054D00001000E966E8D8E0601466B010E18
:106F6000476F000148EC33F01B6AF2BE1B8EF29EA5
:106F70008FC1B9F68EC1B8F681EC03F01BBEF28E5C
:106F80001B6AF2BE1B8EF29E0601BB6B800EBA6FAF
:106F9000090EB96F8A0EB86F03C0BFF602C0BEF605
:106FA00001C0BDF600C0BCF60001A5EC05F01BBE9B
:106FB000F28E18E21B6AF2BE1B8EF29E0601BB6BBC
:106FC000BA6BB96B7F0EB86F7FC2BFF67EC2BEF6DA
:106FD0007DC2BDF67CC2BCF60001A5EC05F01BBE6F
:106FE000F28E04E30601458108D00001000E966E82
:106FF0008D9E956E8C96726A060145A10BD0000E8F
:10700000966E8D9E956E8C90956E8C98956E8C96E6
:107010006F6A726A00016FD3000E956E8C92956E46
:107020008C94956E8C9C956E8C9A0101936BA30E3B
:10703000926F93C102F092C101F00232013202322A
:107040000132023201C044FF02320230300B006EC6
:107050000F014351CF0B0010436F010E0601936FD8
:10706000F40E926F0001E3EC28F0010E0601466F6A
:10707000476B000148EC33F001018F51010805E234
:10708000FF0A1CE18E51580819E31B6AF2BE1B8EE1
:10709000F29E0601BB6BBA6BB96B7E0EB86F7FC2F6
:1070A000BFF67EC2BEF67DC2BDF67CC2BCF6000154
:1070B000A5EC05F01BBEF28E05E30101060145813A
:1070C00052D10001000E956E8C8C010E0601466FA8
:1070D000476B000148EC33F001018F51020805E2D3
:1070E000FF0A1DE18E51E8081AE31B6AF2BE1B8EEF
:1070F000F29E7FC2BBF67EC2BAF67DC2B9F67CC2F2
:10710000B8F60601BF6BBE6B700EBD6F830EBC6F11
:107110000001A5EC05F01BBEF28E05E3010106019E
:10712000458121D10001000E956E8C84010E06016F
:10713000466F476B000148EC33F01B6AF2BE1B8EB2
:10714000F29E8FC1B9F68EC1B8F681EC03F01BBE7A
:10715000F28E1B6AF2BE1B8EF29E0601BB6B400EC6
:10716000BA6F1C0EB96F8A0EB86F03C0BFF602C0AB
:10717000BEF601C0BDF600C0BCF60001A5EC05F0EE
:107180001BBEF28E18E21B6AF2BE1B8EF29E060137
:10719000BB6BBA6BB96B7F0EB86F7FC2BFF67EC296
:1071A000BEF67DC2BDF67CC2BCF60001A5EC05F0C2
:1071B0001BBEF28E04E306014581D5D00001000E0E
:1071C000956E8C9C956E8C940F01446B93C102F06C
:1071D00092C101F00232013202320132023201C0A8
:1071E00047FF02320230300B006E4651CF0B0010C9
:1071F000466F010E0601936FF40E926F0001E3ECEF
:1072000028F0010E0601466F476F000148EC33F08D
:1072100001018F51010805E2FF0A1CE18E51580857
:1072200019E31B6AF2BE1B8EF29E0601BB6BBA6BA2
:10723000B96B7E0EB86F7FC2BFF67EC2BEF67DC24E
:10724000BDF67CC2BCF60001A5EC05F01BBEF28EBB
:1072500005E301010601458186D00001000E956E0F
:107260008C8A010E0601466F476F000148EC33F02F
:1072700001018F51020805E2FF0A1DE18E51E80865
:107280001AE31B6AF2BE1B8EF29E7FC2BBF67EC261
:10729000BAF67DC2B9F67CC2B8F60601BF6BBE6B0A
:1072A000700EBD6F830EBC6F0001A5EC05F01BBE18
:1072B000F28E05E301010601458155D00001000E63
:1072C000956E8C82010E0601466F476F000148ECF7
:1072D00033F01B6AF2BE1B8EF29E8FC1B9F68EC1CF
:1072E000B8F681EC03F01BBEF28E1B6AF2BE1B8E59
:1072F000F29E0601BB6B400EBA6F1C0EB96F8A0E70
:10730000B86F03C0BFF602C0BEF601C0BDF600C034
:10731000BCF60001A5EC05F01BBEF28E18E21B6A5C
:10732000F2BE1B8EF29E0601BB6BBA6BB96B7F0E71
:10733000B86F7FC2BFF67EC2BEF67DC2BDF67CC20C
:10734000BCF60001A5EC05F01BBEF28E04E30601BD
:10735000458109D00001000E956E8C92956E8C9A35
:107360000F01476B060145A10DD0000E956E8C9262
:10737000956E8C94956E8C9C956E8C9A0F01446BD7
:10738000476B06010001B7D1000E966E8D94956E85
:107390008C9E900E946E8B94946E8B920101936BE5
:1073A000A10E926F93C102F092C101F0023201323C
:1073B00002320132023201C075FF02320230300B5C
:1073C000006E7450CF0B0010746E010E0601936FA7
:1073D000F40E926F0001E3EC28F0020E0601466FF6
:1073E000476B000148EC33F001018F531CE18E51D3
:1073F000960819E31B6AF2BE1B8EF29E0601BB6B58
:10740000BA6BB96B7E0EB86F7FC2BFF67EC2BEF696
:107410007DC2BDF67CC2BCF60001A5EC05F01BBE2A
:10742000F28E05E301010601458156D10001900E5F
:10743000946E8B84020E0601466F476B000148EC88
:1074400033F001018F51000805E2FF0A1DE18E5162
:10745000F4081AE31B6AF2BE1B8EF29E7FC2BBF6D3
:107460007EC2BAF67DC2B9F67CC2B8F60601BF6B21
:10747000BE6B700EBD6F830EBC6F0001A5EC05F0F6
:107480001BBEF28E05E301010601458125D10001F5
:10749000000E956E8C8E020E0601466F476B000142
:1074A00048EC33F01B6AF2BE1B8EF29E8FC1B9F618
:1074B0008EC1B8F681EC03F01BBEF28E1B6AF2BEE1
:1074C0001B8EF29E0601BB6B800EBA6F090EB96F60
:1074D0008A0EB86F03C0BFF602C0BEF601C0BDF68B
:1074E00000C0BCF60001A5EC05F01BBEF28E18E250
:1074F0001B6AF2BE1B8EF29E0601BB6BBA6BB96BA8
:107500007F0EB86F7FC2BFF67EC2BEF67DC2BDF6EB
:107510007CC2BCF60001A5EC05F01BBEF28E04E3B4
:1075200006014581D9D00001900E946E8B94000E17
:10753000956E8C9E756A0101936BA10E926F93C13B
:1075400002F092C101F00232013202320132023203
:1075500001C078FF02320230300B006E7750CF0B43
:107560000010776E010E0601936FF40E926F00010A
:10757000E3EC28F0020E0601466F010E476F000192
:1075800048EC33F001018F531CE18E51960819E34A
:107590001B6AF2BE1B8EF29E0601BB6BBA6BB96B07
:1075A0007E0EB86F7FC2BFF67EC2BEF67DC2BDF64C
:1075B0007CC2BCF60001A5EC05F01BBEF28E05E313
:1075C00001010601458188D00001900E946E8B82E6
:1075D000020E0601466F010E476F000148EC33F0C2
:1075E00001018F51000805E2FF0A1DE18E51F408E8
:1075F0001AE31B6AF2BE1B8EF29E7FC2BBF67EC2EE
:10760000BAF67DC2B9F67CC2B8F60601BF6BBE6B96
:10761000700EBD6F830EBC6F0001A5EC05F01BBEA4
:10762000F28E05E301010601458156D00001000EEE
:10763000966E8D84020E0601466F010E476F0001A3
:1076400048EC33F01B6AF2BE1B8EF29E8FC1B9F676
:107650008EC1B8F681EC03F01BBEF28E1B6AF2BE3F
:107660001B8EF29E0601BB6B800EBA6F090EB96FBE
:107670008A0EB86F03C0BFF602C0BEF601C0BDF6E9
:1076800000C0BCF60001A5EC05F01BBEF28E18E2AE
:107690001B6AF2BE1B8EF29E0601BB6BBA6BB96B06
:1076A0007F0EB86F7FC2BFF67EC2BEF67DC2BDF64A
:1076B0007CC2BCF60001A5EC05F01BBEF28E04E313
:1076C0000601458109D00001000E966E8D94900E42
:1076D000946E8B92786A060145A10CD0000E966ECE
:1076E0008D94956E8C9E900E946E8B94946E8B926E
:1076F000756A786A0001060145B10BD044C683F66D
:10770000010E846F866B290E856F0001F5EC2EF05B
:107710000601000E45B1010E016E000112000601C6
:107720009391946B010E925DED0FD8B01AEF41F07A
:10773000130F000121EF41F0060193811AEF41F090
:10774000060193811AEF41F09EC495F6060195510A
:1077500094279FC495F695519427A0C495F695510A
:107760009427A1C495F695519427A2C495F6A3C475
:1077700096F695519427A2C495F6A3C496F6965111
:107780009427A4C495F6A5C496F695519427A4C44D
:1077900095F6A5C496F696519427A6C495F69551EC
:1077A0009427A7C495F6A8C496F695519427A7C424
:1077B00095F6A8C496F696519427A9C495F6AAC43E
:1077C00096F695519427A9C495F6AAC496F69651B3
:1077D0009427ABC495F6ACC496F6ADC497F6AEC488
:1077E00098F695519427ABC495F6ACC496F6ADC403
:1077F00097F6AEC498F696519427ABC495F6ACC4F0
:1078000096F6ADC497F6AEC498F697519427ABC4DC
:1078100095F6ACC496F6ADC497F6AEC498F69851FA
:107820009427AFC495F6B0C496F6B1C497F6B2C427
:1078300098F695519427AFC495F6B0C496F6B1C4A6
:1078400097F6B2C498F696519427AFC495F6B0C493
:1078500096F6B1C497F6B2C498F697519427AFC480
:1078600095F6B0C496F6B1C497F6B2C498F698519E
:107870009427B3C495F6B4C496F695519427B3C42F
:1078800095F6B4C496F696519427B5C495F6B6C449
:1078900096F695519427B5C495F6B6C496F69651CA
:1078A0009427B7C495F695519427B8C495F6B9C4F2
:1078B00096F6BAC497F6BBC498F695519427B8C407
:1078C00095F6B9C496F6BAC497F6BBC498F6965125
:1078D0009427B8C495F6B9C496F6BAC497F6BBC453
:1078E00098F697519427B8C495F6B9C496F6BAC4D9
:1078F00097F6BBC498F698519427BCC495F6BDC4BE
:1079000096F6BEC497F6BFC498F695519427BCC4AA
:1079100095F6BDC496F6BEC497F6BFC498F69651C8
:107920009427BCC495F6BDC496F6BEC497F6BFC4F2
:1079300098F697519427BCC495F6BDC496F6BEC47C
:1079400097F6BFC498F698519427C0C495F6955100
:107950009427C1C495F695519427915311E094C68C
:1079600095F60001DCEC28F001C095F6C2C496F64D
:1079700006019651955D02E0939101D093810BD061
:1079800094C695F60001DCEC28F001C095F695C68A
:10799000C2F4060193811AEF41F0E8C495F606019E
:1079A00095519427E9C495F695519427EAC495F624
:1079B000EBC496F695519427EAC495F6EBC496F677
:1079C00096519427915311E094C695F60001DCEC92
:1079D00028F001C095F6ECC496F606019651955D27
:1079E00002E0939101D093810BD094C695F60001EB
:1079F000DCEC28F001C095F695C6ECF40601938105
:107A00001AEF41F04CC595F64DC596F60601955115
:107A100094274CC595F64DC596F6965194274EC5BC
:107A200095F64FC596F6955194274EC595F64FC5D8
:107A300096F69651942750C595F69551942751C5C1
:107A400095F652C596F69551942751C595F652C5AF
:107A500096F69651942753C595F69551942754C59B
:107A600095F69551942755C595F69551942756C589
:107A700095F69551942757C595F658C596F69551A4
:107A8000942757C595F658C596F696519427915365
:107A900011E094C695F60001DCEC28F001C095F6E3
:107AA00059C596F606019651955D02E0939101D075
:107AB00093810BD094C695F60001DCEC28F001C050
:107AC00095F695C659F506019381B4D368C595F628
:107AD00069C596F606019551942768C595F669C55E
:107AE00096F696519427915311E094C695F60001AD
:107AF000DCEC28F001C095F66AC596F606019651B1
:107B0000955D02E0939101D093810BD094C695F6D8
:107B10000001DCEC28F001C095F695C66AF5060177
:107B2000938188D38AC595F60601955194278BC514
:107B300095F68CC596F68DC597F68EC598F6955137
:107B400094278BC595F68CC596F68DC597F68EC590
:107B500098F6965194278BC595F68CC596F68DC5EB
:107B600097F68EC598F6975194278BC595F68CC5D8
:107B700096F68DC597F68EC598F6985194278FC5C1
:107B800095F690C596F6955194278FC595F690C5B4
:107B900096F69651942791C595F692C596F695510D
:107BA000942791C595F692C596F69651942793C55C
:107BB00095F69551942794C595F695C596F69551E9
:107BC000942794C595F695C596F69651942796C533
:107BD00095F697C596F69551942796C595F697C54F
:107BE00096F69651942798C595F69551942799C580
:107BF00095F69AC596F69551942799C595F69AC526
:107C000096F6965194279BC595F6955194279CC559
:107C100095F6955194279DC595F6955194279FC546
:107C200095F6955194279EC595F6955194279153B5
:107C300011E094C695F60001DCEC28F001C095F641
:107C4000A0C596F606019651955D02E0939101D08C
:107C500093810BD094C695F60001DCEC28F001C0AE
:107C600095F695C6A0F506019381E4D2B8C595F6C0
:107C7000B9C596F6060195519427B8C595F6B9C5CC
:107C800096F696519427BAC595F6BBC596F69551CA
:107C90009427BAC595F6BBC596F696519427BCC5F0
:107CA00095F695519427BDC595F695519427BEC577
:107CB00095F695519427915311E094C695F60001DD
:107CC000DCEC28F001C095F6BFC596F6060196518A
:107CD000955D02E0939101D093810BD094C695F607
:107CE0000001DCEC28F001C095F695C6BFF5060151
:107CF0009381A0D2F2C495F6F3C496F6060195518D
:107D00009427F2C495F6F3C496F696519427F4C4DA
:107D100095F6F5C496F695519427F4C495F6F5C4F6
:107D200096F696519427F6C495F6F7C496F69551B3
:107D30009427F6C495F6F7C496F696519427F8C49E
:107D400095F6F9C496F695519427F8C495F6F9C4BA
:107D500096F696519427FAC495F6FBC496F695517B
:107D60009427FAC495F6FBC496F696519427FCC462
:107D700095F6FDC496F695519427FCC495F6FDC47E
:107D800096F696519427FEC495F6FFC496F6955143
:107D90009427FEC495F6FFC496F69651942700C525
:107DA00095F601C596F69551942700C595F601C53F
:107DB00096F69651942702C595F603C596F6955109
:107DC000942702C595F603C596F69651942704C5E7
:107DD00095F605C596F69551942704C595F605C503
:107DE00096F69651942706C595F607C596F69551D1
:107DF000942706C595F607C596F69651942708C5AB
:107E000095F609C596F69551942708C595F609C5C6
:107E100096F6965194270AC595F60BC596F6955198
:107E200094270AC595F60BC596F6965194270CC56E
:107E300095F60DC596F6955194270CC595F60DC58A
:107E400096F6965194270EC595F60FC596F6955160
:107E500094270EC595F60FC596F69651942710C532
:107E600095F611C596F69551942710C595F611C54E
:107E700096F69651942712C595F69551942713C5F9
:107E800095F69551942714C595F69551942715C5E7
:107E900095F69551942716C595F69551942717C5D3
:107EA00095F69551942718C595F69551942719C5BF
:107EB00095F6955194271AC595F6955194271BC5AB
:107EC00095F6955194271CC595F6955194271DC597
:107ED00095F695519427915311E094C695F60001BB
:107EE000DCEC28F001C095F61EC596F60601965109
:107EF000955D02E0939101D093810BD094C695F6E5
:107F00000001DCEC28F001C095F695C61EF50601CF
:107F1000938190D16EC595F66FC596F60601955181
:107F200094276EC595F66FC596F69651942770C541
:107F300095F671C596F69551942770C595F671C55D
:107F400096F69651942772C595F673C596F6955197
:107F5000942772C595F673C596F69651942774C505
:107F600095F675C596F69551942774C595F675C521
:107F700096F69651942776C595F69551942777C530
:107F800095F69551942778C595F69551942779C51E
:107F900095F6955194277AC595F695519427915366
:107FA00011E094C695F60001DCEC28F001C095F6CE
:107FB0007BC596F606019651955D02E0939101D03E
:107FC00093810BD094C695F60001DCEC28F001C03B
:107FD00095F695C67BF5060193812CD1C8C595F61B
:107FE000C9C596F6060195519427C8C595F6C9C529
:107FF00096F696519427CAC595F6CBC596F6955137
:108000009427CAC595F6CBC596F696519427CCC54C
:1080100095F6CDC596F695519427CCC595F6CDC568
:1080200096F696519427CEC595F695519427CFC5CF
:1080300095F695519427D0C595F695519427D1C5BD
:1080400095F695519427915311E094C695F6000149
:10805000DCEC28F001C095F6D2C596F606019651E3
:10806000955D02E0939101D093810BD094C695F673
:108070000001DCEC28F001C095F695C6D2F50601AA
:108080009381D8D006019381D5D006019381D2D0B7
:1080900006019381CFD006019381CCD00601938154
:1080A000C9D0DEC595F6060195519427DFC595F632
:1080B00095519427E0C595F695519427E1C595F61D
:1080C00095519427E2C595F695519427E3C595F609
:1080D00095519427E4C595F695519427E5C595F6F5
:1080E00095519427E6C595F695519427915311E043
:1080F00094C695F60001DCEC28F001C095F6E7C5C2
:1081000096F606019651955D02E0939101D0938118
:108110000BD094C695F60001DCEC28F001C095F672
:1081200095C6E7F50601938185D0F2C595F6F3C5AE
:1081300096F6F4C597F6F5C598F60601955194277D
:10814000F2C595F6F3C596F6F4C597F6F5C598F61B
:1081500096519427F2C595F6F3C596F6F4C597F6B1
:10816000F5C598F697519427F2C595F6F3C596F69E
:10817000F4C597F6F5C598F698519427F6C595F687
:1081800095519427915311E094C695F60001DCECCB
:1081900028F001C095F6F7C596F606019651955D53
:1081A00002E0939101D093810BD094C695F6000123
:1081B000DCEC28F001C095F695C6F7F50601938131
:1081C00039D0FEC595F6060195519427FFC595F661
:1081D0009551942700C695F69551942701C695F6BA
:1081E00002C696F69551942701C695F602C696F6F4
:1081F00096519427915311E094C695F60001DCEC5A
:1082000028F001C095F603C696F606019651955DD5
:1082100002E0939101D093810BD094C695F60001B2
:10822000DCEC28F001C095F695C603F606019381B3
:1082300001D00601000E93B1010E016E000153EF53
:1082400041F0E824F76AF736630FF66E820EF722E4
:10825000000EF86EFB6E0A00F550FA6E0800F5503D
:10826000F96E38779680908040778A80247B6C7C8A
:1082700048779A79047ACC7AF47C147FDC7F848006
:10828000A2802A81C2819C800601836982510001FB
:108290002DEC28F082C642F40601916B82C692F65C
:1082A00000018FEF3BF00601846B010E825DEE0F43
:1082B000D8B0EAD1120F000154EF43F0CA0E2DECF2
:1082C00028F0DD0E0601836FDFD1040EEA6EC30EC7
:1082D000E96E040EE26E9E0EE16E250E016EE6CF93
:1082E000EEFF012EFCD70601856B8551240810E3B3
:1082F000036A8551C30FE96E040E0320EA6EEFCFC7
:1083000091F6915100012DEC28F00601852BEDD757
:10831000DD0E836FB9D1040EEA6EED0EE96E040E28
:10832000E26EE80EE16E050E016EE6CFEEFF012E65
:10833000FCD70601866B8651040810E3036A865158
:10834000ED0FE96E040E0320EA6EEFCF91F6915126
:1083500000012DEC28F00601862BEDD7DD0E836F92
:1083600093D1050EEA6E5A0EE96E050EE26E4C0EC2
:10837000E16E0E0E016EE6CFEEFF012EFCD7060178
:10838000876B87510D0810E3036A87515A0FE96E16
:10839000050E0320EA6EEFCF91F6915100012DEC0E
:1083A00028F00601872BEDD7DD0E836F6DD168C5F0
:1083B0006BF569C56CF56AC56DF50601886B88516A
:1083C000020810E3036A88516B0FE96E050E032063
:1083D000EA6EEFCF91F6915100012DEC28F00601E5
:1083E000882BEDD7DD0E836F4FD1050EEA6EA10EFF
:1083F000E96E050EE26E8A0EE16E170E016EE6CF93
:10840000EEFF012EFCD70601896B8951160810E397
:10841000036A8951A10FE96E050E0320EA6EEFCFC2
:1084200091F6915100012DEC28F00601892BEDD732
:10843000DD0E836F29D1050EEA6EC00EE96E050EC2
:10844000E26EB80EE16E080E016EE6CFEEFF012E71
:10845000FCD706018A6B8A51070810E3036A8A5128
:10846000C00FE96E050E0320EA6EEFCF91F6915131
:1084700000012DEC28F006018A2BEDD7DD0E836F6D
:1084800003D1050EEA6E1F0EE96E040EE26EF20EC7
:10849000E16E2D0E016EE6CFEEFF012EFCD7060138
:1084A0008B6B8B512C081CE3036A8B511F0FE96EF9
:1084B000050E0320EA6EEFCF91F6915100012DECED
:1084C00028F006018B512B0809E3036A8B511F0F1B
:1084D000E96E050E0320EA6EEF5084278B2BE1D75F
:1084E000DD0E836FD1D0050EEA6E7C0EE96E050EAF
:1084F000E26E6E0EE16E0E0E016EE6CFEEFF012E05
:10850000FCD706018C6B8C510D0810E3036A8C516B
:108510007C0FE96E050E0320EA6EEFCF91F69151C4
:1085200000012DEC28F006018C2BEDD7DD0E836FBA
:10853000ABD0050EEA6ED30EE96E050EE26EC80EE4
:10854000E16E0B0E016EE6CFEEFF012EFCD70601A9
:108550008D6B8D510A0810E3036A8D51D30FE96EBC
:10856000050E0320EA6EEFCF91F6915100012DEC3C
:1085700028F006018D2BEDD7DD0E836F85D046C424
:1085800091F60601915100012DEC28F045C491F6B9
:108590000601915100012DEC28F0DD0E0601836FDC
:1085A00073D0050EEA6EE80EE96E050EE26EDE0E81
:1085B000E16E0A0E016EE6CFEEFF012EFCD706013A
:1085C0008E6B8E51090810E3036A8E51E80FE96E35
:1085D000050E0320EA6EEFCF91F6915100012DECCC
:1085E00028F006018E2BEDD7DD0E836F4DD0050EE2
:1085F000EA6EF80EE96E050EE26EF20EE16E060E00
:10860000016EE6CFEEFF012EFCD706018F6B8F5176
:10861000050810E3036A8F51F80FE96E050E032079
:10862000EA6EEFCF91F6915100012DEC28F0060192
:108630008F2BEDD7DD0E836F27D0060EEA6E040E6A
:10864000E96E050EE26EFE0EE16E060E016EE6CFDD
:10865000EEFF012EFCD70601906B9051050810E348
:10866000036A9051040FE96E060E0320EA6EEFCF05
:1086700091F6915100012DEC28F00601902BEDD7D9
:10868000DD0E836F01D006018351DD0808E10D0E78
:1086900000012DEC28F00A0E2DEC28F0060183C60F
:1086A00001F000017CEF43F0E824F76AF736C90FC8
:1086B000F66E860EF722000EF86EFB6E0A00F5507D
:1086C000FA6E0800F550F96EBC828686868686862C
:1086D0008686EA833684CA8216836283AE83828466
:1086E000E68432857E85A285EE853A860401546B48
:1086F00081C682F60001C8D504014A6B496B486BFC
:10870000476B03012EBD24D004014A53D8B402D0D4
:1087100003011ED049510808D8B002D0030118D077
:108720000DE148516408D8B002D0030111D006E130
:1087300047517008D8B002D003010AD0010E472774
:10874000D8B0482BD8B4492BD8B44A2BDAD7030178
:108750002E9D04014A530DE14951070813E2FF0A17
:1087600008E1485163080EE2FF0A03E147516F0830
:1087700009E2542B5451050803E24397FF0001D04E
:1087800043970CD000011BEC29F00150DD0804E1F7
:1087900004014387010E02D00401439743A7A8D7E1
:1087A00043970001120006014C6B4D6B010E4E6F9A
:1087B000DA6AD96A060E516F440E506F060EEA6EE1
:1087C000480EE96E51C6E2FF50C6E1FF4EC64FF6B5
:1087D000D890E550EE02F3504C23F4504D234F2F28
:1087E000F7D74CC6DEFF4DC64CF64D6BD8B04D2BBF
:1087F000502BD8B4512B4E2B4E510508DFE1000110
:108800001200010E06013B6F2092546A556A010165
:10881000656B646B87C03FF686C03EF685C03DF64B
:1088200084C03CF697C043F696C042F695C041F628
:1088300094C040F6020E03013D6FE10E0001C56FCA
:10884000180EC46F0F013D91C5C03FFFC4C03EFF6D
:10885000BA96B9860001875307E1865305E185532F
:1088600003E184517C0814E2400E845D06013C6FF4
:10887000000E0001855906013D6F000E000186596A
:1088800006013E6F000E0001875906013F6F00018F
:10889000312C1DD0975307E1965305E1955303E121
:1088A00094517C0814E2400E945D0601406F000E66
:1088B000000195590601416F000E0001965906010D
:1088C000426F000E000197590601436F0001665385
:1088D00017E103012EB913D00F01446B000E966E01
:1088E0008D960C0E436F2B95476B000E966E8D98F0
:1088F0000C0E466FFC0E2B17000E2B13030100010C
:10890000000E956E8C9C956E8C92956E8C9A956EE1
:108910008C94665102081AE0010E0601816F040E64
:10892000826F000116EC2FF0010E936E8A8881B0E1
:10893000FED7010E936E8A82020E0601446F456BCC
:1089400000012AEC31F0010E936E8A920601936BBE
:108950000A0E926F0001E3EC28F029B2E3EF4BF02E
:10896000010E0601446F000153EC36F0015213E092
:108970000401468B81B0FED7010E936E8A820F0EE2
:108980000601816F0001B2DE010E936E8A9230EC17
:108990002FF0E1EF4BF0665102080FE081B0FED7F7
:1089A000010E936E8A82020E0601446F456F00012C
:1089B0002AEC31F0010E936E8A92010E0601916F3E
:1089C000000104EC29F0370ECD6EAA6A7B5303E157
:1089D0007A511F082EE2456A446AD8921B6AF2BE99
:1089E0001B8EF29E0601B76B1E0EB66F840EB56F1E
:1089F000800EB46FBB6BBA6B7BC0B9F67AC0B8F6A9
:108A00000001F3EC0AF01BBEF28E03C0DFF102C0DE
:108A1000DEF101C0DDF100C0DCF1000ED880010103
:108A2000DC550001C66F000E0101DD550001C76F66
:108A300067D17B5346E17A51010843E3456A280E2A
:108A4000446E1B6AF2BE1B8EF29E7BC0B1F67AC0EA
:108A5000B0F645C0B3F644C0B2F6B4EC13F01BBE9A
:108A6000F28E02C045F6060101C044F6D8921B6A98
:108A7000F2BE1B8EF29EB76B1E0EB66F840EB56FE4
:108A8000800EB46FBB6BBA6B02C0B9F601C0B8F60A
:108A90000001F3EC0AF01BBEF28E03C0DFF102C04E
:108AA000DEF101C0DDF100C0DCF1000ED880010173
:108AB000DC550001C66F000E0101DD550001C76FD6
:108AC0001FD17B5346E17A51030843E3456A140EF4
:108AD000446E1B6AF2BE1B8EF29E7BC0B1F67AC05A
:108AE000B0F645C0B3F644C0B2F6B4EC13F01BBE0A
:108AF000F28E02C045F6060101C044F6D8921B6A08
:108B0000F2BE1B8EF29EB76B1E0EB66F840EB56F53
:108B1000800EB46FBB6BBA6B02C0B9F601C0B8F679
:108B20000001F3EC0AF01BBEF28E03C0DFF102C0BD
:108B3000DEF101C0DDF100C0DCF1000ED8800101E2
:108B4000DC550001C66F000E0101DD550001C76F45
:108B5000D7D07B5346E17A51070843E3456A0A0EB2
:108B6000446E1B6AF2BE1B8EF29E7BC0B1F67AC0C9
:108B7000B0F645C0B3F644C0B2F6B4EC13F01BBE79
:108B8000F28E02C045F6060101C044F6D8921B6A77
:108B9000F2BE1B8EF29EB76B1E0EB66F840EB56FC3
:108BA000800EB46FBB6BBA6B02C0B9F601C0B8F6E9
:108BB0000001F3EC0AF01BBEF28E03C0DFF102C02D
:108BC000DEF101C0DDF100C0DCF1000ED880010152
:108BD000DC550001C66F000E0101DD550001C76FB5
:108BE0008FD07B5346E17A51140843E3456A050E62
:108BF000446E1B6AF2BE1B8EF29E7BC0B1F67AC039
:108C0000B0F645C0B3F644C0B2F6B4EC13F01BBEE8
:108C1000F28E02C045F6060101C044F6D8921B6AE6
:108C2000F2BE1B8EF29EB76B1E0EB66F840EB56F32
:108C3000800EB46FBB6BBA6B02C0B9F601C0B8F658
:108C40000001F3EC0AF01BBEF28E03C0DFF102C09C
:108C5000DEF101C0DDF100C0DCF1000ED8800101C1
:108C6000DC550001C66F000E0101DD550001C76F24
:108C700047D07B5345E17A511E0842E3456A020E14
:108C8000446E1B6AF2BE1B8EF29E7BC0B1F67AC0A8
:108C9000B0F645C0B3F644C0B2F6B4EC13F01BBE58
:108CA000F28E02C045F6060101C044F6D8921B6A56
:108CB000F2BE1B8EF29EB76B1E0EB66F840EB56FA2
:108CC000800EB46FBB6BBA6B02C0B9F601C0B8F6C8
:108CD0000001F3EC0AF01BBEF28E03C0DFF102C00C
:108CE000DEF101C0DDF100C0DCF1000ED880010131
:108CF000DC550001C66F000E0101DD550001C76F94
:108D0000DDC163F1DCC162F1CD90416A406AC7C048
:108D1000CFFFC6C0CEFF06013F53D8A4AFD03E530D
:108D2000D8A4ACD03D510408D8A0A8D004E13C514F
:108D3000FA08D8A0A3D01B6AF2BE1B8EF29E3FC6D3
:108D4000BBF63EC6BAF63DC6B9F63CC6B8F600015B
:108D50003DEC0BF01BBEF28E1B6AF2BE1B8EF29E28
:108D600003C0BBF602C0BAF601C0B9F600C0B8F63F
:108D7000CD0E0601BF6FCC0EBE6F4C0EBD6F7C0ECC
:108D8000BC6F000103EC06F01BBEF28E1B6AF2BE44
:108D90001B8EF29E03C0B7F602C0B6F601C0B5F650
:108DA00000C0B4F64BEC04F01BBEF28E02C0C9F05A
:108DB00001C0C8F06E6B06013C5132080EE13D5314
:108DC0000CE13E530AE13F5308E1200E06096B6EA9
:108DD0000001C8C06CFF50D006010A0E3C5D446F14
:108DE000000E3D59456F000E3E59466F000E3F592B
:108DF000476F1B6AF2BE1B8EF29EBB6F46C6BAF669
:108E000045C6B9F644C6B8F600013DEC0BF01BBEF2
:108E1000F28E1B6AF2BE1B8EF29E03C0BBF602C02E
:108E2000BAF601C0B9F600C0B8F6CD0E0601BF6FA4
:108E3000CC0EBE6F4C0EBD6F7C0EBC6F000103EC00
:108E400006F01BBEF28E1B6AF2BE1B8EF29E03C0A2
:108E5000B7F602C0B6F601C0B5F600C0B4F64BECEA
:108E600004F01BBEF28E02C0C9F001C0C8F0280E8B
:108E700006096B6EC8C06CFFBDD106011B6AF2BE4D
:108E80001B8EF29E3FC6BBF63EC6BAF63DC6B9F68D
:108E90003CC6B8F600013DEC0BF01BBEF28E1B6A1F
:108EA000F2BE1B8EF29E03C0BBF602C0BAF601C032
:108EB000B9F600C0B8F68F0E0601BF6FC20EBE6FC6
:108EC000750EBD6F7E0EBC6F000103EC06F01BBE7D
:108ED000F28E1B6AF2BE1B8EF29E03C0BBF602C06E
:108EE000BAF601C0B9F600C0B8F6E2EC05F01BBE58
:108EF000F28E03C03FF602C03EF601C03DF600C050
:108F00003CF61B6AF2BE1B8EF29E3FC6BBF63EC607
:108F1000BAF63DC6B9F63CC6B8F63DEC0BF01BBE42
:108F2000F28E03C047F602C046F601C045F600C007
:108F300044F61B6AF2BE1B8EF29E03C0BBF602C053
:108F4000BAF601C0B9F600C0B8F60601BF6B600EF4
:108F5000BE6F1F0EBD6F890EBC6F00019CEC03F04D
:108F60001BBEF28E03C0A3F202C0A2F201C0A1F2A6
:108F700000C0A0F21B6AF2BE1B8EF29EA3C2B7F61F
:108F8000A2C2B6F6A1C2B5F6A0C2B4F64BEC04F08C
:108F90001BBEF28E1B6AF2BE1B8EF29E0601B96BDF
:108FA00001C0B8F6000181EC03F01BBEF28ED8823E
:108FB0001B6AF2BE1B8EF29EA3C2BBF6A2C2BAF619
:108FC000A1C2B9F6A0C2B8F603C0BFF602C0BEF691
:108FD00001C0BDF600C0BCF669EC04F01BBEF28E09
:108FE00003C047F602C046F601C045F600C044F68D
:108FF0001B6AF2BE1B8EF29E03C0BBF602C0BAF61D
:1090000001C0B9F600C0B8F60601BF6BBE6BBD6B00
:10901000BC6B0001A5EC05F01BBEF28E13E11B6AD0
:10902000F2BE1B8EF29EA3C2B7F6A2C2B6F6A1C2D2
:10903000B5F6A0C2B4F64BEC04F01BBEF28E01C034
:109040006EF013D01B6AF2BE1B8EF29EA3C2B7F65F
:10905000A2C2B6F6A1C2B5F6A0C2B4F64BEC04F0BB
:109060001BBEF28E010E01246E6F1B6AF2BE1B8EB8
:10907000F29E0601B96B6EC0B8F6000181EC03F0F8
:109080001BBEF28E1B6AF2BE1B8EF29EA3C2BBF603
:10909000A2C2BAF6A1C2B9F6A0C2B8F603C0BFF622
:1090A00002C0BEF601C0BDF600C0BCF69CEC03F0E9
:1090B0001BBEF28E03C08BF202C08AF201C089F29D
:1090C00000C088F21B6AF2BE1B8EF29E0601BB6BCB
:1090D000BA6B7F0EB96F860EB86F8BC2BFF68AC2AD
:1090E000BEF689C2BDF688C2BCF6000103EC06F0EC
:1090F0001BBEF28E1B6AF2BE1B8EF29E03C0B7F639
:1091000002C0B6F601C0B5F600C0B4F64BEC04F0F0
:109110001BBEF28E02C0C9F001C0C8F01B6AF2BECD
:109120001B8EF29E0601B96B6EC0B8F6000181EC91
:1091300003F01BBEF28E1B6AF2BE1B8EF29E03C0B2
:10914000BBF602C0BAF601C0B9F600C0B8F69A0E76
:109150000601BF6F990EBE6F190EBD6F7D0EBC6FFD
:10916000000103EC06F01BBEF28E03C047F602C0FE
:1091700046F601C045F600C044F61B6AF2BE1B8EDF
:10918000F29E0601B96B6EC0B8F6000181EC03F0E7
:109190001BBEF28ED8921B6AF2BE1B8EF29E03C0DB
:1091A000BBF602C0BAF601C0B9F600C0B8F647C6B1
:1091B000BFF646C6BEF645C6BDF644C6BCF669EC6B
:1091C00004F01BBEF28E1B6AF2BE1B8EF29E03C021
:1091D000B7F602C0B6F601C0B5F600C0B4F64BEC67
:1091E00004F01BBEF28E01C06EF0200E06096B6EFD
:1091F000C8C06CFF6B94746B312C77D2060143535B
:10920000D8A4B2D04253D8A4AFD041510408D8A0BA
:10921000ABD004E14051FA08D8A0A6D000016F6B92
:109220001B6AF2BE1B8EF29E43C6BBF642C6BAF65E
:1092300041C6B9F640C6B8F63DEC0BF01BBEF28E47
:109240001B6AF2BE1B8EF29E03C0BBF602C0BAF6CA
:1092500001C0B9F600C0B8F6CD0E0601BF6FCC0E46
:10926000BE6F4C0EBD6F7C0EBC6F000103EC06F0B0
:109270001BBEF28E1B6AF2BE1B8EF29E03C0B7F6B7
:1092800002C0B6F601C0B5F600C0B4F64BEC04F06F
:109290001BBEF28E02C0CBF001C0CAF006014051E5
:1092A00032080FE141530DE142530BE1435309E111
:1092B000200E06090F01396FCAC03AFF0F0152D0C4
:1092C00006010A0E405D446F000E4159456F000EC5
:1092D0004259466F000E4359476F1B6AF2BE1B8E00
:1092E000F29EBB6F46C6BAF645C6B9F644C6B8F696
:1092F00000013DEC0BF01BBEF28E1B6AF2BE1B8E12
:10930000F29E03C0BBF602C0BAF601C0B9F600C0B7
:10931000B8F6CD0E0601BF6FCC0EBE6F4C0EBD6F02
:109320007C0EBC6F000103EC06F01BBEF28E1B6AC4
:10933000F2BE1B8EF29E03C0B7F602C0B6F601C0A5
:10934000B5F600C0B4F64BEC04F01BBEF28E02C0C2
:10935000CBF001C0CAF0280E06090F01396FCAC050
:109360003AFF0F01BFD106011B6AF2BE1B8EF29EAF
:109370003FC6BBF63EC6BAF63DC6B9F63CC6B8F621
:1093800000013DEC0BF01BBEF28E1B6AF2BE1B8E81
:10939000F29E03C0BBF602C0BAF601C0B9F600C027
:1093A000B8F68F0E0601BF6FC20EBE6F750EBD6F91
:1093B0007E0EBC6F000103EC06F01BBEF28E1B6A32
:1093C000F2BE1B8EF29E03C0BBF602C0BAF601C00D
:1093D000B9F600C0B8F6E2EC05F01BBEF28E03C091
:1093E0003FF602C03EF601C03DF600C03CF61B6AE7
:1093F000F2BE1B8EF29E43C6BBF642C6BAF641C60B
:10940000B9F640C6B8F63DEC0BF01BBEF28E03C0B9
:1094100047F602C046F601C045F600C044F61B6A96
:10942000F2BE1B8EF29E03C0BBF602C0BAF601C0AC
:10943000B9F600C0B8F60601BF6B600EBE6F1F0E16
:10944000BD6F890EBC6F00019CEC03F01BBEF28E59
:1094500003C0A7F202C0A6F201C0A5F200C0A4F2A8
:109460001B6AF2BE1B8EF29EA7C2B7F6A6C2B6F664
:10947000A5C2B5F6A4C2B4F64BEC04F01BBEF28E46
:109480001B6AF2BE1B8EF29E0601B96B01C0B8F6D4
:10949000000181EC03F01BBEF28ED8821B6AF2BE83
:1094A0001B8EF29EA7C2BBF6A6C2BAF6A5C2B9F63B
:1094B000A4C2B8F603C0BFF602C0BEF601C0BDF636
:1094C00000C0BCF669EC04F01BBEF28E03C047F688
:1094D00002C046F601C045F600C044F61B6AF2BE63
:1094E0001B8EF29E03C0BBF602C0BAF601C0B9F6ED
:1094F00000C0B8F60601BF6BBE6BBD6BBC6B000154
:10950000A5EC05F01BBEF28E13E11B6AF2BE1B8EAA
:10951000F29EA7C2B7F6A6C2B6F6A5C2B5F6A4C219
:10952000B4F64BEC04F01BBEF28E01C06FF013D00A
:109530001B6AF2BE1B8EF29EA7C2B7F6A6C2B6F693
:10954000A5C2B5F6A4C2B4F64BEC04F01BBEF28E75
:10955000010E01246F6F1B6AF2BE1B8EF29E060184
:10956000B96B6FC0B8F6000181EC03F01BBEF28E40
:109570001B6AF2BE1B8EF29EA7C2BBF6A6C2BAF64B
:10958000A5C2B9F6A4C2B8F603C0BFF602C0BEF6C3
:1095900001C0BDF600C0BCF69CEC03F01BBEF28E11
:1095A00003C08FF202C08EF201C08DF200C08CF2B7
:1095B0001B6AF2BE1B8EF29E0601BB6BBA6B7F0E5E
:1095C000B96F860EB86F8FC2BFF68EC2BEF68DC25F
:1095D000BDF68CC2BCF6000103EC06F01BBEF28E99
:1095E0001B6AF2BE1B8EF29E03C0B7F602C0B6F62F
:1095F00001C0B5F600C0B4F64BEC04F01BBEF28E11
:1096000002C0CBF001C0CAF01B6AF2BE1B8EF29EF4
:109610000601B96B6FC0B8F6000181EC03F01BBE08
:10962000F28E1B6AF2BE1B8EF29E03C0BBF602C016
:10963000BAF601C0B9F600C0B8F69A0E0601BF6FBF
:10964000990EBE6F190EBD6F7D0EBC6F000103EC4D
:1096500006F01BBEF28E03C047F602C046F601C0FC
:1096600045F600C044F61B6AF2BE1B8EF29E060150
:10967000B96B6FC0B8F6000181EC03F01BBEF28E2F
:10968000D8921B6AF2BE1B8EF29E03C0BBF602C0CC
:10969000BAF601C0B9F600C0B8F647C6BFF646C66E
:1096A000BEF645C6BDF644C6BCF669EC04F01BBE6A
:1096B000F28E1B6AF2BE1B8EF29E03C0B7F602C08A
:1096C000B6F601C0B5F600C0B4F64BEC04F01BBE14
:1096D000F28E01C06FF0200E06090F01396FCAC06B
:1096E0003AFF0F0139950001756B9E90BA90312CAD
:1096F00001D0BA949D80B980312C01D0B984060183
:109700003B6B43C647F642C646F641C645F640C6E1
:1097100044F64B6B4A6B496B31C048F60001D3EC01
:1097200043F0005006013C25446F01503D21456F38
:1097300002503E21466F03503F21476F0F0E4427D2
:10974000000E45234623472331500F0DF350442587
:1097500001015A6F000E0601452101015B6F000EE9
:109760000601462101015C6F000E0601472101013F
:109770005D6F080E016EC250830B0110C26E000EA9
:10978000016EC150F80B0110C16E0601826B070E0D
:10979000816F0001E1EC2EF01B6AF2BE1B8EF29E7F
:1097A000BBEC00F01BBEF28E02C065F101C064F19B
:1097B0000601446B44C6DFF504014D6B0001A5ECC6
:1097C00027F0F9EF52F0665102080FE081B0FED7A2
:1097D000010E936E8A82020E0601446F456F0001EE
:1097E0002AEC31F0010E936E8A92010E0601916F00
:1097F000000104EC29F0370ECD6EAA6A7B5303E119
:109800007A511F082EE2456A446AD8921B6AF2BE5A
:109810001B8EF29E0601B76B1E0EB66F840EB56FDF
:10982000800EB46FBB6BBA6B7BC0B9F67AC0B8F66A
:109830000001F3EC0AF01BBEF28E03C0DFF102C0A0
:10984000DEF101C0DDF100C0DCF1000ED8800101C5
:10985000DC550001C66F000E0101DD550001C76F28
:1098600067D17B5346E17A51010843E3456A280EEC
:10987000446E1B6AF2BE1B8EF29E7BC0B1F67AC0AC
:10988000B0F645C0B3F644C0B2F6B4EC13F01BBE5C
:10989000F28E02C045F6060101C044F6D8921B6A5A
:1098A000F2BE1B8EF29EB76B1E0EB66F840EB56FA6
:1098B000800EB46FBB6BBA6B02C0B9F601C0B8F6CC
:1098C0000001F3EC0AF01BBEF28E03C0DFF102C010
:1098D000DEF101C0DDF100C0DCF1000ED880010135
:1098E000DC550001C66F000E0101DD550001C76F98
:1098F0001FD17B5346E17A51030843E3456A140EB6
:10990000446E1B6AF2BE1B8EF29E7BC0B1F67AC01B
:10991000B0F645C0B3F644C0B2F6B4EC13F01BBECB
:10992000F28E02C045F6060101C044F6D8921B6AC9
:10993000F2BE1B8EF29EB76B1E0EB66F840EB56F15
:10994000800EB46FBB6BBA6B02C0B9F601C0B8F63B
:109950000001F3EC0AF01BBEF28E03C0DFF102C07F
:10996000DEF101C0DDF100C0DCF1000ED8800101A4
:10997000DC550001C66F000E0101DD550001C76F07
:10998000D7D07B5346E17A51070843E3456A0A0E74
:10999000446E1B6AF2BE1B8EF29E7BC0B1F67AC08B
:1099A000B0F645C0B3F644C0B2F6B4EC13F01BBE3B
:1099B000F28E02C045F6060101C044F6D8921B6A39
:1099C000F2BE1B8EF29EB76B1E0EB66F840EB56F85
:1099D000800EB46FBB6BBA6B02C0B9F601C0B8F6AB
:1099E0000001F3EC0AF01BBEF28E03C0DFF102C0EF
:1099F000DEF101C0DDF100C0DCF1000ED880010114
:109A0000DC550001C66F000E0101DD550001C76F76
:109A10008FD07B5346E17A51140843E3456A050E23
:109A2000446E1B6AF2BE1B8EF29E7BC0B1F67AC0FA
:109A3000B0F645C0B3F644C0B2F6B4EC13F01BBEAA
:109A4000F28E02C045F6060101C044F6D8921B6AA8
:109A5000F2BE1B8EF29EB76B1E0EB66F840EB56FF4
:109A6000800EB46FBB6BBA6B02C0B9F601C0B8F61A
:109A70000001F3EC0AF01BBEF28E03C0DFF102C05E
:109A8000DEF101C0DDF100C0DCF1000ED880010183
:109A9000DC550001C66F000E0101DD550001C76FE6
:109AA00047D07B5345E17A511E0842E3456A020ED6
:109AB000446E1B6AF2BE1B8EF29E7BC0B1F67AC06A
:109AC000B0F645C0B3F644C0B2F6B4EC13F01BBE1A
:109AD000F28E02C045F6060101C044F6D8921B6A18
:109AE000F2BE1B8EF29EB76B1E0EB66F840EB56F64
:109AF000800EB46FBB6BBA6B02C0B9F601C0B8F68A
:109B00000001F3EC0AF01BBEF28E03C0DFF102C0CD
:109B1000DEF101C0DDF100C0DCF1000ED8800101F2
:109B2000DC550001C66F000E0101DD550001C76F55
:109B3000DDC163F1DCC162F1CD90416A406AC7C00A
:109B4000CFFFC6C0CEFF06013F53D8A4AFD03E53CF
:109B5000D8A4ACD03D510408D8A0A8D004E13C5111
:109B6000FA08D8A0A3D01B6AF2BE1B8EF29E3FC695
:109B7000BBF63EC6BAF63DC6B9F63CC6B8F600011D
:109B80003DEC0BF01BBEF28E1B6AF2BE1B8EF29EEA
:109B900003C0BBF602C0BAF601C0B9F600C0B8F601
:109BA000CD0E0601BF6FCC0EBE6F4C0EBD6F7C0E8E
:109BB000BC6F000103EC06F01BBEF28E1B6AF2BE06
:109BC0001B8EF29E03C0B7F602C0B6F601C0B5F612
:109BD00000C0B4F64BEC04F01BBEF28E02C0C9F01C
:109BE00001C0C8F06E6B06013C5132080EE13D53D6
:109BF0000CE13E530AE13F5308E1200E06096B6E6B
:109C00000001C8C06CFF50D006010A0E3C5D446FD5
:109C1000000E3D59456F000E3E59466F000E3F59EC
:109C2000476F1B6AF2BE1B8EF29EBB6F46C6BAF62A
:109C300045C6B9F644C6B8F600013DEC0BF01BBEB4
:109C4000F28E1B6AF2BE1B8EF29E03C0BBF602C0F0
:109C5000BAF601C0B9F600C0B8F6CD0E0601BF6F66
:109C6000CC0EBE6F4C0EBD6F7C0EBC6F000103ECC2
:109C700006F01BBEF28E1B6AF2BE1B8EF29E03C064
:109C8000B7F602C0B6F601C0B5F600C0B4F64BECAC
:109C900004F01BBEF28E02C0C9F001C0C8F0280E4D
:109CA00006096B6EC8C06CFFBDD106011B6AF2BE0F
:109CB0001B8EF29E3FC6BBF63EC6BAF63DC6B9F64F
:109CC0003CC6B8F600013DEC0BF01BBEF28E1B6AE1
:109CD000F2BE1B8EF29E03C0BBF602C0BAF601C0F4
:109CE000B9F600C0B8F68F0E0601BF6FC20EBE6F88
:109CF000750EBD6F7E0EBC6F000103EC06F01BBE3F
:109D0000F28E1B6AF2BE1B8EF29E03C0BBF602C02F
:109D1000BAF601C0B9F600C0B8F6E2EC05F01BBE19
:109D2000F28E03C03FF602C03EF601C03DF600C011
:109D30003CF61B6AF2BE1B8EF29E3FC6BBF63EC6C9
:109D4000BAF63DC6B9F63CC6B8F63DEC0BF01BBE04
:109D5000F28E03C047F602C046F601C045F600C0C9
:109D600044F61B6AF2BE1B8EF29E03C0BBF602C015
:109D7000BAF601C0B9F600C0B8F60601BF6B600EB6
:109D8000BE6F1F0EBD6F890EBC6F00019CEC03F00F
:109D90001BBEF28E03C0A3F202C0A2F201C0A1F268
:109DA00000C0A0F21B6AF2BE1B8EF29EA3C2B7F6E1
:109DB000A2C2B6F6A1C2B5F6A0C2B4F64BEC04F04E
:109DC0001BBEF28E1B6AF2BE1B8EF29E0601B96BA1
:109DD00001C0B8F6000181EC03F01BBEF28ED88200
:109DE0001B6AF2BE1B8EF29EA3C2BBF6A2C2BAF6DB
:109DF000A1C2B9F6A0C2B8F603C0BFF602C0BEF653
:109E000001C0BDF600C0BCF669EC04F01BBEF28ECA
:109E100003C047F602C046F601C045F600C044F64E
:109E20001B6AF2BE1B8EF29E03C0BBF602C0BAF6DE
:109E300001C0B9F600C0B8F60601BF6BBE6BBD6BC2
:109E4000BC6B0001A5EC05F01BBEF28E13E11B6A92
:109E5000F2BE1B8EF29EA3C2B7F6A2C2B6F6A1C294
:109E6000B5F6A0C2B4F64BEC04F01BBEF28E01C0F6
:109E70006EF013D01B6AF2BE1B8EF29EA3C2B7F621
:109E8000A2C2B6F6A1C2B5F6A0C2B4F64BEC04F07D
:109E90001BBEF28E010E01246E6F1B6AF2BE1B8E7A
:109EA000F29E0601B96B6EC0B8F6000181EC03F0BA
:109EB0001BBEF28E1B6AF2BE1B8EF29EA3C2BBF6C5
:109EC000A2C2BAF6A1C2B9F6A0C2B8F603C0BFF6E4
:109ED00002C0BEF601C0BDF600C0BCF69CEC03F0AB
:109EE0001BBEF28E03C08BF202C08AF201C089F25F
:109EF00000C088F21B6AF2BE1B8EF29E0601BB6B8D
:109F0000BA6B7F0EB96F860EB86F8BC2BFF68AC26E
:109F1000BEF689C2BDF688C2BCF6000103EC06F0AD
:109F20001BBEF28E1B6AF2BE1B8EF29E03C0B7F6FA
:109F300002C0B6F601C0B5F600C0B4F64BEC04F0B2
:109F40001BBEF28E02C0C9F001C0C8F01B6AF2BE8F
:109F50001B8EF29E0601B96B6EC0B8F6000181EC53
:109F600003F01BBEF28E1B6AF2BE1B8EF29E03C074
:109F7000BBF602C0BAF601C0B9F600C0B8F69A0E38
:109F80000601BF6F990EBE6F190EBD6F7D0EBC6FBF
:109F9000000103EC06F01BBEF28E03C047F602C0C0
:109FA00046F601C045F600C044F61B6AF2BE1B8EA1
:109FB000F29E0601B96B6EC0B8F6000181EC03F0A9
:109FC0001BBEF28ED8921B6AF2BE1B8EF29E03C09D
:109FD000BBF602C0BAF601C0B9F600C0B8F647C673
:109FE000BFF646C6BEF645C6BDF644C6BCF669EC2D
:109FF00004F01BBEF28E1B6AF2BE1B8EF29E03C0E3
:10A00000B7F602C0B6F601C0B5F600C0B4F64BEC28
:10A0100004F01BBEF28E01C06EF0200E06096B6EBE
:10A02000C8C06CFF6B94746B312C77D2060143531C
:10A03000D8A4B2D04253D8A4AFD041510408D8A07C
:10A04000ABD004E14051FA08D8A0A6D000016F6B54
:10A050001B6AF2BE1B8EF29E43C6BBF642C6BAF620
:10A0600041C6B9F640C6B8F63DEC0BF01BBEF28E09
:10A070001B6AF2BE1B8EF29E03C0BBF602C0BAF68C
:10A0800001C0B9F600C0B8F6CD0E0601BF6FCC0E08
:10A09000BE6F4C0EBD6F7C0EBC6F000103EC06F072
:10A0A0001BBEF28E1B6AF2BE1B8EF29E03C0B7F679
:10A0B00002C0B6F601C0B5F600C0B4F64BEC04F031
:10A0C0001BBEF28E02C0CBF001C0CAF006014051A7
:10A0D00032080FE141530DE142530BE1435309E1D3
:10A0E000200E06090F01396FCAC03AFF0F0152D086
:10A0F00006010A0E405D446F000E4159456F000E87
:10A100004259466F000E4359476F1B6AF2BE1B8EC1
:10A11000F29EBB6F46C6BAF645C6B9F644C6B8F657
:10A1200000013DEC0BF01BBEF28E1B6AF2BE1B8ED3
:10A13000F29E03C0BBF602C0BAF601C0B9F600C079
:10A14000B8F6CD0E0601BF6FCC0EBE6F4C0EBD6FC4
:10A150007C0EBC6F000103EC06F01BBEF28E1B6A86
:10A16000F2BE1B8EF29E03C0B7F602C0B6F601C067
:10A17000B5F600C0B4F64BEC04F01BBEF28E02C084
:10A18000CBF001C0CAF0280E06090F01396FCAC012
:10A190003AFF0F01BFD106011B6AF2BE1B8EF29E71
:10A1A0003FC6BBF63EC6BAF63DC6B9F63CC6B8F6E3
:10A1B00000013DEC0BF01BBEF28E1B6AF2BE1B8E43
:10A1C000F29E03C0BBF602C0BAF601C0B9F600C0E9
:10A1D000B8F68F0E0601BF6FC20EBE6F750EBD6F53
:10A1E0007E0EBC6F000103EC06F01BBEF28E1B6AF4
:10A1F000F2BE1B8EF29E03C0BBF602C0BAF601C0CF
:10A20000B9F600C0B8F6E2EC05F01BBEF28E03C052
:10A210003FF602C03EF601C03DF600C03CF61B6AA8
:10A22000F2BE1B8EF29E43C6BBF642C6BAF641C6CC
:10A23000B9F640C6B8F63DEC0BF01BBEF28E03C07B
:10A2400047F602C046F601C045F600C044F61B6A58
:10A25000F2BE1B8EF29E03C0BBF602C0BAF601C06E
:10A26000B9F600C0B8F60601BF6B600EBE6F1F0ED8
:10A27000BD6F890EBC6F00019CEC03F01BBEF28E1B
:10A2800003C0A7F202C0A6F201C0A5F200C0A4F26A
:10A290001B6AF2BE1B8EF29EA7C2B7F6A6C2B6F626
:10A2A000A5C2B5F6A4C2B4F64BEC04F01BBEF28E08
:10A2B0001B6AF2BE1B8EF29E0601B96B01C0B8F696
:10A2C000000181EC03F01BBEF28ED8821B6AF2BE45
:10A2D0001B8EF29EA7C2BBF6A6C2BAF6A5C2B9F6FD
:10A2E000A4C2B8F603C0BFF602C0BEF601C0BDF6F8
:10A2F00000C0BCF669EC04F01BBEF28E03C047F64A
:10A3000002C046F601C045F600C044F61B6AF2BE24
:10A310001B8EF29E03C0BBF602C0BAF601C0B9F6AE
:10A3200000C0B8F60601BF6BBE6BBD6BBC6B000115
:10A33000A5EC05F01BBEF28E13E11B6AF2BE1B8E6C
:10A34000F29EA7C2B7F6A6C2B6F6A5C2B5F6A4C2DB
:10A35000B4F64BEC04F01BBEF28E01C06FF013D0CC
:10A360001B6AF2BE1B8EF29EA7C2B7F6A6C2B6F655
:10A37000A5C2B5F6A4C2B4F64BEC04F01BBEF28E37
:10A38000010E01246F6F1B6AF2BE1B8EF29E060146
:10A39000B96B6FC0B8F6000181EC03F01BBEF28E02
:10A3A0001B6AF2BE1B8EF29EA7C2BBF6A6C2BAF60D
:10A3B000A5C2B9F6A4C2B8F603C0BFF602C0BEF685
:10A3C00001C0BDF600C0BCF69CEC03F01BBEF28ED3
:10A3D00003C08FF202C08EF201C08DF200C08CF279
:10A3E0001B6AF2BE1B8EF29E0601BB6BBA6B7F0E20
:10A3F000B96F860EB86F8FC2BFF68EC2BEF68DC221
:10A40000BDF68CC2BCF6000103EC06F01BBEF28E5A
:10A410001B6AF2BE1B8EF29E03C0B7F602C0B6F6F0
:10A4200001C0B5F600C0B4F64BEC04F01BBEF28ED2
:10A4300002C0CBF001C0CAF01B6AF2BE1B8EF29EB6
:10A440000601B96B6FC0B8F6000181EC03F01BBECA
:10A45000F28E1B6AF2BE1B8EF29E03C0BBF602C0D8
:10A46000BAF601C0B9F600C0B8F69A0E0601BF6F81
:10A47000990EBE6F190EBD6F7D0EBC6F000103EC0F
:10A4800006F01BBEF28E03C047F602C046F601C0BE
:10A4900045F600C044F61B6AF2BE1B8EF29E060112
:10A4A000B96B6FC0B8F6000181EC03F01BBEF28EF1
:10A4B000D8921B6AF2BE1B8EF29E03C0BBF602C08E
:10A4C000BAF601C0B9F600C0B8F647C6BFF646C630
:10A4D000BEF645C6BDF644C6BCF669EC04F01BBE2C
:10A4E000F28E1B6AF2BE1B8EF29E03C0B7F602C04C
:10A4F000B6F601C0B5F600C0B4F64BEC04F01BBED6
:10A50000F28E01C06FF0200E06090F01396FCAC02C
:10A510003AFF0F0139950001756B9E90BA90312C6E
:10A5200001D0BA949D80B980312C01D0B984060144
:10A530003B6B43C647F642C646F641C645F640C6A3
:10A5400044F64B6B4A6B496B31C048F60001D3ECC3
:10A5500043F0005006013C25446F01503D21456FFA
:10A5600002503E21466F03503F21476F0F0E442794
:10A57000000E45234623472331500F0DF350442549
:10A5800001015A6F000E0601452101015B6F000EAB
:10A590000601462101015C6F000E06014721010101
:10A5A0005D6F080E016EC250830B0110C26E000E6B
:10A5B000016EC150F80B0110C16E0601826B070ECF
:10A5C000816F0001E1EC2EF01B6AF2BE1B8EF29E41
:10A5D000BBEC00F01BBEF28E02C065F101C064F15D
:10A5E0000601446B44C6DFF504014D6B0001A5EC88
:10A5F00027F006013BC601F000011200010E060122
:10A600003B6F2094566A576A25908BC03FF68AC0EC
:10A610003EF689C03DF688C03CF69BC043F69AC022
:10A6200042F699C041F698C040F600018B5307E10D
:10A630008A5305E1895303E188517C0814E2400EF6
:10A64000885D06013C6F000E0001895906013D6FCF
:10A65000000E00018A5906013E6F000E00018B5961
:10A6600006013F6F0001322C1DD09B5307E19A5326
:10A6700005E1995303E198517C0814E2400E985D7E
:10A680000601406F000E000199590601416F000E4E
:10A6900000019A590601426F000E00019B59060104
:10A6A000436F0001665317E103012EB913D0756A99
:10A6B000E40E986E8F980C0E746E0F012C95786ACC
:10A6C000E40E986E8F960C0E776EFC0E2C17000E13
:10A6D0002C1303010001900E946E8B94000E966E65
:10A6E0008D94900E946E8B92000E956E8C9E010E42
:10A6F0000601816F826B000116EC2FF06651040891
:10A7000016E0010E0601816F826B000116EC2FF03E
:10A7100081B0FED7010E936E8A82020E0601446F4D
:10A72000456B00012AEC31F0010E936E8A9206010E
:10A73000936B0A0E926F0001E3EC28F029B411EF3D
:10A740005CF0020E0601446F000153EC36F001523A
:10A7500014E00401468D81B0FED7010E936E8A820B
:10A760000F0E0601816F000176EC43F0010E936E2F
:10A770008A9290EC30F00FEF5CF06651040810E024
:10A7800081B0FED7010E936E8A82020E0601446FDD
:10A79000030E456F00012AEC31F0010E936E8A9290
:10A7A000B06A370EB16E7D5303E17C511F082EE273
:10A7B000476A466AD8921B6AF2BE1B8EF29E060159
:10A7C000B76B1E0EB66F840EB56F800EB46FBB6B89
:10A7D000BA6B7DC0B9F67CC0B8F60001F3EC0AF0A4
:10A7E0001BBEF28E03C0DFF102C0DEF101C0DDF15D
:10A7F00000C0DCF1000ED8800101DC550001CC6FF7
:10A80000000E0101DD550001CD6F67D17D5346E19A
:10A810007C51010843E3476A280E466E1B6AF2BE6C
:10A820001B8EF29E7DC0B1F67CC0B0F647C0B3F679
:10A8300046C0B2F6B4EC13F01BBEF28E02C045F671
:10A84000060101C044F6D8921B6AF2BE1B8EF29E2E
:10A85000B76B1E0EB66F840EB56F800EB46FBB6BF8
:10A86000BA6B02C0B9F601C0B8F60001F3EC0AF009
:10A870001BBEF28E03C0DFF102C0DEF101C0DDF1CC
:10A8800000C0DCF1000ED8800101DC550001CC6F66
:10A89000000E0101DD550001CD6F1FD17D5346E152
:10A8A0007C51030843E3476A140E466E1B6AF2BEEE
:10A8B0001B8EF29E7DC0B1F67CC0B0F647C0B3F6E9
:10A8C00046C0B2F6B4EC13F01BBEF28E02C045F6E1
:10A8D000060101C044F6D8921B6AF2BE1B8EF29E9E
:10A8E000B76B1E0EB66F840EB56F800EB46FBB6B68
:10A8F000BA6B02C0B9F601C0B8F60001F3EC0AF079
:10A900001BBEF28E03C0DFF102C0DEF101C0DDF13B
:10A9100000C0DCF1000ED8800101DC550001CC6FD5
:10A92000000E0101DD550001CD6FD7D07D5346E10A
:10A930007C51070843E3476A0A0E466E1B6AF2BE63
:10A940001B8EF29E7DC0B1F67CC0B0F647C0B3F658
:10A9500046C0B2F6B4EC13F01BBEF28E02C045F650
:10A96000060101C044F6D8921B6AF2BE1B8EF29E0D
:10A97000B76B1E0EB66F840EB56F800EB46FBB6BD7
:10A98000BA6B02C0B9F601C0B8F60001F3EC0AF0E8
:10A990001BBEF28E03C0DFF102C0DEF101C0DDF1AB
:10A9A00000C0DCF1000ED8800101DC550001CC6F45
:10A9B000000E0101DD550001CD6F8FD07D5346E1C2
:10A9C0007C51140843E3476A050E466E1B6AF2BECB
:10A9D0001B8EF29E7DC0B1F67CC0B0F647C0B3F6C8
:10A9E00046C0B2F6B4EC13F01BBEF28E02C045F6C0
:10A9F000060101C044F6D8921B6AF2BE1B8EF29E7D
:10AA0000B76B1E0EB66F840EB56F800EB46FBB6B46
:10AA1000BA6B02C0B9F601C0B8F60001F3EC0AF057
:10AA20001BBEF28E03C0DFF102C0DEF101C0DDF11A
:10AA300000C0DCF1000ED8800101DC550001CC6FB4
:10AA4000000E0101DD550001CD6F47D07D5345E17A
:10AA50007C511E0842E3476A020E466E1B6AF2BE34
:10AA60001B8EF29E7DC0B1F67CC0B0F647C0B3F637
:10AA700046C0B2F6B4EC13F01BBEF28E02C045F62F
:10AA8000060101C044F6D8921B6AF2BE1B8EF29EEC
:10AA9000B76B1E0EB66F840EB56F800EB46FBB6BB6
:10AAA000BA6B02C0B9F601C0B8F60001F3EC0AF0C7
:10AAB0001BBEF28E03C0DFF102C0DEF101C0DDF18A
:10AAC00000C0DCF1000ED8800101DC550001CC6F24
:10AAD000000E0101DD550001CD6FB190436A426A5D
:10AAE000CDC0B3FFCCC0B2FF06013F53D8A4BFD046
:10AAF0003E53D8A4BCD03D510408D8A0B8D004E13E
:10AB00003C51FA08D8A0B3D03F530EE13E530CE1BC
:10AB10003D530AE13C51950807E3090E3C5F000EE6
:10AB20003D5B3E5B3F5B66D01B6AF2BE1B8EF29EB6
:10AB30003FC6BBF63EC6BAF63DC6B9F63CC6B8F649
:10AB400000013DEC0BF01BBEF28E1B6AF2BE1B8EA9
:10AB5000F29ECD0E0601BB6F3B0EBA6F7E0EB96F33
:10AB6000B86F03C0BFF602C0BEF601C0BDF600C09C
:10AB7000BCF6000103EC06F01BBEF28E03C047F6E4
:10AB800002C046F601C045F600C044F6D8921B6AE2
:10AB9000F2BE1B8EF29E03C0BBF602C0BAF601C025
:10ABA000B9F600C0B8F62F0E0601BF6FDD0EBE6FFE
:10ABB000380EBD6F820EBC6F000169EC04F01BBE45
:10ABC000F28E1B6AF2BE1B8EF29E03C0BBF602C061
:10ABD000BAF601C0B9F600C0B8F6E2EC05F01BBE4B
:10ABE000F28E03C03FF602C03EF601C03DF600C043
:10ABF0003CF606013C35446F3D35456F3E35466FAA
:10AC00003F35476F44374537463747374437453731
:10AC10004637473744374537463747374437453750
:10AC2000463747374437453746374737C00E44170E
:10AC3000D8921B6AF2BE1B8EF29E47C6B7F646C676
:10AC4000B6F645C6B5F644C6B4F6BB6BBA6B010E94
:10AC5000B96F040EB86F0001F3EC0AF01BBEF28E60
:10AC600001C0CFF000C0CEF0706B55D206013C5150
:10AC7000D0084BE13D51070848E13E5346E13F53C0
:10AC800044E11B6AF2BE1B8EF29E3FC6BBF63EC677
:10AC9000BAF63DC6B9F63CC6B8F600013DEC0BF07D
:10ACA0001BBEF28E1B6AF2BE1B8EF29E03C0BBF669
:10ACB00002C0BAF601C0B9F600C0B8F6190E060116
:10ACC000BF6F040EBE6F1E0EBD6F7F0EBC6F000106
:10ACD00003EC06F01BBEF28E1B6AF2BE1B8EF29EC8
:10ACE00003C0BBF602C0BAF601C0B9F600C0B8F6A0
:10ACF000E2EC05F01BBEF28E03C03FF602C03EF64A
:10AD000001C03DF600C03CF606013C51B8084CE1DC
:10AD10003D510B0849E13E5347E13F5345E11B6A72
:10AD2000F2BE1B8EF29E3FC6BBF63EC6BAF63DC6CD
:10AD3000B9F63CC6B8F600013DEC0BF01BBEF28E36
:10AD40001B6AF2BE1B8EF29E03C0BBF602C0BAF6AF
:10AD500001C0B9F600C0B8F62E0E0601BF6FAD0EE9
:10AD6000BE6F1E0EBD6F7F0EBC6F000103EC06F0C0
:10AD70001BBEF28E1B6AF2BE1B8EF29E03C0BBF698
:10AD800002C0BAF601C0B9F600C0B8F6E2EC05F0B0
:10AD90001BBEF28E03C03FF602C03EF601C03DF678
:10ADA00000C03CF644D006011B6AF2BE1B8EF29E28
:10ADB0003FC6BBF63EC6BAF63DC6B9F63CC6B8F6C7
:10ADC00000013DEC0BF01BBEF28E1B6AF2BE1B8E27
:10ADD000F29E03C0BBF602C0BAF601C0B9F600C0CD
:10ADE000B8F65B0E0601BF6F270EBE6F760EBD6F05
:10ADF0007E0EBC6F000103EC06F01BBEF28E1B6AD8
:10AE0000F2BE1B8EF29E03C0BBF602C0BAF601C0B2
:10AE1000B9F600C0B8F6E2EC05F01BBEF28E03C036
:10AE20003FF602C03EF601C03DF600C03CF61B6A8C
:10AE3000F2BE1B8EF29E3FC6BBF63EC6BAF63DC6BC
:10AE4000B9F63CC6B8F63DEC0BF01BBEF28E03C063
:10AE500047F602C046F601C045F600C044F61B6A3C
:10AE6000F2BE1B8EF29E03C0BBF602C0BAF601C052
:10AE7000B9F600C0B8F60601BF6B600EBE6F1F0EBC
:10AE8000BD6F890EBC6F00019CEC03F01BBEF28EFF
:10AE900003C0ABF202C0AAF201C0A9F200C0A8F23E
:10AEA0001B6AF2BE1B8EF29EABC2B7F6AAC2B6F602
:10AEB000A9C2B5F6A8C2B4F64BEC04F01BBEF28EE4
:10AEC0001B6AF2BE1B8EF29E0601B96B01C0B8F67A
:10AED000000181EC03F01BBEF28ED8821B6AF2BE29
:10AEE0001B8EF29EABC2BBF6AAC2BAF6A9C2B9F6D5
:10AEF000A8C2B8F603C0BFF602C0BEF601C0BDF6D8
:10AF000000C0BCF669EC04F01BBEF28E03C047F62D
:10AF100002C046F601C045F600C044F61B6AF2BE08
:10AF20001B8EF29E03C0BBF602C0BAF601C0B9F692
:10AF300000C0B8F60601BF6BBE6BBD6BBC6B0001F9
:10AF4000A5EC05F01BBEF28E13E11B6AF2BE1B8E50
:10AF5000F29EABC2B7F6AAC2B6F6A9C2B5F6A8C2AF
:10AF6000B4F64BEC04F01BBEF28E01C070F013D0AF
:10AF70001B6AF2BE1B8EF29EABC2B7F6AAC2B6F631
:10AF8000A9C2B5F6A8C2B4F64BEC04F01BBEF28E13
:10AF9000010E0124706F1B6AF2BE1B8EF29E060129
:10AFA000B96B70C0B8F6000181EC03F01BBEF28EE5
:10AFB0001B6AF2BE1B8EF29EABC2BBF6AAC2BAF6E9
:10AFC000A9C2B9F6A8C2B8F603C0BFF602C0BEF661
:10AFD00001C0BDF600C0BCF69CEC03F01BBEF28EB7
:10AFE00003C093F202C092F201C091F200C090F24D
:10AFF0001B6AF2BE1B8EF29E0601BB6BBA6B7F0E04
:10B00000B96F860EB86F93C2BFF692C2BEF691C2F8
:10B01000BDF690C2BCF6000103EC06F01BBEF28E3A
:10B020001B6AF2BE1B8EF29E03C0B7F602C0B6F6D4
:10B0300001C0B5F600C0B4F64BEC04F01BBEF28EB6
:10B0400002C0CFF001C0CEF01B6AF2BE1B8EF29E92
:10B050000601B96B70C0B8F6000181EC03F01BBEAD
:10B06000F28E1B6AF2BE1B8EF29E03C0BBF602C0BC
:10B07000BAF601C0B9F600C0B8F69A0E0601BF6F65
:10B08000990EBE6F190EBD6F7D0EBC6F000103ECF3
:10B0900006F01BBEF28E03C047F602C046F601C0A2
:10B0A00045F600C044F61B6AF2BE1B8EF29E0601F6
:10B0B000B96B70C0B8F6000181EC03F01BBEF28ED4
:10B0C000D8921B6AF2BE1B8EF29E03C0BBF602C072
:10B0D000BAF601C0B9F600C0B8F647C6BFF646C614
:10B0E000BEF645C6BDF644C6BCF669EC04F01BBE10
:10B0F000F28E1B6AF2BE1B8EF29E03C0B7F602C030
:10B10000B6F601C0B5F600C0B4F64BEC04F01BBEB9
:10B11000F28E01C070F0200E06090F01366FCEC00E
:10B1200037FF0F0136950001766B322C2BD30601C9
:10B130004353D8A4C6D04253D8A4C3D04151040825
:10B14000D8A0BFD004E14051FA08D8A0BAD04353E8
:10B150000EE142530CE141530AE14051950807E3E7
:10B16000090E405F000E415B425B435B67D01B6A88
:10B17000F2BE1B8EF29E43C6BBF642C6BAF641C66D
:10B18000B9F640C6B8F600013DEC0BF01BBEF28EDE
:10B190001B6AF2BE1B8EF29ECD0E0601BB6FCC0E5B
:10B1A000BA6F4C0EB96F7E0EB86F03C0BFF602C007
:10B1B000BEF601C0BDF600C0BCF6000103EC06F00F
:10B1C0001BBEF28E03C047F602C046F601C045F62C
:10B1D00000C044F6D8921B6AF2BE1B8EF29E03C0DA
:10B1E000BBF602C0BAF601C0B9F600C0B8F62F0E21
:10B1F0000601BF6FDD0EBE6F380EBD6F820EBC6FD5
:10B20000000169EC04F01BBEF28E1B6AF2BE1B8EBD
:10B21000F29E03C0BBF602C0BAF601C0B9F600C088
:10B22000B8F6E2EC05F01BBEF28E03C043F602C096
:10B2300042F601C041F600C040F606014035446FB9
:10B240004135456F4235466F4335476F4437453783
:10B25000463747374437453746374737443745370A
:10B2600046374737443745374637473744374537FA
:10B2700046374737C00E4417D8921B6AF2BE1B8E62
:10B28000F29E47C6B7F646C6B6F645C6B5F644C6FC
:10B29000B4F6BB6BBA6B010EB96F040EB86F000148
:10B2A000F3EC0AF01BBEF28E010E0601005C0001F9
:10B2B000D06F000E060101580001D16F716B58D29A
:10B2C000060143534EE142534CE14151070849E323
:10B2D00003E14051D00845E31B6AF2BE1B8EF29E8B
:10B2E00043C6BBF642C6BAF641C6B9F640C6B8F682
:10B2F00000013DEC0BF01BBEF28E1B6AF2BE1B8EF2
:10B30000F29E03C0BBF602C0BAF601C0B9F600C097
:10B31000B8F6120E0601BF6F140EBE6F0F0EBD6F92
:10B320007F0EBC6F000103EC06F01BBEF28E1B6AA1
:10B33000F2BE1B8EF29E03C0BBF602C0BAF601C07D
:10B34000B9F600C0B8F6E2EC05F01BBEF28E03C001
:10B3500043F602C042F601C041F600C040F694D068
:10B36000060143534EE142534CE141510B0849E37E
:10B3700003E14051B80845E31B6AF2BE1B8EF29E02
:10B3800043C6BBF642C6BAF641C6B9F640C6B8F6E1
:10B3900000013DEC0BF01BBEF28E1B6AF2BE1B8E51
:10B3A000F29E03C0BBF602C0BAF601C0B9F600C0F7
:10B3B000B8F6280E0601BF6F490EBE6F130EBD6FA3
:10B3C0007F0EBC6F000103EC06F01BBEF28E1B6A01
:10B3D000F2BE1B8EF29E03C0BBF602C0BAF601C0DD
:10B3E000B9F600C0B8F6E2EC05F01BBEF28E03C061
:10B3F00043F602C042F601C041F600C040F644D018
:10B4000006011B6AF2BE1B8EF29E43C6BBF642C605
:10B41000BAF641C6B9F640C6B8F600013DEC0BF0ED
:10B420001BBEF28E1B6AF2BE1B8EF29E03C0BBF6E1
:10B4300002C0BAF601C0B9F600C0B8F6550E060152
:10B44000BF6FBE0EBE6F730EBD6F7E0EBC6F000170
:10B4500003EC06F01BBEF28E1B6AF2BE1B8EF29E40
:10B4600003C0BBF602C0BAF601C0B9F600C0B8F618
:10B47000E2EC05F01BBEF28E03C043F602C042F6BA
:10B4800001C041F600C040F61B6AF2BE1B8EF29E60
:10B4900043C6BBF642C6BAF641C6B9F640C6B8F6D0
:10B4A0003DEC0BF01BBEF28E03C047F602C046F621
:10B4B00001C045F600C044F61B6AF2BE1B8EF29E28
:10B4C00003C0BBF602C0BAF601C0B9F600C0B8F6B8
:10B4D0000601BF6B600EBE6F1F0EBD6F890EBC6F85
:10B4E00000019CEC03F01BBEF28E03C0AFF202C061
:10B4F000AEF201C0ADF200C0ACF21B6AF2BE1B8E10
:10B50000F29EAFC2B7F6AEC2B6F6ADC2B5F6ACC2E9
:10B51000B4F64BEC04F01BBEF28E1B6AF2BE1B8E1F
:10B52000F29E0601B96B01C0B8F6000181EC03F090
:10B530001BBEF28ED8821B6AF2BE1B8EF29EAFC279
:10B54000BBF6AEC2BAF6ADC2B9F6ACC2B8F603C02D
:10B55000BFF602C0BEF601C0BDF600C0BCF669EC85
:10B5600004F01BBEF28E03C047F602C046F601C0CF
:10B5700045F600C044F61B6AF2BE1B8EF29E03C065
:10B58000BBF602C0BAF601C0B9F600C0B8F60601B3
:10B59000BF6BBE6BBD6BBC6B0001A5EC05F01BBEA9
:10B5A000F28E13E11B6AF2BE1B8EF29EAFC2B7F69B
:10B5B000AEC2B6F6ADC2B5F6ACC2B4F64BEC04F012
:10B5C0001BBEF28E01C071F013D01B6AF2BE1B8E3F
:10B5D000F29EAFC2B7F6AEC2B6F6ADC2B5F6ACC219
:10B5E000B4F64BEC04F01BBEF28E010E0124716F19
:10B5F0001B6AF2BE1B8EF29E0601B96B71C0B8F6D3
:10B60000000181EC03F01BBEF28E1B6AF2BE1B8EA2
:10B61000F29EAFC2BBF6AEC2BAF6ADC2B9F6ACC2CC
:10B62000B8F603C0BFF602C0BEF601C0BDF600C04A
:10B63000BCF69CEC03F01BBEF28E03C097F202C076
:10B6400096F201C095F200C094F21B6AF2BE1B8E06
:10B65000F29E0601BB6BBA6B7F0EB96F860EB86F98
:10B6600097C2BFF696C2BEF695C2BDF694C2BCF6AE
:10B67000000103EC06F01BBEF28E1B6AF2BE1B8EAD
:10B68000F29E03C0B7F602C0B6F601C0B5F600C020
:10B69000B4F64BEC04F01BBEF28E02C0D1F001C038
:10B6A000D0F01B6AF2BE1B8EF29E0601B96B71C010
:10B6B000B8F6000181EC03F01BBEF28E1B6AF2BEED
:10B6C0001B8EF29E03C0BBF602C0BAF601C0B9F6EB
:10B6D00000C0B8F69A0E0601BF6F990EBE6F190E24
:10B6E000BD6F7D0EBC6F000103EC06F01BBEF28E39
:10B6F00003C047F602C046F601C045F600C044F656
:10B700001B6AF2BE1B8EF29E0601B96B71C0B8F6C1
:10B71000000181EC03F01BBEF28ED8921B6AF2BED0
:10B720001B8EF29E03C0BBF602C0BAF601C0B9F68A
:10B7300000C0B8F647C6BFF646C6BEF645C6BDF65B
:10B7400044C6BCF669EC04F01BBEF28E1B6AF2BE66
:10B750001B8EF29E03C0B7F602C0B6F601C0B5F666
:10B7600000C0B4F64BEC04F01BBEF28E01C071F0C9
:10B77000200E06090F01336FD0C034FF0F0133953F
:10B780000001776BA192BA98322C01D0BA9AA082AC
:10B79000B988322C01D0B98A06013B6B43C647F603
:10B7A00042C646F641C645F640C644F64B6B4A6B68
:10B7B000496B32C048F60001D3EC43F0005006015B
:10B7C0003C25446F01503D21456F02503E21466F9C
:10B7D00003503F21476F0F0E4427000E4523462399
:10B7E000472332500F0DF350442501015E6F000EC8
:10B7F0000601452101015F6F000E0601462101018E
:10B80000606F000E060147210101616F0601446B64
:10B8100044C6E0F504014E6B0001D0EC27F055EF73
:10B8200064F06651040810E081B0FED7010E936EFB
:10B830008A82020E0601446F030E456F00012AEC56
:10B8400031F0010E936E8A92B06A370EB16E7D535D
:10B8500003E17C511F082EE2476A466AD8921B6AB0
:10B86000F2BE1B8EF29E0601B76B1E0EB66F840EE3
:10B87000B56F800EB46FBB6BBA6B7DC0B9F67CC080
:10B88000B8F60001F3EC0AF01BBEF28E03C0DFF144
:10B8900002C0DEF101C0DDF100C0DCF1000ED88095
:10B8A0000101DC550001CC6F000E0101DD550001E6
:10B8B000CD6F67D17D5346E17C51010843E3476A70
:10B8C000280E466E1B6AF2BE1B8EF29E7DC0B1F63C
:10B8D0007CC0B0F647C0B3F646C0B2F6B4EC13F085
:10B8E0001BBEF28E02C045F6060101C044F6D89296
:10B8F0001B6AF2BE1B8EF29EB76B1E0EB66F840ED5
:10B90000B56F800EB46FBB6BBA6B02C0B9F601C0E5
:10B91000B8F60001F3EC0AF01BBEF28E03C0DFF1B3
:10B9200002C0DEF101C0DDF100C0DCF1000ED88004
:10B930000101DC550001CC6F000E0101DD55000155
:10B94000CD6F1FD17D5346E17C51030843E3476A25
:10B95000140E466E1B6AF2BE1B8EF29E7DC0B1F6BF
:10B960007CC0B0F647C0B3F646C0B2F6B4EC13F0F4
:10B970001BBEF28E02C045F6060101C044F6D89205
:10B980001B6AF2BE1B8EF29EB76B1E0EB66F840E44
:10B99000B56F800EB46FBB6BBA6B02C0B9F601C055
:10B9A000B8F60001F3EC0AF01BBEF28E03C0DFF123
:10B9B00002C0DEF101C0DDF100C0DCF1000ED88074
:10B9C0000101DC550001CC6F000E0101DD550001C5
:10B9D000CD6FD7D07D5346E17C51070843E3476ADA
:10B9E0000A0E466E1B6AF2BE1B8EF29E7DC0B1F639
:10B9F0007CC0B0F647C0B3F646C0B2F6B4EC13F064
:10BA00001BBEF28E02C045F6060101C044F6D89274
:10BA10001B6AF2BE1B8EF29EB76B1E0EB66F840EB3
:10BA2000B56F800EB46FBB6BBA6B02C0B9F601C0C4
:10BA3000B8F60001F3EC0AF01BBEF28E03C0DFF192
:10BA400002C0DEF101C0DDF100C0DCF1000ED880E3
:10BA50000101DC550001CC6F000E0101DD55000134
:10BA6000CD6F8FD07D5346E17C51140843E3476A84
:10BA7000050E466E1B6AF2BE1B8EF29E7DC0B1F6AD
:10BA80007CC0B0F647C0B3F646C0B2F6B4EC13F0D3
:10BA90001BBEF28E02C045F6060101C044F6D892E4
:10BAA0001B6AF2BE1B8EF29EB76B1E0EB66F840E23
:10BAB000B56F800EB46FBB6BBA6B02C0B9F601C034
:10BAC000B8F60001F3EC0AF01BBEF28E03C0DFF102
:10BAD00002C0DEF101C0DDF100C0DCF1000ED88053
:10BAE0000101DC550001CC6F000E0101DD550001A4
:10BAF000CD6F47D07D5345E17C511E0842E3476A34
:10BB0000020E466E1B6AF2BE1B8EF29E7DC0B1F61F
:10BB10007CC0B0F647C0B3F646C0B2F6B4EC13F042
:10BB20001BBEF28E02C045F6060101C044F6D89253
:10BB30001B6AF2BE1B8EF29EB76B1E0EB66F840E92
:10BB4000B56F800EB46FBB6BBA6B02C0B9F601C0A3
:10BB5000B8F60001F3EC0AF01BBEF28E03C0DFF171
:10BB600002C0DEF101C0DDF100C0DCF1000ED880C2
:10BB70000101DC550001CC6F000E0101DD55000113
:10BB8000CD6FB190436A426ACDC0B3FFCCC0B2FF63
:10BB900006013F53D8A4BFD03E53D8A4BCD03D51DA
:10BBA0000408D8A0B8D004E13C51FA08D8A0B3D01A
:10BBB0003F530EE13E530CE13D530AE13C519508E1
:10BBC00007E3090E3C5F000E3D5B3E5B3F5B66D0CA
:10BBD0001B6AF2BE1B8EF29E3FC6BBF63EC6BAF68D
:10BBE0003DC6B9F63CC6B8F600013DEC0BF01BBEF5
:10BBF000F28E1B6AF2BE1B8EF29ECD0E0601BB6F4B
:10BC00003B0EBA6F7E0EB96FB86F03C0BFF602C0AD
:10BC1000BEF601C0BDF600C0BCF6000103EC06F0A4
:10BC20001BBEF28E03C047F602C046F601C045F6C1
:10BC300000C044F6D8921B6AF2BE1B8EF29E03C06F
:10BC4000BBF602C0BAF601C0B9F600C0B8F62F0EB6
:10BC50000601BF6FDD0EBE6F380EBD6F820EBC6F6A
:10BC6000000169EC04F01BBEF28E1B6AF2BE1B8E53
:10BC7000F29E03C0BBF602C0BAF601C0B9F600C01E
:10BC8000B8F6E2EC05F01BBEF28E03C03FF602C030
:10BC90003EF601C03DF600C03CF606013C35446F5F
:10BCA0003D35456F3E35466F3F35476F4437453725
:10BCB00046374737443745374637473744374537A0
:10BCC0004637473744374537463747374437453790
:10BCD00046374737C00E4417D8921B6AF2BE1B8EF8
:10BCE000F29E47C6B7F646C6B6F645C6B5F644C692
:10BCF000B4F6BB6BBA6B010EB96F040EB86F0001DE
:10BD0000F3EC0AF01BBEF28E01C0CFF000C0CEF003
:10BD1000706B55D206013C51D0084BE13D510708EC
:10BD200048E13E5346E13F5344E11B6AF2BE1B8E9D
:10BD3000F29E3FC6BBF63EC6BAF63DC6B9F63CC655
:10BD4000B8F600013DEC0BF01BBEF28E1B6AF2BE92
:10BD50001B8EF29E03C0BBF602C0BAF601C0B9F654
:10BD600000C0B8F6190E0601BF6F040EBE6F1E0E9E
:10BD7000BD6F7F0EBC6F000103EC06F01BBEF28EA0
:10BD80001B6AF2BE1B8EF29E03C0BBF602C0BAF65F
:10BD900001C0B9F600C0B8F6E2EC05F01BBEF28EA9
:10BDA00003C03FF602C03EF601C03DF600C03CF6BF
:10BDB00006013C51B8084CE13D510B0849E13E53A6
:10BDC00047E13F5345E11B6AF2BE1B8EF29E3FC620
:10BDD000BBF63EC6BAF63DC6B9F63CC6B8F600019B
:10BDE0003DEC0BF01BBEF28E1B6AF2BE1B8EF29E68
:10BDF00003C0BBF602C0BAF601C0B9F600C0B8F67F
:10BE00002E0E0601BF6FAD0EBE6F1E0EBD6F7F0EF4
:10BE1000BC6F000103EC06F01BBEF28E1B6AF2BE83
:10BE20001B8EF29E03C0BBF602C0BAF601C0B9F683
:10BE300000C0B8F6E2EC05F01BBEF28E03C03FF680
:10BE400002C03EF601C03DF600C03CF644D00601FB
:10BE50001B6AF2BE1B8EF29E3FC6BBF63EC6BAF60A
:10BE60003DC6B9F63CC6B8F600013DEC0BF01BBE72
:10BE7000F28E1B6AF2BE1B8EF29E03C0BBF602C09E
:10BE8000BAF601C0B9F600C0B8F65B0E0601BF6F86
:10BE9000270EBE6F760EBD6F7E0EBC6F000103ECE9
:10BEA00006F01BBEF28E1B6AF2BE1B8EF29E03C012
:10BEB000BBF602C0BAF601C0B9F600C0B8F6E2ECB3
:10BEC00005F01BBEF28E03C03FF602C03EF601C075
:10BED0003DF600C03CF61B6AF2BE1B8EF29E3FC6CA
:10BEE000BBF63EC6BAF63DC6B9F63CC6B8F63DEC62
:10BEF0000BF01BBEF28E03C047F602C046F601C02F
:10BF000045F600C044F61B6AF2BE1B8EF29E03C0CB
:10BF1000BBF602C0BAF601C0B9F600C0B8F6060119
:10BF2000BF6B600EBE6F1F0EBD6F890EBC6F000130
:10BF30009CEC03F01BBEF28E03C0ABF202C0AAF26F
:10BF400001C0A9F200C0A8F21B6AF2BE1B8EF29ECD
:10BF5000ABC2B7F6AAC2B6F6A9C2B5F6A8C2B4F685
:10BF60004BEC04F01BBEF28E1B6AF2BE1B8EF29EDF
:10BF70000601B96B01C0B8F6000181EC03F01BBEED
:10BF8000F28ED8821B6AF2BE1B8EF29EABC2BBF64B
:10BF9000AAC2BAF6A9C2B9F6A8C2B8F603C0BFF6DB
:10BFA00002C0BEF601C0BDF600C0BCF669EC04F0EC
:10BFB0001BBEF28E03C047F602C046F601C045F62E
:10BFC00000C044F61B6AF2BE1B8EF29E03C0BBF695
:10BFD00002C0BAF601C0B9F600C0B8F60601BF6BE0
:10BFE000BE6BBD6BBC6B0001A5EC05F01BBEF28EF9
:10BFF00013E11B6AF2BE1B8EF29EABC2B7F6AAC259
:10C00000B6F6A9C2B5F6A8C2B4F64BEC04F01BBE56
:10C01000F28E01C070F013D01B6AF2BE1B8EF29E2E
:10C02000ABC2B7F6AAC2B6F6A9C2B5F6A8C2B4F6B4
:10C030004BEC04F01BBEF28E010E0124706F1B6AE4
:10C04000F2BE1B8EF29E0601B96B70C0B8F60001FD
:10C0500081EC03F01BBEF28E1B6AF2BE1B8EF29EB9
:10C06000ABC2BBF6AAC2BAF6A9C2B9F6A8C2B8F664
:10C0700003C0BFF602C0BEF601C0BDF600C0BCF6EC
:10C080009CEC03F01BBEF28E03C093F202C092F24E
:10C0900001C091F200C090F21B6AF2BE1B8EF29EAC
:10C0A0000601BB6BBA6B7F0EB96F860EB86F93C279
:10C0B000BFF692C2BEF691C2BDF690C2BCF60001B8
:10C0C00003EC06F01BBEF28E1B6AF2BE1B8EF29EC4
:10C0D00003C0B7F602C0B6F601C0B5F600C0B4F6AC
:10C0E0004BEC04F01BBEF28E02C0CFF001C0CEF0CC
:10C0F0001B6AF2BE1B8EF29E0601B96B70C0B8F6C9
:10C10000000181EC03F01BBEF28E1B6AF2BE1B8E97
:10C11000F29E03C0BBF602C0BAF601C0B9F600C079
:10C12000B8F69A0E0601BF6F990EBE6F190EBD6F5D
:10C130007D0EBC6F000103EC06F01BBEF28E03C047
:10C1400047F602C046F601C045F600C044F61B6A39
:10C15000F2BE1B8EF29E0601B96B70C0B8F60001EC
:10C1600081EC03F01BBEF28ED8921B6AF2BE1B8ECE
:10C17000F29E03C0BBF602C0BAF601C0B9F600C019
:10C18000B8F647C6BFF646C6BEF645C6BDF644C6B7
:10C19000BCF669EC04F01BBEF28E1B6AF2BE1B8E6D
:10C1A000F29E03C0B7F602C0B6F601C0B5F600C0F5
:10C1B000B4F64BEC04F01BBEF28E01C070F0200E02
:10C1C00006090F01366FCEC037FF0F01369500010B
:10C1D000766B322C1DD3060143530EE142530CE122
:10C1E00041530AE14051950807E3090E405F000EF4
:10C1F000415B425B435B66D01B6AF2BE1B8EF29EC4
:10C2000043C6BBF642C6BAF641C6B9F640C6B8F652
:10C2100000013DEC0BF01BBEF28E1B6AF2BE1B8EC2
:10C22000F29ECD0E0601BB6F3B0EBA6F7E0EB96F4C
:10C23000B86F03C0BFF602C0BEF601C0BDF600C0B5
:10C24000BCF6000103EC06F01BBEF28E03C047F6FD
:10C2500002C046F601C045F600C044F6D8921B6AFB
:10C26000F2BE1B8EF29E03C0BBF602C0BAF601C03E
:10C27000B9F600C0B8F62F0E0601BF6FDD0EBE6F17
:10C28000380EBD6F820EBC6F000169EC04F01BBE5E
:10C29000F28E1B6AF2BE1B8EF29E03C0BBF602C07A
:10C2A000BAF601C0B9F600C0B8F6E2EC05F01BBE64
:10C2B000F28E03C043F602C042F601C041F600C050
:10C2C00040F60601435346E1425344E1415104081C
:10C2D00041E303E14051FA083DE34035446F413505
:10C2E000456F4235466F4335476F443745374637CC
:10C2F000473744374537463747374437453746375A
:10C300004737443745374637473744374537463749
:10C310004737C00E4417D8921B6AF2BE1B8EF29E9E
:10C3200047C6B7F646C6B6F645C6B5F644C6B4F631
:10C33000BB6BBA6B010EB96F040EB86F0001F3EC62
:10C340000AF01BBEF28E01C0D1F000C0D0F0716BBC
:10C3500055D206014051D0084BE14151070848E150
:10C36000425346E1435344E11B6AF2BE1B8EF29EE8
:10C3700043C6BBF642C6BAF641C6B9F640C6B8F6E1
:10C3800000013DEC0BF01BBEF28E1B6AF2BE1B8E51
:10C39000F29E03C0BBF602C0BAF601C0B9F600C0F7
:10C3A000B8F6190E0601BF6F040EBE6F1E0EBD6FEC
:10C3B0007F0EBC6F000103EC06F01BBEF28E1B6A01
:10C3C000F2BE1B8EF29E03C0BBF602C0BAF601C0DD
:10C3D000B9F600C0B8F6E2EC05F01BBEF28E03C061
:10C3E00043F602C042F601C041F600C040F6060125
:10C3F0004051B8084CE141510B0849E1425347E133
:10C40000435345E11B6AF2BE1B8EF29E43C6BBF648
:10C4100042C6BAF641C6B9F640C6B8F600013DECD0
:10C420000BF01BBEF28E1B6AF2BE1B8EF29E03C087
:10C43000BBF602C0BAF601C0B9F600C0B8F62E0EBF
:10C440000601BF6FAD0EBE6F1E0EBD6F7F0EBC6FBF
:10C45000000103EC06F01BBEF28E1B6AF2BE1B8EBF
:10C46000F29E03C0BBF602C0BAF601C0B9F600C026
:10C47000B8F6E2EC05F01BBEF28E03C043F602C034
:10C4800042F601C041F600C040F644D006011B6AE6
:10C49000F2BE1B8EF29E43C6BBF642C6BAF641C63A
:10C4A000B9F640C6B8F600013DEC0BF01BBEF28EAB
:10C4B0001B6AF2BE1B8EF29E03C0BBF602C0BAF628
:10C4C00001C0B9F600C0B8F65B0E0601BF6F270EBB
:10C4D000BE6F760EBD6F7E0EBC6F000103EC06F0E2
:10C4E0001BBEF28E1B6AF2BE1B8EF29E03C0BBF611
:10C4F00002C0BAF601C0B9F600C0B8F6E2EC05F029
:10C500001BBEF28E03C043F602C042F601C041F6E4
:10C5100000C040F61B6AF2BE1B8EF29E43C6BBF6FD
:10C5200042C6BAF641C6B9F640C6B8F63DEC0BF0C5
:10C530001BBEF28E03C047F602C046F601C045F6A8
:10C5400000C044F61B6AF2BE1B8EF29E03C0BBF60F
:10C5500002C0BAF601C0B9F600C0B8F60601BF6B5A
:10C56000600EBE6F1F0EBD6F890EBC6F00019CEC8C
:10C5700003F01BBEF28E03C0AFF202C0AEF201C0E8
:10C58000ADF200C0ACF21B6AF2BE1B8EF29EAFC2CF
:10C59000B7F6AEC2B6F6ADC2B5F6ACC2B4F64BEC69
:10C5A00004F01BBEF28E1B6AF2BE1B8EF29E0601C9
:10C5B000B96B01C0B8F6000181EC03F01BBEF28E2E
:10C5C000D8821B6AF2BE1B8EF29EAFC2BBF6AEC211
:10C5D000BAF6ADC2B9F6ACC2B8F603C0BFF602C037
:10C5E000BEF601C0BDF600C0BCF669EC04F01BBE8F
:10C5F000F28E03C047F602C046F601C045F600C001
:10C6000044F61B6AF2BE1B8EF29E03C0BBF602C04C
:10C61000BAF601C0B9F600C0B8F60601BF6BBE6B32
:10C62000BD6BBC6B0001A5EC05F01BBEF28E13E1E7
:10C630001B6AF2BE1B8EF29EAFC2B7F6AEC2B6F652
:10C64000ADC2B5F6ACC2B4F64BEC04F01BBEF28E34
:10C6500001C071F013D01B6AF2BE1B8EF29EAFC2F6
:10C66000B7F6AEC2B6F6ADC2B5F6ACC2B4F64BEC98
:10C6700004F01BBEF28E010E0124716F1B6AF2BE24
:10C680001B8EF29E0601B96B71C0B8F6000181ECF9
:10C6900003F01BBEF28E1B6AF2BE1B8EF29EAFC26F
:10C6A000BBF6AEC2BAF6ADC2B9F6ACC2B8F603C0BC
:10C6B000BFF602C0BEF601C0BDF600C0BCF69CECE1
:10C6C00003F01BBEF28E03C097F202C096F201C0C7
:10C6D00095F200C094F21B6AF2BE1B8EF29E060118
:10C6E000BB6BBA6B7F0EB96F860EB86F97C2BFF681
:10C6F00096C2BEF695C2BDF694C2BCF6000103EC2C
:10C7000006F01BBEF28E1B6AF2BE1B8EF29E03C0A9
:10C71000B7F602C0B6F601C0B5F600C0B4F64BECF1
:10C7200004F01BBEF28E02C0D1F001C0D0F01B6A33
:10C73000F2BE1B8EF29E0601B96B71C0B8F6000105
:10C7400081EC03F01BBEF28E1B6AF2BE1B8EF29EC2
:10C7500003C0BBF602C0BAF601C0B9F600C0B8F615
:10C760009A0E0601BF6F990EBE6F190EBD6F7D0E3A
:10C77000BC6F000103EC06F01BBEF28E03C047F64F
:10C7800002C046F601C045F600C044F61B6AF2BE80
:10C790001B8EF29E0601B96B71C0B8F6000181ECE8
:10C7A00003F01BBEF28ED8921B6AF2BE1B8EF29E65
:10C7B00003C0BBF602C0BAF601C0B9F600C0B8F6B5
:10C7C00047C6BFF646C6BEF645C6BDF644C6BCF66D
:10C7D00069EC04F01BBEF28E1B6AF2BE1B8EF29E49
:10C7E00003C0B7F602C0B6F601C0B5F600C0B4F695
:10C7F0004BEC04F01BBEF28E01C071F0200E060956
:10C800000F01336FD0C034FF0F0133950001776BF8
:10C81000A192BA98322C01D0BA9AA082B988322C4F
:10C8200001D0B98A06013B6B43C647F642C646F6BD
:10C8300041C645F640C644F64B6B4A6B496B32C065
:10C8400048F60001D3EC43F0005006013C25446F4C
:10C8500001503D21456F02503E21466F03503F215C
:10C86000476F0F0E4427000E4523462347233250BF
:10C870000F0DF350442501015E6F000E06014521A6
:10C8800001015F6F000E060146210101606F000E7D
:10C89000060147210101616F0601446B44C6E0F5C2
:10C8A00004014E6B0001D0EC27F006013BC601F0FD
:10C8B000000112001200010E06013A6F20B008D0EC
:10C8C00021901F9A5A6A5B6A0001626B22900601EE
:10C8D00020B208D021921F9C5C6A5D6A0001636BE4
:10C8E0002292060120B408D021941F9E5E6A5F6ADE
:10C8F0000001646B2294060120B608D021961F9A8D
:10C900000001606B616B656B2296060120B00DD053
:10C9100020B20BD020B409D001012B6B2A6B456BE0
:10C92000446BB98C0F0130850601010E375CF20FA4
:10C93000D8B01ED10E0F0001C0EF65F003EC00F07F
:10C9400001C03AF6000E966E8D82060111D101ECFF
:10C9500044F001C03AF6000E966E8D80060108D1B3
:10C96000FEEC52F001C03AF6E40E986E8F8006019C
:10C97000FFD020B008D003EC00F001C03AF6000E62
:10C98000966E8D8203D006013A6B000120B20ED064
:10C9900006013A53D8B402D0000108D0000101ECDE
:10C9A00044F001C03AF6000E966E8D800601E0D08C
:10C9B00020B208D001EC44F001C03AF6000E966EA9
:10C9C0008D8003D006013A6B000120B40ED0060121
:10C9D0003A53D8B402D0000108D00001FEEC52F066
:10C9E00001C03AF6E40E986E8F800601C1D020B0E7
:10C9F00008D003EC00F001C03AF6000E966E8D826E
:10CA000003D006013A6B000120B40ED006013A5360
:10CA1000D8B402D0000108D00001FEEC52F001C0F1
:10CA20003AF6E40E986E8F800601A2D020B008D0AE
:10CA300003EC00F001C03AF6000E966E8D8203D032
:10CA400006013A6B000120B20ED006013A53D8B469
:10CA500002D0000108D0000101EC44F001C03AF618
:10CA6000000E966E8D8020B40ED006013A53D8B4D5
:10CA700002D0000108D00001FEEC52F001C03AF6ED
:10CA8000E40E986E8F80060173D014DF01C03AF671
:10CA9000000E966E8D8206016BD020B408D0FEEC9D
:10CAA00052F001C03AF6E40E986E8F8003D0060172
:10CAB0003A6B000120B00DD006013A53D8B402D031
:10CAC000000107D00001F6DE01C03AF6000E966EB6
:10CAD0008D8206014DD020B208D001EC44F001C097
:10CAE0003AF6000E966E8D8003D006013A6B000177
:10CAF00020B00DD006013A53D8B402D0000107D0BF
:10CB00000001D8DE01C03AF6000E966E8D82060155
:10CB10002FD020B408D0FEEC52F001C03AF6E40E5B
:10CB2000986E8F8003D006013A6B000120B20ED0C0
:10CB300006013A53D8B402D0000108D0000101EC3C
:10CB400044F001C03AF6000E966E8D8020B00DD0F4
:10CB500006013A53D8B402D0000107D00001AADE82
:10CB600001C03AF6000E966E8D82060101D00601D4
:10CB70003A2D01D0376A3AC601F0000124EFD2F015
:10CB8000E824F76AF736A10FF66ECB0EF722000EF7
:10CB9000F86EFB6E0A00F550FA6E0800F550F96E5B
:10CBA0003CC94EC972C960C9EEC9B0C92CCA8ACA8B
:10CBB0006ECBD6CA6ECB9ACA6ECB12CB06018691CB
:10CBC00004019D51010815E20601876B04019D5186
:10CBD0000601875D0DE2036A8751730FE96E040E4B
:10CBE0000320EA6E8551EF5C01E18681872BEED749
:10CBF0000401000E060186B1010E016E0001120053
:10CC000081C685F6DBDF015215E1036A04019D51FF
:10CC1000730FE96E040E0320EA6E81C6EFFF9D518B
:10CC20009D2B036A870FE96E040E0320EA6EEF6AFC
:10CC30009C2B00011200040143BF08D0BAC270F45B
:10CC4000B9C26FF4BEC271F4C0C272F46FC474F59D
:10CC500070C475F571C476F572C477F50601826B00
:10CC6000816B81C66EF505016F6B0601826B816B6E
:10CC700081C670F50501716B0601826B816B81C6FF
:10CC800072F50501736B0601816B81C678F5816BC6
:10CC900081C679F5816B81C67AF55E6A5F6A0001AB
:10CCA000646B04016E6B0001C0EF66F0A092B9984E
:10CCB000B99AB99CF29A9D90A192BA98BA9ABA9CE4
:10CCC000F2949E90B1900F0136953395D59ECD90FC
:10CCD000756A7450CF0B746E786A7750CF0B776E8D
:10CCE000746A776AE40E986E8F98986E8F96000E2D
:10CCF000966E8D84956E8C8E030E0601826FE80E03
:10CD0000816F0001E1EC2EF0900E946E8B94060181
:10CD1000936B050E926F0001E3EC28F0900E946E79
:10CD20008B92000E966E8D940601936B050E926F9A
:10CD30000001E3EC28F0000E956E8C9E0601816BDD
:10CD4000826B000116EC2FF01F921F981F9E0401AA
:10CD5000466B456B516B0601816B81C6E3F52094F0
:10CD60000001E56BE46BE36BE26B040143BF05D0AC
:10CD70002490000135EC27F00401259E00015BD7CB
:10CD80001200016A026A006A036A0601425102E166
:10CD9000415118E0100E436FD8903F3740370036AE
:10CDA00003364251035C02E14151005C07E341510B
:10CDB000005ED8A003064251035ED88001360236D9
:10CDC000432FEAD700011200010E06013A6F03015A
:10CDD0003D6F01012B6B2A6B456B446BB98C0F01C6
:10CDE0003085566A576A2B96400E0201B75D0601E0
:10CDF0003B6F000E0201B85906013C6F756A786AF4
:10CE0000E40E986E8F980C0E746E0F012C95E40E44
:10CE1000986E8F960C0E776EFC0E2C17000E2C134E
:10CE2000900E946E8B94000E966E8D94900E946E70
:10CE30008B92000E956E8C9E010E0601816F826BA7
:10CE4000000116EC2FF081B0FED7010E936E8A829E
:10CE5000020E0601446F456B00012AEC31F0010E11
:10CE6000936E8A920601936B0A0E926F0001E3ECB7
:10CE700028F0020E0601446F000153EC36F0015217
:10CE800014E00401468D81B0FED7010E936E8A82B4
:10CE90000F0E0601816F000176EC43F0010E936ED8
:10CEA0008A9290EC30F077EF6DF081B0FED7010EF2
:10CEB000936E8A82020E0601446F030E456F0001D5
:10CEC0002AEC31F0010E936E8A92B06A070EB16EB1
:10CED000C10ECD6F800ECC6FB190030E6B6F010E43
:10CEE000476EF40E466E436A426ACDC0B3FFCCC0B3
:10CEF000B2FF070ECD6EAA6AC10EC76F800EC66F55
:10CF0000CD90BDC245F0BCC244F0416A406AC7C082
:10CF1000CFFFC6C0CEFF870ED56E0B0EC16FDC0EE5
:10CF2000C06FD59EBFC269F0686BC1C0D7FFC0C0DB
:10CF3000D6FF06013C510408D8A08ED004E13B5135
:10CF4000FA08D8A089D03C5308E13B51950805E385
:10CF5000090E3B5F000E3C5B5ED01B6AF2BE1B8E6F
:10CF6000F29E3CC6B9F63BC6B8F6000181EC03F070
:10CF70001BBEF28E1B6AF2BE1B8EF29ECD0E060108
:10CF8000BB6F3B0EBA6F7E0EB96FB86F03C0BFF6B2
:10CF900002C0BEF601C0BDF600C0BCF6000103EC45
:10CFA00006F01BBEF28E03C040F602C03FF601C081
:10CFB0003EF600C03DF6D8921B6AF2BE1B8EF29E72
:10CFC00003C0BBF602C0BAF601C0B9F600C0B8F69D
:10CFD0002F0E0601BF6FDD0EBE6F380EBD6F820EC5
:10CFE000BC6F000169EC04F01BBEF28E1B6AF2BE3E
:10CFF0001B8EF29E03C0B7F602C0B6F601C0B5F6AE
:10D0000000C0B4F64BEC04F01BBEF28E02C03CF63E
:10D0100001C03BF606013B353D6F3C353E6F3D3769
:10D020003E373D373E373D373E373D373E373D375C
:10D030003E37C00E3D173EC640F63DC63FF6010ED8
:10D04000426F040E416F00019CDE02C0CFF001C0B0
:10D05000CEF0706B31D206013B51D0083FE13C511C
:10D0600007083CE11B6AF2BE1B8EF29E3CC6B9F675
:10D070003BC6B8F6000181EC03F01BBEF28E1B6AC2
:10D08000F2BE1B8EF29E03C0BBF602C0BAF601C010
:10D09000B9F600C0B8F6190E0601BF6F040EBE6FD8
:10D0A0001E0EBD6F7F0EBC6F000103EC06F01BBEB1
:10D0B000F28E1B6AF2BE1B8EF29E03C0B7F602C050
:10D0C000B6F601C0B5F600C0B4F64BEC04F01BBEDA
:10D0D000F28E02C03CF601C03BF606013B51B80897
:10D0E00040E13C510B083DE11B6AF2BE1B8EF29EF3
:10D0F0003CC6B9F63BC6B8F6000181EC03F01BBE96
:10D10000F28E1B6AF2BE1B8EF29E03C0BBF602C0FB
:10D11000BAF601C0B9F600C0B8F62E0E0601BF6F10
:10D12000AD0EBE6F1E0EBD6F7F0EBC6F000103EC17
:10D1300006F01BBEF28E1B6AF2BE1B8EF29E03C06F
:10D14000B7F602C0B6F601C0B5F600C0B4F64BECB7
:10D1500004F01BBEF28E02C03CF601C03BF63CD090
:10D1600006011B6AF2BE1B8EF29E3CC6B9F63BC698
:10D17000B8F6000181EC03F01BBEF28E1B6AF2BE12
:10D180001B8EF29E03C0BBF602C0BAF601C0B9F610
:10D1900000C0B8F65B0E0601BF6F270EBE6F760E9D
:10D1A000BD6F7E0EBC6F000103EC06F01BBEF28E5D
:10D1B0001B6AF2BE1B8EF29E03C0B7F602C0B6F623
:10D1C00001C0B5F600C0B4F64BEC04F01BBEF28E05
:10D1D00002C03CF601C03BF61B6AF2BE1B8EF29EFB
:10D1E0003CC6B9F63BC6B8F681EC03F01BBEF28E26
:10D1F00003C040F602C03FF601C03EF600C03DF657
:10D200001B6AF2BE1B8EF29E03C0BBF602C0BAF6CA
:10D2100001C0B9F600C0B8F60601BF6B600EBE6F64
:10D220001F0EBD6F890EBC6F00019CEC03F01BBE8E
:10D23000F28E03C0ABF202C0AAF201C0A9F200C094
:10D24000A8F21B6AF2BE1B8EF29EABC2B7F6AAC250
:10D25000B6F6A9C2B5F6A8C2B4F64BEC04F01BBEF4
:10D26000F28E1B6AF2BE1B8EF29E0601B96B01C0E4
:10D27000B8F6000181EC03F01BBEF28ED8821B6A67
:10D28000F2BE1B8EF29EABC2BBF6AAC2BAF6A9C210
:10D29000B9F6A8C2B8F603C0BFF602C0BEF601C018
:10D2A000BDF600C0BCF669EC04F01BBEF28E03C0F4
:10D2B00040F602C03FF601C03EF600C03DF61B6AD4
:10D2C000F2BE1B8EF29E03C0BBF602C0BAF601C0CE
:10D2D000B9F600C0B8F60601BF6BBE6BBD6BBC6B88
:10D2E0000001A5EC05F01BBEF28E13E11B6AF2BE35
:10D2F0001B8EF29EABC2B7F6AAC2B6F6A9C2B5F6AD
:10D30000A8C2B4F64BEC04F01BBEF28E01C070F064
:10D3100013D01B6AF2BE1B8EF29EABC2B7F6AAC236
:10D32000B6F6A9C2B5F6A8C2B4F64BEC04F01BBE23
:10D33000F28E010E0124706F1B6AF2BE1B8EF29EEC
:10D340000601B96B70C0B8F6000181EC03F01BBE9A
:10D35000F28E1B6AF2BE1B8EF29EABC2BBF6AAC255
:10D36000BAF6A9C2B9F6A8C2B8F603C0BFF602C0A1
:10D37000BEF601C0BDF600C0BCF69CEC03F01BBEBF
:10D38000F28E03C093F202C092F201C091F200C08B
:10D3900090F21B6AF2BE1B8EF29E0601BB6BBA6B4B
:10D3A0007F0EB96F860EB86F93C2BFF692C2BEF6FB
:10D3B00091C2BDF690C2BCF6000103EC06F01BBEA4
:10D3C000F28E1B6AF2BE1B8EF29E03C0B7F602C03D
:10D3D000B6F601C0B5F600C0B4F64BEC04F01BBEC7
:10D3E000F28E02C0CFF001C0CEF01B6AF2BE1B8EDF
:10D3F000F29E0601B96B70C0B8F6000181EC03F033
:10D400001BBEF28E1B6AF2BE1B8EF29E03C0BBF6E1
:10D4100002C0BAF601C0B9F600C0B8F69A0E06010D
:10D42000BF6F990EBE6F190EBD6F7D0EBC6F0001F0
:10D4300003EC06F01BBEF28E03C040F602C03FF6BE
:10D4400001C03EF600C03DF61B6AF2BE1B8EF29E86
:10D450000601B96B70C0B8F6000181EC03F01BBE89
:10D46000F28ED8921B6AF2BE1B8EF29E03C0BBF6F0
:10D4700002C0BAF601C0B9F600C0B8F640C6BFF6A1
:10D480003FC6BEF63EC6BDF63DC6BCF669EC04F02E
:10D490001BBEF28E1B6AF2BE1B8EF29E03C0B7F655
:10D4A00002C0B6F601C0B5F600C0B4F64BEC04F00D
:10D4B0001BBEF28E01C070F0200E06090F01366F00
:10D4C000CEC037FF0F0136950001766B0201C153C4
:10D4D000D8B4CDD206013C5308E13B51950805E391
:10D4E000090E3B5F000E3C5B5ED01B6AF2BE1B8EDA
:10D4F000F29E3CC6B9F63BC6B8F6000181EC03F0DB
:10D500001BBEF28E1B6AF2BE1B8EF29ECD0E060172
:10D51000BB6F3B0EBA6F7E0EB96FB86F03C0BFF61C
:10D5200002C0BEF601C0BDF600C0BCF6000103ECAF
:10D5300006F01BBEF28E03C040F602C03FF601C0EB
:10D540003EF600C03DF6D8921B6AF2BE1B8EF29EDC
:10D5500003C0BBF602C0BAF601C0B9F600C0B8F607
:10D560002F0E0601BF6FDD0EBE6F380EBD6F820E2F
:10D57000BC6F000169EC04F01BBEF28E1B6AF2BEA8
:10D580001B8EF29E03C0B7F602C0B6F601C0B5F618
:10D5900000C0B4F64BEC04F01BBEF28E02C03CF6A9
:10D5A00001C03BF606013C51040826E303E13B5170
:10D5B000FA0822E33B353D6F3C353E6F3D373E3741
:10D5C0003D373E373D373E373D373E373D373E37B7
:10D5D000C00E3D173EC640F63DC63FF6010E426FF7
:10D5E000040E416F0001C1EC66F002C0D1F001C031
:10D5F000D0F0716B31D206013B51D0083FE13C5174
:10D6000007083CE11B6AF2BE1B8EF29E3CC6B9F6CF
:10D610003BC6B8F6000181EC03F01BBEF28E1B6A1C
:10D62000F2BE1B8EF29E03C0BBF602C0BAF601C06A
:10D63000B9F600C0B8F6190E0601BF6F040EBE6F32
:10D640001E0EBD6F7F0EBC6F000103EC06F01BBE0B
:10D65000F28E1B6AF2BE1B8EF29E03C0B7F602C0AA
:10D66000B6F601C0B5F600C0B4F64BEC04F01BBE34
:10D67000F28E02C03CF601C03BF606013B51B808F1
:10D6800040E13C510B083DE11B6AF2BE1B8EF29E4D
:10D690003CC6B9F63BC6B8F6000181EC03F01BBEF0
:10D6A000F28E1B6AF2BE1B8EF29E03C0BBF602C056
:10D6B000BAF601C0B9F600C0B8F62E0E0601BF6F6B
:10D6C000AD0EBE6F1E0EBD6F7F0EBC6F000103EC72
:10D6D00006F01BBEF28E1B6AF2BE1B8EF29E03C0CA
:10D6E000B7F602C0B6F601C0B5F600C0B4F64BEC12
:10D6F00004F01BBEF28E02C03CF601C03BF63CD0EB
:10D7000006011B6AF2BE1B8EF29E3CC6B9F63BC6F2
:10D71000B8F6000181EC03F01BBEF28E1B6AF2BE6C
:10D720001B8EF29E03C0BBF602C0BAF601C0B9F66A
:10D7300000C0B8F65B0E0601BF6F270EBE6F760EF7
:10D74000BD6F7E0EBC6F000103EC06F01BBEF28EB7
:10D750001B6AF2BE1B8EF29E03C0B7F602C0B6F67D
:10D7600001C0B5F600C0B4F64BEC04F01BBEF28E5F
:10D7700002C03CF601C03BF61B6AF2BE1B8EF29E55
:10D780003CC6B9F63BC6B8F681EC03F01BBEF28E80
:10D7900003C040F602C03FF601C03EF600C03DF6B1
:10D7A0001B6AF2BE1B8EF29E03C0BBF602C0BAF625
:10D7B00001C0B9F600C0B8F60601BF6B600EBE6FBF
:10D7C0001F0EBD6F890EBC6F00019CEC03F01BBEE9
:10D7D000F28E03C0AFF202C0AEF201C0ADF200C0E3
:10D7E000ACF21B6AF2BE1B8EF29EAFC2B7F6AEC29F
:10D7F000B6F6ADC2B5F6ACC2B4F64BEC04F01BBE47
:10D80000F28E1B6AF2BE1B8EF29E0601B96B01C03E
:10D81000B8F6000181EC03F01BBEF28ED8821B6AC1
:10D82000F2BE1B8EF29EAFC2BBF6AEC2BAF6ADC25E
:10D83000B9F6ACC2B8F603C0BFF602C0BEF601C06E
:10D84000BDF600C0BCF669EC04F01BBEF28E03C04E
:10D8500040F602C03FF601C03EF600C03DF61B6A2E
:10D86000F2BE1B8EF29E03C0BBF602C0BAF601C028
:10D87000B9F600C0B8F60601BF6BBE6BBD6BBC6BE2
:10D880000001A5EC05F01BBEF28E13E11B6AF2BE8F
:10D890001B8EF29EAFC2B7F6AEC2B6F6ADC2B5F6FB
:10D8A000ACC2B4F64BEC04F01BBEF28E01C071F0BA
:10D8B00013D01B6AF2BE1B8EF29EAFC2B7F6AEC289
:10D8C000B6F6ADC2B5F6ACC2B4F64BEC04F01BBE76
:10D8D000F28E010E0124716F1B6AF2BE1B8EF29E46
:10D8E0000601B96B71C0B8F6000181EC03F01BBEF4
:10D8F000F28E1B6AF2BE1B8EF29EAFC2BBF6AEC2A8
:10D90000BAF6ADC2B9F6ACC2B8F603C0BFF602C0F3
:10D91000BEF601C0BDF600C0BCF69CEC03F01BBE19
:10D92000F28E03C097F202C096F201C095F200C0D9
:10D9300094F21B6AF2BE1B8EF29E0601BB6BBA6BA1
:10D940007F0EB96F860EB86F97C2BFF696C2BEF64D
:10D9500095C2BDF694C2BCF6000103EC06F01BBEF6
:10D96000F28E1B6AF2BE1B8EF29E03C0B7F602C097
:10D97000B6F601C0B5F600C0B4F64BEC04F01BBE21
:10D98000F28E02C0D1F001C0D0F01B6AF2BE1B8E35
:10D99000F29E0601B96B71C0B8F6000181EC03F08C
:10D9A0001BBEF28E1B6AF2BE1B8EF29E03C0BBF63C
:10D9B00002C0BAF601C0B9F600C0B8F69A0E060168
:10D9C000BF6F990EBE6F190EBD6F7D0EBC6F00014B
:10D9D00003EC06F01BBEF28E03C040F602C03FF619
:10D9E00001C03EF600C03DF61B6AF2BE1B8EF29EE1
:10D9F0000601B96B71C0B8F6000181EC03F01BBEE3
:10DA0000F28ED8921B6AF2BE1B8EF29E03C0BBF64A
:10DA100002C0BAF601C0B9F600C0B8F640C6BFF6FB
:10DA20003FC6BEF63EC6BDF63DC6BCF669EC04F088
:10DA30001BBEF28E1B6AF2BE1B8EF29E03C0B7F6AF
:10DA400002C0B6F601C0B5F600C0B4F64BEC04F067
:10DA50001BBEF28E01C071F0200E06090F01336F5C
:10DA6000D0C034FF0F0133950001776B0201A19202
:10DA7000BA98BA9AF2949E90A082B988C15301E0F4
:10DA8000B98AF28A9D80040143811F9E21942294C9
:10DA900006013A6B6FC474F570C475F571C476F500
:10DAA00072C477F53E6B3D6B3DC66EF505016F6B3D
:10DAB00006013E6B3D6B3DC670F50501716B0601BD
:10DAC0003E6B3D6B3DC672F50501736B06013D6B08
:10DAD0003DC678F53D6B3DC679F53D6B3DC67AF5A3
:10DAE0005E6A5F6A0001646B04016E6B00010601EF
:10DAF0003AC601F00001FAEFD8F00601826B816BA3
:10DB000081C6C8F50501C96B0601826B816B81C6B0
:10DB1000CAF50501CB6B0601826B816B81C6CCF522
:10DB20000501CD6B0601816B81C6CEF5816B81C687
:10DB3000CFF5816B81C6D0F5816B81C6D1F55C6A6A
:10DB40005D6A0001636B1200355204E0040143AFCB
:10DB500015D00001B99CBA9C24900F01446B43512D
:10DB6000CF0B436F476B4651CF0B466F436B466BF2
:10DB7000000E966E8D96966E8D9804016B530EE096
:10DB8000000E956E8C82956E8C84030E0601826F5A
:10DB9000E80E816F0001E1EC2EF00401000E956E9D
:10DBA0008C9C0601936B050E926F0001E3EC28F04C
:10DBB000000E956E8C92956E8C9A956E8C94355263
:10DBC00004E0040143AF1AD000010601816B040E8A
:10DBD000826F000116EC2FF035EC27F01FBC00D04F
:10DBE000010E936E8A981F922496040143931F9608
:10DBF00020922490000135EC27F004012392229218
:10DC00001F9C466B456B506B0601816B81C6E2F52C
:10DC1000259E04016A6B0601816B81C6BDF52A94BD
:10DC200000016BDF1200010E06013A6F546A556A5B
:10DC300001012B6B2A6B356A0401506B0101456BA6
:10DC4000446B2A94B98C0F013085476B446B000EEE
:10DC5000966E8D980C0E466FFC0E2B17000E2B1334
:10DC6000966E8D960C0E436F2B95000E956E8C9CC8
:10DC7000956E8C92956E8C9A956E8C94010E060121
:10DC8000816F040E826F000116EC2FF0010E936E6F
:10DC90008A9881B0FED7010E936E8A82020E060129
:10DCA000446F456B00012AEC31F0010E936E8A92AD
:10DCB0000601936B0A0E926F0001E3EC28F0010E4F
:10DCC0000601446F000153EC36F0015212E00401EA
:10DCD000468B81B0FED7010E936E8A820F0E06012D
:10DCE000816F000176EC43F0010E936E8A922CDF77
:10DCF0001CD081B0FED7010E936E8A82020E0601FF
:10DD0000446F0D0E456F00012AEC31F0010E936E49
:10DD10008A920601916B000104EC29F006013A6B2E
:10DD20000401438322920001E8DE06013AC601F0B5
:10DD3000000141EFD9F09D90B990B994B99CB99880
:10DD4000B99A9E90BA90BA94BA98BA9ACD906B94B8
:10DD50000F01399536953395446B4351CF0B436F83
:10DD6000476B4651CF0B466F436B466B000E966E6A
:10DD70008D96966E8D98956E8C82956E8C84030E22
:10DD80000601826FE80E816F0001E1EC2EF0000EBB
:10DD9000956E8C9C0601936B050E926F0001E3EC6F
:10DDA00028F0000E956E8C9A956E8C920601936BFE
:10DDB000050E926F0001E3EC28F0000E956E8C9436
:10DDC0000601816B040E826F000116EC2FF0010E2C
:10DDD000936E8A98249035EC27F01F921F961F9C13
:10DDE00020920401466B456B2496506B0601816BB3
:10DDF00081C6E2F5239222921F9C0401466B456B7B
:10DE0000259E00017ADE1200010E06013A6F010123
:10DE1000656B646B2B6B2A6B0401506B0101456BC6
:10DE2000446BB98C0F013085546A556A000E956EAB
:10DE30008C9C956E8C92956E8C9A956E8C94446B9E
:10DE4000966E8D960C0E436F2B95476B000E966E5B
:10DE50008D980C0E466FFC0E2B17000E2B13010E27
:10DE60000601816F040E826F000116EC2FF0010E87
:10DE7000936E8A8881B0FED7010E936E8A82020E5D
:10DE80000601446F456B00012AEC31F0010E936EE0
:10DE90008A920601936B0A0E926F0001E3EC28F060
:10DEA00029B200D3010E0601446F000153EC36F095
:10DEB000015212E00401468B81B0FED7010E936E31
:10DEC0008A820F0E0601816F000176EC43F0010E8D
:10DED000936E8A9230DFE5D281B0FED7010E936E49
:10DEE0008A820601916B000104EC29F0020E060102
:10DEF000446F0D0E456F00012AEC31F0010E936E58
:10DF00008A92370ECD6EAA6A01014D5303E14C513E
:10DF10001F082FE2456A446AD8921B6AF2BE1B8E24
:10DF2000F29E0601B76B1E0EB66F840EB56F800EA3
:10DF3000B46FBB6BBA6B4DC1B9F64CC1B8F60001FA
:10DF4000F3EC0AF01BBEF28E03C0DFF102C0DEF17B
:10DF500001C0DDF100C0DCF1000ED8800101DC550C
:10DF60000001C66F000E0101DD550001C76F71D1C0
:10DF700001014D5348E14C51010845E3456A280E23
:10DF8000446E1B6AF2BE1B8EF29E4DC1B1F64CC1AF
:10DF9000B0F645C0B3F644C0B2F60001B4EC13F0DD
:10DFA0001BBEF28E02C03CF6060101C03BF6D892C1
:10DFB0001B6AF2BE1B8EF29EB76B1E0EB66F840EEE
:10DFC000B56F800EB46FBB6BBA6B02C0B9F601C0FF
:10DFD000B8F60001F3EC0AF01BBEF28E03C0DFF1CD
:10DFE00002C0DEF101C0DDF100C0DCF1000ED8801E
:10DFF0000101DC550001C66F000E0101DD55000175
:10E00000C76F27D101014D5348E14C51030845E347
:10E01000456A140E446E1B6AF2BE1B8EF29E4DC101
:10E02000B1F64CC1B0F645C0B3F644C0B2F600013B
:10E03000B4EC13F01BBEF28E02C03CF6060101C028
:10E040003BF6D8921B6AF2BE1B8EF29EB76B1E0E79
:10E05000B66F840EB56F800EB46FBB6BBA6B02C027
:10E06000B9F601C0B8F60001F3EC0AF01BBEF28E5F
:10E0700003C0DFF102C0DEF101C0DDF100C0DCF160
:10E08000000ED8800101DC550001C66F000E0101B1
:10E09000DD550001C76FDDD001014D5348E14C5102
:10E0A000070845E3456A0A0E446E1B6AF2BE1B8EE2
:10E0B000F29E4DC1B1F64CC1B0F645C0B3F644C0B6
:10E0C000B2F60001B4EC13F01BBEF28E02C03CF6B7
:10E0D000060101C03BF6D8921B6AF2BE1B8EF29E6F
:10E0E000B76B1E0EB66F840EB56F800EB46FBB6B30
:10E0F000BA6B02C0B9F601C0B8F60001F3EC0AF041
:10E100001BBEF28E03C0DFF102C0DEF101C0DDF103
:10E1100000C0DCF1000ED8800101DC550001C66FA3
:10E12000000E0101DD550001C76F93D001014D5371
:10E1300048E14C51140845E3456A050E446E1B6ADC
:10E14000F2BE1B8EF29E4DC1B1F64CC1B0F645C079
:10E15000B3F644C0B2F60001B4EC13F01BBEF28E6D
:10E1600002C03CF6060101C03BF6D8921B6AF2BE23
:10E170001B8EF29EB76B1E0EB66F840EB56F800EAF
:10E18000B46FBB6BBA6B02C0B9F601C0B8F6000140
:10E19000F3EC0AF01BBEF28E03C0DFF102C0DEF129
:10E1A00001C0DDF100C0DCF1000ED8800101DC55BA
:10E1B0000001C66F000E0101DD550001C76F49D097
:10E1C00001014D5347E14C511E0844E3456A020EDC
:10E1D000446E1B6AF2BE1B8EF29E4DC1B1F64CC15D
:10E1E000B0F645C0B3F644C0B2F60001B4EC13F08B
:10E1F0001BBEF28E02C03CF6060101C03BF6D8926F
:10E200001B6AF2BE1B8EF29EB76B1E0EB66F840E9B
:10E21000B56F800EB46FBB6BBA6B02C0B9F601C0AC
:10E22000B8F60001F3EC0AF01BBEF28E03C0DFF17A
:10E2300002C0DEF101C0DDF100C0DCF1000ED880CB
:10E240000101DC550001C66F000E0101DD55000122
:10E25000C76F0101CD90416A406AC7C0CFFFC6C0F9
:10E26000CEFF34526EE0400E4A5D06013B6F000E59
:10E2700001014B5906013C6F3B373C373B373C377C
:10E280003B373C373B373C373B373C373B373C37FA
:10E29000C00E3B173CC640F63BC63FF6010E426F30
:10E2A000040E416F0001C1EC66F0010E0601015C35
:10E2B0000001C86F000E060102580001C96F200E50
:10E2C00006096B6EC8C06CFF6B946E6B746B400E6E
:10E2D00001014A5D06013B6F000E01014B59060129
:10E2E0003C6F3B373C373B373C373B373C373B3762
:10E2F0003C373B373C373B373C37C00E3B173CC6BF
:10E3000040F63BC63FF6010E426F040E416F00011E
:10E31000C1EC66F0010E0601015C0001CA6F000E3F
:10E32000060102580001CB6F200E06090F01396F5C
:10E33000CAC03AFF0F01399500016F6B756B73D03E
:10E34000010104016C5337E1400E01014A5D0601F1
:10E350003B6F000E01014B5906013C6F3B373C37C8
:10E360003B373C373B373C373B373C373B373C3719
:10E370003B373C37C00E3B173CC640F63BC63FF62A
:10E38000010E426F040E416F0001C1EC66F0010EF8
:10E390000601015C0001C86F000E06010258000171
:10E3A000C96F200E06096B6EC8C06CFF6B946E6B54
:10E3B000746B39D00401400E01014A5D06013B6FC8
:10E3C000000E01014B5906013C6F3B373C373B3790
:10E3D0003C373B373C373B373C373B373C373B37A9
:10E3E0003C37C00E3B173CC640F63BC63FF6010E1D
:10E3F000426F040E416F0001C1EC66F0010E060190
:10E40000015C0001CA6F000E060102580001CB6FCB
:10E41000200E06090F01396FCAC03AFF0F01399566
:10E4200000016F6B756B9E90345203E0BA90BA9402
:10E4300007D004016C5302E1BA9001D0BA940001F4
:10E440009D80345203E0B980B98407D004016C5335
:10E4500002E1B98001D0B984000106013A6B080ECF
:10E46000016EC250830B0110C26E000E016EC150CE
:10E47000F80B0110C16E826B070E816F0001E1EC99
:10E480002EF01B6AF2BE1B8EF29EBBEC00F01BBE90
:10E49000F28E02C065F101C064F1208224867DEC19
:10E4A0006DF0E5D281B0FED7010E936E8A8206012F
:10E4B000916B000104EC29F0020E0601446F0D0E71
:10E4C000456F00012AEC31F0010E936E8A92370EEF
:10E4D000CD6EAA6A01014D5303E14C511F082FE292
:10E4E000456A446AD8921B6AF2BE1B8EF29E0601F0
:10E4F000B76B1E0EB66F840EB56F800EB46FBB6B1C
:10E50000BA6B4DC1B9F64CC1B8F60001F3EC0AF094
:10E510001BBEF28E03C0DFF102C0DEF101C0DDF1EF
:10E5200000C0DCF1000ED8800101DC550001C66F8F
:10E53000000E0101DD550001C76F71D101014D537E
:10E5400048E14C51010845E3456A280E446E1B6AB8
:10E55000F2BE1B8EF29E4DC1B1F64CC1B0F645C065
:10E56000B3F644C0B2F60001B4EC13F01BBEF28E59
:10E5700002C03CF6060101C03BF6D8921B6AF2BE0F
:10E580001B8EF29EB76B1E0EB66F840EB56F800E9B
:10E59000B46FBB6BBA6B02C0B9F601C0B8F600012C
:10E5A000F3EC0AF01BBEF28E03C0DFF102C0DEF115
:10E5B00001C0DDF100C0DCF1000ED8800101DC55A6
:10E5C0000001C66F000E0101DD550001C76F27D1A4
:10E5D00001014D5348E14C51030845E3456A140ECF
:10E5E000446E1B6AF2BE1B8EF29E4DC1B1F64CC149
:10E5F000B0F645C0B3F644C0B2F60001B4EC13F077
:10E600001BBEF28E02C03CF6060101C03BF6D8925A
:10E610001B6AF2BE1B8EF29EB76B1E0EB66F840E87
:10E62000B56F800EB46FBB6BBA6B02C0B9F601C098
:10E63000B8F60001F3EC0AF01BBEF28E03C0DFF166
:10E6400002C0DEF101C0DDF100C0DCF1000ED880B7
:10E650000101DC550001C66F000E0101DD5500010E
:10E66000C76FDDD001014D5348E14C51070845E328
:10E67000456A0A0E446E1B6AF2BE1B8EF29E4DC1A5
:10E68000B1F64CC1B0F645C0B3F644C0B2F60001D5
:10E69000B4EC13F01BBEF28E02C03CF6060101C0C2
:10E6A0003BF6D8921B6AF2BE1B8EF29EB76B1E0E13
:10E6B000B66F840EB56F800EB46FBB6BBA6B02C0C1
:10E6C000B9F601C0B8F60001F3EC0AF01BBEF28EF9
:10E6D00003C0DFF102C0DEF101C0DDF100C0DCF1FA
:10E6E000000ED8800101DC550001C66F000E01014B
:10E6F000DD550001C76F93D001014D5348E14C51E6
:10E70000140845E3456A050E446E1B6AF2BE1B8E73
:10E71000F29E4DC1B1F64CC1B0F645C0B3F644C04F
:10E72000B2F60001B4EC13F01BBEF28E02C03CF650
:10E73000060101C03BF6D8921B6AF2BE1B8EF29E08
:10E74000B76B1E0EB66F840EB56F800EB46FBB6BC9
:10E75000BA6B02C0B9F601C0B8F60001F3EC0AF0DA
:10E760001BBEF28E03C0DFF102C0DEF101C0DDF19D
:10E7700000C0DCF1000ED8800101DC550001C66F3D
:10E78000000E0101DD550001C76F49D001014D5355
:10E7900047E14C511E0844E3456A020E446E1B6A71
:10E7A000F2BE1B8EF29E4DC1B1F64CC1B0F645C013
:10E7B000B3F644C0B2F60001B4EC13F01BBEF28E07
:10E7C00002C03CF6060101C03BF6D8921B6AF2BEBD
:10E7D0001B8EF29EB76B1E0EB66F840EB56F800E49
:10E7E000B46FBB6BBA6B02C0B9F601C0B8F60001DA
:10E7F000F3EC0AF01BBEF28E03C0DFF102C0DEF1C3
:10E8000001C0DDF100C0DCF1000ED8800101DC5553
:10E810000001C66F000E0101DD550001C76F010147
:10E82000CD90416A406AC7C0CFFFC6C0CEFF345208
:10E830006EE0400E4A5D06013B6F000E01014B5930
:10E8400006013C6F3B373C373B373C373B373C3767
:10E850003B373C373B373C373B373C37C00E3B17E9
:10E860003CC640F63BC63FF6010E426F040E416FB8
:10E870000001C1EC66F0010E0601015C0001C86FE9
:10E88000000E060102580001C96F200E06096B6ECA
:10E89000C8C06CFF6B946E6B746B400E01014A5DD7
:10E8A00006013B6F000E01014B5906013C6F3B37DF
:10E8B0003C373B373C373B373C373B373C373B37C4
:10E8C0003C373B373C37C00E3B173CC640F63BC697
:10E8D0003FF6010E426F040E416F0001C1EC66F07D
:10E8E000010E0601015C0001CA6F000E060102580C
:10E8F0000001CB6F200E06090F01396FCAC03AFF25
:10E900000F01399500016F6B756B73D00101040124
:10E910006C5337E1400E01014A5D06013B6F000E6A
:10E9200001014B5906013C6F3B373C373B373C37C5
:10E930003B373C373B373C373B373C373B373C3743
:10E94000C00E3B173CC640F63BC63FF6010E426F79
:10E95000040E416F0001C1EC66F0010E0601015C7E
:10E960000001C86F000E060102580001C96F200E99
:10E9700006096B6EC8C06CFF6B946E6B746B39D0FC
:10E980000401400E01014A5D06013B6F000E0101CA
:10E990004B5906013C6F3B373C373B373C373B37E5
:10E9A0003C373B373C373B373C373B373C37C00E77
:10E9B0003B173CC640F63BC63FF6010E426F040EC5
:10E9C000416F0001C1EC66F0010E0601015C00011F
:10E9D000CA6F000E060102580001CB6F200E060917
:10E9E0000F01396FCAC03AFF0F01399500016F6BF3
:10E9F000756B9E90345203E0BA90BA9407D004012C
:10EA00006C5302E1BA9001D0BA9400019D80345257
:10EA100003E0B980B98407D004016C5302E1B980E6
:10EA200001D0B984000106013A6B080E016EC25094
:10EA3000830B0110C26E000E016EC150F80B011065
:10EA4000C16E826B070E816F0001E1EC2EF01B6A34
:10EA5000F2BE1B8EF29EBBEC00F01BBEF28E02C01B
:10EA600065F101C064F1208224867DEC6DF0060121
:10EA70003AC601F0000112001B6AF2BE1B8EF29E24
:10EA800043C1B9F642C1B8F681EC03F01BBEF28E69
:10EA900003C0FFF102C0FEF101C0FDF100C0FCF1B6
:10EAA00006013B6B4CC03AF61B6AF2BE1B8EF29E0F
:10EAB0003BC6B1F64CC0B0F6B36B0A0EB26F0001A4
:10EAC000B4EC13F01BBEF28E02C0F9F001C0F8F0F6
:10EAD0001B6AF2BE1B8EF29E3BC1B1F63AC1B0F684
:10EAE0000601B36B320EB26F0001B4EC13F01BBE23
:10EAF000F28E02C03BF601C03AF61B6AF2BE1B8ED4
:10EB0000F29E02C0B9F601C0B8F681EC03F01BBE5C
:10EB1000F28ED8921B6AF2BE1B8EF29E03C0BBF629
:10EB200002C0BAF601C0B9F600C0B8F6850E0601FB
:10EB3000BF6FEB0EBE6F190EBD6F880EBC6F00016C
:10EB400069EC04F01BBEF28E03C03DF602C03CF639
:10EB500001C03BF600C03AF61B6AF2BE1B8EF29E65
:10EB600003C0BBF602C0BAF601C0B9F600C0B8F6E1
:10EB7000660E0601BF6FBE6F420EBD6F820EBC6F88
:10EB800000019CEC03F01BBEF28E03C03DF602C0F8
:10EB90003CF601C03BF600C03AF6190E01011E5DBD
:10EBA000006E000E1F59036E00501B6AF2BE1B8ED2
:10EBB000F29E0601B86F03C0B9F6000181EC03F0C4
:10EBC0001BBEF28ED8821B6AF2BE1B8EF29E3DC621
:10EBD000BBF63CC6BAF63BC6B9F63AC6B8F603C0B1
:10EBE000BFF602C0BEF601C0BDF600C0BCF669ECBF
:10EBF00004F01BBEF28E03C03DF602C03CF601C01D
:10EC00003BF600C03AF61B6AF2BE1B8EF29EF9C0BC
:10EC1000B9F6F8C0B8F681EC03F01BBEF28E1B6AA1
:10EC2000F2BE1B8EF29E3DC6BBF63CC6BAF63BC694
:10EC3000B9F63AC6B8F603C0BFF602C0BEF601C0C8
:10EC4000BDF600C0BCF69CEC03F01BBEF28E03C008
:10EC5000EFF102C0EEF101C0EDF100C0ECF1D8829D
:10EC60001B6AF2BE1B8EF29EFFC1BBF6FEC1BAF656
:10EC7000FDC1B9F6FCC1B8F6EFC1BFF6EEC1BEF6F4
:10EC8000EDC1BDF6ECC1BCF669EC04F01BBEF28E22
:10EC900003C0FFF102C0FEF101C0FDF100C0FCF1B4
:10ECA0001B6AF2BE1B8EF29EFFC1B7F6FEC1B6F61E
:10ECB000FDC1B5F6FCC1B4F64BEC04F01BBEF28E00
:10ECC00002C043F101C042F143C102F042C101F070
:10ECD0000232013202320132023201C044FF0232FA
:10ECE0000230300B006E0F014351CF0B0010436F09
:10ECF0000001A0EFDBF00601856B846B8151F90FF9
:10ED0000D8B021D1070F0001A9EF77F01B6AF2BE3E
:10ED10001B8EF29E83C6B9F682C6B8F681EC03F06C
:10ED20001BBEF28E1B6AF2BE1B8EF29E03C0BBF6A8
:10ED300002C0BAF601C0B9F600C0B8F6A80E0601C6
:10ED4000BF6FC60EBE6F140EBD6F830EBC6F000189
:10ED500003EC06F01BBEF28E03C089F602C088F6F3
:10ED600001C087F600C086F6D8821B6AF2BE1B8EF1
:10ED7000F29E03C0BBF602C0BAF601C0B9F600C0ED
:10ED8000B8F6CD0E0601BF6F2C0EBE6F7A0EBD6FAA
:10ED9000880EBC6F000169EC04F01BBEF28E1B6A8A
:10EDA000F2BE1B8EF29E03C0B7F602C0B6F601C0DB
:10EDB000B5F600C0B4F64BEC04F01BBEF28E02C0F8
:10EDC00085F601C084F60601BED01B6AF2BE1B8E1A
:10EDD000F29E83C6B9F682C6B8F681EC03F01BBE7C
:10EDE000F28E1B6AF2BE1B8EF29E03C0BBF602C0FF
:10EDF000BAF601C0B9F600C0B8F6CD0E0601BF6F75
:10EE0000CC0EBE6F130EBD6F830EBC6F000103EC02
:10EE100006F01BBEF28E03C089F602C088F601C060
:10EE200087F600C086F6D8821B6AF2BE1B8EF29E61
:10EE300003C0BBF602C0BAF601C0B9F600C0B8F60E
:10EE4000660E0601BF6FC60EBE6F7F0EBD6F880EC9
:10EE5000BC6F000169EC04F01BBEF28E1B6AF2BEAF
:10EE60001B8EF29E03C0B7F602C0B6F601C0B5F61F
:10EE700000C0B4F64BEC04F01BBEF28E02C085F667
:10EE800001C084F606015FD01B6AF2BE1B8EF29EA3
:10EE900083C6B9F682C6B8F681EC03F01BBEF28ECB
:10EEA0001B6AF2BE1B8EF29E03C0BBF602C0BAF60E
:10EEB00001C0B9F600C0B8F6660E0601BF6FBE6F9E
:10EEC000420EBD6F820EBC6F000103EC06F01BBE4C
:10EED000F28E03C089F602C088F601C087F600C032
:10EEE00086F6D8821B6AF2BE1B8EF29E03C0BBF66A
:10EEF00002C0BAF601C0B9F600C0B8F6850E060128
:10EF0000BF6FEB0EBE6F190EBD6F880EBC6F000198
:10EF100069EC04F01BBEF28E1B6AF2BE1B8EF29EE1
:10EF200003C0B7F602C0B6F601C0B5F600C0B4F62D
:10EF30004BEC04F01BBEF28E02C085F601C084F6D5
:10EF4000060101D0060184C601F085C602F0000169
:10EF50001200E824F76AF736730FF66EEF0EF72209
:10EF6000000EF86EFB6E0A00F550FA6E0800F550C0
:10EF7000F96E0CEDCAED0CED0CED88EE0CEDCAED62
:10EF800006018351040817E1036A04019D51730FC0
:10EF9000E96E040E0320EA6E83C6EFFF9D519D2BA0
:10EFA000036A870FE96E040E0320EA6E84C6EFFF42
:10EFB0009C2B1DD0060183C685F60001DEEC65F0B2
:10EFC000015216E1036A04019D51730FE96E040EAC
:10EFD0000320EA6E83C6EFFF9D519D2B036A870FC6
:10EFE000E96E040E0320EA6E84C6EFFF9C2B00013D
:10EFF00012001B6AF2BE1B8EF29E84C6B9F683C64F
:10F00000B8F681EC03F01BBEF28E1B6AF2BE1B8EBB
:10F01000F29E03C0BBF602C0BAF601C0B9F600C04A
:10F02000B8F60601BF6BBE6B480EBD6F840EBC6F99
:10F0300000019CEC03F01BBEF28E03C088F602C0F8
:10F0400087F601C086F600C085F6D8921B6AF2BE2C
:10F050001B8EF29E03C0BBF602C0BAF601C0B9F621
:10F0600000C0B8F60601BF6BBE6BBD6B7E0EBC6FF9
:10F07000000169EC04F01BBEF28E1B6AF2BE1B8E0F
:10F08000F29E03C0B7F602C0B6F601C0B5F600C0E6
:10F09000B4F64BEC04F01BBEF28E02C086F601C043
:10F0A00085F61B6AF2BE1B8EF29E02C0B1F601C04D
:10F0B000B0F60601B36B320EB26F0001B4EC13F080
:10F0C0001BBEF28E02C003F002C002F012008E0ED0
:10F0D000006E88C601F087C602F0036A01AE05D053
:10F0E000011E021E022A01E1012A015209E102C0A9
:10F0F00001F0026A080E005E015202E1006A0ED0C1
:10F10000D89001BE04D0023601360006F9D70601B8
:10F1100088AF02D0000102D0019E0001120006015A
:10F120008151070B006E8131016E013201321F0ED9
:10F13000011601508225E96E000E8321EA6EEFCFA1
:10F1400001F0002A01D00132002EFDD7010E011678
:06F1500000017FEFC4F096
:020000040001F9
:1000000004014B53D8A49CEFA1F0036A4F503C0F5E
:10001000E96E000E0320EA6EEF52D8A40CEF8AF0CE
:10002000010E375CF20FD8B0D8EF89F00E0F000147
:1000300059EFA6F020B095EF80F01B6AF2BE1B8E40
:10004000F29EA1C0B1F6A0C0B0F60601B36B320EAD
:10005000B26F0001B4EC13F01BBEF28E02C082F648
:1000600001C081F61B6AF2BE1B8EF29E82C6B9F6F3
:1000700081C6B8F681EC03F01BBEF28ED8921B6AE3
:10008000F2BE1B8EF29E03C0BBF602C0BAF601C0E0
:10009000B9F600C0B8F6CD0E0601BF6F2C0EBE6FCC
:1000A0007A0EBD6F880EBC6F000169EC04F01BBEB8
:1000B000F28E03C084F602C083F601C082F600C04F
:1000C00081F61B6AF2BE1B8EF29E84C6BBF683C607
:1000D000BAF682C6B9F681C6B8F6A80E0601BF6F99
:1000E000C60EBE6F140EBD6F830EBC6F00019CEC7C
:1000F00003F01BBEF28E1B6AF2BE1B8EF29E03C083
:10010000B7F602C0B6F601C0B5F600C0B4F64BECC7
:1001100004F01BBEF28E02C007F101C006F107C158
:10012000FFF006C1FEF0010E366E0401D8EF89F033
:1001300020B213EF81F01B6AF2BE1B8EF29EA3C0A9
:10014000B1F6A2C0B0F60601B36B320EB26F000179
:10015000B4EC13F01BBEF28E02C082F601C081F631
:100160001B6AF2BE1B8EF29E82C6B9F681C6B8F635
:1001700081EC03F01BBEF28ED8921B6AF2BE1B8E7E
:10018000F29E03C0BBF602C0BAF601C0B9F600C0C9
:10019000B8F6660E0601BF6FC60EBE6F7F0EBD6F4E
:1001A000880EBC6F000169EC04F01BBEF28E03C028
:1001B00084F602C083F601C082F600C081F61B6A95
:1001C000F2BE1B8EF29E84C6BBF683C6BAF682C60A
:1001D000B9F681C6B8F6CD0E0601BF6FCC0EBE6F64
:1001E000130EBD6F830EBC6F00019CEC03F01BBEB1
:1001F000F28E1B6AF2BE1B8EF29E03C0B7F602C0DF
:10020000B6F601C0B5F600C0B4F64BEC04F01BBE68
:10021000F28E02C009F101C008F109C101F108C163
:1002200000F1020E366E0401D8EF89F020B490EF91
:1002300081F01B6AF2BE1B8EF29EA5C0B1F6A4C06F
:10024000B0F60601B36B320EB26F0001B4EC13F0DE
:100250001BBEF28E02C082F601C081F61B6AF2BE9E
:100260001B8EF29E82C6B9F681C6B8F681EC03F009
:100270001BBEF28ED8921B6AF2BE1B8EF29E03C08A
:10028000BBF602C0BAF601C0B9F600C0B8F6CD0E92
:100290000601BF6F2C0EBE6F7A0EBD6F880EBC6F4D
:1002A000000169EC04F01BBEF28E03C084F602C0AC
:1002B00083F601C082F600C081F61B6AF2BE1B8E77
:1002C000F29E84C6BBF683C6BAF682C6B9F681C66C
:1002D000B8F6A80E0601BF6FC60EBE6F140EBD6F36
:1002E000830EBC6F00019CEC03F01BBEF28E1B6AF8
:1002F000F2BE1B8EF29E03C0B7F602C0B6F601C076
:10030000B5F600C0B4F64BEC04F01BBEF28E02C092
:100310000BF101C00AF10BC103F10AC102F13684ED
:1003200020B60AEF82F01B6AF2BE1B8EF29EA7C0B7
:10033000B1F6A6C0B0F60601B36B320EB26F000183
:10034000B4EC13F01BBEF28E02C082F601C081F63F
:100350001B6AF2BE1B8EF29E82C6B9F681C6B8F643
:1003600081EC03F01BBEF28ED8921B6AF2BE1B8E8C
:10037000F29E03C0BBF602C0BAF601C0B9F600C0D7
:10038000B8F6CD0E0601BF6F2C0EBE6F7A0EBD6F94
:10039000880EBC6F000169EC04F01BBEF28E03C036
:1003A00084F602C083F601C082F600C081F61B6AA3
:1003B000F2BE1B8EF29E84C6BBF683C6BAF682C618
:1003C000B9F681C6B8F6A80E0601BF6FC60EBE6F9D
:1003D000140EBD6F830EBC6F00019CEC03F01BBEBE
:1003E000F28E1B6AF2BE1B8EF29E03C0B7F602C0ED
:1003F000B6F601C0B5F600C0B4F64BEC04F01BBE77
:10040000F28E02C00DF101C00CF10DC105F10CC15D
:1004100004F136860401D8EF89F020B287EF82F02C
:100420001B6AF2BE1B8EF29EA3C0B1F6A2C0B0F64C
:100430000601B36B320EB26F0001B4EC13F01BBEB9
:10044000F28E02C082F601C081F61B6AF2BE1B8EDC
:10045000F29E82C6B9F681C6B8F681EC03F01BBEE7
:10046000F28ED8921B6AF2BE1B8EF29E03C0BBF6C0
:1004700002C0BAF601C0B9F600C0B8F6660E0601B1
:10048000BF6FC60EBE6F7F0EBD6F880EBC6F0001C2
:1004900069EC04F01BBEF28E03C084F602C083F642
:1004A00001C082F600C081F61B6AF2BE1B8EF29E6E
:1004B00084C6BBF683C6BAF682C6B9F681C6B8F65C
:1004C000CD0E0601BF6FCC0EBE6F130EBD6F830E37
:1004D000BC6F00019CEC03F01BBEF28E1B6AF2BEE7
:1004E0001B8EF29E03C0B7F602C0B6F601C0B5F689
:1004F00000C0B4F64BEC04F01BBEF28E02C009F152
:1005000001C008F109C101F108C100F1368220B62D
:1005100001EF83F01B6AF2BE1B8EF29EA7C0B1F6FC
:10052000A6C0B0F60601B36B320EB26F0001B4EC98
:1005300013F01BBEF28E02C082F601C081F61B6A68
:10054000F2BE1B8EF29E82C6B9F681C6B8F681EC69
:1005500003F01BBEF28ED8921B6AF2BE1B8EF29E77
:1005600003C0BBF602C0BAF601C0B9F600C0B8F6C7
:10057000CD0E0601BF6F2C0EBE6F7A0EBD6F880EBA
:10058000BC6F000169EC04F01BBEF28E03C084F660
:1005900002C083F601C082F600C081F61B6AF2BE7B
:1005A0001B8EF29E84C6BBF683C6BAF682C6B9F627
:1005B00081C6B8F6A80E0601BF6FC60EBE6F140E38
:1005C000BD6F830EBC6F00019CEC03F01BBEF28E6E
:1005D0001B6AF2BE1B8EF29E03C0B7F602C0B6F6CF
:1005E00001C0B5F600C0B4F64BEC04F01BBEF28EB1
:1005F00002C00DF101C00CF10DC105F10CC104F1F7
:1006000036860401D8EF89F020B47FEF83F01B6AAF
:10061000F2BE1B8EF29EA5C0B1F6A4C0B0F60601D4
:10062000B36B320EB26F0001B4EC13F01BBEF28E4E
:1006300002C082F601C081F61B6AF2BE1B8EF29EDA
:1006400082C6B9F681C6B8F681EC03F01BBEF28E05
:10065000D8921B6AF2BE1B8EF29E03C0BBF602C08C
:10066000BAF601C0B9F600C0B8F6CD0E0601BF6FEC
:100670002C0EBE6F7A0EBD6F880EBC6F000169EC48
:1006800004F01BBEF28E03C084F602C083F601C0E4
:1006900082F600C081F61B6AF2BE1B8EF29E84C6F3
:1006A000BBF683C6BAF682C6B9F681C6B8F6A80EFE
:1006B0000601BF6FC60EBE6F140EBD6F830EBC6FFA
:1006C00000019CEC03F01BBEF28E1B6AF2BE1B8E77
:1006D000F29E03C0B7F602C0B6F601C0B5F600C080
:1006E000B4F64BEC04F01BBEF28E02C00BF101C05D
:1006F0000AF10BC103F10AC102F1040E366E0401C6
:10070000D8EF89F020B6FDEF83F01B6AF2BE1B8E96
:10071000F29EA7C0B1F6A6C0B0F60601B36B320ECA
:10072000B26F0001B4EC13F01BBEF28E02C082F671
:1007300001C081F61B6AF2BE1B8EF29E82C6B9F61C
:1007400081C6B8F681EC03F01BBEF28ED8921B6A0C
:10075000F2BE1B8EF29E03C0BBF602C0BAF601C009
:10076000B9F600C0B8F6CD0E0601BF6F2C0EBE6FF5
:100770007A0EBD6F880EBC6F000169EC04F01BBEE1
:10078000F28E03C084F602C083F601C082F600C078
:1007900081F61B6AF2BE1B8EF29E84C6BBF683C630
:1007A000BAF682C6B9F681C6B8F6A80E0601BF6FC2
:1007B000C60EBE6F140EBD6F830EBC6F00019CECA5
:1007C00003F01BBEF28E1B6AF2BE1B8EF29E03C0AC
:1007D000B7F602C0B6F601C0B5F600C0B4F64BECF1
:1007E00004F01BBEF28E02C00DF101C00CF10DC170
:1007F00005F10CC104F1080E366E0401D8EF89F042
:1008000020B081EF84F06653D8B40AEF84F0662DEF
:1008100081EF84F01B6AF2BE1B8EF29EA1C0B1F67E
:10082000A0C0B0F60601B36B320EB26F0001B4EC9B
:1008300013F01BBEF28E02C082F601C081F61B6A65
:10084000F2BE1B8EF29E82C6B9F681C6B8F681EC66
:1008500003F01BBEF28ED8921B6AF2BE1B8EF29E74
:1008600003C0BBF602C0BAF601C0B9F600C0B8F6C4
:10087000CD0E0601BF6F2C0EBE6F7A0EBD6F880EB7
:10088000BC6F000169EC04F01BBEF28E03C084F65D
:1008900002C083F601C082F600C081F61B6AF2BE78
:1008A0001B8EF29E84C6BBF683C6BAF682C6B9F624
:1008B00081C6B8F6A80E0601BF6FC60EBE6F140E35
:1008C000BD6F830EBC6F00019CEC03F01BBEF28E6B
:1008D0001B6AF2BE1B8EF29E03C0B7F602C0B6F6CC
:1008E00001C0B5F600C0B4F64BEC04F01BBEF28EAE
:1008F00002C007F101C006F107C1FFF006C1FEF01A
:10090000368020B204EF85F06653D8B48DEF84F0C2
:1009100066510208D8A404EF85F01B6AF2BE1B8E54
:10092000F29EA3C0B1F6A2C0B0F60601B36B320EC0
:10093000B26F0001B4EC13F01BBEF28E02C082F65F
:1009400001C081F61B6AF2BE1B8EF29E82C6B9F60A
:1009500081C6B8F681EC03F01BBEF28ED8921B6AFA
:10096000F2BE1B8EF29E03C0BBF602C0BAF601C0F7
:10097000B9F600C0B8F6660E0601BF6FC60EBE6FB0
:100980007F0EBD6F880EBC6F000169EC04F01BBECA
:10099000F28E03C084F602C083F601C082F600C066
:1009A00081F61B6AF2BE1B8EF29E84C6BBF683C61E
:1009B000BAF682C6B9F681C6B8F6CD0E0601BF6F8B
:1009C000CC0EBE6F130EBD6F830EBC6F00019CEC8E
:1009D00003F01BBEF28E1B6AF2BE1B8EF29E03C09A
:1009E000B7F602C0B6F601C0B5F600C0B4F64BECDF
:1009F00004F01BBEF28E02C009F101C008F109C16A
:100A000001F108C100F136820401D8EF89F020B26B
:100A100081EF85F01B6AF2BE1B8EF29EA3C0B1F679
:100A2000A2C0B0F60601B36B320EB26F0001B4EC97
:100A300013F01BBEF28E02C082F601C081F61B6A63
:100A4000F2BE1B8EF29E82C6B9F681C6B8F681EC64
:100A500003F01BBEF28ED8921B6AF2BE1B8EF29E72
:100A600003C0BBF602C0BAF601C0B9F600C0B8F6C2
:100A7000660E0601BF6FC60EBE6F7F0EBD6F880E7D
:100A8000BC6F000169EC04F01BBEF28E03C084F65B
:100A900002C083F601C082F600C081F61B6AF2BE76
:100AA0001B8EF29E84C6BBF683C6BAF682C6B9F622
:100AB00081C6B8F6CD0E0601BF6FCC0EBE6F130E09
:100AC000BD6F830EBC6F00019CEC03F01BBEF28E69
:100AD0001B6AF2BE1B8EF29E03C0B7F602C0B6F6CA
:100AE00001C0B5F600C0B4F64BEC04F01BBEF28EAC
:100AF00002C009F101C008F109C101F108C100F10A
:100B0000368220B4FBEF85F01B6AF2BE1B8EF29E8C
:100B1000A5C0B1F6A4C0B0F60601B36B320EB26F39
:100B20000001B4EC13F01BBEF28E02C082F601C0CD
:100B300081F61B6AF2BE1B8EF29E82C6B9F681C692
:100B4000B8F681EC03F01BBEF28ED8921B6AF2BE9F
:100B50001B8EF29E03C0BBF602C0BAF601C0B9F606
:100B600000C0B8F6CD0E0601BF6F2C0EBE6F7A0E18
:100B7000BD6F880EBC6F000169EC04F01BBEF28EE5
:100B800003C084F602C083F601C082F600C081F67D
:100B90001B6AF2BE1B8EF29E84C6BBF683C6BAF6F3
:100BA00082C6B9F681C6B8F6A80E0601BF6FC60E9A
:100BB000BE6F140EBD6F830EBC6F00019CEC03F082
:100BC0001BBEF28E1B6AF2BE1B8EF29E03C0B7F6EE
:100BD00002C0B6F601C0B5F600C0B4F64BEC04F0A6
:100BE0001BBEF28E02C00BF101C00AF10BC103F172
:100BF0000AC102F1368420B675EF86F01B6AF2BE98
:100C00001B8EF29EA7C0B1F6A6C0B0F60601B36B6C
:100C1000320EB26F0001B4EC13F01BBEF28E02C0B4
:100C200082F601C081F61B6AF2BE1B8EF29E82C65E
:100C3000B9F681C6B8F681EC03F01BBEF28ED892ED
:100C40001B6AF2BE1B8EF29E03C0BBF602C0BAF650
:100C500001C0B9F600C0B8F6CD0E0601BF6F2C0E6C
:100C6000BE6F7A0EBD6F880EBC6F000169EC04F098
:100C70001BBEF28E03C084F602C083F601C082F66A
:100C800000C081F61B6AF2BE1B8EF29E84C6BBF6C4
:100C900083C6BAF682C6B9F681C6B8F6A80E0601B2
:100CA000BF6FC60EBE6F140EBD6F830EBC6F00010A
:100CB0009CEC03F01BBEF28E1B6AF2BE1B8EF29EF2
:100CC00003C0B7F602C0B6F601C0B5F600C0B4F670
:100CD0004BEC04F01BBEF28E02C00DF101C00CF112
:100CE0000DC105F10CC104F136860401D8EF89F07D
:100CF00020B2F2EF86F01B6AF2BE1B8EF29EA3C0FA
:100D0000B1F6A2C0B0F60601B36B320EB26F0001AD
:100D1000B4EC13F01BBEF28E02C082F601C081F665
:100D20001B6AF2BE1B8EF29E82C6B9F681C6B8F669
:100D300081EC03F01BBEF28ED8921B6AF2BE1B8EB2
:100D4000F29E03C0BBF602C0BAF601C0B9F600C0FD
:100D5000B8F6660E0601BF6FC60EBE6F7F0EBD6F82
:100D6000880EBC6F000169EC04F01BBEF28E03C05C
:100D700084F602C083F601C082F600C081F61B6AC9
:100D8000F2BE1B8EF29E84C6BBF683C6BAF682C63E
:100D9000B9F681C6B8F6CD0E0601BF6FCC0EBE6F98
:100DA000130EBD6F830EBC6F00019CEC03F01BBEE5
:100DB000F28E1B6AF2BE1B8EF29E03C0B7F602C013
:100DC000B6F601C0B5F600C0B4F64BEC04F01BBE9D
:100DD000F28E02C009F101C008F109C101F108C198
:100DE00000F1368220B46CEF87F01B6AF2BE1B8ED6
:100DF000F29EA5C0B1F6A4C0B0F60601B36B320EE8
:100E0000B26F0001B4EC13F01BBEF28E02C082F68A
:100E100001C081F61B6AF2BE1B8EF29E82C6B9F635
:100E200081C6B8F681EC03F01BBEF28ED8921B6A25
:100E3000F2BE1B8EF29E03C0BBF602C0BAF601C022
:100E4000B9F600C0B8F6CD0E0601BF6F2C0EBE6F0E
:100E50007A0EBD6F880EBC6F000169EC04F01BBEFA
:100E6000F28E03C084F602C083F601C082F600C091
:100E700081F61B6AF2BE1B8EF29E84C6BBF683C649
:100E8000BAF682C6B9F681C6B8F6A80E0601BF6FDB
:100E9000C60EBE6F140EBD6F830EBC6F00019CECBE
:100EA00003F01BBEF28E1B6AF2BE1B8EF29E03C0C5
:100EB000B7F602C0B6F601C0B5F600C0B4F64BEC0A
:100EC00004F01BBEF28E02C00BF101C00AF10BC18F
:100ED00003F10AC102F136840401D8EF89F020B091
:100EE000E9EF87F01B6AF2BE1B8EF29EA1C0B1F63D
:100EF000A0C0B0F60601B36B320EB26F0001B4ECC5
:100F000013F01BBEF28E02C082F601C081F61B6A8E
:100F1000F2BE1B8EF29E82C6B9F681C6B8F681EC8F
:100F200003F01BBEF28ED8921B6AF2BE1B8EF29E9D
:100F300003C0BBF602C0BAF601C0B9F600C0B8F6ED
:100F4000CD0E0601BF6F2C0EBE6F7A0EBD6F880EE0
:100F5000BC6F000169EC04F01BBEF28E03C084F686
:100F600002C083F601C082F600C081F61B6AF2BEA1
:100F70001B8EF29E84C6BBF683C6BAF682C6B9F64D
:100F800081C6B8F6A80E0601BF6FC60EBE6F140E5E
:100F9000BD6F830EBC6F00019CEC03F01BBEF28E94
:100FA0001B6AF2BE1B8EF29E03C0B7F602C0B6F6F5
:100FB00001C0B5F600C0B4F64BEC04F01BBEF28ED7
:100FC00002C007F101C006F107C1FFF006C1FEF043
:100FD000368020B463EF88F01B6AF2BE1B8EF29E4F
:100FE000A5C0B1F6A4C0B0F60601B36B320EB26F65
:100FF0000001B4EC13F01BBEF28E02C082F601C0F9
:1010000081F61B6AF2BE1B8EF29E82C6B9F681C6BD
:10101000B8F681EC03F01BBEF28ED8921B6AF2BECA
:101020001B8EF29E03C0BBF602C0BAF601C0B9F631
:1010300000C0B8F6CD0E0601BF6F2C0EBE6F7A0E43
:10104000BD6F880EBC6F000169EC04F01BBEF28E10
:1010500003C084F602C083F601C082F600C081F6A8
:101060001B6AF2BE1B8EF29E84C6BBF683C6BAF61E
:1010700082C6B9F681C6B8F6A80E0601BF6FC60EC5
:10108000BE6F140EBD6F830EBC6F00019CEC03F0AD
:101090001BBEF28E1B6AF2BE1B8EF29E03C0B7F619
:1010A00002C0B6F601C0B5F600C0B4F64BEC04F0D1
:1010B0001BBEF28E02C00BF101C00AF10BC103F19D
:1010C0000AC102F136840401D8EF89F020B0E0EFC4
:1010D00088F01B6AF2BE1B8EF29EA1C0B1F6A0C0C2
:1010E000B0F60601B36B320EB26F0001B4EC13F030
:1010F0001BBEF28E02C082F601C081F61B6AF2BEF0
:101100001B8EF29E82C6B9F681C6B8F681EC03F05A
:101110001BBEF28ED8921B6AF2BE1B8EF29E03C0DB
:10112000BBF602C0BAF601C0B9F600C0B8F6CD0EE3
:101130000601BF6F2C0EBE6F7A0EBD6F880EBC6F9E
:10114000000169EC04F01BBEF28E03C084F602C0FD
:1011500083F601C082F600C081F61B6AF2BE1B8EC8
:10116000F29E84C6BBF683C6BAF682C6B9F681C6BD
:10117000B8F6A80E0601BF6FC60EBE6F140EBD6F87
:10118000830EBC6F00019CEC03F01BBEF28E1B6A49
:10119000F2BE1B8EF29E03C0B7F602C0B6F601C0C7
:1011A000B5F600C0B4F64BEC04F01BBEF28E02C0E4
:1011B00007F101C006F107C1FFF006C1FEF036805D
:1011C00020B25AEF89F01B6AF2BE1B8EF29EA3C0BA
:1011D000B1F6A2C0B0F60601B36B320EB26F0001D9
:1011E000B4EC13F01BBEF28E02C082F601C081F691
:1011F0001B6AF2BE1B8EF29E82C6B9F681C6B8F695
:1012000081EC03F01BBEF28ED8921B6AF2BE1B8EDD
:10121000F29E03C0BBF602C0BAF601C0B9F600C028
:10122000B8F6660E0601BF6FC60EBE6F7F0EBD6FAD
:10123000880EBC6F000169EC04F01BBEF28E03C087
:1012400084F602C083F601C082F600C081F61B6AF4
:10125000F2BE1B8EF29E84C6BBF683C6BAF682C669
:10126000B9F681C6B8F6CD0E0601BF6FCC0EBE6FC3
:10127000130EBD6F830EBC6F00019CEC03F01BBE10
:10128000F28E1B6AF2BE1B8EF29E03C0B7F602C03E
:10129000B6F601C0B5F600C0B4F64BEC04F01BBEC8
:1012A000F28E02C009F101C008F109C101F108C1C3
:1012B00000F1368220B4D4EF89F01B6AF2BE1B8E97
:1012C000F29EA5C0B1F6A4C0B0F60601B36B320E13
:1012D000B26F0001B4EC13F01BBEF28E02C082F6B6
:1012E00001C081F61B6AF2BE1B8EF29E82C6B9F661
:1012F00081C6B8F681EC03F01BBEF28ED8921B6A51
:10130000F2BE1B8EF29E03C0BBF602C0BAF601C04D
:10131000B9F600C0B8F6CD0E0601BF6F2C0EBE6F39
:101320007A0EBD6F880EBC6F000169EC04F01BBE25
:10133000F28E03C084F602C083F601C082F600C0BC
:1013400081F61B6AF2BE1B8EF29E84C6BBF683C674
:10135000BAF682C6B9F681C6B8F6A80E0601BF6F06
:10136000C60EBE6F140EBD6F830EBC6F00019CECE9
:1013700003F01BBEF28E1B6AF2BE1B8EF29E03C0F0
:10138000B7F602C0B6F601C0B5F600C0B4F64BEC35
:1013900004F01BBEF28E02C00BF101C00AF10BC1BA
:1013A00003F10AC102F136840401D8EF89F0040187
:1013B00020B0E9EF89F000016653D8B4E6EF89F078
:1013C000662D01D003D00401E9EF89F0F76BF66BCD
:1013D000040120B2FBEF89F000016653D8B4F8EFA6
:1013E00089F066510208D8B403D00401FBEF89F0FC
:1013F000F96BF86B040120B402EF8AF00001FB6B7B
:10140000FA6B040120B609EF8AF00001FD6BFC6B5A
:1014100004012A90CAEF9DF02A80010E375CF20F7A
:10142000D8B0CAEF9DF00E0F000177EFA6F020B004
:1014300031EF8BF01FC107F11EC106F107C1FFF0AC
:1014400006C1FEF01B6AF2BE1B8EF29E1FC1B9F6EA
:101450001EC1B8F681EC03F01BBEF28E03C0FBF197
:1014600002C0FAF101C0F9F100C0F8F17953D8A433
:101470005DEF8AF078510908D8A05DEF8AF0036A21
:101480004F503C0FE96E000E0320EA6E1B6AF2BE5D
:101490001B8EF29E0601B16BEFCFB0F679C0B3F6AA
:1014A00078C0B2F60001B4EC13F01BBEF28E02C09D
:1014B000F7F001C0F6F069EF8AF0036A4F503C0F75
:1014C000E96E000E0320EA6EEF500A0DF350F76B41
:1014D000F66F1B6AF2BE1B8EF29EA1C0B1F6A0C0D1
:1014E000B0F60601B36B320EB26F0001B4EC13F02C
:1014F0001BBEF28E02C082F601C081F61B6AF2BEEC
:101500001B8EF29E82C6B9F681C6B8F681EC03F056
:101510001BBEF28ED8921B6AF2BE1B8EF29E03C0D7
:10152000BBF602C0BAF601C0B9F600C0B8F6CD0EDF
:101530000601BF6F2C0EBE6F7A0EBD6F880EBC6F9A
:10154000000169EC04F01BBEF28E03C084F602C0F9
:1015500083F601C082F600C081F61B6AF2BE1B8EC4
:10156000F29E84C6BBF683C6BAF682C6B9F681C6B9
:10157000B8F6A80E0601BF6FC60EBE6F140EBD6F83
:10158000830EBC6F00019CEC03F01BBEF28E03C007
:1015900084F602C083F601C082F600C081F61B6AA1
:1015A000F2BE1B8EF29E1FC1B9F61EC1B8F681ECC9
:1015B00003F01BBEF28ED8821B6AF2BE1B8EF29E17
:1015C00084C6BBF683C6BAF682C6B9F681C6B8F63B
:1015D00003C0BFF602C0BEF601C0BDF600C0BCF637
:1015E00069EC04F01BBEF28E03C084F602C083F6E1
:1015F00001C082F600C081F61B6AF2BE1B8EF29E0D
:10160000F7C0B9F6F6C0B8F681EC03F01BBEF28E57
:101610001B6AF2BE1B8EF29E84C6BBF683C6BAF668
:1016200082C6B9F681C6B8F603C0BFF602C0BEF6E0
:1016300001C0BDF600C0BCF69CEC03F01BBEF28EF0
:1016400003C0EBF102C0EAF101C0E9F100C0E8F12A
:101650000601816B81C6DEF504014C6B010E366E0E
:1016600000010401CAEF9DF020B44DEF8CF01FC1C2
:101670000BF11EC10AF10BC103F10AC102F11B6A91
:10168000F2BE1B8EF29E1FC1B9F61EC1B8F681ECE8
:1016900003F01BBEF28E03C003F202C002F201C0CF
:1016A00001F200C000F27D53D8A47AEF8BF07C5198
:1016B0000908D8A07AEF8BF0036A4F503C0FE96E0F
:1016C000000E0320EA6E1B6AF2BE1B8EF29E06011C
:1016D000B16BEFCFB0F67DC0B3F67CC0B2F60001BF
:1016E000B4EC13F01BBEF28E02C0FBF001C0FAF0A6
:1016F00086EF8BF0036A4F503C0FE96E000E03201B
:10170000EA6EEF500A0DF350FB6BFA6F1B6AF2BEE4
:101710001B8EF29EA5C0B1F6A4C0B0F60601B36B55
:10172000320EB26F0001B4EC13F01BBEF28E02C099
:1017300082F601C081F61B6AF2BE1B8EF29E82C643
:10174000B9F681C6B8F681EC03F01BBEF28ED892D2
:101750001B6AF2BE1B8EF29E03C0BBF602C0BAF635
:1017600001C0B9F600C0B8F6CD0E0601BF6F2C0E51
:10177000BE6F7A0EBD6F880EBC6F000169EC04F07D
:101780001BBEF28E03C084F602C083F601C082F64F
:1017900000C081F61B6AF2BE1B8EF29E84C6BBF6A9
:1017A00083C6BAF682C6B9F681C6B8F6A80E060197
:1017B000BF6FC60EBE6F140EBD6F830EBC6F0001EF
:1017C0009CEC03F01BBEF28E03C084F602C083F6CD
:1017D00001C082F600C081F61B6AF2BE1B8EF29E2B
:1017E0001FC1B9F61EC1B8F681EC03F01BBEF28E24
:1017F000D8821B6AF2BE1B8EF29E84C6BBF683C6DD
:10180000BAF682C6B9F681C6B8F603C0BFF602C002
:10181000BEF601C0BDF600C0BCF669EC04F01BBE0C
:10182000F28E03C084F602C083F601C082F600C0C7
:1018300081F61B6AF2BE1B8EF29EFBC0B9F6FAC09F
:10184000B8F681EC03F01BBEF28E1B6AF2BE1B8E53
:10185000F29E84C6BBF683C6BAF682C6B9F681C6C6
:10186000B8F603C0BFF602C0BEF601C0BDF600C0A8
:10187000BCF69CEC03F01BBEF28E03C0F3F102C079
:10188000F2F101C0F1F100C0F0F10601816B81C6F7
:10189000E0F504014E6B3684000120B0CEEF8CF0F1
:1018A0001B6AF2BE1B8EF29EA7C0B1F6A6C0B0F6B0
:1018B0000601B36B320EB26F0001B4EC13F01BBE25
:1018C000F28E02C082F601C081F61B6AF2BE1B8E48
:1018D000F29E82C6B9F681C6B8F681EC03F01BBE53
:1018E000F28ED8921B6AF2BE1B8EF29E03C0BBF62C
:1018F00002C0BAF601C0B9F600C0B8F6CD0E0601B6
:10190000BF6F2C0EBE6F7A0EBD6F880EBC6F0001CC
:1019100069EC04F01BBEF28E03C084F602C083F6AD
:1019200001C082F600C081F61B6AF2BE1B8EF29ED9
:1019300084C6BBF683C6BAF682C6B9F681C6B8F6C7
:10194000A80E0601BF6FC60EBE6F140EBD6F830ECC
:10195000BC6F00019CEC03F01BBEF28E1B6AF2BE52
:101960001B8EF29E03C0B7F602C0B6F601C0B5F6F4
:1019700000C0B4F64BEC04F01BBEF28E02C00DF1B9
:1019800001C00CF10DC105F10CC104F10601816B20
:1019900081C6E1F504014F6B368600010401CAEFF0
:1019A0009DF020B2E4EF8DF01FC109F11EC108F1D6
:1019B00009C101F108C100F11B6AF2BE1B8EF29E43
:1019C0001FC1B9F61EC1B8F681EC03F01BBEF28E42
:1019D00003C0FFF102C0FEF101C0FDF100C0FCF147
:1019E0002BACF7EF8CF0CDC27BF0CCC27AF07B53FE
:1019F000D8A417EF8DF07A510908D8A017EF8DF011
:101A00001B6AF2BE1B8EF29E0601B16B3DC0B0F6A2
:101A10007BC0B3F67AC0B2F60001B4EC13F01BBE83
:101A2000F28E02C0F9F001C0F8F01CEF8DF03D50CD
:101A30000A0DF350F96BF86F1B6AF2BE1B8EF29E13
:101A4000A3C0B1F6A2C0B0F60601B36B320EB26FFE
:101A50000001B4EC13F01BBEF28E02C082F601C08E
:101A600081F61B6AF2BE1B8EF29E82C6B9F681C653
:101A7000B8F681EC03F01BBEF28ED8921B6AF2BE60
:101A80001B8EF29E03C0BBF602C0BAF601C0B9F6C7
:101A900000C0B8F6660E0601BF6FC60EBE6F7F0EA1
:101AA000BD6F880EBC6F000169EC04F01BBEF28EA6
:101AB00003C084F602C083F601C082F600C081F63E
:101AC0001B6AF2BE1B8EF29E84C6BBF683C6BAF6B4
:101AD00082C6B9F681C6B8F6CD0E0601BF6FCC0E30
:101AE000BE6F130EBD6F830EBC6F00019CEC03F044
:101AF0001BBEF28E03C084F602C083F601C082F6DC
:101B000000C081F61B6AF2BE1B8EF29E1FC1B9F6A1
:101B10001EC1B8F681EC03F01BBEF28ED8821B6AA0
:101B2000F2BE1B8EF29E84C6BBF683C6BAF682C690
:101B3000B9F681C6B8F603C0BFF602C0BEF601C052
:101B4000BDF600C0BCF669EC04F01BBEF28E03C00B
:101B500084F602C083F601C082F600C081F61B6ADB
:101B6000F2BE1B8EF29EF9C0B9F6F8C0B8F681EC51
:101B700003F01BBEF28E1B6AF2BE1B8EF29E84C661
:101B8000BBF683C6BAF682C6B9F681C6B8F603C0FC
:101B9000BFF602C0BEF601C0BDF600C0BCF69CECAC
:101BA00003F01BBEF28E03C0EFF102C0EEF101C0E4
:101BB000EDF100C0ECF10601816B81C6DFF5040197
:101BC0004D6B020E366E00010401CAEF9DF020B28B
:101BD00000EF8FF01FC109F11EC108F109C101F129
:101BE00008C100F11B6AF2BE1B8EF29E1FC1B9F63E
:101BF0001EC1B8F681EC03F01BBEF28E03C0FFF1EC
:101C000002C0FEF101C0FDF100C0FCF17B53D8A47D
:101C10002DEF8EF07A510908D8A02DEF8EF0036ACF
:101C20004F503C0FE96E000E0320EA6E1B6AF2BEB5
:101C30001B8EF29E0601B16BEFCFB0F67BC0B3F600
:101C40007AC0B2F60001B4EC13F01BBEF28E02C0F3
:101C5000F9F001C0F8F039EF8EF0036A4F503C0FF5
:101C6000E96E000E0320EA6EEF500A0DF350F96B97
:101C7000F86F1B6AF2BE1B8EF29EA3C0B1F6A2C023
:101C8000B0F60601B36B320EB26F0001B4EC13F084
:101C90001BBEF28E02C082F601C081F61B6AF2BE44
:101CA0001B8EF29E82C6B9F681C6B8F681EC03F0AF
:101CB0001BBEF28ED8921B6AF2BE1B8EF29E03C030
:101CC000BBF602C0BAF601C0B9F600C0B8F6660E9F
:101CD0000601BF6FC60EBE6F7F0EBD6F880EBC6F54
:101CE000000169EC04F01BBEF28E03C084F602C052
:101CF00083F601C082F600C081F61B6AF2BE1B8E1D
:101D0000F29E84C6BBF683C6BAF682C6B9F681C611
:101D1000B8F6CD0E0601BF6FCC0EBE6F130EBD6FB1
:101D2000830EBC6F00019CEC03F01BBEF28E03C05F
:101D300084F602C083F601C082F600C081F61B6AF9
:101D4000F2BE1B8EF29E1FC1B9F61EC1B8F681EC21
:101D500003F01BBEF28ED8821B6AF2BE1B8EF29E6F
:101D600084C6BBF683C6BAF682C6B9F681C6B8F693
:101D700003C0BFF602C0BEF601C0BDF600C0BCF68F
:101D800069EC04F01BBEF28E03C084F602C083F639
:101D900001C082F600C081F61B6AF2BE1B8EF29E65
:101DA000F9C0B9F6F8C0B8F681EC03F01BBEF28EAC
:101DB0001B6AF2BE1B8EF29E84C6BBF683C6BAF6C1
:101DC00082C6B9F681C6B8F603C0BFF602C0BEF639
:101DD00001C0BDF600C0BCF69CEC03F01BBEF28E49
:101DE00003C0EFF102C0EEF101C0EDF100C0ECF173
:101DF0000601816B81C6DFF504014D6B368200015F
:101E000020B081EF8FF01B6AF2BE1B8EF29EA7C03E
:101E1000B1F6A6C0B0F60601B36B320EB26F000188
:101E2000B4EC13F01BBEF28E02C082F601C081F644
:101E30001B6AF2BE1B8EF29E82C6B9F681C6B8F648
:101E400081EC03F01BBEF28ED8921B6AF2BE1B8E91
:101E5000F29E03C0BBF602C0BAF601C0B9F600C0DC
:101E6000B8F6CD0E0601BF6F2C0EBE6F7A0EBD6F99
:101E7000880EBC6F000169EC04F01BBEF28E03C03B
:101E800084F602C083F601C082F600C081F61B6AA8
:101E9000F2BE1B8EF29E84C6BBF683C6BAF682C61D
:101EA000B9F681C6B8F6A80E0601BF6FC60EBE6FA2
:101EB000140EBD6F830EBC6F00019CEC03F01BBEC3
:101EC000F28E1B6AF2BE1B8EF29E03C0B7F602C0F2
:101ED000B6F601C0B5F600C0B4F64BEC04F01BBE7C
:101EE000F28E02C00DF101C00CF10DC105F10CC163
:101EF00004F10601816B81C6E1F504014F6B368068
:101F000000010401CAEF9DF020B49EEF90F01FC1C4
:101F10000BF11EC10AF10BC103F10AC102F11B6AE8
:101F2000F2BE1B8EF29E1FC1B9F61EC1B8F681EC3F
:101F300003F01BBEF28E03C003F202C002F201C026
:101F400001F200C000F27D53D8A4CAEF8FF07C519B
:101F50000908D8A0CAEF8FF0036A4F503C0FE96E12
:101F6000000E0320EA6E1B6AF2BE1B8EF29E060173
:101F7000B16BEFCFB0F67DC0B3F67CC0B2F6000116
:101F8000B4EC13F01BBEF28E02C0FBF001C0FAF0FD
:101F9000D6EF8FF0036A4F503C0FE96E000E03201E
:101FA000EA6EEF500A0DF350FB6BFA6F1B6AF2BE3C
:101FB0001B8EF29EA5C0B1F6A4C0B0F60601B36BAD
:101FC000320EB26F0001B4EC13F01BBEF28E02C0F1
:101FD00082F601C081F61B6AF2BE1B8EF29E82C69B
:101FE000B9F681C6B8F681EC03F01BBEF28ED8922A
:101FF0001B6AF2BE1B8EF29E03C0BBF602C0BAF68D
:1020000001C0B9F600C0B8F6CD0E0601BF6F2C0EA8
:10201000BE6F7A0EBD6F880EBC6F000169EC04F0D4
:102020001BBEF28E03C084F602C083F601C082F6A6
:1020300000C081F61B6AF2BE1B8EF29E84C6BBF600
:1020400083C6BAF682C6B9F681C6B8F6A80E0601EE
:10205000BF6FC60EBE6F140EBD6F830EBC6F000146
:102060009CEC03F01BBEF28E03C084F602C083F624
:1020700001C082F600C081F61B6AF2BE1B8EF29E82
:102080001FC1B9F61EC1B8F681EC03F01BBEF28E7B
:10209000D8821B6AF2BE1B8EF29E84C6BBF683C634
:1020A000BAF682C6B9F681C6B8F603C0BFF602C05A
:1020B000BEF601C0BDF600C0BCF669EC04F01BBE64
:1020C000F28E03C084F602C083F601C082F600C01F
:1020D00081F61B6AF2BE1B8EF29EFBC0B9F6FAC0F7
:1020E000B8F681EC03F01BBEF28E1B6AF2BE1B8EAB
:1020F000F29E84C6BBF683C6BAF682C6B9F681C61E
:10210000B8F603C0BFF602C0BEF601C0BDF600C0FF
:10211000BCF69CEC03F01BBEF28E03C0F3F102C0D0
:10212000F2F101C0F1F100C0F0F10601816B81C64E
:10213000E0F504014E6B040E366E00010401CAEF97
:102140009DF020B023EF91F01B6AF2BE1B8EF29E31
:10215000A7C0B1F6A6C0B0F60601B36B320EB26FDF
:102160000001B4EC13F01BBEF28E02C082F601C077
:1021700081F61B6AF2BE1B8EF29E82C6B9F681C63C
:10218000B8F681EC03F01BBEF28ED8921B6AF2BE49
:102190001B8EF29E03C0BBF602C0BAF601C0B9F6B0
:1021A00000C0B8F6CD0E0601BF6F2C0EBE6F7A0EC2
:1021B000BD6F880EBC6F000169EC04F01BBEF28E8F
:1021C00003C084F602C083F601C082F600C081F627
:1021D0001B6AF2BE1B8EF29E84C6BBF683C6BAF69D
:1021E00082C6B9F681C6B8F6A80E0601BF6FC60E44
:1021F000BE6F140EBD6F830EBC6F00019CEC03F02C
:102200001BBEF28E1B6AF2BE1B8EF29E03C0B7F697
:1022100002C0B6F601C0B5F600C0B4F64BEC04F04F
:102220001BBEF28E02C00DF101C00CF10DC105F113
:102230000CC104F10601816B81C6E1F504014F6B0D
:10224000080E366E00010401CAEF9DF020B03FEF8A
:1022500092F01FC107F11EC106F107C1FFF006C1D0
:10226000FEF01B6AF2BE1B8EF29E1FC1B9F61EC1A4
:10227000B8F681EC03F01BBEF28E03C0FBF102C086
:10228000FAF101C0F9F100C0F8F17953D8A46CEF6C
:1022900091F078510908D8A06CEF91F0036A4F5083
:1022A0003C0FE96E000E0320EA6E1B6AF2BE1B8E25
:1022B000F29E0601B16BEFCFB0F679C0B3F678C0ED
:1022C000B2F60001B4EC13F01BBEF28E02C0F7F0C0
:1022D00001C0F6F078EF91F0036A4F503C0FE96EC1
:1022E000000E0320EA6EEF500A0DF350F76BF66F05
:1022F0001B6AF2BE1B8EF29EA1C0B1F6A0C0B0F662
:102300000601B36B320EB26F0001B4EC13F01BBECA
:10231000F28E02C082F601C081F61B6AF2BE1B8EED
:10232000F29E82C6B9F681C6B8F681EC03F01BBEF8
:10233000F28ED8921B6AF2BE1B8EF29E03C0BBF6D1
:1023400002C0BAF601C0B9F600C0B8F6CD0E06015B
:10235000BF6F2C0EBE6F7A0EBD6F880EBC6F000172
:1023600069EC04F01BBEF28E03C084F602C083F653
:1023700001C082F600C081F61B6AF2BE1B8EF29E7F
:1023800084C6BBF683C6BAF682C6B9F681C6B8F66D
:10239000A80E0601BF6FC60EBE6F140EBD6F830E72
:1023A000BC6F00019CEC03F01BBEF28E03C084F6F0
:1023B00002C083F601C082F600C081F61B6AF2BE3D
:1023C0001B8EF29E1FC1B9F61EC1B8F681EC03F058
:1023D0001BBEF28ED8821B6AF2BE1B8EF29E84C692
:1023E000BBF683C6BAF682C6B9F681C6B8F603C094
:1023F000BFF602C0BEF601C0BDF600C0BCF669EC77
:1024000004F01BBEF28E03C084F602C083F601C046
:1024100082F600C081F61B6AF2BE1B8EF29EF7C0E8
:10242000B9F6F6C0B8F681EC03F01BBEF28E1B6A5B
:10243000F2BE1B8EF29E84C6BBF683C6BAF682C677
:10244000B9F681C6B8F603C0BFF602C0BEF601C039
:10245000BDF600C0BCF69CEC03F01BBEF28E03C0C0
:10246000EBF102C0EAF101C0E9F100C0E8F10601B8
:10247000816B81C6DEF504014C6B3680000120B211
:1024800058EF93F01FC109F11EC108F109C101F114
:1024900008C100F11B6AF2BE1B8EF29E1FC1B9F685
:1024A0001EC1B8F681EC03F01BBEF28E03C0FFF133
:1024B00002C0FEF101C0FDF100C0FCF17B53D8A4C5
:1024C00085EF92F07A510908D8A085EF92F0036A5F
:1024D0004F503C0FE96E000E0320EA6E1B6AF2BEFD
:1024E0001B8EF29E0601B16BEFCFB0F67BC0B3F648
:1024F0007AC0B2F60001B4EC13F01BBEF28E02C03B
:10250000F9F001C0F8F091EF92F0036A4F503C0FE0
:10251000E96E000E0320EA6EEF500A0DF350F96BDE
:10252000F86F1B6AF2BE1B8EF29EA3C0B1F6A2C06A
:10253000B0F60601B36B320EB26F0001B4EC13F0CB
:102540001BBEF28E02C082F601C081F61B6AF2BE8B
:102550001B8EF29E82C6B9F681C6B8F681EC03F0F6
:102560001BBEF28ED8921B6AF2BE1B8EF29E03C077
:10257000BBF602C0BAF601C0B9F600C0B8F6660EE6
:102580000601BF6FC60EBE6F7F0EBD6F880EBC6F9B
:10259000000169EC04F01BBEF28E03C084F602C099
:1025A00083F601C082F600C081F61B6AF2BE1B8E64
:1025B000F29E84C6BBF683C6BAF682C6B9F681C659
:1025C000B8F6CD0E0601BF6FCC0EBE6F130EBD6FF9
:1025D000830EBC6F00019CEC03F01BBEF28E03C0A7
:1025E00084F602C083F601C082F600C081F61B6A41
:1025F000F2BE1B8EF29E1FC1B9F61EC1B8F681EC69
:1026000003F01BBEF28ED8821B6AF2BE1B8EF29EB6
:1026100084C6BBF683C6BAF682C6B9F681C6B8F6DA
:1026200003C0BFF602C0BEF601C0BDF600C0BCF6D6
:1026300069EC04F01BBEF28E03C084F602C083F680
:1026400001C082F600C081F61B6AF2BE1B8EF29EAC
:10265000F9C0B9F6F8C0B8F681EC03F01BBEF28EF3
:102660001B6AF2BE1B8EF29E84C6BBF683C6BAF608
:1026700082C6B9F681C6B8F603C0BFF602C0BEF680
:1026800001C0BDF600C0BCF69CEC03F01BBEF28E90
:1026900003C0EFF102C0EEF101C0EDF100C0ECF1BA
:1026A0000601816B81C6DFF504014D6B36820001A6
:1026B0000401CAEF9DF020B474EF94F01FC10BF138
:1026C0001EC10AF10BC103F10AC102F11B6AF2BE7D
:1026D0001B8EF29E1FC1B9F61EC1B8F681EC03F045
:1026E0001BBEF28E03C003F202C002F201C001F26F
:1026F00000C000F27D53D8A4A1EF93F07C510908EB
:10270000D8A0A1EF93F0036A4F503C0FE96E000E82
:102710000320EA6E1B6AF2BE1B8EF29E0601B16BAD
:10272000EFCFB0F67DC0B3F67CC0B2F60001B4ECDA
:1027300013F01BBEF28E02C0FBF001C0FAF0ADEF49
:1027400093F0036A4F503C0FE96E000E0320EA6ECF
:10275000EF500A0DF350FB6BFA6F1B6AF2BE1B8E33
:10276000F29EA5C0B1F6A4C0B0F60601B36B320E5E
:10277000B26F0001B4EC13F01BBEF28E02C082F601
:1027800001C081F61B6AF2BE1B8EF29E82C6B9F6AC
:1027900081C6B8F681EC03F01BBEF28ED8921B6A9C
:1027A000F2BE1B8EF29E03C0BBF602C0BAF601C099
:1027B000B9F600C0B8F6CD0E0601BF6F2C0EBE6F85
:1027C0007A0EBD6F880EBC6F000169EC04F01BBE71
:1027D000F28E03C084F602C083F601C082F600C008
:1027E00081F61B6AF2BE1B8EF29E84C6BBF683C6C0
:1027F000BAF682C6B9F681C6B8F6A80E0601BF6F52
:10280000C60EBE6F140EBD6F830EBC6F00019CEC34
:1028100003F01BBEF28E03C084F602C083F601C033
:1028200082F600C081F61B6AF2BE1B8EF29E1FC1AB
:10283000B9F61EC1B8F681EC03F01BBEF28ED88249
:102840001B6AF2BE1B8EF29E84C6BBF683C6BAF626
:1028500082C6B9F681C6B8F603C0BFF602C0BEF69E
:1028600001C0BDF600C0BCF669EC04F01BBEF28EE0
:1028700003C084F602C083F601C082F600C081F670
:102880001B6AF2BE1B8EF29EFBC0B9F6FAC0B8F608
:1028900081EC03F01BBEF28E1B6AF2BE1B8EF29E11
:1028A00084C6BBF683C6BAF682C6B9F681C6B8F648
:1028B00003C0BFF602C0BEF601C0BDF600C0BCF644
:1028C0009CEC03F01BBEF28E03C0F3F102C0F2F1E8
:1028D00001C0F1F100C0F0F10601816B81C6E0F5A5
:1028E00004014E6B3684000120B28DEF95F01FC1BC
:1028F00009F11EC108F109C101F108C100F11B6A0B
:10290000F2BE1B8EF29E1FC1B9F61EC1B8F681EC55
:1029100003F01BBEF28E03C0FFF102C0FEF101C046
:10292000FDF100C0FCF17B53D8A4BAEF94F07A51CA
:102930000908D8A0BAEF94F0036A4F503C0FE96E33
:10294000000E0320EA6E1B6AF2BE1B8EF29E060189
:10295000B16BEFCFB0F67BC0B3F67AC0B2F6000130
:10296000B4EC13F01BBEF28E02C0F9F001C0F8F017
:10297000C6EF94F0036A4F503C0FE96E000E03203F
:10298000EA6EEF500A0DF350F96BF86F1B6AF2BE56
:102990001B8EF29EA3C0B1F6A2C0B0F60601B36BC7
:1029A000320EB26F0001B4EC13F01BBEF28E02C007
:1029B00082F601C081F61B6AF2BE1B8EF29E82C6B1
:1029C000B9F681C6B8F681EC03F01BBEF28ED89240
:1029D0001B6AF2BE1B8EF29E03C0BBF602C0BAF6A3
:1029E00001C0B9F600C0B8F6660E0601BF6FC60E8C
:1029F000BE6F7F0EBD6F880EBC6F000169EC04F0E6
:102A00001BBEF28E03C084F602C083F601C082F6BC
:102A100000C081F61B6AF2BE1B8EF29E84C6BBF616
:102A200083C6BAF682C6B9F681C6B8F6CD0E0601DF
:102A3000BF6FCC0EBE6F130EBD6F830EBC6F000157
:102A40009CEC03F01BBEF28E03C084F602C083F63A
:102A500001C082F600C081F61B6AF2BE1B8EF29E98
:102A60001FC1B9F61EC1B8F681EC03F01BBEF28E91
:102A7000D8821B6AF2BE1B8EF29E84C6BBF683C64A
:102A8000BAF682C6B9F681C6B8F603C0BFF602C070
:102A9000BEF601C0BDF600C0BCF669EC04F01BBE7A
:102AA000F28E03C084F602C083F601C082F600C035
:102AB00081F61B6AF2BE1B8EF29EF9C0B9F6F8C011
:102AC000B8F681EC03F01BBEF28E1B6AF2BE1B8EC1
:102AD000F29E84C6BBF683C6BAF682C6B9F681C634
:102AE000B8F603C0BFF602C0BEF601C0BDF600C016
:102AF000BCF69CEC03F01BBEF28E03C0EFF102C0EB
:102B0000EEF101C0EDF100C0ECF10601816B81C670
:102B1000DFF504014D6B3682000120B00EEF96F018
:102B20001B6AF2BE1B8EF29EA7C0B1F6A6C0B0F61D
:102B30000601B36B320EB26F0001B4EC13F01BBE92
:102B4000F28E02C082F601C081F61B6AF2BE1B8EB5
:102B5000F29E82C6B9F681C6B8F681EC03F01BBEC0
:102B6000F28ED8921B6AF2BE1B8EF29E03C0BBF699
:102B700002C0BAF601C0B9F600C0B8F6CD0E060123
:102B8000BF6F2C0EBE6F7A0EBD6F880EBC6F00013A
:102B900069EC04F01BBEF28E03C084F602C083F61B
:102BA00001C082F600C081F61B6AF2BE1B8EF29E47
:102BB00084C6BBF683C6BAF682C6B9F681C6B8F635
:102BC000A80E0601BF6FC60EBE6F140EBD6F830E3A
:102BD000BC6F00019CEC03F01BBEF28E1B6AF2BEC0
:102BE0001B8EF29E03C0B7F602C0B6F601C0B5F662
:102BF00000C0B4F64BEC04F01BBEF28E02C00DF127
:102C000001C00CF10DC105F10CC104F10601816B8D
:102C100081C6E1F504014F6B368600010401CAEF5D
:102C20009DF020B22AEF97F01FC109F11EC108F1F3
:102C300009C101F108C100F11B6AF2BE1B8EF29EB0
:102C40001FC1B9F61EC1B8F681EC03F01BBEF28EAF
:102C500003C0FFF102C0FEF101C0FDF100C0FCF1B4
:102C60007B53D8A457EF96F07A510908D8A057EFB4
:102C700096F0036A4F503C0FE96E000E0320EA6E97
:102C80001B6AF2BE1B8EF29E0601B16BEFCFB0F64F
:102C90007BC0B3F67AC0B2F60001B4EC13F01BBEF1
:102CA000F28E02C0F9F001C0F8F063EF96F0036A0B
:102CB0004F503C0FE96E000E0320EA6EEF500A0DF4
:102CC000F350F96BF86F1B6AF2BE1B8EF29EA3C025
:102CD000B1F6A2C0B0F60601B36B320EB26F0001BE
:102CE000B4EC13F01BBEF28E02C082F601C081F676
:102CF0001B6AF2BE1B8EF29E82C6B9F681C6B8F67A
:102D000081EC03F01BBEF28ED8921B6AF2BE1B8EC2
:102D1000F29E03C0BBF602C0BAF601C0B9F600C00D
:102D2000B8F6660E0601BF6FC60EBE6F7F0EBD6F92
:102D3000880EBC6F000169EC04F01BBEF28E03C06C
:102D400084F602C083F601C082F600C081F61B6AD9
:102D5000F2BE1B8EF29E84C6BBF683C6BAF682C64E
:102D6000B9F681C6B8F6CD0E0601BF6FCC0EBE6FA8
:102D7000130EBD6F830EBC6F00019CEC03F01BBEF5
:102D8000F28E03C084F602C083F601C082F600C052
:102D900081F61B6AF2BE1B8EF29E1FC1B9F61EC1E0
:102DA000B8F681EC03F01BBEF28ED8821B6AF2BE2D
:102DB0001B8EF29E84C6BBF683C6BAF682C6B9F6EF
:102DC00081C6B8F603C0BFF602C0BEF601C0BDF6AC
:102DD00000C0BCF669EC04F01BBEF28E03C084F6A2
:102DE00002C083F601C082F600C081F61B6AF2BE03
:102DF0001B8EF29EF9C0B9F6F8C0B8F681EC03F06C
:102E00001BBEF28E1B6AF2BE1B8EF29E84C6BBF600
:102E100083C6BAF682C6B9F681C6B8F603C0BFF655
:102E200002C0BEF601C0BDF600C0BCF69CEC03F0CB
:102E30001BBEF28E03C0EFF102C0EEF101C0EDF156
:102E400000C0ECF10601816B81C6DFF504014D6B1A
:102E50003682000120B443EF98F01FC10BF11EC170
:102E60000AF10BC103F10AC102F11B6AF2BE1B8E0B
:102E7000F29E1FC1B9F61EC1B8F681EC03F01BBE6D
:102E8000F28E03C003F202C002F201C001F200C0E0
:102E900000F27D53D8A470EF97F07C510908D8A0B8
:102EA00070EF97F0036A4F503C0FE96E000E03205D
:102EB000EA6E1B6AF2BE1B8EF29E0601B16BEFCF6B
:102EC000B0F67DC0B3F67CC0B2F60001B4EC13F0EE
:102ED0001BBEF28E02C0FBF001C0FAF07CEF97F04F
:102EE000036A4F503C0FE96E000E0320EA6EEF506C
:102EF0000A0DF350FB6BFA6F1B6AF2BE1B8EF29E3B
:102F0000A5C0B1F6A4C0B0F60601B36B320EB26F25
:102F10000001B4EC13F01BBEF28E02C082F601C0B9
:102F200081F61B6AF2BE1B8EF29E82C6B9F681C67E
:102F3000B8F681EC03F01BBEF28ED8921B6AF2BE8B
:102F40001B8EF29E03C0BBF602C0BAF601C0B9F6F2
:102F500000C0B8F6CD0E0601BF6F2C0EBE6F7A0E04
:102F6000BD6F880EBC6F000169EC04F01BBEF28ED1
:102F700003C084F602C083F601C082F600C081F669
:102F80001B6AF2BE1B8EF29E84C6BBF683C6BAF6DF
:102F900082C6B9F681C6B8F6A80E0601BF6FC60E86
:102FA000BE6F140EBD6F830EBC6F00019CEC03F06E
:102FB0001BBEF28E03C084F602C083F601C082F607
:102FC00000C081F61B6AF2BE1B8EF29E1FC1B9F6CD
:102FD0001EC1B8F681EC03F01BBEF28ED8821B6ACC
:102FE000F2BE1B8EF29E84C6BBF683C6BAF682C6BC
:102FF000B9F681C6B8F603C0BFF602C0BEF601C07E
:10300000BDF600C0BCF669EC04F01BBEF28E03C036
:1030100084F602C083F601C082F600C081F61B6A06
:10302000F2BE1B8EF29EFBC0B9F6FAC0B8F681EC78
:1030300003F01BBEF28E1B6AF2BE1B8EF29E84C68C
:10304000BBF683C6BAF682C6B9F681C6B8F603C027
:10305000BFF602C0BEF601C0BDF600C0BCF69CECD7
:1030600003F01BBEF28E03C0F3F102C0F2F101C007
:10307000F1F100C0F0F10601816B81C6E0F50401B9
:103080004E6B368400010401CAEF9DF020B05FEF63
:1030900099F01FC107F11EC106F107C1FFF006C17B
:1030A000FEF01B6AF2BE1B8EF29E1FC1B9F61EC156
:1030B000B8F681EC03F01BBEF28E03C0FBF102C038
:1030C000FAF101C0F9F100C0F8F17953D8A48CEFFE
:1030D00098F078510908D8A08CEF98F0036A4F5007
:1030E0003C0FE96E000E0320EA6E1B6AF2BE1B8ED7
:1030F000F29E0601B16BEFCFB0F679C0B3F678C09F
:10310000B2F60001B4EC13F01BBEF28E02C0F7F071
:1031100001C0F6F098EF98F0036A4F503C0FE96E4B
:10312000000E0320EA6EEF500A0DF350F76BF66FB6
:103130001B6AF2BE1B8EF29EA1C0B1F6A0C0B0F613
:103140000601B36B320EB26F0001B4EC13F01BBE7C
:10315000F28E02C082F601C081F61B6AF2BE1B8E9F
:10316000F29E82C6B9F681C6B8F681EC03F01BBEAA
:10317000F28ED8921B6AF2BE1B8EF29E03C0BBF683
:1031800002C0BAF601C0B9F600C0B8F6CD0E06010D
:10319000BF6F2C0EBE6F7A0EBD6F880EBC6F000124
:1031A00069EC04F01BBEF28E03C084F602C083F605
:1031B00001C082F600C081F61B6AF2BE1B8EF29E31
:1031C00084C6BBF683C6BAF682C6B9F681C6B8F61F
:1031D000A80E0601BF6FC60EBE6F140EBD6F830E24
:1031E000BC6F00019CEC03F01BBEF28E03C084F6A2
:1031F00002C083F601C082F600C081F61B6AF2BEEF
:103200001B8EF29E1FC1B9F61EC1B8F681EC03F009
:103210001BBEF28ED8821B6AF2BE1B8EF29E84C643
:10322000BBF683C6BAF682C6B9F681C6B8F603C045
:10323000BFF602C0BEF601C0BDF600C0BCF669EC28
:1032400004F01BBEF28E03C084F602C083F601C0F8
:1032500082F600C081F61B6AF2BE1B8EF29EF7C09A
:10326000B9F6F6C0B8F681EC03F01BBEF28E1B6A0D
:10327000F2BE1B8EF29E84C6BBF683C6BAF682C629
:10328000B9F681C6B8F603C0BFF602C0BEF601C0EB
:10329000BDF600C0BCF69CEC03F01BBEF28E03C072
:1032A000EBF102C0EAF101C0E9F100C0E8F106016A
:1032B000816B81C6DEF504014C6B3680000120B4C1
:1032C00078EF9AF01FC10BF11EC10AF10BC103F197
:1032D0000AC102F11B6AF2BE1B8EF29E1FC1B9F633
:1032E0001EC1B8F681EC03F01BBEF28E03C003F2E0
:1032F00002C002F201C001F200C000F27D53D8A466
:10330000A5EF99F07C510908D8A0A5EF99F0036AC0
:103310004F503C0FE96E000E0320EA6E1B6AF2BEAE
:103320001B8EF29E0601B16BEFCFB0F67DC0B3F6F7
:103330007CC0B2F60001B4EC13F01BBEF28E02C0EA
:10334000FBF001C0FAF0B1EF99F0036A4F503C0F67
:10335000E96E000E0320EA6EEF500A0DF350FB6B8E
:10336000FA6F1B6AF2BE1B8EF29EA5C0B1F6A4C016
:10337000B0F60601B36B320EB26F0001B4EC13F07D
:103380001BBEF28E02C082F601C081F61B6AF2BE3D
:103390001B8EF29E82C6B9F681C6B8F681EC03F0A8
:1033A0001BBEF28ED8921B6AF2BE1B8EF29E03C029
:1033B000BBF602C0BAF601C0B9F600C0B8F6CD0E31
:1033C0000601BF6F2C0EBE6F7A0EBD6F880EBC6FEC
:1033D000000169EC04F01BBEF28E03C084F602C04B
:1033E00083F601C082F600C081F61B6AF2BE1B8E16
:1033F000F29E84C6BBF683C6BAF682C6B9F681C60B
:10340000B8F6A80E0601BF6FC60EBE6F140EBD6FD4
:10341000830EBC6F00019CEC03F01BBEF28E03C058
:1034200084F602C083F601C082F600C081F61B6AF2
:10343000F2BE1B8EF29E1FC1B9F61EC1B8F681EC1A
:1034400003F01BBEF28ED8821B6AF2BE1B8EF29E68
:1034500084C6BBF683C6BAF682C6B9F681C6B8F68C
:1034600003C0BFF602C0BEF601C0BDF600C0BCF688
:1034700069EC04F01BBEF28E03C084F602C083F632
:1034800001C082F600C081F61B6AF2BE1B8EF29E5E
:10349000FBC0B9F6FAC0B8F681EC03F01BBEF28EA1
:1034A0001B6AF2BE1B8EF29E84C6BBF683C6BAF6BA
:1034B00082C6B9F681C6B8F603C0BFF602C0BEF632
:1034C00001C0BDF600C0BCF69CEC03F01BBEF28E42
:1034D00003C0F3F102C0F2F101C0F1F100C0F0F15C
:1034E0000601816B81C6E0F504014E6B3684000154
:1034F0000401CAEF9DF020B094EF9BF01FC107F1CB
:103500001EC106F107C1FFF006C1FEF01B6AF2BE44
:103510001B8EF29E1FC1B9F61EC1B8F681EC03F0F6
:103520001BBEF28E03C0FBF102C0FAF101C0F9F13B
:1035300000C0F8F17953D8A4C1EF9AF07851090886
:10354000D8A0C1EF9AF0036A4F503C0FE96E000E0D
:103550000320EA6E1B6AF2BE1B8EF29E0601B16B5F
:10356000EFCFB0F679C0B3F678C0B2F60001B4EC94
:1035700013F01BBEF28E02C0F7F001C0F6F0CDEFE3
:103580009AF0036A4F503C0FE96E000E0320EA6E7A
:10359000EF500A0DF350F76BF66F1B6AF2BE1B8EED
:1035A000F29EA1C0B1F6A0C0B0F60601B36B320E18
:1035B000B26F0001B4EC13F01BBEF28E02C082F6B3
:1035C00001C081F61B6AF2BE1B8EF29E82C6B9F65E
:1035D00081C6B8F681EC03F01BBEF28ED8921B6A4E
:1035E000F2BE1B8EF29E03C0BBF602C0BAF601C04B
:1035F000B9F600C0B8F6CD0E0601BF6F2C0EBE6F37
:103600007A0EBD6F880EBC6F000169EC04F01BBE22
:10361000F28E03C084F602C083F601C082F600C0B9
:1036200081F61B6AF2BE1B8EF29E84C6BBF683C671
:10363000BAF682C6B9F681C6B8F6A80E0601BF6F03
:10364000C60EBE6F140EBD6F830EBC6F00019CECE6
:1036500003F01BBEF28E03C084F602C083F601C0E5
:1036600082F600C081F61B6AF2BE1B8EF29E1FC15D
:10367000B9F61EC1B8F681EC03F01BBEF28ED882FB
:103680001B6AF2BE1B8EF29E84C6BBF683C6BAF6D8
:1036900082C6B9F681C6B8F603C0BFF602C0BEF650
:1036A00001C0BDF600C0BCF669EC04F01BBEF28E92
:1036B00003C084F602C083F601C082F600C081F622
:1036C0001B6AF2BE1B8EF29EF7C0B9F6F6C0B8F6C2
:1036D00081EC03F01BBEF28E1B6AF2BE1B8EF29EC3
:1036E00084C6BBF683C6BAF682C6B9F681C6B8F6FA
:1036F00003C0BFF602C0BEF601C0BDF600C0BCF6F6
:103700009CEC03F01BBEF28E03C0EBF102C0EAF1A9
:1037100001C0E9F100C0E8F10601816B81C6DEF568
:1037200004014C6B3680000120B2ADEF9CF01FC14C
:1037300009F11EC108F109C101F108C100F11B6ABC
:10374000F2BE1B8EF29E1FC1B9F61EC1B8F681EC07
:1037500003F01BBEF28E03C0FFF102C0FEF101C0F8
:10376000FDF100C0FCF17B53D8A4DAEF9BF07A5155
:103770000908D8A0DAEF9BF0036A4F503C0FE96EBE
:10378000000E0320EA6E1B6AF2BE1B8EF29E06013B
:10379000B16BEFCFB0F67BC0B3F67AC0B2F60001E2
:1037A000B4EC13F01BBEF28E02C0F9F001C0F8F0C9
:1037B000E6EF9BF0036A4F503C0FE96E000E0320CA
:1037C000EA6EEF500A0DF350F96BF86F1B6AF2BE08
:1037D0001B8EF29EA3C0B1F6A2C0B0F60601B36B79
:1037E000320EB26F0001B4EC13F01BBEF28E02C0B9
:1037F00082F601C081F61B6AF2BE1B8EF29E82C663
:10380000B9F681C6B8F681EC03F01BBEF28ED892F1
:103810001B6AF2BE1B8EF29E03C0BBF602C0BAF654
:1038200001C0B9F600C0B8F6660E0601BF6FC60E3D
:10383000BE6F7F0EBD6F880EBC6F000169EC04F097
:103840001BBEF28E03C084F602C083F601C082F66E
:1038500000C081F61B6AF2BE1B8EF29E84C6BBF6C8
:1038600083C6BAF682C6B9F681C6B8F6CD0E060191
:10387000BF6FCC0EBE6F130EBD6F830EBC6F000109
:103880009CEC03F01BBEF28E03C084F602C083F6EC
:1038900001C082F600C081F61B6AF2BE1B8EF29E4A
:1038A0001FC1B9F61EC1B8F681EC03F01BBEF28E43
:1038B000D8821B6AF2BE1B8EF29E84C6BBF683C6FC
:1038C000BAF682C6B9F681C6B8F603C0BFF602C022
:1038D000BEF601C0BDF600C0BCF669EC04F01BBE2C
:1038E000F28E03C084F602C083F601C082F600C0E7
:1038F00081F61B6AF2BE1B8EF29EF9C0B9F6F8C0C3
:10390000B8F681EC03F01BBEF28E1B6AF2BE1B8E72
:10391000F29E84C6BBF683C6BAF682C6B9F681C6E5
:10392000B8F603C0BFF602C0BEF601C0BDF600C0C7
:10393000BCF69CEC03F01BBEF28E03C0EFF102C09C
:10394000EEF101C0EDF100C0ECF10601816B81C622
:10395000DFF504014D6B3682000120B4C6EF9DF007
:103960001FC10BF11EC10AF10BC103F10AC102F123
:103970001B6AF2BE1B8EF29E1FC1B9F61EC1B8F6BD
:1039800081EC03F01BBEF28E03C003F202C002F210
:1039900001C001F200C000F27D53D8A4F3EF9CF007
:1039A0007C510908D8A0F3EF9CF0036A4F503C0FFC
:1039B000E96E000E0320EA6E1B6AF2BE1B8EF29EB9
:1039C0000601B16BEFCFB0F67DC0B3F67CC0B2F6A6
:1039D0000001B4EC13F01BBEF28E02C0FBF001C07C
:1039E000FAF0FFEF9CF0036A4F503C0FE96E000EB7
:1039F0000320EA6EEF500A0DF350FB6BFA6F1B6A5F
:103A0000F2BE1B8EF29EA5C0B1F6A4C0B0F60601B0
:103A1000B36B320EB26F0001B4EC13F01BBEF28E2A
:103A200002C082F601C081F61B6AF2BE1B8EF29EB6
:103A300082C6B9F681C6B8F681EC03F01BBEF28EE1
:103A4000D8921B6AF2BE1B8EF29E03C0BBF602C068
:103A5000BAF601C0B9F600C0B8F6CD0E0601BF6FC8
:103A60002C0EBE6F7A0EBD6F880EBC6F000169EC24
:103A700004F01BBEF28E03C084F602C083F601C0C0
:103A800082F600C081F61B6AF2BE1B8EF29E84C6CF
:103A9000BBF683C6BAF682C6B9F681C6B8F6A80EDA
:103AA0000601BF6FC60EBE6F140EBD6F830EBC6FD6
:103AB00000019CEC03F01BBEF28E03C084F602C032
:103AC00083F601C082F600C081F61B6AF2BE1B8E2F
:103AD000F29E1FC1B9F61EC1B8F681EC03F01BBE01
:103AE000F28ED8821B6AF2BE1B8EF29E84C6BBF693
:103AF00083C6BAF682C6B9F681C6B8F603C0BFF669
:103B000002C0BEF601C0BDF600C0BCF669EC04F010
:103B10001BBEF28E03C084F602C083F601C082F69B
:103B200000C081F61B6AF2BE1B8EF29EFBC0B9F686
:103B3000FAC0B8F681EC03F01BBEF28E1B6AF2BE2F
:103B40001B8EF29E84C6BBF683C6BAF682C6B9F651
:103B500081C6B8F603C0BFF602C0BEF601C0BDF60E
:103B600000C0BCF69CEC03F01BBEF28E03C0F3F168
:103B700002C0F2F101C0F1F100C0F0F10601816B69
:103B800081C6E0F504014E6B368400010401CAEFE2
:103B90009DF00401010E375CF20FD8B09AEFA1F04E
:103BA0000E0F000195EFA6F020B002EF9EF02080EE
:103BB000FFC002F0FEC001F00232013202320132D7
:103BC000023201C06FFF02320230300B006E6E50C5
:103BD000CF0B00106E6E3052D8B402EF9EF007C1CA
:103BE00002F006C101F00232013202320132023229
:103BF00001C072FF02320230300B006E7150CF0BE9
:103C00000010716E04019AEFA1F020B433EF9EF022
:103C1000208403C102F002C101F0023201320232FB
:103C20000132023201C075FF02320230300B006EE9
:103C30007450CF0B0010746E3252D8B433EF9EF034
:103C40000BC102F00AC101F002320132023201322C
:103C5000023201C078FF02320230300B006E775022
:103C6000CF0B0010776E20B05DEF9EF0208005C175
:103C700002F004C101F0023201320232013202329A
:103C800001C06FFF02320230300B006E6E50CF0B5E
:103C900000106E6E0DC102F00CC101F00232013253
:103CA00002320132023201C072FF02320230300BA6
:103CB000006E7150CF0B0010716E04019AEFA1F0ED
:103CC00020B290EF9EF0208201C102F000C101F00D
:103CD0000232013202320132023201C044FF0232AA
:103CE0000230300B006E0F014351CF0B0010436FB9
:103CF0003152D8B48FEF9EF009C102F008C101F033
:103D00000232013202320132023201C047FF023276
:103D10000230300B006E4651CF0B0010466F000191
:103D200004019AEFA1F020B2C3EF9EF0208201C1FE
:103D300002F000C101F002320132023201320232DD
:103D400001C044FF02320230300B006E0F014351BC
:103D5000CF0B0010436F3152D8B4C2EF9EF009C1AF
:103D600002F008C101F002320132023201320232A5
:103D700001C047FF02320230300B006E4651CF0BBC
:103D80000010466F000120B0EDEF9EF0208005C1CD
:103D900002F004C101F00232013202320132023279
:103DA00001C075FF02320230300B006E7450CF0B31
:103DB0000010746E0DC102F00CC101F0023201322C
:103DC00002320132023201C078FF02320230300B7F
:103DD000006E7750CF0B0010776E04019AEFA1F0C0
:103DE00020B41EEF9FF0208403C102F002C101F055
:103DF0000232013202320132023201C075FF023258
:103E00000230300B006E7450CF0B0010746E3252C3
:103E1000D8B41EEF9FF00BC102F00AC101F00232CC
:103E2000013202320132023201C078FF0232023026
:103E3000300B006E7750CF0B0010776E04019AEFB5
:103E4000A1F020B04BEF9FF0208005C102F004C12B
:103E500001F00232013202320132023201C06FFF40
:103E600002320230300B006E6E50CF0B00106E6EBF
:103E70000DC102F00CC101F00232013202320132F6
:103E8000023201C072FF02320230300B006E7150FC
:103E9000CF0B0010716E04019AEFA1F020B083EFF8
:103EA0009FF06653D8B458EF9FF0662D83EF9FF0D4
:103EB0002080FFC002F0FEC001F002320132023267
:103EC0000132023201C06FFF02320230300B006E4D
:103ED0006E50CF0B00106E6E3052D8B483EF9FF04F
:103EE00007C102F006C101F0023201320232013292
:103EF000023201C072FF02320230300B006E71508C
:103F0000CF0B0010716E20B2BCEF9FF06653D8B497
:103F10008FEF9FF066510208D8A4BCEF9FF020827B
:103F200001C102F000C101F002320132023201325D
:103F3000023201C044FF02320230300B006E0F012A
:103F40004351CF0B0010436F3152D8B4BBEF9FF0F9
:103F500009C102F008C101F002320132023201321D
:103F6000023201C047FF02320230300B006E465170
:103F7000CF0B0010466F000104019AEFA1F020B4AE
:103F8000EDEF9FF0208403C102F002C101F0023284
:103F9000013202320132023201C075FF02320230B8
:103FA000300B006E7450CF0B0010746E3252D8B4C8
:103FB000EDEF9FF00BC102F00AC101F002320132B5
:103FC00002320132023201C078FF02320230300B7D
:103FD000006E7750CF0B0010776E20B21DEFA0F06F
:103FE000208201C102F000C101F00232013202322E
:103FF0000132023201C044FF02320230300B006E47
:104000000F014351CF0B0010436F3152D8B41CEF56
:10401000A0F009C102F008C101F0023201320232FF
:104020000132023201C047FF02320230300B006E13
:104030004651CF0B0010466F000120B047EFA0F0B3
:10404000208005C102F004C101F0023201320232C7
:104050000132023201C06FFF02320230300B006EBB
:104060006E50CF0B00106E6E0DC102F00CC101F04E
:104070000232013202320132023201C072FF0232D8
:104080000230300B006E7150CF0B0010716E0401C6
:104090009AEFA1F020B27AEFA0F0208201C102F0E5
:1040A00000C101F00232013202320132023201C09B
:1040B00044FF02320230300B006E0F014351CF0B30
:1040C0000010436F3152D8B479EFA0F009C102F06B
:1040D00008C101F00232013202320132023201C063
:1040E00047FF02320230300B006E4651CF0B0010FA
:1040F000466F000120B4A8EFA0F0208403C102F0B5
:1041000002C101F00232013202320132023201C038
:1041100075FF02320230300B006E7450CF0B00106E
:10412000746E3252D8B4A8EFA0F00BC102F00AC1ED
:1041300001F00232013202320132023201C078FF54
:1041400002320230300B006E7750CF0B0010776ECA
:1041500004019AEFA1F020B0D9EFA0F02080FFC0B9
:1041600002F0FEC001F002320132023201320232AC
:1041700001C06FFF02320230300B006E6E50CF0B69
:1041800000106E6E3052D8B4D9EFA0F007C102F023
:1041900006C101F00232013202320132023201C0A4
:1041A00072FF02320230300B006E7150CF0B0010E4
:1041B000716E20B407EFA1F0208403C102F002C1A8
:1041C00001F00232013202320132023201C075FFC7
:1041D00002320230300B006E7450CF0B0010746E40
:1041E0003252D8B407EFA1F00BC102F00AC101F0BE
:1041F0000232013202320132023201C078FF023251
:104200000230300B006E7750CF0B0010776E040138
:104210009AEFA1F020B038EFA1F02080FFC002F0AB
:10422000FEC001F00232013202320132023201C01C
:104230006FFF02320230300B006E6E50CF0B001059
:104240006E6E3052D8B438EFA1F007C102F006C14B
:1042500001F00232013202320132023201C072FF39
:1042600002320230300B006E7150CF0B0010716EB5
:1042700020B268EFA1F0208201C102F000C101F07C
:104280000232013202320132023201C044FF0232F4
:104290000230300B006E0F014351CF0B0010436F03
:1042A0003152D8B467EFA1F009C102F008C101F0A2
:1042B0000232013202320132023201C047FF0232C1
:1042C0000230300B006E4651CF0B0010466F0001DC
:1042D00020B496EFA1F0208403C102F002C101F0E6
:1042E0000232013202320132023201C075FF023263
:1042F0000230300B006E7450CF0B0010746E3252CF
:10430000D8B496EFA1F00BC102F00AC101F002325D
:10431000013202320132023201C078FF0232023031
:10432000300B006E7750CF0B0010776E04019AEFC0
:10433000A1F0040144EFA6F04B2DB4EFA2F01FC191
:1043400037F11EC136F10201C153D8B4ACEFA1F070
:1043500037C139F136C138F11B6AF2BE1B8EF29EAD
:104360001FC1B9F61EC1B8F6000181EC03F01BBEF7
:10437000F28E03C003F202C002F201C001F200C0DB
:1043800000F2FB6B020EFA6F1B6AF2BE1B8EF29EEE
:10439000C3C2B1F6C2C2B0F60601B36B640EB26F0F
:1043A0000001B4EC13F01BBEF28E02C082F601C015
:1043B00081F61B6AF2BE1B8EF29E82C6B9F681C6DA
:1043C000B8F681EC03F01BBEF28ED8921B6AF2BEE7
:1043D0001B8EF29E03C0BBF602C0BAF601C0B9F64E
:1043E00000C0B8F6CD0E0601BF6F2C0EBE6F7A0E60
:1043F000BD6F880EBC6F000169EC04F01BBEF28E2D
:1044000003C084F602C083F601C082F600C081F6C4
:104410001B6AF2BE1B8EF29E84C6BBF683C6BAF63A
:1044200082C6B9F681C6B8F6A80E0601BF6FC60EE1
:10443000BE6F140EBD6F830EBC6F00019CEC03F0C9
:104440001BBEF28E03C084F602C083F601C082F662
:1044500000C081F61B6AF2BE1B8EF29E1FC1B9F628
:104460001EC1B8F681EC03F01BBEF28ED8821B6A27
:10447000F2BE1B8EF29E84C6BBF683C6BAF682C617
:10448000B9F681C6B8F603C0BFF602C0BEF601C0D9
:10449000BDF600C0BCF669EC04F01BBEF28E03C092
:1044A00084F602C083F601C082F600C081F61B6A62
:1044B000F2BE1B8EF29EFBC0B9F6FAC0B8F681ECD4
:1044C00003F01BBEF28E1B6AF2BE1B8EF29E84C6E8
:1044D000BBF683C6BAF682C6B9F681C6B8F603C083
:1044E000BFF602C0BEF601C0BDF600C0BCF69CEC33
:1044F00003F01BBEF28E03C0F3F102C0F2F101C063
:10450000F1F100C0F0F137C102F036C101F0023222
:10451000013202320132023201C075FF0232023032
:10452000300B006E7450CF0B0010746E0201C1533B
:10453000D8B4AEEFA2F039C102F038C101F00232B6
:10454000013202320132023201C078FF02320230FF
:10455000300B006E7750CF0B0010776E040E366E66
:104560002A8045EFA6F004014B510208D8A456EF6B
:10457000A4F04A52D8A4C1EFA2F04B52D8B4C4EF71
:10458000A2F053A350EFA3F053931B6AF2BE1B8E0D
:10459000F29E3BC1B1F63AC1B0F60601B36B320EE2
:1045A000B26F0001B4EC13F01BBEF28E02C082F6B3
:1045B00001C081F61B6AF2BE1B8EF29E82C6B9F65E
:1045C00081C6B8F681EC03F01BBEF28ED8921B6A4E
:1045D000F2BE1B8EF29E03C0BBF602C0BAF601C04B
:1045E000B9F600C0B8F6850E0601BF6FEB0EBE6FC0
:1045F000190EBD6F880EBC6F000169EC04F01BBE84
:10460000F28E03C084F602C083F601C082F600C0B9
:1046100081F61B6AF2BE1B8EF29E84C6BBF683C671
:10462000BAF682C6B9F681C6B8F6660E0601BF6F45
:10463000BE6F420EBD6F820EBC6F00019CEC03F09A
:104640001BBEF28E1B6AF2BE1B8EF29E03C0B7F633
:1046500002C0B6F601C0B5F600C0B4F64BEC04F0EB
:104660001BBEF28E02C043F101C042F1F96BF86B40
:1046700043C102F042C101F0023201320232013282
:10468000023201C044FF02320230300B006E0F01D3
:104690004351CF0B0010436F2A9051EFA4F0040157
:1046A0001FC143F11EC142F11B6AF2BE1B8EF29E76
:1046B0001FC1B9F61EC1B8F6000181EC03F01BBEA4
:1046C000F28E03C0FFF102C0FEF101C0FDF100C097
:1046D000FCF11B6AF2BE1B8EF29E4BC0B1F64AC0C3
:1046E000B0F60601B36B0A0EB26F0001B4EC13F022
:1046F0001BBEF28E02C0F9F001C0F8F01B6AF2BED8
:104700001B8EF29E3BC1B1F63AC1B0F60601B36B07
:10471000320EB26F0001B4EC13F01BBEF28E02C079
:1047200082F601C081F61B6AF2BE1B8EF29E82C623
:10473000B9F681C6B8F681EC03F01BBEF28ED892B2
:104740001B6AF2BE1B8EF29E03C0BBF602C0BAF615
:1047500001C0B9F600C0B8F6850E0601BF6FEB0EBA
:10476000BE6F190EBD6F880EBC6F000169EC04F0BE
:104770001BBEF28E03C084F602C083F601C082F62F
:1047800000C081F61B6AF2BE1B8EF29E84C6BBF689
:1047900083C6BAF682C6B9F681C6B8F6660E0601B9
:1047A000BF6FBE6F420EBD6F820EBC6F00019CECEE
:1047B00003F01BBEF28E03C084F602C083F601C074
:1047C00082F600C081F61B6AF2BE1B8EF29E1FC1EC
:1047D000B9F61EC1B8F681EC03F01BBEF28ED8828A
:1047E0001B6AF2BE1B8EF29E84C6BBF683C6BAF667
:1047F00082C6B9F681C6B8F603C0BFF602C0BEF6DF
:1048000001C0BDF600C0BCF669EC04F01BBEF28E20
:1048100003C084F602C083F601C082F600C081F6B0
:104820001B6AF2BE1B8EF29EF9C0B9F6F8C0B8F64C
:1048300081EC03F01BBEF28E1B6AF2BE1B8EF29E51
:1048400084C6BBF683C6BAF682C6B9F681C6B8F688
:1048500003C0BFF602C0BEF601C0BDF600C0BCF684
:104860009CEC03F01BBEF28E03C0EFF102C0EEF130
:1048700001C0EDF100C0ECF143C102F042C101F012
:104880000232013202320132023201C044FF0232EE
:104890000230300B006E0F014351CF0B0010436FFD
:1048A0002A80020E366E44EFA6F004014B51030835
:1048B000D8A444EFA6F02AA4D7EFA4F053932A94E7
:1048C0000001F96BF86B2A90DBC14FF1DAC14EF1B0
:1048D000D9C151F1D8C150F1000E956E8C94956EEE
:1048E0008C92956E8C9A956E8C9C3452D8B4A3EFB2
:1048F000A4F04FC102F04EC101F002320132023287
:104900000132023201C044FF02320230300B006E2D
:104910000F014351CF0B0010436F51C102F050C142
:1049200001F00232013202320132023201C047FF8D
:1049300002320230300B006E4651CF0B0010466F32
:10494000D3EFA4F0000104016C53D8A4BFEFA4F08E
:104950004FC102F04EC101F0023201320232013287
:10496000023201C044FF02320230300B006E0F01F0
:104970004351CF0B0010436FD3EFA4F0040151C19A
:1049800002F050C101F00232013202320132023231
:1049900001C047FF02320230300B006E0F0146515A
:1049A000CF0B0010466F2A9042EFA6F004011FC102
:1049B000DBF11EC1DAF11FC1D9F11EC1D8F11FC14F
:1049C0004FF11EC14EF14FC151F14EC150F11B6A62
:1049D000F2BE1B8EF29E1FC1B9F61EC1B8F60001D1
:1049E00081EC03F01BBEF28E03C0FFF102C0FEF1AA
:1049F00001C0FDF100C0FCF101014D53D8A41EEF30
:104A0000A5F04C510908D8A01EEFA5F01B6AF2BE14
:104A10001B8EF29E0601B16B4DC0B0F64DC1B3F6D0
:104A20004CC1B2F60001B4EC13F01BBEF28E02C012
:104A3000F9F001C0F8F024EFA5F001014D500A0D86
:104A4000F3500001F96BF86F1B6AF2BE1B8EF29EE9
:104A500047C1B1F646C1B0F60601B36B320EB26F74
:104A60000001B4EC13F01BBEF28E02C082F601C04E
:104A700081F61B6AF2BE1B8EF29E82C6B9F681C613
:104A8000B8F681EC03F01BBEF28ED8921B6AF2BE20
:104A90001B8EF29E03C0BBF602C0BAF601C0B9F687
:104AA00000C0B8F6660E0601BF6FC60EBE6F7F0E61
:104AB000BD6F880EBC6F000169EC04F01BBEF28E66
:104AC00003C084F602C083F601C082F600C081F6FE
:104AD0001B6AF2BE1B8EF29E84C6BBF683C6BAF674
:104AE00082C6B9F681C6B8F6CD0E0601BF6FCC0EF0
:104AF000BE6F130EBD6F830EBC6F00019CEC03F004
:104B00001BBEF28E03C084F602C083F601C082F69B
:104B100000C081F61B6AF2BE1B8EF29E1FC1B9F661
:104B20001EC1B8F681EC03F01BBEF28ED8821B6A60
:104B3000F2BE1B8EF29E84C6BBF683C6BAF682C650
:104B4000B9F681C6B8F603C0BFF602C0BEF601C012
:104B5000BDF600C0BCF669EC04F01BBEF28E03C0CB
:104B600084F602C083F601C082F600C081F61B6A9B
:104B7000F2BE1B8EF29EF9C0B9F6F8C0B8F681EC11
:104B800003F01BBEF28E1B6AF2BE1B8EF29E84C621
:104B9000BBF683C6BAF682C6B9F681C6B8F603C0BC
:104BA000BFF602C0BEF601C0BDF600C0BCF69CEC6C
:104BB00003F01BBEF28E03C0EFF102C0EEF101C0A4
:104BC000EDF100C0ECF13452D8B411EFA6F04FC1B2
:104BD00002F04EC101F002320132023201320232E1
:104BE00001C044FF02320230300B006E0F0143510E
:104BF000CF0B0010436F51C102F050C101F00232DF
:104C0000013202320132023201C047FF0232023069
:104C1000300B006E4651CF0B0010466F41EFA6F0EF
:104C2000000104016C53D8A42DEFA6F04FC102F08F
:104C30004EC101F00232013202320132023201C0B1
:104C400044FF02320230300B006E0F014351CF0B94
:104C50000010436F41EFA6F0040151C102F050C1B2
:104C600001F00232013202320132023201C047FF4A
:104C700002320230300B006E0F014651CF0B001094
:104C8000466F2A80020E366E0201040E0601816F05
:104C9000FA0E826F000188EC26F00601812FF8D70A
:104CA00036C0E5F5100E816F000100EC66F0258E30
:104CB0001200E824F76AF736D30FF66E4C0EF7228F
:104CC000010EF86EFB6E0A00F550FA6E0800F55002
:104CD000F96E3400300100080806DE0EF00CCC102E
:104CE0000407AE131A04AE132C02AE130E0AE82406
:104CF000F76AF7360F0FF66E4D0EF722010EF86EBB
:104D0000FB6E0A00F550FA6E0800F550F96E2E148D
:104D1000A2194C22081F8C30222CF6344221923BDF
:104D2000CE1B923B6816923BB626E824F76AF7360C
:104D30004B0FF66E4D0EF722010EF86EFB6E0A0059
:104D4000F550FA6E0800F550F96EA83BC03C9C3E49
:104D5000E03D564194401442423E3243263D3243A8
:104D60000A3C32437E3F06013B813C6B3D6B3E6B10
:104D70003F6B406B416B426B436B446B456B466BC7
:104D8000476B496B486B4B6B4A6B4D6B4C6B4F6B76
:104D90004E6B3B93516B506B556B546B536B526B1B
:104DA0003B953B97576B566B5B6B5A6B596B586BCC
:104DB0005F6B5E6B5D6B5C6B616B606B636B626B9F
:104DC000656B646B676B666B6B6B6A6B6C6B6D6B47
:104DD0006E6B706B6F6B726B716B766B756B746BEC
:104DE000736B776B786B7C6B7B6B7A6B796B806B9F
:104DF0007F6B7E6B7D6B3A51F90FD8B016D3070FDE
:104E00000001FFEFCBF0D5C04BF6D4C04AF6D3C0BB
:104E100049F6D2C048F6D7C04DF6D6C04CF6D9C038
:104E20004FF6D8C04EF606013B9330B03B833B971C
:104E300022B03B87F7C057F6F6C056F6EBC15BF6DB
:104E4000EAC15AF6E9C159F6E8C158F6FBC15FF666
:104E5000FAC15EF6F9C15DF6F8C15CF6FFC061F615
:104E6000FEC060F607C163F606C162F60FC165F6C3
:104E70000EC164F617C167F616C166F61B6AF2BE6C
:104E80001B8EF29EA1C0B1F6A0C0B0F6B36B320E7D
:104E9000B26F0001B4EC13F01BBEF28E02C051F6EB
:104EA00001C050F606013B9523B03B85776B83C06C
:104EB0007CF682C07BF681C07AF680C079F693C01A
:104EC00080F692C07FF691C07EF690C07DF6ADD29E
:104ED0002BA847D02AB045D01B6AF2BE1B8EF29E8B
:104EE00018C3B7F617C3B6F616C3B5F615C3B4F6AE
:104EF0004BEC04F01BBEF28E02C051F601C050F61E
:104F00001B6AF2BE1B8EF29EFEC2B7F6FDC2B6F65B
:104F1000FCC2B5F6FBC2B4F64BEC04F01BBEF28E3D
:104F200002C061F601C060F61B6AF2BE1B8EF29EE3
:104F3000FEC2B7F6FDC2B6F6FCC2B5F6FBC2B4F6C9
:104F40004BEC04F01BBEF28E02C063F601C062F6A9
:104F500011C165F610C164F619C167F618C166F68D
:104F600025D01B6AF2BE1B8EF29EA3C0B1F6A2C072
:104F7000B0F60601B36B320EB26F0001B4EC13F061
:104F80001BBEF28E02C051F601C050F601C161F69F
:104F900000C160F609C163F608C162F611C165F689
:104FA00010C164F619C167F618C166F601016451B3
:104FB0000001DC5D06014A6F010165510001DD5908
:104FC00006014B6F010164510001DA5D0601486F73
:104FD000010165510001DB590601496FDFC04DF643
:104FE000DEC04CF6E1C04FF6E0C04EF63B9331B068
:104FF0003B833B9722B23B87F9C057F6F8C056F681
:10500000EFC15BF6EEC15AF6EDC159F6ECC158F6A8
:10501000FFC15FF6FEC15EF6FDC15DF6FCC15CF648
:105020002BA802D0576B566B3B9523B23B85010EE4
:10503000776F87C07CF686C07BF685C07AF684C021
:1050400079F697C080F696C07FF695C07EF694C03C
:105050007DF6EBD1E5C04BF6E4C04AF6E3C049F675
:10506000E2C048F6E7C04DF6E6C04CF6E9C04FF6A0
:10507000E8C04EF606013B9332B03B833B9722B427
:105080003B87FBC057F6FAC056F6F3C15BF6F2C198
:105090005AF6F1C159F6F0C158F603C25FF602C2E2
:1050A0005EF601C25DF600C25CF603C161F602C1A4
:1050B00060F60BC163F60AC162F613C165F612C150
:1050C00064F61BC167F61AC166F61B6AF2BE1B8E38
:1050D000F29EA5C0B1F6A4C0B0F6B36B320EB26FAB
:1050E0000001B4EC13F01BBEF28E02C051F601C0F9
:1050F00050F606013B9523B43B85020E776F8BC0BB
:105100007CF68AC07BF689C07AF688C079F69BC0A7
:1051100080F69AC07FF699C07EF698C07DF685D15C
:10512000D5C04BF6D4C04AF6D3C049F6D2C048F633
:10513000D7C04DF6D6C04CF6D9C04FF6D8C04EF603
:1051400006013B833B9722B63B87576B566B5B6BE5
:105150005A6B596B586B5F6B5E6B5D6B5C6B05C11B
:1051600061F604C160F60DC163F60CC162F615C1AB
:1051700065F614C164F61DC167F61CC166F61B6AAC
:10518000F2BE1B8EF29EA7C0B1F6A6C0B0F6B36BFE
:10519000320EB26F0001B4EC13F01BBEF28E02C0EF
:1051A00051F601C050F606013B9523B63B85776B5F
:1051B0008FC07CF68EC07BF68DC07AF68CC079F6F7
:1051C0009FC080F69EC07FF69DC07EF69CC07DF697
:1051D0002CD1E5C04BF6E4C04AF6E3C049F6E2C084
:1051E00048F6E7C04DF6E6C04CF6E9C04FF6E8C019
:1051F0004EF606013B930201C1A103D006013B8399
:10520000020106013B9722B43B87FBC057F6FAC068
:1052100056F6F3C15BF6F2C15AF6F1C159F6F0C188
:1052200058F603C25FF602C25EF601C25DF600C226
:105230005CF637C161F636C160F639C163F638C134
:1052400062F613C165F612C164F61BC167F61AC196
:1052500066F61B6AF2BE1B8EF29EC3C2B1F6C2C2D4
:10526000B0F6B36B640EB26F0001B4EC13F01BBE6A
:10527000F28E02C051F601C050F606013B9523B4F0
:105280003B85020E776F7C6B7B6BB8C27AF6B7C238
:1052900079F6806B7F6BB8C27EF6B7C27DF6C5D05B
:1052A000DDC04BF6DCC04AF6DBC049F6DAC048F692
:1052B000DFC04DF6DEC04CF6E1C04FF6E0C04EF662
:1052C00006013B933B9722B23B87F9C057F6F8C0E3
:1052D00056F6EFC15BF6EEC15AF6EDC159F6ECC1D8
:1052E00058F6FFC15FF6FEC15EF6FDC15DF6FCC17A
:1052F0005CF643C161F642C160F6636B626B11C13B
:1053000065F610C164F6676B666B1B6AF2BE1B8E96
:10531000F29E3BC1B1F63AC1B0F6B36B320EB26F3A
:105320000001B4EC13F01BBEF28E02C051F601C0B6
:1053300050F606013B9523B23B85010E776F28821C
:1053400074D0010164510001DC5D06014A6F010166
:1053500065510001DD5906014B6F010164510001E7
:10536000DA5D0601486F010165510001DB59060154
:10537000496FDFC04DF6DEC04CF6E1C04FF6E0C02D
:105380004EF63B9334B03B833B9722B23B87F9C048
:1053900057F6F8C056F6EFC15BF6EEC15AF6EDC10E
:1053A00059F6ECC158F6FFC15FF6FEC15EF6FDC1CD
:1053B0005DF6FCC15CF64FC161F64EC160F651C1AD
:1053C00063F650C162F611C165F610C164F619C1E9
:1053D00067F618C166F61B6AF2BE1B8EF29E47C1C5
:1053E000B1F646C1B0F6B36B320EB26F0001B4EC49
:1053F00013F01BBEF28E02C051F601C050F606013A
:105400003B9523B23B85010E776F6CC478F67C6BBD
:105410007B6B4BC17AF64AC179F6806B7F6B4BC1CF
:105420007EF64AC17DF601D006013A510608D8A49D
:10543000D6D03452D8A4D3D004016C53D8A402D00F
:105440000601CDD04BC682F64AC681F6000136EC85
:1054500032F002C03FF601C03EF6000E06013BB539
:10546000010E816F4FC683F64EC682F681C684F662
:105470000001D0EC32F003C047F602C046F601C08E
:1054800045F600C044F63FC63DF63EC63CF647C66C
:1054900043F646C642F645C641F644C640F61B6A88
:1054A000F2BE1B8EF29E0601BB6B240EBA6F740E09
:1054B000B96F920EB86F47C6BFF646C6BEF645C670
:1054C000BDF644C6BCF6000103EC06F01BBEF28E2E
:1054D00003C084F602C083F601C082F600C081F6E4
:1054E0001B6AF2BE1B8EF29E3FC6B9F63EC6B8F6E8
:1054F00081EC03F01BBEF28E1B6AF2BE1B8EF29E85
:1055000084C6BBF683C6BAF682C6B9F681C6B8F6BB
:1055100003C0BFF602C0BEF601C0BDF600C0BCF6B7
:105520009CEC03F01BBEF28E1B6AF2BE1B8EF29E39
:1055300003C0BBF602C0BAF601C0B9F600C0B8F6A7
:10554000E2EC05F01BBEF28E03C055F602C054F625
:1055500001C053F600C052F61B6AF2BE1B8EF29ECB
:105560000601BB6BBA6B100EB96F810EB86F47C6E0
:10557000BFF646C6BEF645C6BDF644C6BCF600013B
:10558000A5EC05F01BBEF28E08E306013BA502D098
:10559000000103D03B8520D000011B6AF2BE1B8EA8
:1055A000F29E47C6BBF646C6BAF645C6B9F644C62D
:1055B000B8F60601BF6BBE6BBD6B810EBC6F000100
:1055C000A5EC05F01BBEF28E01E207E106013BB53A
:1055D00002D0000102D03B95000131D10601040147
:1055E0004B2D04D02BA602D0D1EFC7F049C682F6CE
:1055F00048C681F6000136EC32F002C03DF601C02B
:105600003CF6000E06013BB5010E816F4DC683F6D8
:105610004CC682F681C684F60001D0EC32F003C09D
:1056200043F602C042F601C041F600C040F6060152
:105630003BA323D04BC682F64AC681F6000136EC66
:1056400032F002C03FF601C03EF6000E06013BB547
:10565000010E816F4FC683F64EC682F681C684F670
:105660000001D0EC32F003C047F602C046F601C09C
:1056700045F600C044F60ED006013DC63FF63CC6D6
:105680003EF643C647F642C646F641C645F640C614
:1056900044F600011B6AF2BE1B8EF29E0601BB6B34
:1056A000240EBA6F740EB96F920EB86F43C6BFF670
:1056B00042C6BEF641C6BDF640C6BCF6000103ECCC
:1056C00006F01BBEF28E03C084F602C083F601C052
:1056D00082F600C081F61B6AF2BE1B8EF29E3DC6AA
:1056E000B9F63CC6B8F681EC03F01BBEF28E1B6A1D
:1056F000F2BE1B8EF29E84C6BBF683C6BAF682C685
:10570000B9F681C6B8F603C0BFF602C0BEF601C046
:10571000BDF600C0BCF69CEC03F01BBEF28E1B6A0B
:10572000F2BE1B8EF29E03C0BBF602C0BAF601C0E9
:10573000B9F600C0B8F6E2EC05F01BBEF28E03C06D
:1057400055F602C054F601C053F600C052F61B6A6B
:10575000F2BE1B8EF29E0601BB6BBA6B100EB96FC8
:10576000810EB86F43C6BFF642C6BEF641C6BDF64F
:1057700040C6BCF60001A5EC05F01BBEF28E1EE291
:1057800006013BA320D01B6AF2BE1B8EF29EBB6BB0
:10579000BA6B100EB96F810EB86F47C6BFF646C61A
:1057A000BEF645C6BDF644C6BCF60001A5EC05F044
:1057B0001BBEF28ED8B002D0060105D006013BB563
:1057C00002D03B853BD01B6AF2BE1B8EF29E43C6C5
:1057D000BBF642C6BAF641C6B9F640C6B8F6BF6BCC
:1057E000BE6BBD6B810EBC6F0001A5EC05F01BBE4E
:1057F000F28E01E224E106013BB302D000011FD08A
:105800001B6AF2BE1B8EF29E47C6BBF646C6BAF6B0
:1058100045C6B9F644C6B8F6BF6BBE6BBD6B810E0C
:10582000BC6F0001A5EC05F01BBEF28E01E207E1A2
:1058300006013BB502D0000102D03B9500010601F4
:105840003A51F90F44E2070F000116EFCCF00601C0
:105850003BB502D08D9201D08D82000E966E37D06E
:1058600006013BB502D08D9001D08D80000E966E62
:105870002ED006013BB502D08F9001D08F80E40E70
:10588000986E25D006013BB502D08D9201D08D8255
:10589000000E966E1CD006013BB502D08F9001D051
:1058A0008F80E40E986E13D006013BB502D08D9028
:1058B00001D08D80000E966E0AD006013BB502D055
:1058C0008D9001D08D80000E966E01D006013AC6F3
:1058D00081F661C683F660C682F600017BEC76F045
:1058E00002C070F601C06FF63AC681F663C683F651
:1058F00062C682F67BEC76F002C072F601C071F6E9
:105900000601515103080BE303E15051E70807E397
:10591000766B756B200E746F7F0E736F08D0CD0E93
:10592000766FCC0E756F0C0E746F7F0E736F3A51DD
:105930000608D8A4BBD13452D8A4B8D104016C5302
:10594000D8A402D00601B2D1060151531DE1505135
:10595000C8081AE31B6AF2BE1B8EF29EBB6BBA6BC1
:10596000040EB96F830EB86F47C6BFF646C6BEF6C3
:1059700045C6BDF644C6BCF60001A5EC05F01BBE4D
:10598000F28E56E255E006011B6AF2BE1B8EF29EB5
:105990003FC6B9F63EC6B8F6000181EC03F01BBE67
:1059A000F28E1B6AF2BE1B8EF29E03C0BBF602C0D3
:1059B000BAF601C0B9F600C0B8F676C6BFF675C62D
:1059C000BEF674C6BDF673C6BCF603EC06F01BBE8D
:1059D000F28E03C084F602C083F601C082F600C0D6
:1059E00081F61B6AF2BE1B8EF29E72C6B9F671C6B4
:1059F000B8F681EC03F01BBEF28E1B6AF2BE1B8E62
:105A0000F29E84C6BBF683C6BAF682C6B9F681C6D4
:105A1000B8F603C0BFF602C0BEF601C0BDF600C0B6
:105A2000BCF6A5EC05F01BBEF28E02E2D8A4D6D0DF
:105A3000060151531DE15051C8081AE31B6AF2BE1A
:105A40001B8EF29EBB6BBA6B040EB96F830EB86FE0
:105A500047C6BFF646C6BEF645C6BDF644C6BCF64A
:105A60000001A5EC05F01BBEF28E1BE21AE0060158
:105A70001B6AF2BE1B8EF29EBB6BBA6B180EB96F1F
:105A8000840EB86F47C6BFF646C6BEF645C6BDF61D
:105A900044C6BCF60001A5EC05F01BBEF28E01E287
:105AA00037E11FBC30D01F8C21C102F020C101F0B2
:105AB0000232013202320132023201C047FF0232A9
:105AC0000230300B006E0F014651CF0B0010466FB5
:105AD00021C102F020C101F0023201320232013252
:105AE000023201C044FF02320230300B006E4351DB
:105AF000CF0B0010436F040145830F0E0601816F29
:105B0000000100EC66F00401D1EFC7F065D00001A0
:105B10001B6AF2BE1B8EF29E47C6BBF646C6BAF69D
:105B200045C6B9F644C6B8F60601BF6BBE6B180E83
:105B3000BD6F840EBC6F0001A5EC05F01BBEF28E9C
:105B400039E31FAC36D01F9C04014593466B0F0E02
:105B50000601816F000100EC66F006013B97000131
:105B600000EC80F0F9C057F6F8C056F64FC161F668
:105B70004EC160F651C163F650C162F6F85302E1BE
:105B8000F95313E00401526BEFC15BF6EEC15AF614
:105B9000EDC159F6ECC158F6FFC15FF6FEC15EF6E5
:105BA000FDC15DF6FCC15CF600010401D1EFC7F058
:105BB000000113D01FAC11D006013D6B3C6B436B51
:105BC000426B416B406B3F6B3E6B476B466B456B6B
:105BD000446B0401D1EFC7F0000165D01B6AF2BE2F
:105BE0001B8EF29E47C6BBF646C6BAF645C6B9F648
:105BF00044C6B8F60601BF6BBE6B180EBD6F840EAF
:105C0000BC6F0001A5EC05F01BBEF28E39E31FACA2
:105C100036D01F9C04014593466B0F0E0601816F21
:105C2000000100EC66F006013B97000100EC80F0FB
:105C3000F9C057F6F8C056F64FC161F64EC160F68E
:105C400051C163F650C162F6F85302E1F95313E013
:105C50000401526BEFC15BF6EEC15AF6EDC159F685
:105C6000ECC158F6FFC15FF6FEC15EF6FDC15DF600
:105C7000FCC15CF600010401D1EFC7F0000113D0B4
:105C80001FAC11D006013D6B3C6B436B426B416B0B
:105C9000406B3F6B3E6B476B466B456B446B04013F
:105CA000D1EFC7F00001FDEFB6F006012BB821D00F
:105CB00051531FE15051C8081CE31B6AF2BE1B8EF2
:105CC000F29EBB6BBA6B040EB96F830EB86F43C6FE
:105CD000BFF642C6BEF641C6BDF640C6BCF60001E0
:105CE000A5EC05F01BBEF28ED8B00DD1D8B40BD107
:105CF00006012BB856D01B6AF2BE1B8EF29E3DC623
:105D0000B9F63CC6B8F6000181EC03F01BBEF28E7A
:105D10001B6AF2BE1B8EF29E03C0BBF602C0BAF62F
:105D200001C0B9F600C0B8F676C6BFF675C6BEF6B5
:105D300074C6BDF673C6BCF603EC06F01BBEF28E4D
:105D400003C084F602C083F601C082F600C081F66B
:105D50001B6AF2BE1B8EF29E70C6B9F66FC6B8F60D
:105D600081EC03F01BBEF28E1B6AF2BE1B8EF29E0C
:105D700084C6BBF683C6BAF682C6B9F681C6B8F643
:105D800003C0BFF602C0BEF601C0BDF600C0BCF63F
:105D9000A5EC05F01BBEF28ED8B0B5D0D8B4B3D008
:105DA00006012BA853D01B6AF2BE1B8EF29E3DC685
:105DB000B9F63CC6B8F6000181EC03F01BBEF28ECA
:105DC0001B6AF2BE1B8EF29E03C0BBF602C0BAF67F
:105DD00001C0B9F600C0B8F676C6BFF675C6BEF605
:105DE00074C6BDF673C6BCF603EC06F01BBEF28E9D
:105DF00003C088F602C087F601C086F600C085F6AB
:105E00001B6AF2BE1B8EF29E1FC3B9F61EC3B8F604
:105E100081EC03F01BBEF28E1B6AF2BE1B8EF29E5B
:105E200088C6BBF687C6BAF686C6B9F685C6B8F682
:105E300003C0BFF602C0BEF601C0BDF600C0BCF68E
:105E4000A5EC05F01BBEF28E5EE206012BB838EF22
:105E5000B5F03BA338EFB5F01B6AF2BE1B8EF29E85
:105E60003FC6B9F63EC6B8F6000181EC03F01BBE92
:105E7000F28E1B6AF2BE1B8EF29E03C0BBF602C0FE
:105E8000BAF601C0B9F600C0B8F676C6BFF675C658
:105E9000BEF674C6BDF673C6BCF603EC06F01BBEB8
:105EA000F28E03C088F602C087F601C086F600C0F5
:105EB00085F61B6AF2BE1B8EF29E72C6B9F671C6DB
:105EC000B8F681EC03F01BBEF28E1B6AF2BE1B8E8D
:105ED000F29E88C6BBF687C6BAF686C6B9F685C6F0
:105EE000B8F603C0BFF602C0BEF601C0BDF600C0E2
:105EF000BCF6A5EC05F01BBEF28E05E2D8B403D0CB
:105F0000060138EFB5F02BB826D006015153D8B4AE
:105F100002D0000120D05051C808D8B002D00001F2
:105F20001AD01B6AF2BE1B8EF29EBB6BBA6B040EBC
:105F3000B96F830EB86F43C6BFF642C6BEF641C600
:105F4000BDF640C6BCF60001A5EC05F01BBEF28E06
:105F5000D8B06DD06CE01B6AF2BE1B8EF29E0601BB
:105F6000BB6BBA6B180EB96F840EB86F43C6BFF621
:105F700042C6BEF641C6BDF640C6BCF60001A5EC61
:105F800005F01BBEF28E01E208E106013A51050858
:105F9000D8B402D000014BD000011B6AF2BE1B8EA8
:105FA000F29E0601BB6BBA6B180EB96F840EB86F08
:105FB00043C6BFF642C6BEF641C6BDF640C6BCF6F5
:105FC0000001A5EC05F01BBEF28E01E211E1060115
:105FD0003A510508D8B402D000010AD05653D8B4BB
:105FE00002D0000105D05753D8A402D000011FD021
:105FF00006013BA3CFD21B6AF2BE1B8EF29EBB6B87
:10600000BA6B180EB96F840EB86F47C6BFF646C696
:10601000BEF645C6BDF644C6BCF60001A5EC05F0CB
:106020001BBEF28E04E2D8B402D00601B3D2060140
:106030003A51F90FD8B0A9D2070F00012DEFCCF0DB
:106040001FBA2FD01F8A21C102F020C101F00232F5
:10605000013202320132023201C072FF02320230DA
:10606000300B006E7150CF0B0010716E21C102F029
:1060700020C101F00232013202320132023201C08B
:106080006FFF02320230300B006E6E50CF0B0010EB
:106090006E6E040145810F0E0601816F000100EC58
:1060A00066F0060172D21FBC89D01F8C2BA84DD080
:1060B0001B6AF2BE1B8EF29EFEC2B7F6FDC2B6F69A
:1060C000FCC2B5F6FBC2B4F64BEC04F01BBEF28E7C
:1060D00002C082F601C081F6060182338133823329
:1060E0008133823381C647FF82338231300B006EA9
:1060F0000F014651CF0B0010466F1B6AF2BE1B8E7C
:10610000F29EFEC2B7F6FDC2B6F6FCC2B5F6FBC201
:10611000B4F600014BEC04F01BBEF28E02C082F616
:1061200001C081F6060182338133823381338233A9
:1061300081C644FF82338231300B006E0F01435120
:10614000CF0B0010436F28D0000121C102F020C105
:1061500001F00232013202320132023201C047FF45
:1061600002320230300B006E0F014651CF0B00108F
:10617000466F21C102F020C101F002320132023229
:106180000132023201C044FF02320230300B006E95
:106190004351CF0B0010436F04014D6B45830F0E2D
:1061A0000601816F000100EC66F004014B5102080A
:1061B00006E16D5304E10001A4EC6DF00401060159
:1061C000E4D11FBE2FD01F8E21C102F020C101F0EB
:1061D0000232013202320132023201C078FF023251
:1061E0000230300B006E7750CF0B0010776E21C15C
:1061F00002F020C101F002320132023201320232D9
:1062000001C075FF02320230300B006E7450CF0BAC
:106210000010746E040145850F0E0601816F0001A8
:1062200000EC66F00401D1EFC7F00601AED11FBA51
:1062300035D01F8A21C102F020C101F002320132A3
:1062400002320132023201C072FF02320230300BE0
:10625000006E7150CF0B0010716E21C102F020C191
:1062600001F00232013202320132023201C06FFF0C
:1062700002320230300B006E6E50CF0B00106E6E8B
:1062800004015391000E53B1010E0601826F030EFB
:10629000836F82C684F60001C0EC77F0060175D1E9
:1062A0001FBEC1D01F8E21C102F020C101F00232F9
:1062B000013202320132023201C078FF0232023072
:1062C000300B006E7750CF0B0010776E21C102F0BB
:1062D00020C101F00232013202320132023201C029
:1062E00075FF02320230300B006E7450CF0B00107D
:1062F000746E06013D6B3C6B436B426B416B406BB4
:106300003F6B3E6B476B466B456B446B0001E76B25
:10631000E66BE96BE86B060151510108D8B07BD000
:10632000FF0A03E15051BB0876E21B6AF2BE1B8EE6
:10633000F29E37C1B9F636C1B8F6000181EC03F020
:106340001BBEF28E1B6AF2BE1B8EF29E03C0BBF612
:1063500002C0BAF601C0B9F600C0B8F6CD0E06010B
:10636000BF6FCC0EBE6F4C0EBD6F7E0EBC6F0001BA
:1063700003EC06F01BBEF28E1B6AF2BE1B8EF29E71
:1063800003C0B7F602C0B6F601C0B5F600C0B4F659
:106390004BEC04F01BBEF28E02C061F601C060F649
:1063A0001B6AF2BE1B8EF29E39C1B9F638C1B8F62F
:1063B00081EC03F01BBEF28E1B6AF2BE1B8EF29EB6
:1063C00003C0BBF602C0BAF601C0B9F600C0B8F609
:1063D000CD0E0601BF6FCC0EBE6F4C0EBD6F7E0E94
:1063E000BC6F000103EC06F01BBEF28E1B6AF2BE0E
:1063F0001B8EF29E03C0B7F602C0B6F601C0B5F61A
:1064000000C0B4F64BEC04F01BBEF28E02C063F683
:1064100001C062F60601040145850F0E0601816F79
:10642000000100EC66F00601B0D01FBC6DD0040185
:106430006D5332E01F8C21C102F020C101F0023205
:10644000013202320132023201C047FF0232023011
:10645000300B006E0F014651CF0B0010466F21C16B
:1064600002F020C101F00232013202320132023266
:1064700001C044FF02320230300B006E4351CF0B9B
:106480000010436F040145830F0E0601816F000168
:1064900000EC66F039D004011F8C21C102F020C14C
:1064A00001F00232013202320132023201C047FFF2
:1064B00002320230300B006E0F014651CF0B00103C
:1064C000466F21C102F020C101F0023201320232D6
:1064D0000132023201C044FF02320230300B006E42
:1064E0004351CF0B0010436F04014583010E936E9F
:1064F0008A9281B0FED70F0E0601816F000176EC03
:1065000043F0A4EC6DF01F9C06013FD01FBC39D0B6
:106510001F8C21C102F020C101F00232013202328F
:106520000132023201C047FF02320230300B006EEE
:106530000F014651CF0B0010466F21C102F020C160
:1065400001F00232013202320132023201C044FF54
:1065500002320230300B006E4351CF0B0010436FFC
:10656000040145830F0E0601816F000100EC66F007
:1065700004014B51020806E16D5304E10001A4EC53
:106580006DF00401060101D006010401D1EFC7F04E
:106590006DD206011B6AF2BE1B8EF29E43C6BBF68D
:1065A00042C6BAF641C6B9F640C6B8F6BF6BBE6B76
:1065B000180EBD6F840EBC6F0001A5EC05F01BBE6C
:1065C000F28E37E21B6AF2BE1B8EF29E43C6BBF60A
:1065D00042C6BAF641C6B9F640C6B8F60601BF6B68
:1065E000BE6B180EBD6F840EBC6F0001A5EC05F0EC
:1065F0001BBEF28E1EE206013BA30DD21B6AF2BE49
:106600001B8EF29E47C6BBF646C6BAF645C6B9F61D
:1066100044C6B8F6BF6BBE6B180EBD6F840EBC6F60
:106620000001A5EC05F01BBEF28ED8B002D0060129
:10663000F2D106013A51F90FD8B0ECD1070F0001A1
:1066400044EFCCF01FAA22D01F9A04014591466B5B
:106650000F0E0601816F000100EC66F006013B970A
:1066600004014B5312E11FBC10D01FBE0ED000011D
:1066700000EC80F0FFC063F6FEC062F663C661F610
:1066800062C660F60401D1EFC7F000010601C2D175
:106690001FAC38D01F9C04014593466B0F0E0601BA
:1066A000816F000100EC66F006013B971FBA29D00C
:1066B0001FBE27D0000100EC80F0F9C057F6F8C0EB
:1066C00056F6F85302E1F95310E0EFC15BF6EEC164
:1066D0005AF6EDC159F6ECC158F6FFC15FF6FEC19E
:1066E0005EF6FDC15DF6FCC15CF601C163F600C15A
:1066F00062F663C661F662C660F60401D1EFC7F0C8
:1067000006010001060186D11FAE38D01F9E04018C
:106710004595466B0F0E0601816F000100EC66F097
:1067200006013B971FBA29D01FBC27D0000100ECFF
:1067300080F0FBC057F6FAC056F6FA5302E1FB535D
:1067400010E0F3C15BF6F2C15AF6F1C159F6F0C19F
:1067500058F603C25FF602C25EF601C25DF600C2E1
:106760005CF603C163F602C162F663C661F662C6F7
:1067700060F60401D1EFC7F00601000106014AD11D
:106780001FAA20D01F9A04015381000E53B1010E9D
:106790000601826F030E836F82C684F60001C0EC8F
:1067A00077F006013B97000100EC80F005C163F62D
:1067B00004C162F663C661F662C660F60401D1EFF9
:1067C000C7F00001060126D11FAE18D01F9E04019C
:1067D0004595466B0F0E0601816F000100EC66F0D7
:1067E00006013B9737C161F636C160F639C163F6E1
:1067F00038C162F60401D1EFC7F0000106010AD1E9
:106800001FACCBD01F9C04014593466B0F0E0601B5
:10681000816F000100EC66F006013B9704016D53A7
:10682000D8B495D053931B6AF2BE1B8EF29E3BC127
:10683000B1F63AC1B0F60601B36B320EB26F000189
:10684000B4EC13F01BBEF28E02C082F601C081F6DA
:106850001B6AF2BE1B8EF29E82C6B9F681C6B8F6DE
:1068600081EC03F01BBEF28ED8921B6AF2BE1B8E27
:10687000F29E03C0BBF602C0BAF601C0B9F600C072
:10688000B8F6850E0601BF6FEB0EBE6F190EBD6F19
:10689000880EBC6F000169EC04F01BBEF28E03C0D1
:1068A00084F602C083F601C082F600C081F61B6A3E
:1068B000F2BE1B8EF29E84C6BBF683C6BAF682C6B3
:1068C000B9F681C6B8F6660E0601BF6FBE6F420EFE
:1068D000BD6F820EBC6F00019CEC03F01BBEF28EFC
:1068E0001B6AF2BE1B8EF29E03C0B7F602C0B6F65C
:1068F00001C0B5F600C0B4F64BEC04F01BBEF28E3E
:1069000002C043F101C042F1F96BF86B43C161F67B
:1069100042C160F60601576B566B43C102F042C19B
:1069200001F00232013202320132023201C044FF70
:1069300002320230300B006E0F014351CF0B0010BA
:10694000436F2A90020E366E0401506B21D0000175
:1069500000EC80F0F9C057F6F8C056F643C161F676
:1069600042C160F6F85302E1F95313E00401506BA1
:10697000EFC15BF6EEC15AF6EDC159F6ECC158F61F
:10698000FFC15FF6FEC15EF6FDC15DF6FCC15CF6BF
:1069900000010401D1EFC7F0000106013BD01FAC9C
:1069A00036D01F9C04014593466B0F0E0601816F84
:1069B000000100EC66F006013B97000100EC80F05E
:1069C000F9C057F6F8C056F64FC161F64EC160F6F1
:1069D00051C163F650C162F6F85302E1F95313E076
:1069E0000401526BEFC15BF6EEC15AF6EDC159F6E8
:1069F000ECC158F6FFC15FF6FEC15EF6FDC15DF663
:106A0000FCC15CF600010401D1EFC7F000010601F2
:106A100001D006012CD01FAA02D03A5318E01FAAB9
:106A200003D03A51030813E01FAC09D03A2D01D02E
:106A30000ED03A5104080BE03A51060808E01FAEA8
:106A400016D03A51020803E03A51050810E13D6BB7
:106A50003C6B436B426B416B406B3F6B3E6B476BD8
:106A6000466B456B446B0401D1EFC7F00601C6D1FC
:106A70001B6AF2BE1B8EF29E43C6BBF642C6BAF636
:106A800041C6B9F640C6B8F6BF6BBE6B180EBD6FF7
:106A9000840EBC6F0001A5EC05F01BBEF28E1AE25D
:106AA0001B6AF2BE1B8EF29E47C6BBF646C6BAF6FE
:106AB00045C6B9F644C6B8F60601BF6BBE6B180EE4
:106AC000BD6F840EBC6F0001A5EC05F01BBEF28EFD
:106AD000D8A05DD106013A51F90FD8B056D1070FB1
:106AE00000015BEFCCF01FAA22D01F9A0401459150
:106AF000466B0F0E0601816F000100EC66F0060187
:106B00003B9704014B5312E11FBC10D01FBE0ED0A7
:106B1000000100EC80F0FFC063F6FEC062F663C6C1
:106B200061F662C660F60401D1EFC7F0000106010C
:106B30002CD11FAC3BD01F9C04014593466B0F0E1C
:106B40000601816F000100EC66F006013B971FBA59
:106B50002CD01FBE2AD02BA81BD01B6AF2BE1B8EC6
:106B6000F29EFEC2B7F6FDC2B6F6FCC2B5F6FBC297
:106B7000B4F600014BEC04F01BBEF28E02C063F6CB
:106B800001C062F663C661F662C660F60AD006010D
:106B900001C163F600C162F663C661F662C660F6C3
:106BA00000010401D1EFC7F0060100010601EDD09C
:106BB0001FAE38D01F9E04014595466B0F0E06018F
:106BC000816F000100EC66F006013B971FBA29D0E7
:106BD0001FBC27D0000100EC80F0FBC057F6FAC0C4
:106BE00056F6FA5302E1FB5310E0F3C15BF6F2C133
:106BF0005AF6F1C159F6F0C158F603C25FF602C267
:106C00005EF601C25DF600C25CF603C163F602C126
:106C100062F663C661F662C660F60401D1EFC7F0A2
:106C2000060100010601B1D01FAA20D01F9A04015D
:106C30005381000E53B1010E0601826F030E836F64
:106C400082C684F60001C0EC77F006013B97000194
:106C500000EC80F005C163F604C162F663C661F61C
:106C600062C660F60401D1EFC7F0000106018DD0C5
:106C70001FAE18D01F9E04014595466B0F0E0601EE
:106C8000816F000100EC66F006013B9737C161F6A9
:106C900036C160F639C163F638C162F60401D1EF3E
:106CA000C7F00001060171D01FAC32D01F9C040157
:106CB0004593466B0F0E0601816F000100EC66F0F4
:106CC00006013B97000100EC80F0F9C057F6F8C0D0
:106CD00056F643C161F642C160F6F85302E1F9533A
:106CE00013E00401506BEFC15BF6EEC15AF6EDC143
:106CF00059F6ECC158F6FFC15FF6FEC15EF6FDC164
:106D00005DF6FCC15CF600010401D1EFC7F00001A3
:106D100006013BD01FAC36D01F9C04014593466B47
:106D20000F0E0601816F000100EC66F006013B9733
:106D3000000100EC80F0F9C057F6F8C056F64FC1DC
:106D400061F64EC160F651C163F650C162F6F85368
:106D500002E1F95313E00401526BEFC15BF6EEC19F
:106D60005AF6EDC159F6ECC158F6FFC15FF6FEC107
:106D70005EF6FDC15DF6FCC15CF600010401D1EFD9
:106D8000C7F00001060101D0060138D000011FAA9A
:106D900004D006013A5321E000011FAA05D00601E4
:106DA0003A5103081AE000011FAC0BD006013A2D3E
:106DB00001D013D03A51040810E03A5106080DE012
:106DC00000011FAE1AD006013A51020806E03A51FE
:106DD0000508D8B402D0000110D03D6B3C6B436B6A
:106DE000426B416B406B3F6B3E6B476B466B456B39
:106DF000446B0401D1EFC7F00001060104016A539E
:106E0000D8A4DFEFBAF006013A510608D8A46AD137
:106E10003452D8A467D104016C53D8A402D006011F
:106E200061D13FC684F63EC683F60001F9EC77F0E7
:106E300002C082F601C081F606015051815DD8A4DE
:106E400050D15151825DD8A44CD151510008D8B0D5
:106E500048D1FF0A04E150519008D8B042D15151B5
:106E60000408D8A0A1D004E150511908D8A09CD0A2
:106E700072C684F671C683F60001F9EC77F002C0A1
:106E800082F601C081F63FC684F63EC683F6F9EC71
:106E900077F001500601815F0250825B82C603F0E9
:106EA000815182AF08D0000ED8808155006E000E4F
:106EB0008255036E0050816F03C082F672C684F65D
:106EC00071C683F60001F9EC77F002C003F00150BF
:106ED0001B6AF2BE1B8EF29E0601B86F02C0B9F6A5
:106EE000000181EC03F01BBEF28E1B6AF2BE1B8E0A
:106EF000F29E660E0601BB6FBA6FB96F7E0EB86F59
:106F000003C0BFF602C0BEF601C0BDF600C0BCF6AD
:106F1000000103EC06F01BBEF28E03C086F602C031
:106F200085F601C084F600C083F682C688F681C665
:106F300087F667EC78F01B6AF2BE1B8EF29E86C65F
:106F4000BBF685C6BAF684C6B9F683C6B8F603C0E2
:106F5000BFF602C0BEF601C0BDF600C0BCF6A5EC8F
:106F600005F01BBEF28E01E21CE1672B67510F0892
:106F700017E2676B0401458F81B0FED7010E936E57
:106F80008A820F0E0601816F000176EC43F0010E3C
:106F9000936E8A929BEC6EF00401D1EFC7F0000172
:106FA00001D0676B9DD0060172C684F671C683F668
:106FB0000001F9EC77F002C082F601C081F63FC60D
:106FC00084F63EC683F6F9EC77F001500601815F46
:106FD0000250825B82C603F0815182AF08D0000E5E
:106FE000D8808155006E000E8255036E0050816F6F
:106FF00003C082F672C684F671C683F60001F9EC0E
:1070000077F002C003F001501B6AF2BE1B8EF29EA5
:107010000601B86F02C0B9F6000181EC03F01BBE97
:10702000F28E1B6AF2BE1B8EF29ECD0E0601BB6F66
:10703000CC0EBA6F4C0EB96F7D0EB86F03C0BFF6A1
:1070400002C0BEF601C0BDF600C0BCF6000103ECF4
:1070500006F01BBEF28E03C086F602C085F601C0A4
:1070600084F600C083F682C688F681C687F667EC90
:1070700078F01B6AF2BE1B8EF29E86C6BBF685C6F2
:10708000BAF684C6B9F683C6B8F603C0BFF602C026
:10709000BEF601C0BDF600C0BCF6A5EC05F01BBEF7
:1070A000F28E01E21CE1672B67510F0817E2676B54
:1070B0000401458F81B0FED7010E936E8A820F0EB8
:1070C0000601816F000176EC43F0010E936E8A9207
:1070D0009BEC6EF00401D1EFC7F0000101D0676BAB
:1070E00006016CD23DC684F63CC683F60001F9EC7D
:1070F00077F002C082F601C081F606015051815D31
:10710000D8A45CD25151825DD8A458D25151000804
:10711000D8B054D2FF0A04E150519008D8B04ED2F2
:1071200051510408D8A027D104E150511908D8A022
:1071300022D170C684F66FC683F60001F9EC77F0B1
:1071400002C082F601C081F63DC684F63CC683F6D5
:10715000F9EC77F001500601815F0250825B82C634
:1071600003F0815182AF08D0000ED8808155006EA7
:10717000000E8255036E0050816F03C082F670C608
:1071800084F66FC683F60001F9EC77F002C003F0D5
:1071900001501B6AF2BE1B8EF29E0601B86F02C040
:1071A000B9F6000181EC03F01BBEF28E1B6AF2BE41
:1071B0001B8EF29E660E0601BB6FBA6FB96F7E0E14
:1071C000B86F03C0BFF602C0BEF601C0BDF600C076
:1071D000BCF6000103EC06F01BBEF28E03C086F67F
:1071E00002C085F601C084F600C083F682C688F628
:1071F00081C687F667EC78F01B6AF2BE1B8EF29EA2
:1072000086C6BBF685C6BAF684C6B9F683C6B8F696
:1072100003C0BFF602C0BEF601C0BDF600C0BCF69A
:10722000A5EC05F01BBEF28E02E2D8A4A1D0672B1C
:1072300067510F08D8B09BD0676B06013A51F90F20
:10724000D8B091D0070F000172EFCCF00401458D4A
:1072500081B0FED7010E936E8A820F0E0601816FF8
:10726000000176EC43F0010E936E8A9202EC00F07E
:10727000060179D00401458F81B0FED7010E936ECF
:107280008A820F0E0601816F000176EC43F0010E39
:10729000936E8A9230EC2FF0060165D0040146818E
:1072A00081B0FED7010E936E8A820F0E0601816FA8
:1072B000000176EC43F0010E936E8A9290EC30F070
:1072C000060151D00401458D81B0FED7010E936EA9
:1072D0008A820F0E0601816F000176EC43F0010EE9
:1072E000936E8A9202EC00F006013DD004014681C3
:1072F00081B0FED7010E936E8A820F0E0601816F58
:10730000000176EC43F0010E936E8A9256EC66F023
:10731000060129D00401458F81B0FED7010E936E7E
:107320008A820F0E0601816F000176EC43F0010E98
:10733000936E8A92A4EC6DF0060115D00401458F7E
:1073400081B0FED7010E936E8A820F0E0601816F07
:10735000000176EC43F0010E936E8A929BEC6EF086
:10736000060101D006010401D1EFC7F0000101D0F0
:10737000676B23D1060170C684F66FC683F60001E1
:10738000F9EC77F002C082F601C081F63DC684F6C2
:107390003CC683F6F9EC77F001500601815F02509C
:1073A000825B82C603F0815182AF08D0000ED88084
:1073B0008155006E000E8255036E0050816F03C030
:1073C00082F670C684F66FC683F60001F9EC77F09A
:1073D00002C003F001501B6AF2BE1B8EF29E060132
:1073E000B86F02C0B9F6000181EC03F01BBEF28E4B
:1073F0001B6AF2BE1B8EF29ECD0E0601BB6FCC0E39
:10740000BA6F4C0EB96F7D0EB86F03C0BFF602C0E5
:10741000BEF601C0BDF600C0BCF6000103EC06F0EC
:107420001BBEF28E03C086F602C085F601C084F64C
:1074300000C083F682C688F681C687F667EC78F0CE
:107440001B6AF2BE1B8EF29E86C6BBF685C6BAF6D6
:1074500084C6B9F683C6B8F603C0BFF602C0BEF64E
:1074600001C0BDF600C0BCF6A5EC05F01BBEF28E57
:1074700002E2D8A4A1D0672B67510F08D8B09BD0E7
:10748000676B06013A51F90FD8B091D0070F000190
:1074900089EFCCF00401458D81B0FED7010E936ECB
:1074A0008A820F0E0601816F000176EC43F0010E17
:1074B000936E8A9202EC00F0060179D00401458FA8
:1074C00081B0FED7010E936E8A820F0E0601816F86
:1074D000000176EC43F0010E936E8A9230EC2FF0AF
:1074E000060165D00401468181B0FED7010E936E7E
:1074F0008A820F0E0601816F000176EC43F0010EC7
:10750000936E8A9290EC30F0060151D00401458DC3
:1075100081B0FED7010E936E8A820F0E0601816F35
:10752000000176EC43F0010E936E8A9202EC00F0BB
:1075300006013DD00401468181B0FED7010E936E55
:107540008A820F0E0601816F000176EC43F0010E76
:10755000936E8A9256EC66F0060129D00401458F9D
:1075600081B0FED7010E936E8A820F0E0601816FE5
:10757000000176EC43F0010E936E8A92A4EC6DF05C
:10758000060115D00401458F81B0FED7010E936E20
:107590008A820F0E0601816F000176EC43F0010E26
:1075A000936E8A929BEC6EF0060101D006010401F5
:1075B000D1EFC7F0000101D0676B060104016A53E7
:1075C000D8A44BEFC3F006013A51040804E03A5145
:1075D0000608D8A43AD33A510608D8A47FD1345229
:1075E000D8A47CD104016C53D8A402D0060176D172
:1075F00025BA36D05D5234E11B6AF2BE1B8EF29E74
:1076000055C6BBF654C6BAF653C6B9F652C6B8F656
:1076100000013DEC0BF01BBEF28E1B6AF2BE1B8E0E
:10762000F29E170E0601BB6FB70EBA6F510EB96FFF
:10763000710EB86F03C0BFF602C0BEF601C0BDF642
:1076400000C0BCF6000103EC06F01BBEF28E03C0C6
:1076500067F202C066F201C065F200C064F2040184
:1076600006016351020808E2FF0A03E16251FB08C8
:1076700003E2010E5D6EEDD001017B517D5DD8A06E
:107680007ED004E17C517A5DD8B079D01B6AF2BE1D
:107690001B8EF29E6BC2BBF66AC2BAF669C2B9F61D
:1076A00068C2B8F60601BF6BBE6BBD6BBC6B000158
:1076B000A5EC05F01BBEF28E08E153C26BF252C27C
:1076C0006AF251C269F250C268F2552A55500F0849
:1076D00050E2556AD8821B6AF2BE1B8EF29E53C2DC
:1076E000BBF652C2BAF651C2B9F650C2B8F66BC276
:1076F000BFF66AC2BEF669C2BDF668C2BCF669ECE6
:1077000004F01BBEF28E03C084F602C083F601C0F3
:1077100082F600C081F681C600F082C601F083C601
:1077200002F084C603F0019E84C684F683C683F605
:1077300001C082F681C681F61B6AF2BE1B8EF29EE4
:1077400084C6BBF683C6BAF682C6B9F681C6B8F659
:1077500067C2BFF666C2BEF665C2BDF664C2BCF6BD
:10776000A5EC05F01BBEF28E03E3010E5D6E258ACB
:1077700004D001018B6B8A6B00016AD001015D525C
:107780005AE0D8821B6AF2BE1B8EF29E53C2BBF631
:1077900052C2BAF651C2B9F650C2B8F66BC2BFF6C1
:1077A0006AC2BEF669C2BDF668C2BCF6000169ECE9
:1077B00004F01BBEF28E03C084F602C083F601C043
:1077C00082F600C081F681C600F082C601F083C651
:1077D00002F084C603F0019E84C684F683C683F655
:1077E00001C082F681C681F61B6AF2BE1B8EF29E34
:1077F00084C6BBF683C6BAF682C6B9F681C6B8F6A9
:1078000067C2BFF666C2BEF665C2BDF664C2BCF60C
:10781000A5EC05F01BBEF28E04E3010E5D6E258A19
:1078200008D05D6A259A02016B6B6A6B696B686BA5
:10783000000109D001015D6A259A02016B6B6A6B38
:10784000696B686B0001556A01018B6B8A6B0001E3
:1078500006017DC17BF17CC17AF163C67DF162C610
:107860007CF153C24FF252C24EF251C24DF250C29D
:107870004CF247C653F246C652F245C651F244C6D0
:1078800050F2555327E1545325E1535323E152510C
:10789000320820E31B6AF2BE1B8EF29E47C6BBF67F
:1078A00046C6BAF645C6B9F644C6B8F6BF6BBE6B57
:1078B000480EBD6F840EBC6F0001A5EC05F01BBE29
:1078C000F28E04E2D8B402D0060104D0010E636F38
:1078D00003D006010001636BB5D1060125BA4DD076
:1078E0005C524BE11B6AF2BE1B8EF29E55C6BBF684
:1078F00054C6BAF653C6B9F652C6B8F600013DEC06
:107900000BF01BBEF28E1B6AF2BE1B8EF29E03C0F2
:10791000BBF602C0BAF601C0B9F600C0B8F606015F
:10792000BF6BBE6BBD6B810EBC6F00019CEC03F0A6
:107930001BBEF28E1B6AF2BE1B8EF29E170E060154
:10794000BB6FB70EBA6F510EB96F710EB86F03C02F
:10795000BFF602C0BEF601C0BDF600C0BCF6000115
:1079600003EC06F01BBEF28E03C067F202C066F2A3
:1079700001C065F200C064F206016151020808E22C
:10798000FF0A03E16051FB0803E2010E5C6EEDD0DB
:1079900001016B516D5DD8A07ED004E16C516A5D30
:1079A000D8B079D01B6AF2BE1B8EF29E6BC2BBF6BA
:1079B0006AC2BAF669C2B9F668C2B8F60601BF6B08
:1079C000BE6BBD6BBC6B0001A5EC05F01BBEF28E5F
:1079D00008E133C26BF232C26AF231C269F230C2DC
:1079E00068F2542A54500F0850E2546AD8821B6A35
:1079F000F2BE1B8EF29E33C2BBF632C2BAF631C261
:107A0000B9F630C2B8F66BC2BFF66AC2BEF669C23A
:107A1000BDF668C2BCF669EC04F01BBEF28E03C072
:107A200084F602C083F601C082F600C081F681C6EA
:107A300000F082C601F083C602F084C603F0019E06
:107A400084C684F683C683F601C082F681C681F6B9
:107A50001B6AF2BE1B8EF29E84C6BBF683C6BAF6C4
:107A600082C6B9F681C6B8F667C2BFF666C2BEF670
:107A700065C2BDF664C2BCF6A5EC05F01BBEF28E75
:107A800003E3010E5C6E258A04D001018B6B8A6BC7
:107A900000016AD001015C525AE0D8821B6AF2BE32
:107AA0001B8EF29E33C2BBF632C2BAF631C2B9F6B1
:107AB00030C2B8F66BC2BFF66AC2BEF669C2BDF686
:107AC00068C2BCF6000169EC04F01BBEF28E03C074
:107AD00084F602C083F601C082F600C081F681C63A
:107AE00000F082C601F083C602F084C603F0019E56
:107AF00084C684F683C683F601C082F681C681F609
:107B00001B6AF2BE1B8EF29E84C6BBF683C6BAF613
:107B100082C6B9F681C6B8F667C2BFF666C2BEF6BF
:107B200065C2BDF664C2BCF6A5EC05F01BBEF28EC4
:107B300004E3010E5C6E258A08D05C6A259A020176
:107B40006B6B6A6B696B686B000109D001015C6A41
:107B5000259A02016B6B6A6B696B686B0001546A52
:107B600001018B6B8A6B000106013BA30CD06351B2
:107B7000020808E2FF0A03E16251FB0803E2010E7A
:107B80005D6E01D05D6A6DC16BF16CC16AF161C659
:107B90006DF160C66CF133C22FF232C22EF231C2E7
:107BA0002DF230C22CF243C633F242C632F241C645
:107BB00031F240C630F2555343E1545341E153533F
:107BC0003FE1525132083CE31B6AF2BE1B8EF29E2B
:107BD00043C6BBF642C6BAF641C6B9F640C6B8F6C9
:107BE000BF6BBE6B480EBD6F840EBC6F0001A5EC71
:107BF00005F01BBEF28E20E21FE006013BA320D061
:107C00001B6AF2BE1B8EF29E47C6BBF646C6BAF68C
:107C100045C6B9F644C6B8F6BF6BBE6B480EBD6F1D
:107C2000840EBC6F0001A5EC05F01BBEF28E04E2D1
:107C3000D8B402D0060104D0010E636F03D0060150
:107C40000001636B4AEFC3F006013A510508D8A45E
:107C50009FD125BA36D05E5234E11B6AF2BE1B8E2C
:107C6000F29E55C6BBF654C6BAF653C6B9F652C60E
:107C7000B8F600013DEC0BF01BBEF28E1B6AF2BEA3
:107C80001B8EF29E170E0601BB6FB70EBA6F510E18
:107C9000B96F710EB86F03C0BFF602C0BEF601C067
:107CA000BDF600C0BCF6000103EC06F01BBEF28E70
:107CB00003C067F202C066F201C065F200C064F260
:107CC00006016151020808E2FF0A03E16051FB0866
:107CD00003E2010E5E6EEDD001016F51715DD8A01F
:107CE0007ED004E170516E5DD8B079D01B6AF2BECF
:107CF0001B8EF29E6BC2BBF66AC2BAF669C2B9F6B7
:107D000068C2B8F60601BF6BBE6BBD6BBC6B0001F1
:107D1000A5EC05F01BBEF28E08E13BC26BF23AC245
:107D20006AF239C269F238C268F2562A56500F0810
:107D300050E2566AD8821B6AF2BE1B8EF29E3BC28C
:107D4000BBF63AC2BAF639C2B9F638C2B8F66BC257
:107D5000BFF66AC2BEF669C2BDF668C2BCF669EC7F
:107D600004F01BBEF28E03C084F602C083F601C08D
:107D700082F600C081F681C600F082C601F083C69B
:107D800002F084C603F0019E84C684F683C683F69F
:107D900001C082F681C681F61B6AF2BE1B8EF29E7E
:107DA00084C6BBF683C6BAF682C6B9F681C6B8F6F3
:107DB00067C2BFF666C2BEF665C2BDF664C2BCF657
:107DC000A5EC05F01BBEF28E03E3010E5E6E258A64
:107DD00004D001018B6B8A6B00016AD001015E52F5
:107DE0005AE0D8821B6AF2BE1B8EF29E3BC2BBF6E3
:107DF0003AC2BAF639C2B9F638C2B8F66BC2BFF6A3
:107E00006AC2BEF669C2BDF668C2BCF6000169EC82
:107E100004F01BBEF28E03C084F602C083F601C0DC
:107E200082F600C081F681C600F082C601F083C6EA
:107E300002F084C603F0019E84C684F683C683F6EE
:107E400001C082F681C681F61B6AF2BE1B8EF29ECD
:107E500084C6BBF683C6BAF682C6B9F681C6B8F642
:107E600067C2BFF666C2BEF665C2BDF664C2BCF6A6
:107E7000A5EC05F01BBEF28E04E3010E5E6E258AB2
:107E800008D05E6A259A02016B6B6A6B696B686B3E
:107E9000000109D001015E6A259A02016B6B6A6BD1
:107EA000696B686B0001566A01018B6B8A6B00017C
:107EB00006013BA30CD06351020808E2FF0A03E16C
:107EC0006251FB0803E2010E5F6E01D05F6A71C16F
:107ED0006FF170C16EF161C671F160C670F13BC2A5
:107EE00037F23AC236F239C235F238C234F243C6FA
:107EF0003BF242C63AF241C639F240C638F2555317
:107F000043E1545341E153533FE1525132083CE3C2
:107F10001B6AF2BE1B8EF29E43C6BBF642C6BAF681
:107F200041C6B9F640C6B8F6BF6BBE6B480EBD6F12
:107F3000840EBC6F0001A5EC05F01BBEF28E20E2A2
:107F40001FE006013BA320D01B6AF2BE1B8EF29EEF
:107F500047C6BBF646C6BAF645C6B9F644C6B8F635
:107F6000BF6BBE6B480EBD6F840EBC6F0001A5ECED
:107F700005F01BBEF28E04E2D8B402D0060104D094
:107F8000010E646F03D006010001646B83D3060108
:107F900025BA40D0D8903A35826B816F5A0E812530
:107FA000E96E000E8221EA6EEF5234E11B6AF2BEE6
:107FB0001B8EF29E55C6BBF654C6BAF653C6B9F62A
:107FC00052C6B8F600013DEC0BF01BBEF28E1B6AE8
:107FD000F2BE1B8EF29E170E0601BB6FB70EBA6F74
:107FE000510EB96F710EB86F03C0BFF602C0BEF676
:107FF00001C0BDF600C0BCF6000103EC06F01BBEDC
:10800000F28E03C067F202C066F201C065F200C0E2
:1080100064F206016151020812E2FF0A03E16051B5
:10802000FB080DE2D8903A35826B816F5A0E81259C
:10803000E96E000E8221EA6E010EEF6E1FD23A51F8
:10804000040DF350826B816F660E8125E96E010E7F
:108050008221EA6EECCF84F6ED52EFCF83F63A51EF
:10806000040DF350866B856F020E8525016E000EA0
:108070008621036E0150660FE96E010E0320EA6E41
:10808000ECCF03F0ED52EF50835F0350845B84AF7D
:1080900018D18451FF08D8A014D104E18351FE08FF
:1080A000D8A00FD13A51040DF350036A680FE96E5E
:1080B000020E0320EA6EEFCF81F6ECCF82F6ECCF12
:1080C00083F6ECCF84F61B6AF2BE1B8EF29E84C64A
:1080D000BBF683C6BAF682C6B9F681C6B8F6BF6BE0
:1080E000BE6BBD6BBC6B0001A5EC05F01BBEF28E38
:1080F00030E106013A51040DF350036A680F816FB5
:10810000020E0320826F3A51080DF350846B836F87
:10811000040E8325016E000E8421036E0150240F8E
:10812000E96E020E0320EA6EEFCF83F6ECCF84F601
:10813000ECCF85F6ECCF86F682C6EAFF81C6E9FF72
:1081400083C6EFFF84C6ECFF85C6ECFF86C6ECFF56
:108150000001D89006013A35826B816F520E81255D
:10816000E96E000E8221EA6EEF2AD8903A35826BD2
:10817000816F520E8125E96E000E8221EA6EEF506A
:108180000F08D8B098D0D8903A35826B816F520ED4
:108190008125E96E000E8221EA6EEF6A3A51080DE0
:1081A000F350826B816F040E8125016E000E8221D7
:1081B000036E0150240FE96E020E0320EA6EEFCF2A
:1081C00081F6ECCF82F6ECCF83F6ECCF84F63A5111
:1081D000040DF350036A680FE96E020E0320EA6E85
:1081E000EFCFBCF6ECCF01F0ECCF02F0ECCF03F018
:1081F000EACF86F6E9CF85F6D8821B6AF2BE1B8EDF
:10820000F29E84C6BBF683C6BAF682C6B9F681C6AC
:10821000B8F603C0BFF602C0BEF601C0BDF600014D
:1082200069EC04F01BBEF28E86C6EAFF85C6E9FF44
:1082300003C084F602C083F601C082F600C081F656
:1082400081C600F082C601F083C602F084C603F046
:10825000019E84C684F683C683F601C082F681C679
:1082600081F61B6AF2BE1B8EF29E84C6BBF683C6E5
:10827000BAF682C6B9F681C6B8F667C2BFF666C25C
:10828000BEF665C2BDF664C2BCF6A5EC05F01BBE29
:10829000F28E0FE3D89006013A35826B816F5A0E49
:1082A0008125E96E000E8221EA6E010EEF6E258AAD
:1082B000000105D0060101018B6B8A6B0001DDD046
:1082C0000601D8903A35826B816F5A0E8125E96E8E
:1082D000000E8221EA6EEF52D8B4A7D03A51080DB1
:1082E000F350826B816F040E8125016E000E822196
:1082F000036E0150240FE96E020E0320EA6EEFCFE9
:1083000081F6ECCF82F6ECCF83F6ECCF84F63A51CF
:10831000040DF350036A680FE96E020E0320EA6E43
:10832000EFCFBCF6ECCF01F0ECCF02F0ECCF03F0D6
:10833000EACF86F6E9CF85F6D8821B6AF2BE1B8E9D
:10834000F29E84C6BBF683C6BAF682C6B9F681C66B
:10835000B8F603C0BFF602C0BEF601C0BDF600010C
:1083600069EC04F01BBEF28E86C6EAFF85C6E9FF03
:1083700003C084F602C083F601C082F600C081F615
:1083800081C600F082C601F083C602F084C603F005
:10839000019E84C684F683C683F601C082F681C638
:1083A00081F61B6AF2BE1B8EF29E84C6BBF683C6A4
:1083B000BAF682C6B9F681C6B8F667C2BFF666C21B
:1083C000BEF665C2BDF664C2BCF6A5EC05F01BBEE8
:1083D000F28E10E3D89006013A35826B816F5A0E07
:1083E0008125E96E000E8221EA6E010EEF6E258A6C
:1083F0001BD00001D89006013A35826B816F5A0E6E
:108400008125E96E000E8221EA6EEF6A259A3A51C3
:10841000040DF350036A680FE96E020E0320EA6E42
:10842000EF6AEC6AEC6AEC6A19D0D8903A35826B44
:10843000816F5A0E8125E96E000E8221EA6EEF6A85
:10844000259A3A51040DF350036A680FE96E020E43
:108450000320EA6EEF6AEC6AEC6AEC6AD8903A356F
:10846000826B816F520E8125E96E000E8221EA6EC9
:10847000EF6A01018B6B8A6B000106013BA32CD0D4
:108480006351020818E2FF0A03E16251FB0813E29C
:10849000D8903A35826B816F010E8125016E000EF6
:1084A0008221036E01505A0FE96E000E0320EA6E1E
:1084B000010EEF6E11D0D8903A35826B816F010EAC
:1084C0008125016E000E8221036E01505A0FE96E64
:1084D000000E0320EA6EEF6A3A51040DF350826BEE
:1084E000816F660E8125836F010E8221846F3A5160
:1084F000040DF350866B856F020E8525016E000E0C
:108500008621036E0150660FE96E010E0320EA6EAC
:10851000ECCF86F6ED52EFCF85F684C6EAFF83C630
:10852000E9FF86C6ECFFED5285C6EFFF3A51040D18
:10853000F350826B816F020E8125016E000E822145
:10854000036E0150660FE96E010E0320EA6E61C6EC
:10855000ECFFED5260C6EFFF3A51080DF350826B0D
:10856000816F240E8125836F020E8221846F3A5120
:10857000080DF350866B856F040E8525016E000E85
:108580008621036E0150240FE96E020E0320EA6E6D
:10859000EFCF85F6ECCF86F6ECCF87F6ECCF88F6FA
:1085A00084C6EAFF83C6E9FF85C6EFFF86C6ECFFF7
:1085B00087C6ECFF88C6ECFF3A51080DF350826B7A
:1085C000816F040E8125016E000E8221036E015021
:1085D000240FE96E020E0320EA6E40C6EFFF41C68B
:1085E000ECFF42C6ECFF43C6ECFF55534AE154533F
:1085F00048E1535346E15251320843E31B6AF2BE4D
:108600001B8EF29E43C6BBF642C6BAF641C6B9F609
:1086100040C6B8F6BF6BBE6B480EBD6F840EBC6F14
:108620000001A5EC05F01BBEF28E20E21FE0060162
:108630003BA327D01B6AF2BE1B8EF29E47C6BBF639
:1086400046C6BAF645C6B9F644C6B8F6BF6BBE6BA9
:10865000480EBD6F840EBC6F0001A5EC05F01BBE7B
:10866000F28E04E2D8B402D006010BD0036A0601F0
:108670003A51620FE96E000E0320EA6E010EEF6EB2
:1086800008D0036A3A51620FE96E000E0320EA6EC9
:10869000EF6A000104011FBAC9EFC7F01FBCC9EFA0
:1086A000C7F01FBEC9EFC7F006013B992AA02CD026
:1086B0002BA82AD01B6AF2BE1B8EF29E5FC6BBF6A9
:1086C0005EC6BAF65DC6B9F65CC6B8F625C3BFF697
:1086D00024C3BEF623C3BDF622C3BCF60001A5EC3D
:1086E00005F01BBEF28E04E306013B890DD00001AC
:1086F00006013B992A900201E6810301026B016B9E
:10870000006B0201FF6B060156530BE1575309E161
:1087100004016A53D8B402D0060103D006013BA974
:10872000E5D004016A53D8B48FD00601565302E154
:10873000575304E05651D8B457075607D8821B6ADE
:10874000F2BE1B8EF29E5FC6BBF65EC6BAF65DC673
:10875000B9F65CC6B8F65BC6BFF65AC6BEF659C6D1
:10876000BDF658C6BCF6000169EC04F01BBEF28EE3
:1087700003C05FF602C05EF601C05DF600C05CF6A5
:108780001B6AF2BE1B8EF29E1FC1B9F61EC1B8F65F
:1087900081EC03F01BBEF28E1B6AF2BE1B8EF29EB2
:1087A0005FC6BBF65EC6BAF65DC6B9F65CC6B8F67D
:1087B00003C0BFF602C0BEF601C0BDF600C0BCF6E5
:1087C000A5EC05F01BBEF28E01E214E11B6AF2BEBD
:1087D0001B8EF29E1FC1B9F61EC1B8F681EC03F0E4
:1087E0001BBEF28E03C05FF602C05EF601C05DF6EE
:1087F00000C05CF61B6AF2BE1B8EF29E5FC6B7F627
:108800005EC6B6F65DC6B5F65CC6B4F64BEC04F0D3
:108810001BBEF28E02C063F601C062F61B6AF2BE96
:108820001B8EF29E5FC6B7F65EC6B6F65DC6B5F69F
:108830005CC6B4F64BEC04F01BBEF28E02C061F6CF
:1088400001C060F650D0040106015651D8B4570754
:108850005607D8921B6AF2BE1B8EF29E5FC6BBF60D
:108860005EC6BAF65DC6B9F65CC6B8F65BC6BFF6BC
:108870005AC6BEF659C6BDF658C6BCF6000169EC2C
:1088800004F01BBEF28E03C05FF602C05EF601C0AC
:108890005DF600C05CF61B6AF2BE1B8EF29E5FC6E0
:1088A000B7F65EC6B6F65DC6B5F65CC6B4F64BEC7A
:1088B00004F01BBEF28E02C063F601C062F61B6AB2
:1088C000F2BE1B8EF29E5FC6B7F65EC6B6F65DC6FA
:1088D000B5F65CC6B4F64BEC04F01BBEF28E02C0DB
:1088E00061F601C060F6C8EFC7F006012A9077C6AE
:1088F00081F6836B280E826F00018FEF78F001A064
:10890000C8EFC7F077C683F60601846B866B280E26
:10891000856F0001F5EC2EF051C697F150C696F127
:1089200001019651945D03E19751955D03E00601C5
:108930003B97010197C195F196C194F106013A5117
:1089400006081DE134521BE104016C53D8A402D087
:10895000060115D006013BB706D03FC667F63EC6F6
:1089600066F63B870BD03E516625816F3F516721EC
:10897000826FD8908231676F8131666F28D03BA7B4
:1089800002D02BA80CD03DC665F63CC664F63BA3CE
:1089900004D03FC667F63EC666F63B8718D03C510A
:1089A0006425816F3D516521826FD8908231656F5A
:1089B0008131646F3BA30BD03E516625816F3F51DF
:1089C0006721826FD8908231676F8131666F3A512B
:1089D0000608D8A491D03452D8A48ED004016C5388
:1089E000D8A402D0060188D006016651505D816F7F
:1089F00067515159826F82C603F0815182AF08D00E
:108A0000000ED8808155006E000E8255036E005016
:108A1000816F03C082F682BF0BD08251010808E249
:108A2000FF0A03E18151EE0803E2190E6E6F45D093
:108A30006651505D816F67515159826F82C603F054
:108A4000815182AF08D0000ED8808155006E000E93
:108A50008255036E0050816F03C082F682BF0BD037
:108A60008251000808E2FF0A03E181515E0803E237
:108A7000110E6E6F22D06651505D816F6751515952
:108A8000826F82C603F0815182AF08D0000ED88079
:108A90008155006E000E8255036E0050816F03C039
:108AA00082F682BF08D0825303E18151C80803E2F5
:108AB0000A0E6E6F02D0010E6E6F6651505D816FAF
:108AC00067515159826F82C603F0815182AF08D03D
:108AD000000ED8808155006E000E8255036E005046
:108AE000816F03C082F682BF05D0825304E18151B9
:108AF000090801E36E6B0ED16451505D816F6551C1
:108B00005159826F82C603F0815182AF08D0000EA6
:108B1000D8808155006E000E8255036E0050816F23
:108B200003C082F682BF0BD08251010808E2FF0A1F
:108B300003E18151EE0803E2190E6D6F45D06451D7
:108B4000505D816F65515159826F82C603F081512A
:108B500082AF08D0000ED8808155006E000E82557D
:108B6000036E0050816F03C082F682BF0BD082512A
:108B7000000808E2FF0A03E181515E0803E2110EDA
:108B80006D6F22D06451505D816F65515159826F74
:108B900082C603F0815182AF08D0000ED880815583
:108BA000006E000E8255036E0050816F03C082F686
:108BB00082BF08D0825303E18151C80803E20A0E44
:108BC0006D6F02D0010E6D6F6451505D816F655104
:108BD0005159826F82C603F0815182AF08D0000ED6
:108BE000D8808155006E000E8255036E0050816F53
:108BF00003C082F682BF05D0825304E18151090887
:108C000001E36D6B3BA386D06651505D816F675168
:108C10005159826F82C603F0815182AF08D0000E95
:108C2000D8808155006E000E8255036E0050816F12
:108C300003C082F682BF0BD08251010808E2FF0A0E
:108C400003E18151EE0803E2190E6E6F45D06651C3
:108C5000505D816F67515159826F82C603F0815117
:108C600082AF08D0000ED8808155006E000E82556C
:108C7000036E0050816F03C082F682BF0BD0825119
:108C8000000808E2FF0A03E181515E0803E2110EC9
:108C90006E6F22D06651505D816F67515159826F5E
:108CA00082C603F0815182AF08D0000ED880815572
:108CB000006E000E8255036E0050816F03C082F675
:108CC00082BF08D0825303E18151C80803E20A0E33
:108CD0006E6F02D0010E6E6F6651505D816F6751ED
:108CE0005159826F82C603F0815182AF08D0000EC5
:108CF000D8808155006E000E8255036E0050816F42
:108D000003C082F682BF05D0825304E18151090875
:108D100001E36E6B65C684F664C683F60001F9EC68
:108D200077F002C069F601C068F667C684F666C6C9
:108D300083F6F9EC77F002C06BF601C06AF6036ABD
:108D400006013A514C0FE96E040E0320EA6EEF5211
:108D500031E104014B51020808E04B51030805E0E2
:108D60004B53D8B402D0060125D0036A06013A510C
:108D7000816F03C082F6DE0E8125836F050E82218E
:108D8000846F010E856F84C6EAFF83C6E9FF85C63E
:108D9000EEFF036A3A514C0FE96E040E0320EA6EAF
:108DA000010EEF6E3AC6E6F5100E816F000100EC81
:108DB00066F006013A51060840E134523EE10401F2
:108DC0006C53D8A402D0060138D025BA19D00601B8
:108DD0006B51515D14E303E150516A5D10E26E5135
:108DE0006227000E63236351020809E2FF0A03E1D0
:108DF0006251FB0804E2030E636FFC0E626F040114
:108E0000060151516B5D18E303E16A51505D14E2B4
:108E10006E51625F000E635B635303E1625135087C
:108E200008E26351020808E2FF0A03E16251FC080C
:108E300003E2636B360E626FAAD03A51040803E076
:108E40003A5106081AE125BA17D06951515D14E369
:108E500003E15051685D10E26D516027000E6123FF
:108E60006151020809E2FF0A03E16051FB0804E2D4
:108E7000030E616FFC0E606F19D025BA17D06951CF
:108E8000515D14E303E15051685D10E26D516027BC
:108E9000000E61236151020809E2FF0A03E16051FB
:108EA000FB0804E2030E616FFC0E606F5151695DB7
:108EB00018E303E16851505D14E26D51605F000EEC
:108EC000615B615303E16051350808E261510208BA
:108ED00008E2FF0A03E16051FC0803E2616B360E11
:108EE000606F3BA354D03A51040803E03A5106089E
:108EF0001AE125BA17D06B51515D14E303E15051CB
:108F00006A5D10E26E516227000E6323635102080E
:108F100009E2FF0A03E16251FB0804E2030E636FFA
:108F2000FC0E626F19D025BA17D06B51515D14E356
:108F300003E150516A5D10E26E516227000E632317
:108F40006351020809E2FF0A03E16251FB0804E2EF
:108F5000030E636FFC0E626F51516B5D18E303E10A
:108F60006A51505D14E26E51625F000E635B6353A1
:108F700003E16251350808E26351020808E2FF0A82
:108F800003E16251FC0803E2636B360E626F00017D
:108F9000040163C6D9F162C6D8F161C6DBF160C6CF
:108FA000DAF106013B913A51F90FD8B0F9EFCBF065
:108FB000070F0001A0EFCCF03DC6EBF03CC6EAF095
:108FC0003FC6EDF03EC6ECF043C60BF242C60AF2D5
:108FD00041C609F240C608F247C60FF246C60EF275
:108FE00045C60DF244C60CF2239006013BB5238022
:108FF0004BC6D5F04AC6D4F049C6D3F048C6D2F025
:1090000053C623F152C622F157C6F7F056C6F6F002
:109010005FC6FBF15EC6FAF15DC6F9F15CC6F8F118
:1090200061C6FFF060C6FEF063C607F162C606F1D6
:1090300065C60FF164C60EF167C617F166C616F174
:1090400022903BB72280FFC002F0FEC001F0023246
:10905000013202320132023201C06FFF02320230AD
:10906000300B006E6E50CF0B00106E6E305213E05E
:1090700007C102F006C101F00232013202320132B0
:10908000023201C072FF02320230300B006E7150AA
:10909000CF0B0010716E23903BB52380AAD33DC641
:1090A000EFF03CC6EEF03FC6F1F03EC6F0F043C62E
:1090B00013F242C612F241C611F240C610F247C680
:1090C00017F246C616F245C615F244C614F22392AC
:1090D00006013BB523824BC6DDF04AC6DCF049C62B
:1090E000DBF048C6DAF053C625F152C624F157C664
:1090F000F9F056C6F8F05FC6FFF15EC6FEF15DC638
:10910000FDF15CC6FCF161C601F160C600F163C609
:1091100009F162C608F165C611F164C610F167C6AF
:1091200019F166C618F122923BB722822BA803D010
:109130002AB001D02AD001C102F000C101F00232F0
:10914000013202320132023201C044FF02320230E7
:10915000300B006E0F014351CF0B0010436F3152A3
:1091600013E009C102F008C101F0023201320232FB
:109170000132023201C047FF02320230300B006E72
:109180004651CF0B0010466F060123923BB5238258
:1091900030D33DC6F3F03CC6F2F03FC6F5F03EC614
:1091A000F4F043C61BF242C61AF241C619F240C699
:1091B00018F247C61FF246C61EF245C61DF244C647
:1091C0001CF2239406013BB523844BC6E5F04AC646
:1091D000E4F049C6E3F048C6E2F053C627F152C6B0
:1091E00026F157C6FBF056C6FAF05FC603F25EC61C
:1091F00002F25DC601F25CC600F261C603F160C610
:1092000002F163C60BF162C60AF165C613F164C6CA
:1092100012F167C61BF166C61AF122943BB722848D
:1092200003C102F002C101F0023201320232013206
:10923000023201C075FF02320230300B006E7450F2
:10924000CF0B0010746E325213E00BC102F00AC152
:1092500001F00232013202320132023201C078FFE3
:1092600002320230300B006E7750CF0B0010776E59
:1092700023943BB52384BDD23DC6EBF03CC6EAF057
:109280003FC6EDF03EC6ECF043C60BF242C60AF212
:1092900041C609F240C608F247C60FF246C60EF2B2
:1092A00045C60DF244C60CF2239606013BB5238653
:1092B0004BC6D5F04AC6D4F049C6D3F048C6D2F062
:1092C00053C629F152C628F157C6FDF056C6FCF028
:1092D0005FC607F25EC606F25DC605F25CC604F222
:1092E00061C605F160C604F163C60DF162C60CF1FA
:1092F00065C615F164C614F167C61DF166C61CF19A
:1093000022963BB7228605C102F004C101F0023269
:10931000013202320132023201C06FFF02320230EA
:10932000300B006E6E50CF0B00106E6E0DC102F050
:109330000CC101F00232013202320132023201C0AC
:1093400072FF02320230300B006E7150CF0B0010F2
:10935000716E23963BB523864CD23DC631F13CC697
:1093600030F13FC633F13EC632F143C61BF242C66E
:109370001AF241C619F240C618F247C61FF246C695
:109380001EF245C61DF244C61CF21B6AF2BE1B8EBD
:10939000F29E0601BB6BBA6B7A0EB96F880EB86F7E
:1093A0001BC2BFF61AC2BEF619C2BDF618C2BCF681
:1093B000000103EC06F01BBEF28E1B6AF2BE1B8E90
:1093C000F29E03C0B7F602C0B6F601C0B5F600C003
:1093D000B4F64BEC04F01BBEF28E02C02DF101C0BE
:1093E0002CF11B6AF2BE1B8EF29E0601BB6BBA6BA0
:1093F0007A0EB96F880EB86F1FC2BFF61EC2BEF6D6
:109400001DC2BDF61CC2BCF6000103EC06F01BBE7B
:10941000F28E1B6AF2BE1B8EF29E03C0B7F602C02C
:10942000B6F601C0B5F600C0B4F64BEC04F01BBEB6
:10943000F28E02C02FF101C02EF1239406013BB53C
:1094400023844BC6E5F04AC6E4F049C6E3F048C6BB
:10945000E2F053C627F152C626F157C6FBF056C6B6
:10946000FAF05FC603F25EC602F25DC601F25CC6A8
:1094700000F261C637F160C636F163C639F162C6E3
:1094800038F165C613F164C612F167C61BF166C6F2
:109490001AF122943BB7228453C635F152C634F1F7
:1094A00037C102F036C101F002320132023201321C
:1094B000023201C075FF02320230300B006E745070
:1094C000CF0B0010746E0201C15313E039C102F0DA
:1094D00038C101F00232013202320132023201C0DF
:1094E00078FF02320230300B006E7750CF0B001045
:1094F000776E239406013BB523847BD13DC63DF1B5
:109500003CC63CF143C613F242C612F241C611F208
:1095100040C610F21B6AF2BE1B8EF29E0601BB6BA8
:10952000BA6B7A0EB96F880EB86F13C2BFF612C24B
:10953000BEF611C2BDF610C2BCF6000103EC06F087
:109540001BBEF28E1B6AF2BE1B8EF29E03C0B7F6E4
:1095500002C0B6F601C0B5F600C0B4F64BEC04F09C
:109560001BBEF28E02C03FF101C03EF12392060104
:109570003BB523824BC6DDF04AC6DCF049C6DBF0C2
:1095800048C6DAF053C641F152C640F157C6F9F069
:1095900056C6F8F05FC6FFF15EC6FEF15DC6FDF18E
:1095A0005CC6FCF161C643F160C642F163C609F1D5
:1095B00062C608F165C611F164C610F167C619F1FB
:1095C00066C618F122923BB722821FBC15D043C158
:1095D00002F042C101F002320132023201320232A3
:1095E00001C044FF02320230300B006E0F014351C4
:1095F000CF0B0010436F0601FCD006013A5106085C
:1096000042E1345240E104016C53D8A402D0060177
:109610003AD03FC649F13EC648F147C617F246C6A2
:1096200016F245C615F244C614F21B6AF2BE1B8E32
:10963000F29E0601BB6BBA6B7A0EB96F880EB86FDB
:1096400017C2BFF616C2BEF615C2BDF614C2BCF6EE
:10965000000103EC06F01BBEF28E1B6AF2BE1B8EED
:10966000F29E03C0B7F602C0B6F601C0B5F600C060
:10967000B4F64BEC04F01BBEF28E02C03FF101C009
:109680003EF138D006013DC649F13CC648F143C61B
:1096900013F242C612F241C611F240C610F21B6A22
:1096A000F2BE1B8EF29EBB6BBA6B7A0EB96F880E40
:1096B000B86F13C2BFF612C2BEF611C2BDF610C219
:1096C000BCF6000103EC06F01BBEF28E1B6AF2BE74
:1096D0001B8EF29E03C0B7F602C0B6F601C0B5F607
:1096E00000C0B4F64BEC04F01BBEF28E02C03FF19A
:1096F00001C03EF1239206013BB523824BC6DDF04B
:109700004AC6DCF049C6DBF048C6DAF053C641F180
:1097100052C640F157C6F9F056C6F8F05FC6FFF1E1
:109720005EC6FEF15DC6FDF15CC6FCF161C64FF19F
:1097300060C64EF163C651F162C650F165C611F1C3
:1097400064C610F167C619F166C618F122923BB7DC
:1097500022823A5106081EE134521CE104016C5386
:10976000D8A402D0060116D051C102F050C101F0B8
:109770000232013202320132023201C047FF0232AC
:109780000230300B006E0F014651CF0B0010466FB8
:109790002AD006014FC102F04EC101F0023201325F
:1097A00002320132023201C044FF02320230300B79
:1097B000006E0F014351CF0B0010436F345213E082
:1097C00051C102F050C101F00232013202320132C5
:1097D000023201C047FF02320230300B006E4651A8
:1097E000CF0B0010466F239206013BB5238201D0B8
:1097F0000601000E3BB1010E016E00011200E824CB
:10980000F76AF7361F0FF66E980EF722010EF86E04
:10981000FB6E0A00F550FA6E0800F550F96E064E20
:10982000D04E54502051A052D2514253E824F76AEE
:10983000F7364D0FF66E980EF722010EF86EFB6E9E
:109840000A00F550FA6E0800F550F96E4E5860584F
:1098500072588458A8589658BA58E824F76AF736C8
:109860007B0FF66E980EF722010EF86EFB6E0A0063
:10987000F550FA6E0800F550F96E4060A660C261BE
:109880002E622A64A0620C65E824F76AF736A90FF5
:10989000F66E980EF722010EF86EFB6E0A00F55078
:1098A000FA6E0800F550F96E4466906608678067A6
:1098B0000068C8679E69E824F76AF736D70FF66E26
:1098C000980EF722010EF86EFB6E0A00F550FA6E44
:1098D0000800F550F96EE66A326BB06B286CA86C24
:1098E000706C146DE824F76AF736050FF66E990E62
:1098F000F722010EF86EFB6E0A00F550FA6E0800B2
:10990000F550F96E4C7274729C72C4721473EC72DE
:109910003C73E824F76AF736330FF66E990EF72298
:10992000010EF86EFB6E0A00F550FA6E0800F55055
:10993000F96E9474BC74E4740C755C75347584753C
:10994000E824F76AF736610FF66E990EF722010EDA
:10995000F86EFB6E0A00F550FA6E0800F550F96ECD
:10996000B88F9E9092917892FC945A93FA95F86AE7
:10997000D09E078E140E006E100E016E020EE96E60
:10998000000EEA6EEE6A002EFDD7012EFBD7700E98
:10999000D36E400E9B6E646A1C6A65868A0EAF6E3B
:1099A000000ED46EA60EAC6E900EAB6E0F0120872B
:1099B000820E1E6F060E1F6FA60E216F900E226F75
:1099C0000D0E1E6E540E1D6E1F901F921F941F963B
:1099D0001F981F9A1F9C1F9E2490249224842496D3
:1099E0002498249A249C249E2590259225842596AB
:1099F0002598259A259C259E2A902A922A942A8683
:109A00002A882A8A2A8C2A8E2B80346A356A366AFA
:109A1000376A416A406A436A426A456A446A476AE9
:109A2000466A010E486E496A4B6A4A6A4C6A4D6A38
:109A30004E6A4F6A506A516A0001666B676B686BC9
:109A4000696B6A6B6B6B6C6B6D6B6E6B6F6B706B5A
:109A5000716B726B736B746B756B766B776BBB6BC7
:109A6000BA6BB96BB86BBF6BBE6BBD6BBC6BC16BBC
:109A7000C06BC36BC26BC56BC46BC76BC66BC96B6A
:109A8000C86BCB6BCA6BCD6BCC6BCF6BCE6BD16B1A
:109A9000D06BD36BD26BD56BD46BD76BD66BD96BCA
:109AA000D86BDB6BDA6BDD6BDC6BDF6BDE6BE16B7A
:109AB000E06BE36BE26BE56BE46BE76BE66BE96B2A
:109AC000E86B01011F6B360E1E6F216B470E206F76
:109AD0002B6B2A6B356B346B376B366B396B386B92
:109AE0003B6B3A6B3D6B3C6B3F6B3E6B416B406B32
:109AF000436B426B456B446B476B466B496B486BE2
:109B00004B6B4A6B4D6B4C6B4F6B4E6B516B506B91
:109B1000536B526B556B546B596B586B576B566B41
:109B20005D6B5C6B5B6B5A6B616B606B5F6B5E6BF1
:109B3000636B626B656B646B876B866B896B886B21
:109B40008B6B8A6B8D6B8C6B8F6B8E6B916B906B51
:109B5000936B926B956B946B976B966BD56BD46B89
:109B6000D76BD66BD96BD86BDB6BDA6BDF6BDE6BCD
:109B7000DD6BDC6BE36BE26B270EE16F100EE06FC9
:109B8000E76BE66BE56BE46B0201236B226B216BE9
:109B9000206B676B666B656B646B7F6B7E6B7D6B3D
:109BA0007C6B836B826B816B806B876B866B856B49
:109BB000846B8B6B8A6B896B886B8F6B8E6B8D6BF9
:109BC0008C6B936B926B916B906B976B966B956BA9
:109BD000946B9B6B9A6B996B986B9F6B9E6B9D6B59
:109BE0009C6BA36BA26BA16BA06BA76BA66BA56B09
:109BF000A46BAB6BAA6BA96BA86BAF6BAE6BAD6BB9
:109C0000AC6B2B922B84B16BB06BB56BB46BB36B3D
:109C1000B26BB66B2B96C56BC46BC76BC66BCB6B4D
:109C2000CA6BC96BC86BCD6BCC6BCF6BCE6BD06B7B
:109C3000D26BD16BD66BD56BD46B320ED36FDA6B24
:109C4000D96B030ED86FE80ED76FDE6BDD6BDC6B64
:109C5000DB6BE06BDF6BE16B2B982B9A2B9C2B9EC5
:109C6000E691E693E695E697E699E69BEA6BE96B63
:109C7000E86BE76BEE6BED6BEC6BEB6BF26BF16B28
:109C8000F06BEF6BF66BF56BF46BF36BFA6BF96BD8
:109C9000F86BF76BFE6BFD6BFC6BFB6B0301026BF0
:109CA000016B006B0201FF6B0301066B056B046B1C
:109CB000036B0A6B096B086B076B0B6B0D6B0C6B03
:109CC0000201E69D03010F6B0E6B116B106B136BA2
:109CD000126B190E146F186B176B166B156B196BD3
:109CE0001B6B1A6B1D6B1C6B1F6B1E6B216B206B30
:109CF000256B246B236B226B296B286B276B266BE0
:109D00002D6B2C6B2B6B2A6B0201E69F03012E91AE
:109D10002F6B306B2E93346B336B326B316B386B34
:109D2000376B366B356B3C6B3B6B3A6B396B2E95F7
:109D30002E972E992E9B3D6B456B446B0401406B17
:109D4000416B426B03012E9D2E9F0401439143936F
:109D500043954397446B4399439B439D466B456BA7
:109D60004A6B496B486B476B4B6B439F53915393C3
:109D7000546B53956A6B53976B6B6C6B6D6B6E6B1F
:109D80000601286B296B04015399539B06012A6B2A
:109D90002B6B2C6B2D6B2F6B2E6B336B326B316BF4
:109DA000306B356B346B376B366B060E386F000ECD
:109DB0000F01236F246F256FC196C198C19A2E6B36
:109DC0002F6B546B3AD004002000000000040026E2
:109DD0000000000008402C000840380014405200E9
:109DE0002F00786400640064006400C8000000C8AC
:109DF000000000C8000000C8000000C8000000C843
:109E0000000000C8000000C8000000140014001486
:109E1000001411C0003440EA000841220008412C1F
:109E200000204166003C4198003841E8004042244F
:109E3000001442680007444C0000010EF86E9D0EAD
:109E4000F76EC60EF66E0900F550006E000A13E0BC
:109E50000900F550016EE8BE05D00F0BEA6E09004F
:109E6000F5CFE9FF01BC090001AC0900F5CFEEFF19
:109E7000004EE9D7F9D7F86AFE0E256F0F0E246F52
:109E8000236BD08EF28EF28CF1849F80A282D280DE
:109E9000D282D284D286D288D28CF192F190F09E76
:109EA000F09C000E236F0F0E246FF60E256FC196E7
:109EB000C188C19AC050C00B0A09C06EC08EC28052
:109EC000010E936E8A6A900E946E8B6A956A8C6A04
:109ED000966A8D6AE40E986E8F6AC69A229FAB9E30
:109EE000C290F296228FAB8EC2802669C60ED56EC6
:109EF000070ECD6EAA6A000E0609CA6EF90ECB6E69
:109F0000B06A070EB16E200E04096B6E500E6C6EB7
:109F10007A6A070E7B6E200E0409396F500E3A6F75
:109F20003C6B070E3D6F200E0409366F500E376FE5
:109F3000200E0409336F500E346F780E0609306F0F
:109F4000FA0E316F30859D8AC00EF212000170EC5E
:109F500025F0259C01B0258C020E06013A6FFA0E01
:109F6000826F000188EC26F006013A2FF8D7000135
:109F7000DAEF26F035EC27F052EF27F0AE0E926EB6
:109F8000899A27EF28F0000E966E8D8EABA20AD02C
:109F9000AECFB6F2AECFB6F2AECFB6F2AB98AB88DC
:109FA000ABB2F6D7ABA404D0AECFB6F2AC98AC88C7
:109FB00003012EADFDEFDBF02E9D00011BEC29F01F
:109FC0000150DD08D8A4FCEFDBF004014151120A76
:109FD00000011CE0160A1CE00C0AD8B4D3EFD9F03B
:109FE000010AD8B4FAEFDAF0030AD8B419EFDBF0BB
:109FF000010AD8B442EFDBF00D0AD8B447EFDBF02A
:10A00000010AD8B48CEFDBF0FCEFDBF0FCEFDBF007
:10A0100004014B53D8A4EBEFD8F043AF0DD00001AF
:10A0200002EC00F030EC2FF090EC30F003012E89C0
:10A030000401439FEAEFD8F003012EBF21D04F5017
:10A04000FC0F15E2040F00014BEFE0F002EC00F012
:10A0500003010DD030EC2FF0030109D090EC30F06B
:10A06000030105D002EC00F0030101D003013752D7
:10A0700002E12E8F03D00401439B0301E8EFD8F0E7
:10A08000040143AB15D050A004D0000102EC00F055
:10A09000040150A204D0000130EC2FF0040150A4C0
:10A0A00004D0000190EC30F00401439BEAEFD8F0BB
:10A0B00043AF0DD0000102EC00F030EC2FF090EC3B
:10A0C00030F003012E890401439FEAEFD8F000012C
:10A0D0006653D8B4B7D16651010A06E0030A24E0FA
:10A0E000060AD8B48CD1ABD103EC00F0012C07D018
:10A0F00002EC00F00401466B456B14D00001000E29
:10A10000956E8C902488966E8D8E0601826B0F0E54
:10A11000816F0001E1EC2EF0000E956E8C88D58EDB
:10A120007B80040100018BD101EC44F0012C07D0AD
:10A1300030EC2FF00401466B456B5FD10001000E3F
:10A14000956E8C9403012E9B1951F90F29E2070F8C
:10A1500000015FEFE0F02B9C2B982B9A030120D09D
:10A160002B8C2B982B9A03011BD02B8C2B882B9A92
:10A1700003012E8B15D02B9C2B882B9A030110D01A
:10A180002B8C2B882B9A03010BD02B9C2B982B8A82
:10A19000030106D02B8C2B982B8A030101D00301DD
:10A1A0002BBC04D02BB802D02BAA04D1026B016BBC
:10A1B000006B0201FF6B0301116B106B190E146F22
:10A1C0000201EA6BE96BE86BE76B2A8003012E97CB
:10A1D0002E952BAC34D0020E306F2F6B1B6AF2BE63
:10A1E0001B8EF29ECDC2B9F6CCC2B8F6000181EC4E
:10A1F00003F01BBEF28E03C0F2F202C0F1F201C006
:10A20000F0F200C0EFF22B8E0201E683E695030127
:10A210002E93346B336B326B316B1B6AF2BE1B8E29
:10A22000F29E000150EC1CF01BBEF28E1B6AF2BEC7
:10A230001B8EF29E8FEC08F01BBEF28E03012BA842
:10A2400043D01B6AF2BE1B8EF29EA3C0B1F6A2C021
:10A25000B0F60601B36B320EB26F0001B4EC13F02E
:10A260001BBEF28E0201D051640DF350036A060149
:10A27000015C0301206F0350060102580301216FA6
:10A280001B6AF2BE1B8EF29E0001F2EC1FF01BBE99
:10A29000F28E0201E6811B6AF2BE1B8EF29E000165
:10A2A00003EC1EF01BBEF28E0301026B016B006B10
:10A2B0000201FF6B1B6AF2BE1B8EF29E000186EC50
:10A2C00021F01BBEF28E03012BAA74D02E95020141
:10A2D000E681D351D75D006ED451D859016ED55166
:10A2E000D959026ED651DA59036E1B6AF2BE1B8E23
:10A2F000F29EE8CFBBF602C0BAF601C0B9F600C0C4
:10A30000B8F600013DEC0BF01BBEF28E03C03DF62B
:10A3100002C03CF601C03BF600C03AF61B6AF2BE32
:10A320001B8EF29ED2C2B9F6D1C2B8F681EC03F010
:10A330001BBEF28E1B6AF2BE1B8EF29E3DC6BBF6A2
:10A340003CC6BAF63BC6B9F63AC6B8F603C0BFF685
:10A3500002C0BEF601C0BDF600C0BCF69CEC03F026
:10A360001BBEF28E03C038F302C037F301C036F3D0
:10A3700000C035F31B6AF2BE1B8EF29E03EC1EF08A
:10A380001BBEF28E0301026B016B006B0201FF6BBF
:10A39000DAC23CF3D9C23BF3D8C23AF3D7C239F39D
:10A3A0001B6AF2BE1B8EF29E000159EC0BF01BBE25
:10A3B000F28E0301248A000E956E8C820601826B58
:10A3C0000F0E816F0001E1EC2EF0000E956E8C8C6B
:10A3D00003013D5102080EE1B9860F013D91BA9685
:10A3E000C5C03FFFC4C03EFF000E966E8D9E3D81EE
:10A3F00003013D6BCD806B840401000120D0FEEC95
:10A4000052F0012C07D090EC30F00401466B456B04
:10A4100015D00001000E956E8C9E248C966E8D8456
:10A420000601826B0F0E816F0001E1EC2EF0900EA1
:10A43000946E8B84B1800F01368504010001666B38
:10A44000E9EFD8F05BEF64F00152D8A4E9EFD8F05F
:10A450000401455146110CE0466B456B000102ECCE
:10A4600000F030EC2FF090EC30F0E9EFD8F0040180
:10A47000030E375CF40FD8B04AD20C0F000176EF10
:10A48000E0F093C047F692C046F691C045F690C002
:10A4900044F606014B6B4A6B496B30C048F600012D
:10A4A000D3EC43F00050802506013A6F01500001C3
:10A4B000812106013B6F02500001822106013C6FA1
:10A4C00003500001832106013D6F0F0E3A27000E55
:10A4D0003B233C233D2330500F0DF3503A25000120
:10A4E000B86F000E06013B210001B96F000E060196
:10A4F0003C210001BA6F000E06013D210001BB6F37
:10A50000040105D29FC047F69EC046F69DC045F6A1
:10A510009CC044F606014B6B4A6B496B33C048F64E
:10A520000001D3EC43F000508C2506013A6F015036
:10A5300000018D2106013B6F025000018E210601B2
:10A540003C6F035000018F2106013D6F0F0E3A272B
:10A55000000E3B233C233D2333500F0DF3503A258F
:10A560000001B86F000E06013B210001B96F000E1B
:10A5700006013C210001BA6F000E06013D210001D9
:10A58000BB6F97C047F696C046F695C045F694C097
:10A5900044F606014B6B4A6B496B31C048F600012B
:10A5A000D3EC43F00050842506013A6F01500001BE
:10A5B000852106013B6F02500001862106013C6F98
:10A5C00003500001872106013D6F0F0E3A27000E50
:10A5D0003B233C233D2331500F0DF3503A2500011E
:10A5E000BC6F000E06013B210001BD6F000E06018D
:10A5F0003C210001BE6F000E06013D210001BF6F2E
:10A60000040185D197C047F696C046F695C045F639
:10A6100094C044F606014B6B4A6B496B31C048F657
:10A620000001D3EC43F00050842506013A6F01503D
:10A630000001852106013B6F0250000186210601C1
:10A640003C6F03500001872106013D6F0F0E3A2732
:10A65000000E3B233C233D2331500F0DF3503A2590
:10A660000001B86F000E06013B210001B96F000E1A
:10A6700006013C210001BA6F000E06013D210001D8
:10A68000BB6F040144D193C047F692C046F691C017
:10A6900045F690C044F606014B6B4A6B496B30C0DF
:10A6A00048F60001D3EC43F00050802506013A6FD4
:10A6B00001500001812106013B6F025000018221FF
:10A6C00006013C6F03500001832106013D6F0F0E10
:10A6D0003A27000E3B233C233D2330500F0DF3500F
:10A6E0003A250001B86F000E06013B210001B96F49
:10A6F000000E06013C210001BA6F000E06013D214B
:10A700000001BB6F040103D19FC047F69EC046F60F
:10A710009DC045F69CC044F606014B6B4A6B496BE5
:10A7200033C048F60001D3EC43F000508C250601FD
:10A730003A6F015000018D2106013B6F025000016C
:10A740008E2106013C6F035000018F2106013D6FF1
:10A750000F0E3A27000E3B233C233D2333500F0DB1
:10A76000F3503A250001B86F000E06013B210001AD
:10A77000B96F000E06013C210001BA6F000E060100
:10A780003D210001BB6F0401C2D09FC047F69EC0AF
:10A7900046F69DC045F69CC044F606014B6B4A6BDD
:10A7A000496B33C048F60001D3EC43F000508C25D0
:10A7B00006013A6F015000018D2106013B6F0250E6
:10A7C00000018E2106013C6F035000018F2106011C
:10A7D0003D6F0F0E3A27000E3B233C233D233350A1
:10A7E0000F0DF3503A250001B86F000E06013B2112
:10A7F0000001B96F000E06013C210001BA6F000E86
:10A8000006013D210001BB6F040181D093C047F6D2
:10A8100092C046F691C045F690C044F606014B6BD7
:10A820004A6B496B30C048F60001D3EC43F000504E
:10A83000802506013A6F01500001812106013B6F1E
:10A8400002500001822106013C6F03500001832168
:10A8500006013D6F0F0E3A27000E3B233C233D239C
:10A8600030500F0DF3503A250001B86F000E06016D
:10A870003B210001B96F000E06013C210001BA6FB7
:10A88000000E06013D210001BB6F97C047F696C040
:10A8900046F695C045F694C044F606014B6B4A6BEC
:10A8A000496B31C048F60001D3EC43F000508425D9
:10A8B00006013A6F01500001852106013B6F0250ED
:10A8C0000001862106013C6F03500001872106012B
:10A8D0003D6F0F0E3A27000E3B233C233D233150A2
:10A8E0000F0DF3503A250001BC6F000E06013B210D
:10A8F0000001BD6F000E06013C210001BE6F000E7D
:10A9000006013D210001BF6F040101D00401375051
:10A91000070804E037500E08D8A4A7D00001B835C6
:10A9200006013A6F0001B93506013B6F0001BA35E7
:10A9300006013C6F0001BB3506013D6F3A373B37DE
:10A940003C373D373A373B373C373D373A373B3773
:10A950003C373D373A373B373C373D373A373B3763
:10A960003C373D37C00E3A17D8921B6AF2BE1B8E99
:10A97000F29E3DC6B7F63CC6B6F63BC6B5F63AC63D
:10A98000B4F6BB6BBA6B010EB96F400EB86F000125
:10A99000F3EC0AF01BBEF28E020E0601005C010110
:10A9A000526F000E060101580101536F200E060977
:10A9B0000F01366F52C137FF0F0136950001BC35CC
:10A9C00006013A6F0001BD3506013B6F0001BE353F
:10A9D00006013C6F0001BF3506013D6F3A373B373A
:10A9E0003C373D373A373B373C373D373A373B37D3
:10A9F0003C373D373A373B373C373D373A373B37C3
:10AA00003C373D37C00E3A17D8921B6AF2BE1B8EF8
:10AA1000F29E3DC6B7F63CC6B6F63BC6B5F63AC69C
:10AA2000B4F6BB6BBA6B010EB96F400EB86F000184
:10AA3000F3EC0AF01BBEF28E020E0601005C01016F
:10AA4000546F000E060101580101556F200E0609D2
:10AA50000F01336F54C134FF0F013395BA98BA9A7E
:10AA6000B988B98A248264D00401375003080CE005
:10AA70003750060809E03750050806E037500A0845
:10AA800003E037500C0855E10001B83506013A6F74
:10AA90000001B93506013B6F0001BA3506013C6F74
:10AAA0000001BB3506013D6F3A373B373C373D3738
:10AAB0003A373B373C373D373A373B373C373D3702
:10AAC0003A373B373C373D373A373B373C373D37F2
:10AAD000C00E3A17D8921B6AF2BE1B8EF29E3DC67C
:10AAE000B7F63CC6B6F63BC6B5F63AC6B4F6BB6B8F
:10AAF000BA6B010EB96F400EB86F0001F3EC0AF0AB
:10AB00001BBEF28E020E0601005C0101546F000EA6
:10AB1000060101580101556F200E06090F01336F20
:10AB200054C134FF0F013395BA9AB98A3395248200
:10AB300004015050FF0A3714FF0FF20FD8B046D36C
:10AB40000E0F0001A9EFE0F02488000E956E8C90A6
:10AB500003012EB904D0000100EC80F00301000EC7
:10AB6000966E8D8E0601826B0F0E816F0001E1ECF7
:10AB70002EF0000E956E8C88D58E7B80040126D336
:10AB800037A407D024BCFED7B1900F01369533957A
:10AB900000012488000E956E8C9003012EB904D01C
:10ABA000000100EC80F00301000E966E8D8E060110
:10ABB000826B0F0E816F0001E1EC2EF0000E956E9E
:10ABC0008C88D58E7B800F0133850401FFD2248AC7
:10ABD000000E956E8C9403012E9B1951F90F29E2FA
:10ABE000070F000192EFE0F02B9C2B982B9A0301AA
:10ABF00020D02B8C2B982B9A03011BD02B8C2B88CD
:10AC00002B9A03012E8B15D02B9C2B882B9A03019A
:10AC100010D02B8C2B882B9A03010BD02B9C2B98BC
:10AC20002B8A030106D02B8C2B982B8A030101D091
:10AC300003012EB922D12BBC04D02BB802D02BAAF1
:10AC400017D1026B016B006B0201FF6B0301116BEB
:10AC5000106B190E146F0201EA6BE96BE86BE76B7E
:10AC600003012E972E952BAC34D0020E306F2F6B34
:10AC70001B6AF2BE1B8EF29ECDC2B9F6CCC2B8F6EC
:10AC8000000181EC03F01BBEF28E03C0F2F202C0A1
:10AC9000F1F201C0F0F200C0EFF22B8E0201E68368
:10ACA000E69503012E93346B336B326B316B1B6A69
:10ACB000F2BE1B8EF29E000150EC1CF01BBEF28E09
:10ACC0001B6AF2BE1B8EF29E8FEC08F01BBEF28E4A
:10ACD00003012BA857D01B6AF2BE1B8EF29EA3C0A5
:10ACE000B1F6A2C0B0F60601B36B320EB26F00012E
:10ACF000B4EC13F01BBEF28E02C03BF601C03AF674
:10AD000006013D6BD0C23CF61B6AF2BE1B8EF29E62
:10AD10003DC6B1F6D0C2B0F6B36B640EB26F00019F
:10AD2000B4EC13F01BBEF28E015006013A5D030134
:10AD3000206F025006013B590301216F1B6AF2BECE
:10AD40001B8EF29E0001F2EC1FF01BBEF28E020180
:10AD5000E6811B6AF2BE1B8EF29E000103EC1EF020
:10AD60001BBEF28E0301026B016B006B0201FF6BD5
:10AD70001B6AF2BE1B8EF29E000186EC21F01BBE08
:10AD8000F28E03012BAA74D02E950201E681D351D5
:10AD9000D75D006ED451D859016ED551D959026E84
:10ADA000D651DA59036E1B6AF2BE1B8EF29EE8CFB3
:10ADB000BBF602C0BAF601C0B9F600C0B8F6000191
:10ADC0003DEC0BF01BBEF28E03C03DF602C03CF61C
:10ADD00001C03BF600C03AF61B6AF2BE1B8EF29E23
:10ADE000D2C2B9F6D1C2B8F681EC03F01BBEF28E26
:10ADF0001B6AF2BE1B8EF29E3DC6BBF63CC6BAF67F
:10AE00003BC6B9F63AC6B8F603C0BFF602C0BEF6F6
:10AE100001C0BDF600C0BCF69CEC03F01BBEF28E78
:10AE200003C038F302C037F301C036F300C035F376
:10AE30001B6AF2BE1B8EF29E03EC1EF01BBEF28E4E
:10AE40000301026B016B006B0201FF6BDAC23CF382
:10AE5000D9C23BF3D8C23AF3D7C239F31B6AF2BE68
:10AE60001B8EF29E000159EC0BF01BBEF28E03010B
:10AE7000000100EC80F046D003012BBC04D02BB8BD
:10AE800002D02BAA41D0190E146F0201EA6BE96BB4
:10AE9000E86BE76B2A902BAC1CD003010A6B096BA3
:10AEA000086B076B2E93346B336B326B316B1B6A01
:10AEB000F2BE1B8EF29EF2C2B7F6F1C2B6F6F0C237
:10AEC000B5F6EFC2B4F600017EEC06F01BBEF28EC2
:10AED00002012BA80AD01B6AF2BE1B8EF29E000153
:10AEE00086EC21F01BBEF28E02012BAA0CD00301CE
:10AEF0002E851B6AF2BE1B8EF29E000159EC0BF0F0
:10AF00001BBEF28E020103010F013095060E326F57
:10AF10000301116B106BBA9CB98C0F013085000EC8
:10AF2000956E8C820601826B0F0E816F0001E1EC41
:10AF30002EF0000E956E8C8CCD806B84B9860F013F
:10AF40003D91BA96C5C03FFFC4C03EFF966E8D9E30
:10AF50003D8104013BD137A207D024BAFED7CD9062
:10AF60006B940F01399500012488000E956E8C902A
:10AF700003012EB904D0000100EC80F00301000EA3
:10AF8000966E8D8E0601826B0F0E816F0001E1ECD3
:10AF90002EF0000E956E8C88D58E7B800F01338548
:10AFA000040114D1248C000E956E8C9E03012EB9E1
:10AFB00004D0000100EC80F00301000E966E8D8439
:10AFC0000601826B0F0E816F0001E1EC2EF0900EF6
:10AFD000946E8B84B1800F0136850401F7D02488EC
:10AFE000000E956E8C9003012EB904D0000100EC88
:10AFF00080F00301000E966E8D8E0601826B0F0E9F
:10B00000816F0001E1EC2EF0000E956E8C88D58EDC
:10B010007B800401DBD0248237A207D024BAFED77C
:10B02000CD906B940F01399500012488000E956E28
:10B030008C9003012EB904D0000100EC80F00301D4
:10B04000000E966E8D8E0601826B0F0E816F0001D1
:10B05000E1EC2EF0000E956E8C88D58E7B800F0172
:10B0600033850401B3D0248237A207D024BAFED797
:10B07000CD906B940F013995000137A407D024BC03
:10B08000FED7B1900F013695339500012488000E4C
:10B09000956E8C9003012EB904D0000100EC80F075
:10B0A0000301000E966E8D8E0601826B0F0E816F6E
:10B0B0000001E1EC2EF0000E956E8C88D58E7B8021
:10B0C0000F013685040182D0248237A407D024BC26
:10B0D000FED7B1900F01369533950001248A000EFA
:10B0E000956E8C9403012EB904D0000100EC80F021
:10B0F0000301000E956E8C820601826B0F0E816F2C
:10B100000001E1EC2EF0000E956E8C8CCD806B84EE
:10B110000F01338504015AD0248237A407D024BC00
:10B12000FED7B1900F013695339500012488000EAB
:10B13000956E8C9003012EB904D0000100EC80F0D4
:10B140000301000E966E8D8E0601826B0F0E816FCD
:10B150000001E1EC2EF0000E956E8C88D58E7B8080
:10B160000F013385040132D0248237A207D024BADC
:10B17000FED7CD906B940F013995000137A407D00D
:10B1800024BCFED7B1900F01369533950001248879
:10B19000000E956E8C9003012EB904D0000100ECD6
:10B1A00080F00301000E966E8D8E0601826B0F0EED
:10B1B000816F0001E1EC2EF0000E956E8C88D58E2B
:10B1C0007B800F013685040101D0040103012E9913
:10B1D00000010401E6D04B2D44D043A102D043AF7F
:10B1E00006D04391000156EC66F039D0040100010D
:10B1F000E4EF66F0015233E104014551461107E0E6
:10B20000466B456B000156EC66F029D00401000E38
:10B21000956E8C9E000100EC80F0000E966E8D8481
:10B220000601826B0F0E816F0001E1EC2EF0900E93
:10B23000946E8B84B1800F013685E10E0001C56FDD
:10B24000180EC46F0F013D91C5C03FFFC4C03EFF43
:10B25000BA96B986000E966E8D9E3D810001A0D0F3
:10B2600004014B5102083EE143A302D043AF06D094
:10B2700043930001A4EC6DF033D00401000113EFFF
:10B280006EF001522DE104014551461107E0466B75
:10B29000456B0001A4EC6DF023D00401000E956E07
:10B2A0008C92956E8C94000100EC80F0000E956EEF
:10B2B0008C820601826B0F0E816F0001E1EC2EF093
:10B2C000000E956E8C8C0601826B300E816F000132
:10B2D000E1EC2EF001012B6B2A6B456B446B0001F6
:10B2E0005FD004014B5103085CE124A602D043AFB8
:10B2F00017D043BF0ED02A94020E4B6F00016A2D67
:10B3000004D0030E04014B6F00019BEC6EF006D0DD
:10B310000401249600019BEC6EF02A8441D00401C4
:10B32000030E4B6F000104EC6FF0015239E1010E86
:10B3300006013A6F3AC6D1F5345204E104016C5368
:10B3400018E10601000E956E8C94000100EC80F06F
:10B35000000E956E8C820601826B0F0E816F0001CC
:10B36000E1EC2EF0000E956E8C8CCD806B8418D0A5
:10B370000401000E956E8C92000100EC80F0000E2E
:10B38000956E8C840601826B0F0E816F0001E1ECDB
:10B390002EF0000E956E8C8ACD800F01398500014C
:10B3A0000401000129D204014B6B9EC44EF09FC4DE
:10B3B0004FF0036A4F502C0F016E000E0322015014
:10B3C00006013A6F03C03BF6A0C43CF63BC6EAFF59
:10B3D0003AC6E9FF3CC6EFFF036A4F50300F016EDB
:10B3E000000E032201503A6F03C03BF6A1C43CF6A5
:10B3F0003BC6EAFF3AC6E9FF3CC6EFFFD8904F34A0
:10B40000036AA80F016E000E032201503A6F03C0B9
:10B410003BF6A2C43CF6A3C43DF63BC6EAFF3AC6DF
:10B42000E9FF3DC6ECFFED523CC6EFFFD8904F342C
:10B43000036AB00F016E000E032201503A6F03C081
:10B440003BF6A4C43CF6A5C43DF63BC6EAFF3AC6AB
:10B45000E9FF3DC6ECFFED523CC6EFFF03012E991C
:10B46000036A4F503C0FE96E000E0320EA6E020E95
:10B47000EF6E036A4F50380F016E000E0322015029
:10B4800006013A6F03C03BF6A6C43CF63BC6EAFF92
:10B490003AC6E9FF3CC6EFFFD8904F34036AA00FCD
:10B4A000016E000E032201503A6F03C03BF6A7C4A1
:10B4B0003CF6A8C43DF63BC6EAFF3AC6E9FF3DC6E6
:10B4C000ECFFED523CC6EFFFD8904F34036A780F83
:10B4D000016E000E032201503A6F03C03BF6A9C46F
:10B4E0003CF6AAC43DF63BC6EAFF3AC6E9FF3DC6B4
:10B4F000ECFFED523CC6EFFF4F50040DF350036AD2
:10B50000800F016E000E032201503A6F03C03BF61C
:10B51000ABC43CF6ACC43DF6ADC43EF6AEC43FF69B
:10B520003BC6EAFF3AC6E9FF3CC6EFFF3DC6ECFF6B
:10B530003EC6ECFF3FC6ECFFED52ED52ED524F50D0
:10B54000040DF350036A900F016E000E03220150A8
:10B550003A6F03C03BF6AFC43CF6B0C43DF6B1C48D
:10B560003EF6B2C43FF63BC6EAFF3AC6E9FF3CC628
:10B57000EFFF3DC6ECFF3EC6ECFF3FC6ECFFED52D1
:10B58000ED52ED52B3C4CCF2B4C4CDF2B5C4CEF298
:10B59000B6C4CFF2B7C4D0F2C0C4D1F20201D26BAC
:10B5A000B8C4D3F2B9C4D4F2BAC4D5F2BBC4D6F28B
:10B5B000BCC4D7F2BDC4D8F2BEC4D9F2BFC4DAF25B
:10B5C000C1C419F30401439F53934F5003080CE087
:10B5D0004FC083F60601846B866B290E856F0001D0
:10B5E000F5EC2EF006D004014F50030801E129903C
:10B5F000000102D1E8C437F0E9C44FF0D8904F34CD
:10B60000036AA00F016E000E0322015006013A6F7B
:10B6100003C03BF6EAC43CF6EBC43DF63BC6EAFF8A
:10B620003AC6E9FF3DC6ECFFED523CC6EFFF000114
:10B63000E3D0010E04014B6F4CC5B7F24DC5B8F213
:10B640004EC5B9F24FC5BAF250C5BBF251C5BCF2F6
:10B6500052C5BDF253C5BEF254C5BFF255C5C0F2C6
:10B6600056C5C1F257C5C2F258C5C3F2BAC270F48A
:10B67000B9C26FF4BEC271F4C0C272F4439F539357
:10B680000001BAD068C5C2F269C5C3F2B5D09EC583
:10B690006AF0020E04014B6F00016A2D04D0030E04
:10B6A00004014B6F000129928BC5E4F18CC5E5F1D3
:10B6B0008DC5E6F18EC5E7F18FC53AF190C53BF136
:10B6C00091C54AF092C54BF093C54CF094C546F134
:10B6D00095C547F196C54AF197C54BF198C54DF010
:10B6E00099C54CF19AC54DF12A928AC53AF6000ED9
:10B6F00006013AB1010E000A01E02A829BC534F02E
:10B700000401439F53939CC56BF49DC56CF49FC586
:10B710006DF42A94000170D0B8C53AF1B9C53BF177
:10B72000BAC546F1BBC547F1BCC535F0BDC56AF425
:10B73000BEC56DF404016A5304E000013CEF75F0EE
:10B740000401355258E024B656D0030E4B6F000169
:10B750007DEC6DF001013D6B3C6B3F6B3E6B416BD3
:10B76000406B5C6A5D6A0001636B040143A305D012
:10B770000001A4EC6DF004014393000104EC6FF0B0
:10B78000010E06013A6F3AC6D1F52486345204E11F
:10B7900004016C5318E10601000E956E8C940001B3
:10B7A00000EC80F0000E956E8C820601826B0F0E0D
:10B7B000816F0001E1EC2EF0000E956E8C8CCD8037
:10B7C0006B8418D00401000E956E8C92000100EC81
:10B7D00080F0000E956E8C840601826B0F0E816FD7
:10B7E0000001E1EC2EF0000E956E8C8ACD800F01E9
:10B7F00039850001040100010301040143B302D0B3
:10B8000024A68FD04B51020855E124A452D0249491
:10B81000080E016EC250830B0110C26E000E016E45
:10B82000C150F80B0110C16E0601826B070E816FCB
:10B830000001E1EC2EF01B6AF2BE1B8EF29EBBEC07
:10B8400000F01BBEF28E02C0DBF001C0DAF01C0E6D
:10B85000016EC250830B0110C26E000E016EC1500A
:10B86000F80B0110C16E0601826B070E816F00019B
:10B87000E1EC2EF01B6AF2BE1B8EF29EBBEC00F0D8
:10B880001BBEF28E02C0DFF001C0DEF0040E060126
:10B890003A6F0001B3ECA6F03CC1C8F53DC1C9F553
:10B8A0003EC1CAF53FC1CBF540C1CCF541C1CDF594
:10B8B00004011CD04B51030819E11FA617D024A482
:10B8C00015D024941F96060E06013A6F0001B3ECC2
:10B8D000A6F048C1C8F549C1C9F53EC1CAF53FC186
:10B8E000CBF540C1CCF541C1CDF504015C5202E17C
:10B8F0005D520AE0010E06013A6F3AC6CEF5010E1E
:10B900003A6F3AC6CFF5040163C0D0F524A008D041
:10B9100024900E0E0601816F000100EC66F0040118
:10B920006CD343A167D12BA628D10201C251C45DBB
:10B9300006E1C351C55DD8A402D004011ED1C25195
:10B94000C65D06E1C351C75DD8A402D0040115D17C
:10B95000C3C2C7F2C2C2C6F21B6AF2BE1B8EF29EFF
:10B96000C3C2B1F6C2C2B0F60601B36B640EB26FC9
:10B970000001B4EC13F01BBEF28E02C03BF601C016
:10B980003AF61B6AF2BE1B8EF29E02C0B9F601C0E7
:10B99000B8F681EC03F01BBEF28ED8921B6AF2BEA1
:10B9A0001B8EF29E03C0BBF602C0BAF601C0B9F608
:10B9B00000C0B8F6CD0E0601BF6F2C0EBE6F7A0E1A
:10B9C000BD6F880EBC6F000169EC04F01BBEF28EE7
:10B9D00003C03DF602C03CF601C03BF600C03AF69B
:10B9E0001B6AF2BE1B8EF29E03C0BBF602C0BAF603
:10B9F00001C0B9F600C0B8F6A80E0601BF6FC60EAA
:10BA0000BE6F140EBD6F830EBC6F00019CEC03F083
:10BA10001BBEF28E1B6AF2BE1B8EF29E03C0B7F6EF
:10BA200002C0B6F601C0B5F600C0B4F64BEC04F0A7
:10BA30001BBEF28E02C037F101C036F10201C153C4
:10BA400073E01B6AF2BE1B8EF29EC3C2B1F6C2C285
:10BA5000B0F60601B36B640EB26F0001B4EC13F0E4
:10BA60001BBEF28E02C03BF601C03AF61B6AF2BE64
:10BA70001B8EF29E02C0B9F601C0B8F681EC03F04D
:10BA80001BBEF28ED8921B6AF2BE1B8EF29E03C0C2
:10BA9000BBF602C0BAF601C0B9F600C0B8F6CD0ECA
:10BAA0000601BF6F2C0EBE6F7A0EBD6F880EBC6F85
:10BAB000000169EC04F01BBEF28E03C03DF602C02B
:10BAC0003CF601C03BF600C03AF61B6AF2BE1B8E84
:10BAD000F29E03C0BBF602C0BAF601C0B9F600C0C0
:10BAE000B8F6A80E0601BF6FC60EBE6F140EBD6F6E
:10BAF000830EBC6F00019CEC03F01BBEF28E1B6A30
:10BB0000F2BE1B8EF29E03C0B7F602C0B6F601C0AD
:10BB1000B5F600C0B4F64BEC04F01BBEF28E02C0CA
:10BB200039F101C038F1020137C102F036C101F02C
:10BB30000232013202320132023201C075FF02329A
:10BB40000230300B006E7450CF0B0010746EC15376
:10BB500013E039C102F038C101F002320132023281
:10BB60000132023201C078FF02320230300B006E27
:10BB70007750CF0B0010776E04011FA802D024B4B9
:10BB800002D06E531FE01F982494050E06013A6FF1
:10BB90000001B3ECA6F0015214E12CC16EF52DC1E9
:10BBA0006FF530C170F531C171F534C172F535C131
:10BBB00073F56FC474F570C475F571C476F572C40D
:10BBC00077F504015EC078F506013A6B3AC679F55F
:10BBD00064C07AF524A00CD0249004016E5301E0D7
:10BBE0006E6B0D0E0601816F000100EC66F0060120
:10BBF00005D204013752D8B400D224A4F4D11FA432
:10BC0000F8D037B002D037A6F4D024941F9437A0D0
:10BC100077D006013A6B0001B3ECA6F001526EE159
:10BC2000EAC0F2F4EBC0F3F4ECC0F4F4EDC0F5F4C8
:10BC30001B6AF2BE1B8EF29E0601BB6BBA6B7A0EBC
:10BC4000B96F880EB86F0BC2BFF60AC2BEF609C242
:10BC5000BDF608C2BCF6000103EC06F01BBEF28E76
:10BC60001B6AF2BE1B8EF29E03C0B7F602C0B6F688
:10BC700001C0B5F600C0B4F64BEC04F01BBEF28E6A
:10BC800002C03BF601C03AF63AC602F53BC603F5E0
:10BC90001B6AF2BE1B8EF29E0601BB6BBA6B7A0E5C
:10BCA000B96F880EB86F0FC2BFF60EC2BEF60DC2D6
:10BCB000BDF60CC2BCF6000103EC06F01BBEF28E12
:10BCC0001B6AF2BE1B8EF29E03C0B7F602C0B6F628
:10BCD00001C0B5F600C0B4F64BEC04F01BBEF28E0A
:10BCE00002C03BF601C03AF63AC604F53BC605F57C
:10BCF0005AC012F55BC013F562C01AF579D0040181
:10BD000037A677D0030E06013A6F0001B3ECA6F018
:10BD100001526EE1EAC0FEF4EBC0FFF4ECC000F5A6
:10BD2000EDC001F51B6AF2BE1B8EF29E0601BB6BD5
:10BD3000BA6B7A0EB96F880EB86F0BC2BFF60AC223
:10BD4000BEF609C2BDF608C2BCF6000103EC06F05F
:10BD50001BBEF28E1B6AF2BE1B8EF29E03C0B7F6AC
:10BD600002C0B6F601C0B5F600C0B4F64BEC04F064
:10BD70001BBEF28E02C03BF601C03AF63AC60EF583
:10BD80003BC60FF51B6AF2BE1B8EF29E0601BB6B13
:10BD9000BA6B7A0EB96F880EB86F0FC2BFF60EC2BB
:10BDA000BEF60DC2BDF60CC2BCF6000103EC06F0F7
:10BDB0001BBEF28E1B6AF2BE1B8EF29E03C0B7F64C
:10BDC00002C0B6F601C0B5F600C0B4F64BEC04F004
:10BDD0001BBEF28E02C03BF601C03AF63AC610F521
:10BDE0003BC611F560C018F561C019F565C01DF5B9
:10BDF00004011FA67BD037A279D024941F96010E90
:10BE000006013A6F0001B3ECA6F001526EE1EEC0FC
:10BE1000F6F4EFC0F7F4F0C0F8F4F1C0F9F41B6ADF
:10BE2000F2BE1B8EF29E0601BB6BBA6B7A0EB96F27
:10BE3000880EB86F13C2BFF612C2BEF611C2BDF6AD
:10BE400010C2BCF6000103EC06F01BBEF28E1B6AAA
:10BE5000F2BE1B8EF29E03C0B7F602C0B6F601C05A
:10BE6000B5F600C0B4F64BEC04F01BBEF28E02C077
:10BE70003BF601C03AF63AC606F53BC607F51B6A23
:10BE8000F2BE1B8EF29E0601BB6BBA6B7A0EB96FC7
:10BE9000880EB86F17C2BFF616C2BEF615C2BDF641
:10BEA00014C2BCF6000103EC06F01BBEF28E1B6A46
:10BEB000F2BE1B8EF29E03C0B7F602C0B6F601C0FA
:10BEC000B5F600C0B4F64BEC04F01BBEF28E02C017
:10BED0003BF601C03AF63AC608F53BC609F55CC028
:10BEE00014F55DC015F563C01BF504011FA87BD0D8
:10BEF00037A479D024941F98020E06013A6F0001EE
:10BF0000B3ECA6F001526EE1F2C0FAF4F3C0FBF418
:10BF1000F4C0FCF4F5C0FDF41B6AF2BE1B8EF29E69
:10BF20000601BB6BBA6B7A0EB96F880EB86F1BC275
:10BF3000BFF61AC2BEF619C2BDF618C2BCF60001A1
:10BF400003EC06F01BBEF28E1B6AF2BE1B8EF29E45
:10BF500003C0B7F602C0B6F601C0B5F600C0B4F62D
:10BF60004BEC04F01BBEF28E02C03BF601C03AF669
:10BF70003AC60AF53BC60BF51B6AF2BE1B8EF29E53
:10BF80000601BB6BBA6B7A0EB96F880EB86F1FC211
:10BF9000BFF61EC2BEF61DC2BDF61CC2BCF6000135
:10BFA00003EC06F01BBEF28E1B6AF2BE1B8EF29EE5
:10BFB00003C0B7F602C0B6F601C0B5F600C0B4F6CD
:10BFC0004BEC04F01BBEF28E02C03BF601C03AF609
:10BFD0003AC60CF53BC60DF55EC016F55FC017F509
:10BFE00064C01CF5040124A008D024900C0E0601A6
:10BFF000816F000100EC66F00401060181B047D0BA
:10C000009BC439F604019C510601395D35E2010EED
:10C01000936E8A82036A3951730FE96E040E03200E
:10C02000EA6EEF50050817E3036A3951730FE96EA2
:10C03000040E0320EA6EEFCF44F6036A3951870FEE
:10C04000E96E040E0320EA6EEFCF45F600012AECFC
:10C0500031F00DD00601036A3951730FE96E040EF9
:10C060000320EA6EEFCF81F6000176EC43F0040185
:10C070009B2B0601392BC6D7010E936E8A920401C1
:10C080009C519B5D04E3000135EC27F004010001A5
:10C09000C6EFCFF00300E824F76AF736B70FF66E65
:10C0A000C00EF722010EF86EFB6E0A00F550FA6E14
:10C0B0000800F550F96E4CA054A05CA064A0E824E0
:10C0C000F76AF736DF0FF66EC00EF722010EF86E34
:10C0D000FB6E0A00F550FA6E0800F550F96E56A195
:10C0E00060A16AA176A180A18AA194A1E824F76A3F
:10C0F000F7360D0FF66EC10EF722010EF86EFB6ECD
:10C100000A00F550FA6E0800F550F96E82A40CA9E9
:10C1100086A604A60CA80CA90CA908A70CA98AA796
:10C120000CA904A5E824F76AF736450FF66EC10E90
:10C13000F722010EF86EFB6E0A00F550FA6E080049
:10C14000F550F96EE8ABF2ABFCAB08AC12AC1CAC32
:10C1500026ACE824F76AF736730FF66EC10EF722A5
:10C16000010EF86EFB6E0A00F550FA6E0800F550ED
:10C17000F96E48ABCEAB16B0A4AF18B1C8B068B179
:0EC18000DEAFCAB156AFCAB180ABCAB166B06D
:020000040030CA
:0E00000015C8787C01899100FFC0FFE0FF4029
:00000001FF
;PIC18F67K22
;CRC=907D  CREATED="08-may.-26 14:34"
