:04000000EDEFE8F048
:080008008BEF00F00000000086
:100010000000000000000000046ED8CF05F0E0CF23
:1000200006F00001E9CF0CF0EACF07F0E1CF08F0CD
:10003000E2CF09F0D9CF0AF0DACF0BF0F3CF12F00C
:10004000F4CF13F0FACF14F0F5CF15F0F6CF16F089
:10005000F7CF17F0F8CF18F0FBCF19F000C00EF073
:1000600001C00FF002C010F003C011F0A3AA3CEFD2
:1000700000F0A4BAA5EF03F0A0A242EF00F0A1B2F5
:100080000DEF08F0F0A648EF00F0F0B0AEEF07F08B
:10009000F2A64EEF00F0F2B028EF08F0F0AA54EF0D
:1000A00000F0F0B4C2EF07F0B9AA5AEF00F0BABA04
:1000B00009EF04F0B9AC60EF00F0BABCAEEF05F0A8
:1000C0000EC000F00FC001F010C002F011C003F02C
:1000D0000CC0E9FF07C0EAFF078E08C0E1FF09C0B6
:1000E000E2FF0AC0D9FF0BC0DAFF12C0F3FF13C052
:1000F000F4FF14C0FAFF15C0F5FF16C0F6FF17C0D5
:10010000F7FF18C0F8FF19C0FBFF045006C0E0FF5E
:1001100005C0D8FF10001C6ED8CF1DF0E0CF1EF038
:100120000001E9CF24F0EACF1FF0E1CF20F0E2CFC9
:1001300021F0D9CF22F0DACF23F0F3CF2AF0F4CF99
:100140002BF0FACF2CF0F5CF2DF0F6CF2EF0F7CF25
:100150002FF0F8CF30F0FBCF31F000C026F001C017
:1001600027F002C028F003C029F0F2A8BBEF00F08E
:10017000F2B20CEF07F026C000F027C001F028C053
:1001800002F029C003F024C0E9FF1FC0EAFF1F8E60
:1001900020C0E1FF21C0E2FF22C0D9FF23C0DAFF67
:1001A0002AC0F3FF2BC0F4FF2CC0FAFF2DC0F5FFCF
:1001B0002EC0F6FF2FC0F7FF30C0F8FF31C0FBFFA5
:1001C0001C501EC0E0FF1DC0D8FF1000F76AE00FF2
:1001D000F66E010EF722000EF86E0900F5501200BF
:1001E000546D6F643D2020307300F76AFE0FF66E89
:1001F000010EF722000EF86E0900F5501200424978
:10020000504F4C415200F76A1A0FF66E020EF72259
:10021000000EF86E0900F55012002020202020204A
:10022000202020202000F76A3A0FF66E020EF722F7
:10023000000EF86E0900F55012002020202020202A
:100240002000F76A560FF66E020EF722000EF86EC7
:100250000900F550120020202020202020202020FE
:10026000202020200000F76A7A0FF66E020EF72297
:10027000000EF86E0900F55012005472656E657339
:100280000000ECCFFAFFECCFFBFFED52ED52EFCFC9
:10029000E8FFF96E12004275696C643A20256C75AE
:1002A000202D20256C75202D203078254C580000FD
:1002B00049673D25356C755B410020203D25327531
:1002C0003A2530327520730054723D253275207303
:1002D0000000496D3D25356C755B410020203D25B2
:1002E00032753A2530327520730050573D25346CF5
:1002F00075205B730000513D25376C75205B430012
:10030000493D25356C75205B410054613D253275B2
:100310003A253032752073005472653D25356C7571
:10032000207300005472733D253275207300202025
:100330002020202020636D5D00006A3D25336C7510
:10034000205B412F636D5D0054613D2532753A2578
:1003500030327520730054643D2532753A253032B1
:1003600075207300546D6F643D2533757320200034
:100370004E3D25327520202020202000493D253586
:100380006C755B4120200000496D696E3D25356C20
:10039000755B41202000466D696E3D25336C7548C4
:1003A0007A00466D61783D25336C75487A00463D8C
:1003B00025346C75487A20200000463D25346C7544
:1003C000487A2020000050576D61782025336C75E5
:1003D0002563730050576D696E2025336C75256356
:1003E000730050572B3D2025346C75256373000036
:1003F00050572D3D2025346C752563730000496DE1
:10040000696E3D25356C755B41202000463D2534E5
:100410006C75487A20200000463D25346C75487A7A
:100420002020000050572B3D2025346C7525637328
:10043000000050572D3D2025346C75256373000056
:1004400050573D25344C55205B7300004E503D25E0
:10045000346C750053503D253475206D73004E4249
:100460003D253475000053423D25346C75206D7375
:1004700000004E543D253475000053543D2534751D
:100480002073000049203D25354C55205B4100007C
:1004900054613D2532753A2530327520730050572E
:1004A0003A2025346C75205B5300463A2025356C84
:1004B0007520487A000025354C55205B41002535D4
:1004C0004C55206D560025354C55206F686D000049
:1004D00025354C55206D4A0025354C55205B410093
:1004E00025354C55206D560025354C55206F686DCF
:1004F00000006A203D2025336C75205B412F636D21
:100500005D00202020202020204620202025334C64
:1005100055487A00466D696E202025336C75487AFF
:1005200020466D6178202025336C75487A0050573D
:100530002B2025334C552563730050572D20253330
:100540004C552563730050576D696E2025334C550B
:100550002563730050576D61782025334C55256312
:10056000730025354C55206F686D000025354C55BE
:10057000206D56005461202532753A2530327500C1
:100580005464202532753A25303275002020204EE3
:100590002025327500005057203D20256C75205BCA
:1005A00073002020202020202020000049613D25CC
:1005B000356C75205B410000202020202020202069
:1005C0002020200049703D25356C75205B410000DE
:1005D00020202020202020202020200049623D25AE
:1005E000356C75205B410000202020202020202039
:1005F0002020200049633D25356C75205B410000BB
:1006000020202020202020202020200025354C558F
:10061000205B410025354C55206D560025354C5545
:10062000206F686D000051756564616E20254C7502
:1006300020736567756E646F7300253275206820BE
:10064000253275206D696E2000002020202020209A
:10065000202020202020202020202020202020209A
:10066000202020202020202020200000563A202575
:1006700030344C64206D5620493A202530344C6487
:10068000206D41204261743A202575202525000007
:10069000A4AAFED70F0122CF33F01DCF01F033A261
:1006A00002D0229922890001A7EF03F0090170917D
:1006B000036A6F51090FE96E070E0320EA6EEF50CF
:1006C0000601F45D25E024E30501FA51050819E16E
:1006D000FB2D17D0036A09016F51090FE96E070E50
:1006E0000320EA6E020EEF240601F45D04E1090125
:1006F000708103D00601090170910701089306D0AB
:1007000005010701089309017091070116D0060140
:10071000036A09016F51090FE96E070E0320EA6EA3
:10072000EF500601F45D06E20701088309017091AC
:1007300003D00601090170810701000E090170B1A3
:10074000010E016E0001D4EF03F05480A1D701C067
:10075000F8F60601F4530EE1F85114080AE3F451D7
:10076000F42B036AFA0FE96E050E0320EA6EF8C651
:10077000EFFF31D0F451F42B036AFA0FE96E050E46
:100780000320EA6EF8C6EFFFF451010824E2F851A5
:100790000D0802E0F7A51FD0F785F8510A0817E108
:1007A000FAC56FF9000182D7015205E058880601A9
:1007B000F46B0BD00001070108B304D00601F46B01
:1007C00054900701089358980601F79504D0F85102
:1007D0000D0801E0F795A49A000160EF00F009010F
:1007E0006F530EE00101095302E10A5307E00C0EBA
:1007F0006E6EC66BC56BC46BC36B568608D00901A1
:100800006E6A56960101C66BC56BC46BC36B000163
:10081000120056A62CD0010E0101C327D8B0C42B5C
:10082000D8B4C52BD8B4C62BCA51C65D0CE317E1AA
:10083000C951C55D08E313E1C851C45D04E30FE18C
:10084000C351C75D0CE3C6530AE1C55308E1C45167
:1008500012080EE2FF0A03E1C351880809E2C66BE1
:10086000C56BC46BC36B09016F6B0001B8DF01017D
:1008700056B80FD1010E9327D8B0942BD8B4952B2E
:10088000D8B4962B010E8F27D8B0902BD8B4912BCB
:10089000D8B4922B010EBF27D8B0C02BD8B4C12B2F
:1008A000D8B4C22B010EB327D8B0B42BD8B4B52B13
:1008B000D8B4B62BCE51B65D2AE30BE1CD51B55D70
:1008C00026E307E1CC51B45D22E303E1CB51B35DF4
:1008D0001EE3B66BB56BB46BB36B070108B10DD0FB
:1008E00081BC0BD00101CE6BCD6BCC6B640ECB6F9A
:1008F000F40E986E8F760BD0070108A102D081AC60
:1009000000D00101CE6BCD6BCC6B0A0ECB6FC25306
:100910000AE1C15308E1C0510A080AE2FF0A03E1F3
:10092000BF51B80805E2C26BC16BC06BBF6B56927A
:1009300000016B5179080BE06B51830808E06B51A3
:100940008D0805E06B51B50802E0875320E0010EE9
:1009500001019727D8B0982BD8B4992BD8B49A2BEB
:100960009A530AE1995308E198510A080FE2FF0AE5
:1009700003E19751B8080AE29A6B996B986B976BF1
:1009800054AA02D056BA02D05188518C0001875324
:100990000CE158BC0AD058BE08D00601F7A102D01D
:1009A000000103D04FAA76D000016453D8A402D02E
:1009B000060170D058BE04D00601F7A157D000013F
:1009C0004FAA07D0030E01018C6FE40E8B6F3BD052
:1009D0000001000E4FB8010E006ED8900036005096
:1009E000036A130FE96E010E0320EA6EECCF70F973
:1009F000ED52EFCF6FF90901705320E16F510308F9
:100A00001DE3000E4FB8010E006ED8900036005066
:100A1000036A130FE96E010E0320EA6EECCF70F942
:100A2000ED52EFCF6FF96F5302E1705307E0030E01
:100A300001018C6FCA0E8B6F06D00901030E0101F4
:100A40008C6FE10E8B6F925309E1915307E18C514A
:100A5000905D0AE303E18B518F5D06E34E82926B5A
:100A6000916B906B8F6B518C14D0060101019253E6
:100A70000AE1915308E1905102080BE2FF0A03E1F9
:100A80008F51E00806E24E82926B916B906B8F6BF8
:100A9000518C0601BA9A000160EF00F0000E81B29D
:100AA000010E016E7BEF05F009016FC9E9FF70C906
:100AB000EAFFECCF74F9ED52EFCF73F9D8907335AC
:100AC000026E743570C9EAFF6FC9E9FFEC6EED5232
:100AD00002C0EFFF6FC971F970C972F970C903F0F4
:100AE0006FC9E9FF70C9EAFFECCF74F9ED52EFCF9F
:100AF00073F90001D3D709017351011074C903F0D0
:100B000072C9EAFF71C9E9FF74C9ECFFED52EF6EDB
:100B1000000112000901716B70C903F06FC9E9FF90
:100B200070C9EAFFECCF73F9ED52EFCF72F9C00E46
:100B300072130F0E73137251C0080BE1733D09D08D
:100B4000010E716F6FC9E9FF70C9EAFFEC68ED52E1
:100B5000EF6871C901F00001C0EF05F0692B695120
:100B60000F0824E3010E0901706F070E6F6F00017B
:100B70009BDF010E0901706F070E6F6F0001CAD76E
:100B80004E9401B04E844EA410D04EA603D0010E58
:100B90006A6F02D0020E6A6F010108690769B99C89
:100BA000F090F086F19A5180000108D0696B010144
:100BB00008690769B99CF086F19A0001BA9C60EF58
:100BC00000F08E0E006E79C901F078C902F0036A58
:100BD000015209E102C001F0026A080E005E0152F2
:100BE00002E1006A08D0D89001BE04D00236013676
:100BF0000006F9D7019E120009017851D8B471D0CE
:100C0000006E7C51D8B46DD0002604E3810E00261E
:100C100068E204D07F0E005E64E363E079C980F986
:100C20007D51801B798F7D8F7B517F03F4CF82F9BB
:100C30007A517E03F4CF03F0F3CF81F97F03F350B1
:100C40008227F4508123000E03227B517E03F35050
:100C50008227F4508123000E026A03220222795176
:100C60007F03F3508127F4500322000E02227951B2
:100C70007E03F3500326F4500222000E016A012283
:100C80007B517D03F3508127F4500322000E022292
:100C900001227A517D03F3500326F4500222000E04
:100CA000012279517D03F3500226F4500122002ADB
:100CB00001BE05D081370336023601360006000E2C
:100CC00081AF0AD0032A02220122015005E102501D
:100CD00003E1035001E1002A80BF018E80AF019E35
:100CE00004D0006A016A026A036A000112008E0ED3
:100CF000006E09017851005E79C902F07AC901F0ED
:100D0000028E005209E0D890025202E1015204E042
:100D100002320132002EF7D779AF05D0011E021E34
:100D2000012AD8B4022A000112000901755341E0DA
:100D30000101095302E10A533AE00AC179F909C1F4
:100D400078F900013EDF03C07BF902C07AF901C0E7
:100D500079F900C078F909017F6B7E6B100E7D6F09
:100D6000810E7C6F000148DF03C07BF902C07AF975
:100D700001C079F900C078F9BADF02C077F901C083
:100D800076F977C902F076C901F0023201320232F7
:100D90000132023201C06FFF02320230300B006EAE
:100DA0006E50CF0B00106E6E0C0E6E6E010103D0F4
:100DB00009016E6A010100011200090EEA6E790E46
:100DC000E96EEF500EE0140E016E006A002EFED7A1
:100DD000012EFBD7BF0E006E002EFED700D0EF2EE7
:100DE000F2D712008B948B840901786B010E776F18
:100DF0007851765D0FE303E17751755D0BE3010EEA
:100E0000796F0001DADF8B948B840901772BD8B4DA
:100E1000782BEED700011200F298F2926B5179080C
:100E200014E06B51830811E06B518D080EE06B519B
:100E3000B5080BE06B517B0808E06B518F0805E0AB
:100E40006B51B70802E087533EE0000E4FB8010E29
:100E5000006ED89000360050036A130FE96E010E41
:100E60000320EA6EECCF76F9ED52EFCF75F9090168
:100E700075530BE1765309E100016B517908D8B441
:100E800002D0090102D04FA80CD001017F530DE11F
:100E900080530BE100016B518308D8B402D00101EB
:100EA00004D00601F79B04D001010601F78B578699
:100EB00056B207D057B405D0050E00016A6F5784AB
:100EC000060142D0000181B03AD04EB005D0010EEB
:100ED0000901756F000129DF0901766B010E756F3D
:100EE000000180DF01015B2BD8B45C2B5C51020850
:100EF00011E2FF0A03E15B51E8080CE24EA005D0C5
:100F00004E9000016B6B03D001014E80000117D0A1
:100F100015D001014EB011D0000187530FE16B6B6A
:100F20000101AA6BA96B74C1A8F173C1A7F1746B1D
:100F3000736B766B756B4F8C518C0001C4D70901B4
:100F4000756B0001F2DE060101015C6B5B6BF292D6
:100F5000F288F19CF2920001BBEF00F081A403D073
:100F60004E864E9802D04E964E88696B010E09014E
:100F7000706F070E6F6F000197DDF096B98CF090DF
:100F800060EF00F0F09AF0940101D66BD56BD46B52
:100F9000D36BB36AB26AA08285BC09D09A6B996B95
:100FA000986B976B030E00016A6F34D0010185BA0C
:100FB00009D09A6B996B986B976B040E00016A6F5E
:100FC00029D001019A6B996B986B976B85B605D008
:100FD000010E00016A6F1ED0010185B405D0020E1A
:100FE00000016A6F17D0010185A802D084B20BD02E
:100FF00056B208D0050E00016A6F0101C26BC16BC9
:10100000C06BBF6B06D0519EF094F08AF196A0920F
:10101000A1920001F09460EF00F0B36AB26A010E91
:101020000101D327D8B0D42BD8B4D52BD8B4D62B24
:10103000D65307E1D55305E1D45303E1D3510B084F
:1010400003E2518EA092A192A192000160EF00F004
:10105000F29681CF6EF0F2906EBD0CD081A804D0D4
:101060004EB002D04E8C05D081BA02D04E8A01D04B
:10107000F28601D0F286F29060EF00F025303375F1
:1010800020792025303375008B948B841200FCDF8F
:101090000801DA6BD96BDA51D85D0CE303E1D95161
:1010A000D75D08E3050E006E002EFED7D92BD8B40D
:1010B000DA2BF1D700011200F2CFD7F8F29E636A63
:1010C000D6C862FF7F9C7F9E7F8061500801D7BF9A
:1010D000F28E010FD86FF250006EF29E636AD6C88E
:1010E00062FFD8C861FF7F9C7F9E7F840F01550EF1
:1010F0007E6EAA0E7E6E7F820050F2127FB2FED705
:101100007F940801D86B640ED76F0001C0DF050122
:10111000E6510801D625D76F0501E6510801D6250D
:10112000D86FF2CFD9F8F29E636AD8C862FF7F9C6D
:101130007F9E7F806150D9BFF28E010FD86FF25031
:10114000006EF29E636AD7C862FFD8C861FF7F9CB9
:101150007F9E7F840F01550E7E6EAA0E7E6E7F826B
:101160000050F2127FB2FED77F940801D86B640E54
:10117000D76F00018CDF12000801E951070B006EE8
:10118000E931016E013201321F0E01160150EB25CB
:10119000E96E000EEC21EA6E016A012A002A01D0F4
:1011A0000136002EFDD7EA5303E00150EF1203D0C1
:1011B000011E0150EF16000112000801E75302E181
:1011C000000E01D0010EE8C8E9F8EA6F0F0EEC6FCF
:1011D000890EEB6F0001D0DFE8C8E9F80801EA6B7F
:1011E0000F0EEC6F920EEB6F0001C6DF12000801CC
:1011F000D26BD251130812E3036AD251270FE96E62
:10120000070E0320EA6EEF6A036AD2513B0FE96EC4
:10121000070E0320EA6EEF6AD22BEBD707014F6B64
:10122000506B516B00011200F2CFDEF8F29EDDC868
:1012300063FFDCC862FF7F9C7F9E7F806150080156
:10124000DEBFF28E016E00011200F2CFDEF8F29ED8
:10125000DDC863FFDCC862FF7F9C7F9E7F8061509A
:101260000801DEBFF28EDF6F010EDC25E06F000E9D
:10127000DD21E16FF2CFE2F8F29EE1C863FFE0C842
:1012800062FF7F9C7F9E7F806150E2BFF28EE06FA5
:10129000DFC803F0E051016E0350026E000112003E
:1012A0000801DD6BF250006EF29EDBC863FFDAC806
:1012B00062FFDCC861FF7F9C7F9E7F840F01550E1B
:1012C0007E6EAA0E7E6E7F820050F2127FB2FED733
:1012D0007F941B6AF2BE1B8EF29E050E0901796F88
:1012E00000016BDD1BBEF28E0801DDC801F00001BC
:1012F00012000801DF6BDEC8E0F8F250006EF29ECB
:10130000DCC863FFDBC862FFE0C861FF7F9C7F9E93
:101310007F840F01550E7E6EAA0E7E6E7F82005076
:10132000F2127FB2FED77F941B6AF2BE1B8EF29E32
:10133000050E0901796F000140DD1BBEF28E010E22
:101340000801DB25E06F000EDC21E16FDDC8E2F86B
:10135000F250006EF29EE1C863FFE0C862FFE2C88F
:1013600061FF7F9C7F9E7F840F01550E7E6EAA0ECB
:101370007E6E7F820050F2127FB2FED77F941B6A8E
:10138000F2BE1B8EF29E050E0901796F000115DD7C
:101390001BBEF28E0801DFC801F000011200030E2F
:1013A0000801DD6FED0EDC6F00013EDF01C07BF058
:1013B000030E0801DD6FEE0EDC6F000135DF01C0AA
:1013C0007CF0030E0801DD6FEF0EDC6F00013DDFE6
:1013D00002C00AF101C009F1030E0801DD6FF10E30
:1013E000DC6F000121DF01C08BF07B3D2ED0280E89
:1013F0007B6F7C6F01010A6B096B00018B6B030E25
:101400000801DB6FED0EDA6F7BC0DCF8000148DF0E
:10141000030E0801DB6FEE0EDA6F7CC0DCF8000112
:101420003FDF030E0801DC6FEF0EDB6F0AC1DEF851
:1014300009C1DDF800015DDF030E0801DB6FF10E6D
:10144000DA6F8BC0DCF800012BDFF2EFEDF0200E3D
:10145000956E8C9E956E8C86956E8C8E7DEFEEF0E3
:1014600068C96BF909016D6B6E6B6C6B6D6B6E6BA4
:101470006A5068C96AFF6830FEE367C96BF96E6B32
:101480006C6B6D6B6E6B6A5067C96AFF6830FEE308
:1014900066C96AF96B6B6C6B6D6B6A5066C96AFFE3
:1014A0006830FEE3000169EF0AF0A20E676E688CF7
:1014B000200E956E8C9E6A50030E6A6E6830FEE3B5
:1014C00064C969F963C968F962C967F961C966F9EC
:1014D000C7D76A506A6A6830FEE36ACF65F9200EA2
:1014E000956E8C8E090165C901F000011200D8B219
:1014F00004D0090EEA6E180EE96E006A016A026AEB
:10150000036A0901186B196B1A6B1B6B17511611C3
:10151000151114112CE0200E1C6FD89010371137C4
:1015200012371337183719371A371B3717511B5D06
:1015300008E116511A5D05E11551195D02E11451DA
:10154000185D0FE31451185F1551D8A0153D195FB0
:101550001651D8A0163D1A5F1751D8A0173D1B5F32
:10156000D88000360136023603361C2FD6D718C96C
:10157000EFFF19C9ECFF1AC9ECFF1BC9ECFF000112
:1015800012000901606B616B010E626FDA6AD96A41
:10159000090E656F580E646F090EEA6E5C0EE96EF7
:1015A00065C9E2FF64C9E1FF62C963F9D890E550FB
:1015B000EE02F3506023F4506123632FF7D760C924
:1015C000DEFF61C960F9616BD8B0612B642BD8B4C0
:1015D000652B622B62510508DFE100011200B60E97
:1015E000006E036A026A016A0801F851F911FA11E2
:1015F000FB1102E1006A0DD0D89001BE09D0F83786
:10160000F937FA37FB37033602360136002EF4D7A6
:10161000019E0001120009012351D8B4A5D02F6FFB
:101620002751D8B4A1D02F5F05E37F0E2F27D8B064
:101630009BD006D0810E2F5FD8A096D0D8B494D07E
:101640002FC900F0016A026A036A2E6B24C92DF9C2
:101650002D8F25C92CF926C92BF9190E2F6F2A5168
:101660002B5F0DE2010E2C5F0AE22D5F08E22E5F78
:1016700006E22E2B2D2B2C2B2A512B2728D029513B
:101680002C5F12E2010E2D5F0FE22E5F0DE22E2B7A
:101690002D2B29512C272A512B2719E32C2B17E10D
:1016A0002D2B15E12E2B13D0285180092D5F0EE232
:1016B000010E2E5F0BE22E2B285180092D27295178
:1016C0002C27E9E32D2BE7E12E2BE5D703802F2FE5
:1016D00001D00BD0D8902B372C372D372E37D89000
:1016E0000336023601363037BAD730A106D0D8904B
:1016F000013202320332303302D0000635E030BF0F
:101700001ED0D8902B372C372D372E372A512B5FF0
:1017100007E2010E2C5F04E22D5F02E22E5F1AE366
:1017200029512C5F05E2010E2D5F02E22E5F12E3CC
:10173000285180092D5F03E2010E2E5F0BE3032A7F
:1017400009E1022A07E1012A05E1002A0DE0013240
:101750000232033224C92FF928512F1B2FAF02D098
:10176000018E06D0019E04D0006A016A026A036AF3
:10177000000112000801CE5316E00C0E6E6E380EFA
:101780006F6E6E50CF0B10096E6E0101CA6BC96B84
:10179000070EC86FD00EC76FC66BC56BC46BC36B2B
:1017A000568604D008016E6A5696010100011200A7
:1017B0000801CE6BCE51020820E38B801B6AF2BE7B
:1017C0001B8EF29E0901766BFA0E756F0001F2EC2A
:1017D00006F01BBEF28E8B901B6AF2BE1B8EF29E31
:1017E0000901766BFA0E756F0001F2EC06F01BBE74
:1017F000F28E04000801CE2BDDD700011200090192
:101800000A510C03F3CF01F0F4CF00F00D03F350B5
:1018100000260B510C03F3500020026E0001120051
:1018200033DCB00E676E3F0E68168394090159A130
:10183000839059B18380A19A679E5AC96AFFA1AA71
:10184000FED7838400011200B00E676E3F0E68164B
:101850000901596B300E5A6F0001E2DF0901596B23
:10186000750E5A6F0001DCDF010E0901596F100E71
:101870005A6F0001D5DF010E0901596F9F0E5A6F93
:101880000001CEDF0901596B150E5A6F0001C8DF48
:10189000010E0901596F050E5A6F0001C1DF010EDB
:1018A0000901596F540E5A6F0001BADF0901596BD3
:1018B0005C0E5A6F0001B4DF100E0901006F005179
:1018C0009E081BE3050E016F0151530814E3010E3E
:1018D000596F5A6B0001A4DF010E0901596F5A6B51
:1018E00000019EDF010E0901596F5A6B000198DF5C
:1018F0000901012BE9D7002BE2D7596B250E5A6F4E
:1019000000018EDF5780120055C964F954C963F98C
:1019100053C962F952C961F9C8DD01C05AF9010E13
:10192000090152255D6F000E53215E6F000E542198
:101930005F6F000E5521606F646F5FC963F95EC908
:1019400062F95DC961F90001B0DD01C05BF9020E09
:10195000090152255D6F000E53215E6F000E542168
:101960005F6F000E5521606F646F5FC963F95EC9D8
:1019700062F95DC961F9000198DD01C05CF90901F6
:10198000596B5AC958F95BC957F95CC956F956C918
:1019900000F057C901F058C902F059C903F000011D
:1019A0001200B00E676E3F0E68160501F96BF86BFA
:1019B000F76BF66B09015851000A000108E0010AB3
:1019C00032E0030A5DE0010AD8B487D0B4D009013F
:1019D000646B636B626B616B000167DD01C059F979
:1019E0000901646B636B626B010E616F00015DDD69
:1019F00001C05AF90901646B636B626B020E616F7F
:101A0000000153DD0501F96B59C9F8F55AC9F7F51D
:101A100001C0F6F5080EEE6F030EEF6F080EEC6FC7
:101A2000020EED6FB3D00901646B636B626B030E42
:101A3000616F00013ADD01C059F90901646B636B04
:101A4000626B040E616F000130DD01C05AF90901BB
:101A5000646B636B626B050E616F000126DD05012F
:101A6000F96B59C9F8F55AC9F7F501C0F6F5080E32
:101A7000EE6F030EEF6F080EEC6F020EED6F86D067
:101A80000901646B636B626B060E616F00010DDD13
:101A900001C059F90901646B636B626B070E616FDA
:101AA000000103DD01C05AF90901646B636B626BCD
:101AB000080E616F0001F9DC0501F96B59C9F8F5F1
:101AC0005AC9F7F501C0F6F5100EEE6F040EEF6F70
:101AD000100EEC6F020EED6F59D00901646B636B51
:101AE000626B090E616F0001E0DC01C059F9090168
:101AF000646B636B626B0A0E616F0001D6DC01C020
:101B00005AF90901646B636B626B0B0E616F000124
:101B1000CCDC0501F96B59C9F8F55AC9F7F501C0D4
:101B2000F6F54B0EEE6F640EEF6F180EEC6F070EAE
:101B3000ED6F2CD000010901646B636B626B616B0C
:101B40000001B3DC01C059F90901646B636B626B7E
:101B5000010E616F0001A9DC01C05AF90901646B33
:101B6000636B626B020E616F00019FDC0501F96B14
:101B700059C9F8F55AC9F7F501C0F6F5080EEE6F28
:101B8000030EEF6F080EEC6F020EED6F0001D6EF43
:101B90000DF0B00E676E3F0E6816050E09014F2757
:101BA000100E502751C958F90001FBD609014E51BA
:101BB000C00BC00809E1600E4E5D0501F06FF16BCE
:101BC000F26BF36B08D00901200E4E5D0501F06F3A
:101BD000F16BF26BF36B09015151030819E1F3C585
:101BE0005BF9F2C55AF9F1C559F9F0C558F95F6BBF
:101BF0005E6B5D6BEEC55CF90001C3DC03C0F3F501
:101C000002C0F2F501C0F1F500C0F0F510D00901F5
:101C10000501EF510901586F09E0D8900501F0372F
:101C2000F137F237F3370901582FF7D700010501D3
:101C3000F651F027F751F123F851F223F951F3232C
:101C40000901596B300E5A6F0001EADD0901596B29
:101C5000750E5A6F0001E4DD010E0901596F50C97C
:101C60005AF90001DDDD0501EC5109015025586FDD
:101C7000010E596F58C95AF90001D2DD0901596B9B
:101C8000150E5A6F0001CCDD010E0901596F4FC9C5
:101C90005AF90001C5DD0501ED5109014F25586FC5
:101CA000010E596F58C95AF90001BADD0901596B83
:101CB0005C0E5A6F0001B4DD0501EE51F025020102
:101CC0003F6F000E0501F1210201406F000E05017A
:101CD000F2210201416F000E0501F3210201426F62
:101CE000F3C557F9F2C556F9F1C555F9F0C554F9E0
:101CF000090157510201425DD8A06ED015E10901DA
:101D000056510201415DD8A067D00EE1090155513D
:101D10000201405D61E308E13F510901545DD8A033
:101D200002D0020159D0020157C964F956C963F9BA
:101D300055C962F954C961F9000155EC0AF001C0B6
:101D4000F4F50501F56BF551070829E3F451800B13
:101D500011E10901535307E0010E596F5A6900015F
:101D60005FDD06D00901010E596F5A6B000158DD85
:101D700011D005010901535307E0010E596F5A6B49
:101D800000014EDD07D00901010E596F52C95AF901
:101D9000000146DDD8900501F437F52BD4D70901B1
:101DA000515103080FE0535307E0010E596F5A6970
:101DB000000136DD06D00901010E596F5A6B000192
:101DC0002FDD0901010E5427D8B0552BD8B4562B5E
:101DD000D8B4572B8ED702010901596B250E5A6FC3
:101DE00000011EDD1200B00E676E3F0E681609017D
:101DF000086B120E0501E82509014D6F000E050163
:101E0000E92109014E6F000E0501EA2109014F6F1A
:101E1000000E0501EB210901506FD8900235026ECA
:101E20000335036E02C000F0016E026A036A0050BF
:101E30004D2701504E2302504F230350502302518F
:101E40004D253B6F03514E213C6F000E4F213D6FDE
:101E5000000E50213E6F3EC955F93DC954F93CC9A9
:101E600053F93BC952F900014FDD03C042F902C0EA
:101E700041F901C040F900C03FF9030E09013B25BB
:101E80004D6F000E3C214E6F000E3D214F6F000E36
:101E90003E21506F556F4FC954F94EC953F94DC982
:101EA00052F9000131DD03C046F902C045F901C015
:101EB00044F900C043F909013F51435D476F405168
:101EC0004459486F42C94CF941C94BF940C94AF9D4
:101ED0003FC949F94C51465D32E30BE14B51455D39
:101EE0002EE307E14A51445D2AE303E14351495D92
:101EF00026E20851082B036A090F016E090E03221E
:101F000001C04DF903C04EF94CC964F94BC963F9DE
:101F10004AC962F949C961F9000155EC0AF04EC994
:101F2000EAFF4DC9E9FF01C0EFFF010E0901492792
:101F3000D8B04A2BD8B44B2BD8B44C2BCBD7086B8A
:101F4000485303E14751085D26E20851082B036A14
:101F5000090FE96E090E0320EA6EEFCF4EF904C9AE
:101F60004FF905C950F906C951F9526907C953F922
:101F700000010FDE0901065303E00651030805E1E5
:101F80000501ED510901042705D0010E0501ED25DC
:101F900009010427D5D700011200B00E676E3F0E6D
:101FA000681609010F6B0F510925E96E000E0A2111
:101FB000EA6EEF5025E00F510F2B0925E96E000E58
:101FC0000A21EA6EEFCF4EF90BC94FF90CC950F94F
:101FD0000DC951F952690EC953F90001DADD090141
:101FE0000D5303E00D51030805E10501ED51090111
:101FF0000B2705D0010E0501ED2509010B27D3D7CD
:102000000001120009010A51016A095D03E209C9D0
:1020100000F00CD0006A080E0B6F093700360A5129
:10202000005CD8B0006E01360B2FF7D7000112000C
:10203000C1C8EAFFC0C8E9FF090110C9EFFFE92ADA
:10204000D8B4EA2AEF6A0801C02BD8B4C12B00012A
:102050001200015007C909F9640E09010A6F000155
:10206000D1DF00C007F90150300E08E1090108A3D3
:102070000FD008B70DD008B9200E04D00901089779
:1020800008990881012601C010F90001D1DF09017A
:1020900007C909F90A0E0A6F0001B4DF00C007F989
:1020A0000150300E08E1090108B70AD008A108D094
:1020B00008B9200E0001012601C010F9B9DF09019D
:1020C000300E072707C910F90001B2DF1200B00E69
:1020D000676E3F0E6816050E09010B27100E0C27C0
:1020E000596B300E5A6F000110EC0CF00901596B5E
:1020F000750E5A6F000110EC0CF0010E0901596FBA
:102100000CC95AF9000110EC0CF0100E09010C2555
:10211000FF0F186F010E596F18C95AF9000110EC22
:102120000CF00901596B150E5A6F000110EC0CF000
:10213000010E0901596F0BC95AF9000110EC0CF09E
:10214000050E09010B25186F010E596F18C95AF9B0
:10215000000110EC0CF00901596B5C0E5A6F000184
:1021600010EC0CF00901646B636B626B0C0E616F19
:10217000000155EC0AF001C018F90901646B636BAA
:10218000626B0D0E616F000155EC0AF001C019F988
:102190000901646B636B626B0E0E616F000155EC9D
:1021A0000AF00901126B18C911F919C910F901C017
:1021B0000FF91B6B1A6B196B0A35006E1935016E1E
:1021C0001A35026E1B35036E0036013602360336B1
:1021D0000036013602360336003601360236033643
:1021E0000036013602360336E00E001600500F2787
:1021F000015010230250112303501223136B12C9F4
:1022000017F911C916F910C915F90FC914F9200EDB
:102210000F25006E000E1021016E000E1121026EBE
:10222000000E1221036E1751035C54E30BE11651AB
:10223000025C50E307E11551015C4CE303E10050FF
:10224000145D48E217C964F916C963F915C962F942
:1022500014C961F9000155EC0AF001C00EF905013D
:10226000F56BF551070819E309010E51800B08E1E0
:10227000010E596F5A6B000110EC0CF008D00901E7
:10228000010E596F0DC95AF9000110EC0CF0D890ED
:1022900009010E370501F52BE4D7090113A110D070
:1022A00013530EE0010E596F5A6B000110EC0CF045
:1022B000010E0901596F5A6B000110EC0CF0090175
:1022C000132B010E1427D8B0152BD8B4162BD8B465
:1022D000172B9DD7596B250E5A6F000110EC0CF08F
:1022E00080EF11F0B00E676E3F0E681607C90AF94D
:1022F00008C90BF909C90CF909010D690001E7D6F4
:102300001200090E0901076F4A0E086F5A0E096F75
:102310000001E8DF1200140E0901076F4A0E086F72
:102320005A0E096F0001DEDFBEEF12F0080E090140
:10233000076F4A0E086F140E096F0001D3DF1200F9
:10234000140E0901076F4A0E086F140E096F000181
:10235000C9DF1200120E0901076F4A0E086F5A0EEC
:10236000096F0001BFDFF8EF12F01B6AF2BE1B8E8F
:10237000F29E0901796B6FC078F90001E1EC05F07C
:102380001BBEF28E03C00AF902C009F901C008F9A8
:1023900000C007F91B6AF2BE1B8EF29E0901796B21
:1023A00070C078F90001E1EC05F01BBEF28E0AC99D
:1023B00026F909C925F908C924F907C923F903C071
:1023C0002AF902C029F901C028F900C027F90BEC4D
:1023D0000BF003C00AF902C009F901C008F900C0F6
:1023E00007F91B6AF2BE1B8EF29E03C07BF902C086
:1023F0007AF901C079F900C078F909017F6B7E6B29
:10240000480E7D6F850E7C6F0001FCEC05F01BBE55
:10241000F28E1B6AF2BE1B8EF29E03C07BF902C0D5
:102420007AF901C079F900C078F977EC06F01BBEA3
:10243000F28E01C000F909010051630802E2640E46
:10244000006F51A43ED051A615D0200E016F026F2F
:10245000036F046F056F066B090E0A6F010E096F9B
:10246000450E0B6F040E0C6F0D6B00C90EF90001C9
:1024700094DD090151B624D0010E0801C16FDB0EB5
:10248000C06F00C907F9130E0901086F0001E1DDF3
:10249000200E0901106F0001CBDD250E0901106F20
:1024A0000001C6DD010E09010A6FDB0E096F450E42
:1024B0000B6F040E0C6F0D6B0E6B00016EDD0901CE
:1024C00024D0010E0801C16FDB0EC06F00C907F9EF
:1024D000130E0901086F0001BCDD200E0901106F09
:1024E0000001A6DD250E0901106F0001A1DD010E1E
:1024F00009010A6FDB0E096F450E0B6F040E0C6F9E
:102500000D6B0E6B000149DD0901420E00018F6F5A
:102510000901005109080BE2400E00018F6F09010B
:102520000051630804E23E0E00018F6F09010101B2
:10253000095307E10A5305E1170E00018D6F0ED014
:1025400001010A5308E10951310805E3160E0001A3
:102550008D6F04D00101150E00018D6F8DC007F93C
:102560008FC008F90901096B0001BCDE6B516308DB
:102570000AE3C7DE6B510A0801E1CDD6D7DE6B5303
:1025800001E1DEDE42D06B5179080AE06B517B0835
:1025900007E06B51830804E06B51850801E0C6DE5B
:1025A0006B51780825E06B51790822E06B517B086C
:1025B0001FE06B5182081CE06B51830819E06B51DE
:1025C000850816E06B518C0813E06B518D0810E004
:1025D0006B518E080DE06B518F080AE06B51B40807
:1025E00007E06B51B50804E06B51B70801E0B2D6C3
:1025F0006B518C0809E06B518D0806E06B518E0819
:1026000003E06B518F0801E17CDE120051ACE4D095
:102610006C5302E14FAC17D04F9C24EC0CF0090135
:10262000036B100E026F046B056B020E066F076BD7
:102630000001F3EC0EF0886B826B4F9EBF6B0601BE
:10264000F46B5794000191DE0101A7530AE1A853EE
:1026500008E1A95306E1AA5304E1AA6BA96BA86B90
:10266000A76BAA5307E1A95305E1A85303E1A751BA
:10267000050805E2AA6BA96BA86B050EA76FA75307
:1026800006E1A85304E1A95302E1AA5302E0000EB7
:1026900001D0010E0801D96F0901036B180E026FFA
:1026A000070E046F190E056F066BD9C807F90001F4
:1026B000F3EC0EF00101A72D06D0A85304E1A953B5
:1026C00002E1AA5302E0000E01D0010E0801D96F09
:1026D0000901036B130E026F070E046F270E056FBF
:1026E000066BD9C807F90001F3EC0EF00101A75100
:1026F000020806E1A85304E1A95302E1AA5302E04B
:10270000000E01D0010E0801D96F0901036B140EF0
:10271000026F070E046F350E056F066BD9C807F9F7
:102720000001F3EC0EF00101A751030806E1A853E4
:1027300004E1A95302E1AA5302E0000E01D0010E08
:102740000801D96F0901036B150E026F070E046FA4
:10275000430E056F066BD9C807F90001F3EC0EF0C4
:102760000101A751040806E1A85304E1A95302E1BD
:10277000AA5302E0000E01D0010E0801D96F090131
:10278000036B160E026F070E046F510E056F066B7A
:10279000D9C807F90001F3EC0EF00101A7510508B3
:1027A00006E1A85304E1A95302E1AA5302E0000E96
:1027B00001D0010E0801D96F0901036B110E026FE0
:1027C000070E046F5F0E056F066BD9C807F900018D
:1027D000F3EC0EF06BC06CF0519C000E016E120019
:1027E000200E0801DAA9300EDB6FD9C800F0D9AF8E
:1027F00008D0001E002A00C0D9F82D0EDB6FDA8F3A
:10280000DA810150D9C809F9640E09010A6F000183
:1028100002EC10F000C0D9F8300E01240801DC6F82
:10282000D9C809F90A0E09010A6F000102EC10F07B
:10283000300E00240801DE6F300E0124DD6FDBC88E
:1028400000F0300EDC5D04E0DA83DABFDA8512D006
:10285000DBC8DCF8200EDB6F300EDD5D04E0DA81D2
:10286000DABFDA8307D0D8A4DA8104E1DCC8DDF866
:10287000200EDC6FDAB505D0DAB308D0DAB10BD0B0
:102880000FD0DBC810F9000118EC10F0DCC810F90B
:10289000000118EC10F0DDC810F9000118EC10F080
:1028A000DEC810F9000118EC10F01200EACF0EF9A2
:1028B000E9CF0DF909010739F009096F0927E20F7E
:1028C0000A6F320F0C6F07510F0B0A270A270C27CC
:1028D000E90F0B6F0B270B2706390F0B0B270C2764
:1028E0000B370C370C1F0C3706510F0B0C27093711
:1028F000070E086F0A0E0B070C27FDE30A070B27CC
:10290000FDE309070A27FDE308070927FDE3090E90
:10291000EA6E080EE96E070E0D150D9DE926000EF4
:10292000EA22E9500C0804E1EA50090801E10D8DA2
:10293000EF50006E08E10DBD06D00DB916D00DB7F1
:1029400002D0200E03D00D870D99300E0026EACF5D
:1029500007F9E9CF06F900C010F9000118EC10F0F2
:1029600007C9EAFF06C9E9FF0901EE500DADD9D745
:1029700000011200C69E9E96FBC8C9FF020EC6BE8D
:1029800005D09EA6FED7000EC5BC010E016E12003A
:10299000C69CC586C5B6FED700B0C59A00A0C58A3C
:1029A000C588C5B8FED7C9CF01F01200C580C5B033
:1029B000FED7AA0E0801FB6F0001DCDF012C01D05D
:1029C0003CD0DAC8FBF8D6DFD9C8FBF8D3DF080162
:1029D000FB6B0001CFDFC584C5B4FED7C580C5B091
:1029E000FED7AA0E0801FB6F0001C4DF0801FB6BD4
:1029F0000001C0DFC582C5B2FED7AB0E0801FB6F78
:102A00000001B8DF010E006EC3DF0801DC6B01C0FE
:102A1000DBF8006A0001BCDF0801DE6B01C0DDF8F5
:102A2000C584C5B4FED7DDC8DEF8DD6BDD51DB1330
:102A3000DE51DC13549E07D00001430E0801DC6F09
:102A4000210EDB6F548EDBC801F0DCC802F0000100
:102A50001200080E0801D96FDA6B0001A7DF0250DF
:102A6000E6EF16F00900F6CF07F9F7CF08F9F8CF2F
:102A700009F9F5CF10F918EC10F007C9F6FF08C9ED
:102A8000F7FF09C9F8FF0901062F01D002D00001A4
:102A9000E9D7000112000801DCBF12D00F0E006E52
:102AA000DB3900160A0E005C03E2300E002602D06D
:102AB000DC51002600C010F9000118EC10F00801EC
:102AC0000F0EDB170A0EDB5D02E2300E02D0DC9F38
:102AD000DC51DB27DBC810F9000118EC10F0120004
:102AE000B00E676E3F0E681609010A6B0A51032586
:102AF000E96E000E0421EA6EEF5027E00A510A2B1E
:102B00000325E96E000E0421EA6EEFCF4EF905C9E8
:102B10004FF906C950F907C951F908C952F909C94D
:102B200053F90001C9EC0DF00901075303E0075107
:102B3000030805E10501ED510901052705D0010E46
:102B40000501ED2509010527D1D7000112006C51BF
:102B50000A080EE024EC0CF00901036B1A0E026F58
:102B6000046B056B020E066F076B0001F3EC0EF0B1
:102B700051AC83D1B5EC11F00101AA5307E1A9537F
:102B800005E1A85303E1A751020805E2AA6BA96B6E
:102B9000A86B030EA76F0901036B1B0E026F040ED7
:102BA000046F1E0E056F010E066F076B0001F3EC3C
:102BB0000EF0010E0801C16FDB0EC06F7BC0D9F8AB
:102BC000130EDA6F00010CDE250E0901106F0001F3
:102BD00018EC10F0200E0901106F000118EC10F035
:102BE0000101A75306E1A85304E1A95302E1AA5346
:102BF00002E0000E01D0010E0801DB6F010E090199
:102C00000A6FDB0E096F330E0B6F1E0E0C6F010E79
:102C10000D6FDBC80EF90001CDEC0FF00901036B5D
:102C20001E0E026F040E046F2C0E056F010E066F50
:102C3000076B0001F3EC0EF0010E0801C16FDB0E13
:102C4000C06F7CC0D9F8130EDA6F0001C9DD250E04
:102C50000901106F000118EC10F0200E0901106F2F
:102C6000000118EC10F00101A72D06D0A85304E1D3
:102C7000A95302E1AA5302E0000E01D0010E08019F
:102C8000DB6F010E09010A6FDB0E096F330E0B6F4C
:102C90002C0E0C6F010E0D6FDBC80EF90001CDEC90
:102CA0000FF00901036B1C0E026F040E046F3A0E45
:102CB000056F010E066F076B0001F3EC0EF0010EBD
:102CC0000801C16FDB0EC06F020EE96E0AC107F981
:102CD00009C106F90001EADD250E0901106F0001A6
:102CE00018EC10F0200E0901106F000118EC10F024
:102CF0000101A751020806E1A85304E1A95302E12A
:102D0000AA5302E0000E01D0010E0801DB6F010E94
:102D100009010A6FDB0E096F330E0B6F3A0E0C6F51
:102D2000010E0D6FDBC80EF90001CDEC0FF00901AB
:102D3000036B1F0E026F040E046F480E056F010E29
:102D4000066F076B0001F3EC0EF0930E8C6F8B5344
:102D500002E1920E8C6F0101A751030806E1A8530E
:102D600004E1A95302E1AA5302E0000E01D0010ED2
:102D70000801DA6F0901036B8CC002F9330E046F8E
:102D8000480E056F010E066FDAC807F90001F3EC73
:102D90000EF009010A6B3F0E096F150E0B6F620EE4
:102DA0000C6F020E0D6F0E6B0001CDEC0FF00901E0
:102DB0000A6B340E096F2B0E0B6F620E0C6F020E36
:102DC0000D6F0E6B0001CDEC0FF043D602C0DAF8A8
:102DD00001C0D9F8010E0801C16FDB0EC06F960E5D
:102DE000F66E020EF76E000EF86E070E0901066F02
:102DF000000138DE100EE96E4BC007F94AC006F933
:102E000055DDA00EF66E020EF76E000EF86E030E84
:102E10000901066F000126DE100EE96E4DC007F9AC
:102E20004CC006F943DDA60EF66E020EF76E000EDC
:102E3000F86E050E0901066F000114DEDAC8DBF832
:102E4000370E0801DC6F000126DED9C8DBF8370E2B
:102E50000801DC6F00011FDE010E0901046FDB0EAB
:102E6000036F0F0E056F780E066F076B85C008F9AC
:102E7000096B000135DE6BC06CF0519C000E016ED9
:102E80001200016A026A006A036A0901135102E131
:102E9000125118E0100E146FD89010371137003609
:102EA00003361351035C02E11251005C07E3125137
:102EB000005ED8A003061351035ED88001360236A7
:102EC000142FEAD70001120009010D51B6080D6F49
:102ED000036A0EC911F90E8FD8900E330F331033D9
:102EE00003320232013200320D2FF6D711AF0BD070
:102EF000001E011E021E031E002AD8B4012AD8B4E7
:102F0000022AD8B4032A000112000801F16BF06B09
:102F1000EF6BEE6B01015A6B596B000E4FB8010E4F
:102F2000036A740FE96E000E0320EA6EEF52D8B404
:102F3000A8D01B6AF2BE1B8EF29EEDC879F9ECC8D0
:102F400078F90001E1EC05F01BBEF28E03C0F5F844
:102F500002C0F4F801C0F3F800C0F2F81B6AF2BE38
:102F60001B8EF29E03C07BF902C07AF901C079F989
:102F700000C078F909017F6B7E6B480E7D6F840E6F
:102F80007C6F0001FCEC05F01BBEF28E03C0F5F86F
:102F900002C0F4F801C0F3F800C0F2F8000E4FB818
:102FA000010E036A740FE96E000E0320EA6EEF5003
:102FB0001B6AF2BE1B8EF29E0901796B786F0001CD
:102FC000E1EC05F01BBEF28E1B6AF2BE1B8EF29E78
:102FD000F5C87BF9F4C87AF9F3C879F9F2C878F939
:102FE00003C07FF902C07EF901C07DF900C07CF901
:102FF000FCEC05F01BBEF28E03C0F5F802C0F4F83D
:1030000001C0F3F800C0F2F803C026F902C025F9A8
:1030100001C024F900C023F909012A6B296B286B30
:10302000800E276F00010BEC0BF01B6AF2BE1B8EAB
:10303000F29E03C07BF902C07AF901C079F900C0A1
:1030400078F977EC06F01BBEF28E02C05AF101C08F
:1030500059F1000E4FB8010E036A740FE96E000EAD
:103060000320EA6EEFCF12F95AC111F959C110F9D4
:103070000901136B000105DF02C062F101C061F1BB
:1030800001011B6AF2BE1B8EF29EEDC879F9ECC8F5
:1030900078F90001E1EC05F01BBEF28E03C0F5F8F3
:1030A00002C0F4F801C0F3F800C0F2F81B6AF2BEE7
:1030B0001B8EF29E03C07BF902C07AF901C079F938
:1030C00000C078F909017F6B7E6B480E7D6F840E1E
:1030D0007C6F0001FCEC05F01BBEF28E03C0F5F81E
:1030E00002C0F4F801C0F3F800C0F2F8000E4FB8C7
:1030F000010E006ED89000360050036A130FE96E7F
:10310000010E0320EA6EECCF03F0ED52EF501B6A84
:10311000F2BE1B8EF29E0901786F03C079F900019F
:10312000E1EC05F01BBEF28E1B6AF2BE1B8EF29E16
:10313000F5C87BF9F4C87AF9F3C879F9F2C878F9D7
:1031400003C07FF902C07EF901C07DF900C07CF99F
:10315000FCEC05F01BBEF28E03C0F1F802C0F0F8E3
:1031600001C0EFF800C0EEF8F1C810F9F0C80FF98F
:10317000EFC80EF9EEC80DF9A7DE1200F9C800F984
:103180000801FD510901001B00AF06D0D894D8906A
:103190000801F9BFD88045D0F9C800F9FCC801F989
:1031A0000801F8510901015F09E000BF02D00801E0
:1031B00038D0D850010AD86E080133D0FDC801F9C3
:1031C0000801F9510901015F09E000BF02D00801BF
:1031D00028D0D850010AD86E080123D0FEC801F9C2
:1031E0000801FA510901015F09E000BF02D008019E
:1031F00018D0D850010AD86E080113D0FFC801F9C1
:103200000801FB510901015F0AE000BF02D008017B
:1032100008D0D850010AD86E080103D00901D8900F
:10322000080100011200F1C8FBF8F0C8FAF8EFC875
:10323000F9F8EEC8F8F8EFEC0AF003C0FBF802C0AA
:10324000FAF801C0F9F800C0F8F8F3C80BF9F2C8B1
:103250000AF909010D6B320E0C6F0001FFEC0BF047
:1032600002C003F001501B6AF2BE1B8EF29E0901E0
:10327000786F02C079F90001E1EC05F01BBEF28E17
:10328000FBC826F9FAC825F9F9C824F9F8C823F9C2
:1032900003C02AF902C029F901C028F900C027F9A2
:1032A0000BEC0BF003C0F7F802C0F6F801C0F5F81C
:1032B00000C0F4F8F7C8FBF8F6C8FAF8F5C8F9F852
:1032C000F4C8F8F80801FF6BFE6BFD6BFC6B0001A6
:1032D00055DF01E206E10801F76BF66BF56BF46B65
:1032E00000011B6AF2BE1B8EF29EF7C87BF9F6C87E
:1032F0007AF9F5C879F9F4C878F977EC06F01BBECD
:10330000F28E02501200E9500901086F3B0E0F6F58
:103310009A0E0E6FCA0E0D6F0C6B0A0E0A6FD882D2
:10332000090EEA6E040EE96E07C913F906C912F90F
:1033300005C911F904C910F90FC917F90EC916F911
:103340000DC915F90CC914F9000177EC0AF0015008
:10335000005213E109010A51010AD8A402D0000168
:103360000CD008510CE00F0B0A5D01E010E208BF21
:103370000ED008BD04D0200E03D00901086B300E1A
:10338000002600C010F9000118EC10F00901D892D5
:103390000FC913F90EC912F90DC911F90CC910F9A9
:1033A000176B166B156B0A0E146F000177EC0AF0A1
:1033B00003C00FF902C00EF901C00DF900C00CF9ED
:1033C00009010A2FACD7000112001B6AF2BE1B8E46
:1033D000F29E05C979F904C978F9E1EC05F01BBE44
:1033E000F28E03C026F902C025F901C024F900C0FD
:1033F00023F909012A6B296B700E286F840E276F41
:1034000000010BEC0BF003C00BF902C00AF901C07C
:1034100009F900C008F91B6AF2BE1B8EF29E07C9AB
:1034200079F906C978F9E1EC05F01BBEF28E03C00C
:1034300026F902C025F901C024F900C023F90901C9
:103440002A6B296B700E286F840E276F00010BEC1E
:103450000BF003C00FF902C00EF901C00DF900C056
:103460000CF91B6AF2BE1B8EF29E0BC97BF90AC9CE
:103470007AF909C979F908C978F977EC06F01BBE21
:10348000F28E01C077F005C911F904C910F90901DC
:10349000136B3C0E126F0001F4DC00C078F01B6A65
:1034A000F2BE1B8EF29E0FC97BF90EC97AF90DC9C7
:1034B00079F90CC978F977EC06F01BBEF28E01C0E1
:1034C00079F007C911F906C910F90901136B3C0E0F
:1034D000126F0001D6DC00C07AF01200B00E676EE9
:1034E0003F0E68160901086B120E0501E825090157
:1034F0004D6F000E0501E92109014E6F000E050117
:10350000EA2109014F6F000E0501EB210901506FFF
:10351000D8900135026E0235036E02C000F0016ED4
:10352000026A036A00504D2701504E2302504F2378
:103530000350502301514D253B6F02514E213C6FEA
:10354000000E4F213D6F000E50213E6F3EC955F9D0
:103550003DC954F93CC953F93BC952F9000184EC07
:103560000CF003C042F902C041F901C040F900C0AB
:103570003FF9030E09013B254D6F000E3C214E6FB4
:10358000000E3D214F6F000E3E21506F556F4FC909
:1035900054F94EC953F94DC952F9000184EC0CF0AD
:1035A00003C046F902C045F901C044F900C043F91F
:1035B00009013F51435D476F40514459486F42C92B
:1035C0004CF941C94BF940C94AF93FC949F94C5135
:1035D000465D32E30BE14B51455D2EE307E14A5175
:1035E000445D2AE303E14351495D26E20851082B7B
:1035F000036A090F016E090E032201C04DF903C0D1
:103600004EF94CC964F94BC963F94AC962F949C911
:1036100061F9000155EC0AF04EC9EAFF4DC9E9FF16
:1036200001C0EFFF010E09014927D8B04A2BD8B4D9
:103630004B2BD8B44C2BCBD7086B485303E14751E5
:10364000085D28E20851082B036A090FE96E090E8C
:103650000320EA6EEFCF4EF903C94FF904C950F9C0
:1036600005C951F906C952F907C953F90001C9EC56
:103670000DF00901055303E00551030805E10501BB
:10368000ED510901032705D0010E0501ED250901C2
:103690000327D3D7000112000901196B186B176BB0
:1036A000166B1D6B1C6B1B6B1A6B1E6B0F510B5D2E
:1036B0001E6F00016B5114080CE06B51770803E298
:1036C0006B51800806E26B518B0809E26B5194083C
:1036D00006E30901155302E10BC91EF900011B6A3B
:1036E000F2BE1B8EF29E0901796B1EC978F90001AA
:1036F000E1EC05F01BBEF28E03C022F902C021F9F5
:1037000001C020F900C01FF903C026F902C025F945
:1037100001C024F900C023F909012A6B240E296F86
:10372000740E286F920E276F00010BEC0BF003C094
:1037300019F902C018F901C017F900C016F91B6A7F
:10374000F2BE1B8EF29E14C979F913C978F9E1EC27
:1037500005F01BBEF28E1B6AF2BE1B8EF29E19C9CB
:103760007BF918C97AF917C979F916C978F903C02C
:103770007FF902C07EF901C07DF900C07CF9FCEC44
:1037800005F01BBEF28E03C022F902C021F901C070
:1037900020F900C01FF91B6AF2BE1B8EF29E03C007
:1037A0007BF902C07AF901C079F900C078F9090102
:1037B0007F6B7E6B480E7D6F850E7C6F0001FCEC8D
:1037C00005F01BBEF28E03C01DF902C01CF901C03A
:1037D0001BF900C01AF91AC900F01BC901F01CC975
:1037E00002F01DC903F01200E9500901056F0451F0
:1037F000076F22E01B6AF2BE1B8EF29E03C97BF9A3
:1038000002C97AF901C979F900C978F97F6B7E6B31
:10381000200E7D6F820E7C6F0001FCEC05F01BBE5C
:10382000F28E03C003F902C002F901C001F900C021
:1038300000F90901072FDED703C910F902C90FF9F2
:1038400001C90EF900C90DF9000164EC17F003C0BD
:1038500003F902C002F901C001F900C000F9090131
:1038600003AF0DD00507058B001F011F021F031FAB
:10387000002BD8B4012BD8B4022BD8B4032B3B0EA9
:103880000C6F9A0E0B6FCA0E0A6F096B0A0E076F48
:103890000451D8B4052BD882090EEA6EE96A03C92F
:1038A00013F902C912F901C911F900C910F90CC9BB
:1038B00017F90BC916F90AC915F909C914F9000154
:1038C00077EC0AF00150005213E109010429075D69
:1038D000D8A402D000010CD005510DE00F0B075DFC
:1038E00001E044E205BF42D005BD05D0200E37D02F
:1038F000200E0901051705AB0FD0059B0451D8A474
:1039000005070050056F2D0E106F000118EC10F028
:1039100009010551006E056B0451075D0DE1005072
:10392000056F2E0E106F000118EC10F00901055103
:10393000006E200E0517000E300E05AB10D0059B53
:103940000451D8A405070050056F2D0E106F00011B
:1039500018EC10F009010551006E056B300E0026C1
:1039600000C010F9000118EC10F00901D8920CC940
:1039700013F90BC912F90AC911F909C910F9176B22
:10398000166B156B0A0E146F000177EC0AF003C07A
:103990000CF902C00BF901C00AF900C009F90901CC
:1039A000072F79D7000112000801D99151ACE4EF3B
:1039B00022F000016C51140833E00101326B010E5A
:1039C000316F000124EC0CF00901036B0A0E026F49
:1039D000046B056B020E066F076B0001F3EC0EF033
:1039E000CE6B6C5178081CE0000E4FB8010E006ED3
:1039F000D89000360050036A0F0FE96E010E0320C5
:103A0000EA6EECCFEDF8ED52EFCFECF885EC17F065
:103A100003C0A6F102C0A5F101C0A4F100C0A3F14A
:103A20006C517808D8A49ED0646B0701046B4F9644
:103A30000001616BCC2D01D002D0010E616F589E48
:103A40004F9A01019E6B9D6B9C6B9B6B000E4FB858
:103A5000010E006ED89000360050036A130F016EFD
:103A6000010E032201C0EAF8080103C0EBF8000EC2
:103A70004FB8010E006ED89000360050036A0F0F49
:103A8000E96E010E0320EA6EECCFF3F8ED52EFCFB2
:103A9000F2F8A6C1F1F8A5C1F0F8A4C1EFF8A3C1EE
:103AA000EEF8000113EC19F0EBC8EAFFEAC8E9FFF1
:103AB00002C0ECFFED5201C0EFFF000E4FB8010E47
:103AC000006ED89000360050036A130FE96E010EA5
:103AD0000320EA6EECCFEBF8ED52EFCFEAF80801E5
:103AE000EA5307E1EB5305E10101486B476B25D031
:103AF0000801000E4FB8010E006ED890003600503D
:103B0000036A130FE96E010E0320EA6EECCFEBF8A7
:103B1000ED52EFCFEAF8000E4FB8010E036A740FB2
:103B2000E96E000E0320EA6EEF50EA250101476FAF
:103B3000000E0801EB210101486F5951A3259B6F2D
:103B40005A51A4219C6F000EA5219D6F000EA62145
:103B50009E6F0601F79B0101AE6BAD6BAC6BCCC0E9
:103B6000ABF100010101AA5307E1A95305E1A853F4
:103B700003E1A751090805E2AA6BA96BA86B0A0E1D
:103B8000A76FA7530AE1A85308E1A95306E1AA5376
:103B900004E1AA6BA96BA86BA76B0001B5EC11F04F
:103BA000CC5105E0010A08E0030A0BE00ED0C80E74
:103BB0008C6F020EBF6F09D0C90E8C6F080EBF6FDD
:103BC00004D0CA0E8C6F030EBF6F0101A75306E12C
:103BD000A85304E1A95302E1AA5302E0000E01D068
:103BE000010E0801EB6F0901036B8CC002F9040E92
:103BF000046F120E056F010E066FEBC807F9000186
:103C0000F3EC0EF00801DD6BDC6BDB6BDA6BD9914A
:103C10000001CC2D03D00801D98100010801D9B1E0
:103C200014D001015951A3250801DA6F01015A513D
:103C3000A4210801DB6F000E0101A5210801DC6F42
:103C4000000E0101A6210801DD6F010EC16FDB0E20
:103C5000C06F510E0901106F000118EC10F03D0EFD
:103C60000901106F000118EC10F0060EE96EDDC8B6
:103C700007F9DCC806F9DBC805F9DAC804F983ECF2
:103C800019F05B0E0901106F000118EC10F0430EE3
:103C90000901106F000118EC10F0010E0901046F0A
:103CA000DB0E036F040E056F1E0E066F010E076F0D
:103CB00085C008F9096B000170EC15F00801DF6B95
:103CC000DE6BD9B11ED0000E4FB8010E006ED89039
:103CD00000360050036A0F0FE96E010E0320EA6EF2
:103CE000ECCF0BF9ED52EFCF0AF909010D6B320E53
:103CF0000C6F0001FFEC0BF002C0DFF801C0DEF832
:103D00000801010EC16FDB0EC06FB00EF66E020E21
:103D1000F76E000EF86E030E0901066F000132EC1B
:103D200015F0000EE96EDFC807F9DEC806F956EC9B
:103D300014F05B0E0901106F000118EC10F0410E39
:103D40000901106F000118EC10F0000E0801D9B144
:103D5000010E036A840FE96E000E0320EA6EEFCFB6
:103D6000ECF80101A72D06D0A85304E1A95302E104
:103D7000AA5302E0000E01D0010E0801ED6F010E02
:103D80000901046FDB0E036F290E056F1E0E066F0F
:103D9000010E076FECC808F9EDC809F9000170ECD5
:103DA00015F0000E4FB8010E006ED890003600508E
:103DB000036A130FE96E010E0320EA6EECCF05F9DA
:103DC000ED52EFCF04F90901076B066B0001E5EC3A
:103DD00019F00801D9A104D00001776B786B0801B4
:103DE000010EC16FDB0EC06FBA0EF66E020EF76EDB
:103DF000000EF86E030E0901066F000132EC15F09B
:103E000077C007F9110E0901086F000129EC10F0C5
:103E10003A0E0901106F000118EC10F078C007F994
:103E2000010E0901086F000129EC10F0200E0901B4
:103E3000106F000118EC10F0730E0901106F0001F3
:103E400018EC10F0000E0801D9B1010E036A840FBE
:103E5000E96E000E0320EA6EEFCFECF80101A751E6
:103E6000020806E1A85304E1A95302E1AA5302E0C3
:103E7000000E01D0010E0801ED6F010E0901046F63
:103E8000DB0E036F040E056F2C0E066F010E076F1D
:103E9000ECC808F9EDC809F9000170EC15F0000E46
:103EA0000801D9B1010E036A840FE96E000E0320E8
:103EB000EA6EEFCFEAF80101A751020806E1A85324
:103EC00004E1A95302E1AA5302E0000E01D0010E61
:103ED0000801EB6F0901026BB60E016F040E036F50
:103EE0002C0E046F010E056FEAC806F9EBC807F93E
:103EF00000016EEC1AF0000E4FB8010E006ED89063
:103F000000360050036A130FE96E010E0320EA6EBB
:103F1000ECCFEBF8ED52EFCFEAF80801EA5323E1DA
:103F2000EB5321E1D9B11FD00101A751020806E1ED
:103F3000A85304E1A95302E1AA5302E0000E01D004
:103F4000010E0801EA6F0901036B900E026F040E67
:103F5000046F2C0E056F010E066FEAC807F9000109
:103F6000F3EC0EF00801000E4FB8010E036A740F57
:103F7000E96E000E0320EA6EEFCFEAF8010EC16F82
:103F8000DB0EC06FC80EF66E020EF76E000EF86EF6
:103F9000030E0901066F000132EC15F0EAC807F9BB
:103FA000110E0901086F000129EC10F0200E090123
:103FB000106F000118EC10F0730E0901106F000172
:103FC00018EC10F00101A751030806E1A85304E121
:103FD000A95302E1AA5302E0000E01D0010E08012C
:103FE000EC6F010E09010A6FDB0E096F290E0B6FD2
:103FF0002C0E0C6F010E0D6FECC80EF90001CDEC0C
:104000000FF00801D9910001CC2D01D017D0000E7E
:104010004FB8010E006ED89000360050036A130F9F
:10402000E96E010E0320EA6EECCFEBF8ED52EFCF14
:10403000EAF80801EA5304E1EB5302E10801D981EF
:10404000E30E00018C6F57AA02D0E20E8C6F000EB7
:104050000801D9B1010E036A840FE96E000E032036
:10406000EA6EEFCFEBF80101A751040806E1A8536F
:1040700004E1A95302E1AA5302E0000E01D0010EAF
:104080000801EC6F0901026B8CC001F9040E036F8B
:104090003A0E046F010E056FEBC806F9ECC807F97C
:1040A00000016EEC1AF00801E36BE26B480EE16F61
:1040B000850EE06FD9910001CC5303E10801D9814D
:1040C00000010801D9B12ED0ED6BEC6B34C1EBF8D7
:1040D00033C1EAF8F16BF06B34C1EFF833C1EEF89D
:1040E000EDC80EF9ECC80DF934C10CF933C10BF968
:1040F000F1C812F9F0C811F934C110F933C10FF940
:1041000036C114F935C113F963C015F900014CEC3F
:104110001BF003C0E3F802C0E2F801C0E1F800C000
:10412000E0F80801010EC16FDB0EC06F470E0901F8
:10413000106F000118EC10F03D0E0901106F000126
:1041400018EC10F0020EE96EE3C803F9E2C802F9B8
:10415000E1C801F9E0C800F90901046F0001F4ECBD
:104160001BF0250E0901106F000118EC10F0200E55
:104170000901106F000118EC10F0200E0901106FFA
:10418000000118EC10F0010E0901046FDB0E036F43
:10419000290E056F3A0E066F010E076F85C008F9EC
:1041A000096B000170EC15F00801E56BE46BD9B107
:1041B00010D00CC10BF90BC10AF909010D6B320EBD
:1041C0000C6F0001FFEC0BF002C0E5F801C0E4F851
:1041D0000801010EC16FDB0EC06FD20EF66E020E2B
:1041E000F76E000EF86E030E0901066F000132EC47
:1041F00015F0000EE96EE5C807F9E4C806F956ECBB
:1042000014F05B0E0901106F000118EC10F0410E64
:104210000901106F000118EC10F0000E0801D9B16F
:10422000010E036A840FE96E000E0320EA6EEFCFE1
:10423000ECF80101A751050806E1A85304E1A953D0
:1042400002E1AA5302E0000E01D0010E0801ED6F59
:10425000010E0901046FDB0E036F040E056F480E9B
:10426000066F010E076FECC808F9EDC809F90001E7
:1042700070EC15F00EC105F90DC104F90901076BC9
:10428000066B0001E5EC19F00801D9A104D000018A
:10429000776B786B0801010EC16FDB0EC06FDC0E0F
:1042A000F66E020EF76E000EF86E030E0901066F31
:1042B000000132EC15F077C007F9110E0901086F03
:1042C000000129EC10F03A0E0901106F000118EC02
:1042D00010F078C007F9010E0901086F000129EC00
:1042E00010F0200E0901106F000118EC10F0730E91
:1042F0000901106F000118EC10F0000E0801D9B18F
:10430000010E036A840FE96E000E0320EA6EEFCF00
:10431000ECF80101A751060806E1A85304E1A953EE
:1043200002E1AA5302E0000E01D0010E0801ED6F78
:10433000010E0901046FDB0E036F290E056F480E95
:10434000066F010E076FECC808F9EDC809F9000106
:1043500070EC15F0000E0801D9B1010E036A840F4C
:10436000E96E000E0320EA6EEFCFEAF80101A751D3
:10437000060806E1A85304E1A95302E1AA5302E0AA
:10438000000E01D0010E0801EB6F0901026BB60EA1
:10439000016F290E036F480E046F010E056FEAC806
:1043A00006F9EBC807F900016EEC1AF0010E8C6FEC
:1043B000635308E1BA0E8C6F0701205304E1B90E74
:1043C00000018C6F0701000E0801D9B1010E036ACC
:1043D000840FE96E000E0320EA6EEFCFEBF80101C7
:1043E000A751070806E1A85304E1A95302E1AA5323
:1043F00002E0000E01D0010E0801EC6F0901026B12
:104400008CC001F9040E036F560E046F010E056F88
:10441000EBC806F9ECC807F900016EEC1AF00801C8
:10442000E76BE66BD9B104D034C1E7F833C1E6F8E5
:10443000010EC16FDB0EC06FEA0EF66E020EF76E54
:10444000000EF86E030E0901066F000132EC15F044
:10445000010EE96EE7C807F9E6C806F956EC14F054
:10446000F10EF66E020EF76E000EF86E030E0901E5
:10447000066F000132EC15F0000E0801D9B1010EF3
:10448000036A840FE96E000E0320EA6EEFCFECF8AA
:104490000101A751080806E1A85304E1A95302E16C
:1044A000AA5302E0000E01D0010E0801ED6F010ECB
:1044B0000901046FDB0E036F290E056F560E066FA0
:1044C000010E076FECC808F9EDC809F9000170EC9E
:1044D00015F00801E96BE86BD9B104D036C1E9F8F1
:1044E00035C1E8F8010EC16FDB0EC06F460E090141
:1044F000106F000118EC10F03D0E0901106F000163
:1045000018EC10F0010EE96EE9C807F9E8C806F9E1
:1045100056EC14F0480E0901106F000118EC10F071
:104520007A0E0901106F000118EC10F0000E08015E
:10453000D9B1010E036A840FE96E000E0320EA6E02
:10454000EFCFECF80101A751090806E1A85304E1F7
:10455000A95302E1AA5302E0000E01D0010E0801A6
:10456000ED6F010E0901046FDB0E036F040E056F82
:10457000640E066F010E076FECC808F9EDC809F963
:10458000000170EC15F00101A7510A0806E1A853DB
:1045900004E1A95302E1AA5302E0000E01D0010E8A
:1045A0000801EA6F0901036B910E026F040E046F9C
:1045B000730E056F010E066FEAC807F90001F3ECF0
:1045C0000EF06BC06CF00801519C000E016E0001F2
:1045D00012000801DF6BDE6BDD6BDC6B0101846BAD
:1045E000836B826B816B0001C05303E1C153D8B46C
:1045F000AED0C253D8B4ABD01B6AF2BE1B8EF29EB3
:10460000DBC879F9DAC878F9E1EC05F01BBEF28E67
:1046100003C0E3F802C0E2F801C0E1F800C0E0F82E
:104620001B6AF2BE1B8EF29E03C07BF902C07AF9B0
:1046300001C079F900C078F909017F6B7E6B480EE3
:104640007D6F840E7C6F0001FCEC05F01BBEF28ECA
:1046500003C0E3F802C0E2F801C0E1F800C0E0F8EE
:10466000C251C025016E000EC121036E01501B6AAC
:10467000F2BE1B8EF29E0901786F03C079F900012A
:10468000E1EC05F01BBEF28E1B6AF2BE1B8EF29EA1
:10469000E3C87BF9E2C87AF9E1C879F9E0C878F9AA
:1046A00003C07FF902C07EF901C07DF900C07CF92A
:1046B000FCEC05F01BBEF28E03C0E3F802C0E2F88A
:1046C00001C0E1F800C0E0F803C026F902C025F9F6
:1046D00001C024F900C023F909012A6B296B286B5A
:1046E000800E276F00010BEC0BF003C010F902C025
:1046F0000FF901C00EF900C00DF964EC17F003C00A
:1047000084F102C083F101C082F100C081F1C25185
:10471000C025016E000EC121036E01C0E0F8080142
:10472000E16FD89284C113F983C112F982C111F9E2
:1047300081C110F90901176B166B156F01C014F9CF
:10474000000177EC0AF001C086F100C085F11B6A18
:10475000F2BE1B8EF29EDBC879F9DAC878F9E1EC7B
:1047600005F01BBEF28E03C0E3F802C0E2F801C000
:10477000E1F800C0E0F81B6AF2BE1B8EF29E03C097
:104780007BF902C07AF901C079F900C078F9090112
:104790007F6B7E6B480E7D6F840E7C6F0001FCEC9E
:1047A00005F01BBEF28E03C0E3F802C0E2F801C0C0
:1047B000E1F800C0E0F81B6AF2BE1B8EF29E80C1D9
:1047C00079F97FC178F9E1EC05F01BBEF28E1B6A26
:1047D000F2BE1B8EF29EE3C87BF9E2C87AF9E1C80B
:1047E00079F9E0C878F903C07FF902C07EF901C009
:1047F0007DF900C07CF9FCEC05F01BBEF28E03C015
:10480000DFF802C0DEF801C0DDF800C0DCF8DFC868
:1048100010F9DEC80FF9DDC80EF9DCC80DF964EC3B
:1048200017F012000900F55211E0F6CF00F9F7CFAA
:1048300001F9F8CF02F9F5CF10F918EC10F000C922
:10484000F6FF01C9F7FF02C9F8FFECD71200080113
:10485000D99151AC54D300016C511E0822E024ECD4
:104860000CF00901036B720E026F046B056B020EF4
:10487000066F076B0001F3EC0EF06C5182080DE03F
:104880007EC1DBF87DC1DAF8A4DE03C0BAF102C054
:10489000B9F101C0B8F100C0B7F1040EBF6F010E4D
:1048A000CE6FB5EC11F06C51820823E1646B070107
:1048B000046B4F960601F7914F9A01017F5305E172
:1048C000805303E1486B476B0AD00001C0510101DE
:1048D0007F25476F0001C15101018021486F06010A
:1048E000F79B0101AE6BAD6B7EC1ACF17DC1ABF14D
:1048F0000001B5EC11F00101AA5307E1A95305E14C
:10490000A85303E1A751060805E2AA6BA96BA86B9F
:10491000070EA76FAA530CE1A9530AE1A85308E1B7
:10492000A751010805E3AA6BA96BA86B010EA76F3D
:104930000801D99101017F5305E1805303E108018A
:10494000D98101018151B7250801DA6F0101825136
:10495000B8210801DB6F01018351B9210801DC6F27
:1049600001018451BA210801DD6F010EC16FDB0E18
:10497000C06F510E0901106F000118EC10F03D0ED0
:104980000901106F000118EC10F0070EE96EDDC888
:1049900007F9DCC806F9DBC805F9DAC804F983ECC5
:1049A00019F0FC0EF66E020EF76E000EF86E030E96
:1049B0000901066F000132EC15F0010E0901046FC8
:1049C000DB0E036F040E056F1E0E066F010E076FE0
:1049D00085C008F9096B000170EC15F07EC10BF978
:1049E0007DC10AF909010D6B320E0C6F0001FFEC5D
:1049F0000BF002C0DBF801C0DAF8010E0801C16F4C
:104A0000DB0EC06F490E0901106F000118EC10F0A9
:104A10003D0E0901106F000118EC10F0000EE96E58
:104A2000DBC807F9DAC806F956EC14F0060EF66E84
:104A3000030EF76E000EF86E030E0901066F0001FB
:104A400032EC15F00101A72D06D0A85304E1A953BB
:104A500002E1AA5302E0000E01D0010E0801DC6F52
:104A6000010E09010A6FDB0E096F290E0B6F1E0E76
:104A70000C6F010E0D6FDCC80EF90001CDEC0FF0CC
:104A8000E30E8C6F57AC02D0E20E8C6F000E080163
:104A9000D9B1010E036A840FE96E000E0320EA6E9D
:104AA000EFCFDBF80101A751020806E1A85304E1AA
:104AB000A95302E1AA5302E0000E01D0010E080141
:104AC000DC6F0901026B8CC001F9040E036F2C0E20
:104AD000046F010E056FDBC806F9DCC807F9000199
:104AE0006EEC1AF080C105F97FC104F90901076B6A
:104AF000066B0001E5EC19F0010E0801C16FDB0E39
:104B0000C06F0A0EF66E030EF76E000EF86E030EFF
:104B10000901066F000132EC15F077C007F9110E9C
:104B20000901086F000129EC10F03A0E0901106F1D
:104B3000000118EC10F078C007F9010E0901086FA8
:104B4000000129EC10F0200E0901106F000118EC93
:104B500010F0730E0901106F000118EC10F0010144
:104B6000A751030806E1A85304E1A95302E1AA539F
:104B700002E0000E01D0010E0801DC6F010E0901F8
:104B80000A6FDB0E096F290E0B6F2C0E0C6F010ED6
:104B90000D6FDCC80EF90001CDEC0FF001017F5361
:104BA00020E180531EE1A751030806E1A85304E168
:104BB000A95302E1AA5302E0000E01D0010E080140
:104BC000DA6F0901036B900E026F290E046F2C0E31
:104BD000056F010E066FDAC807F90001F3EC0EF05D
:104BE0000101010E0801C16FDB0EC06F180EF66ED9
:104BF000030EF76E000EF86E040E0901066F000139
:104C000032EC15F0000EE96EC1C007F9C0C006F91C
:104C100056EC14F0200E0901106F000118EC10F092
:104C2000730E0901106F000118EC10F00101A7517B
:104C3000040806E1A85304E1A95302E1AA5302E0E3
:104C4000000E01D0010E0801DC6F010E09010A6F90
:104C5000DB0E096F040E0B6F3A0E0C6F010E0D6F19
:104C6000DCC80EF90001CDEC0FF0010E0801C16F98
:104C7000DB0EC06F240EF66E030EF76E000EF86E9C
:104C8000040E0901066F000132EC15F0C2C007F9ED
:104C9000110E0901086F000129EC10F0200E090126
:104CA000106F000118EC10F0730E0901106F000175
:104CB00018EC10F00101A751050806E1A85304E122
:104CC000A95302E1AA5302E0000E01D0010E08012F
:104CD000DC6F010E09010A6FDB0E096F290E0B6FE5
:104CE0003A0E0C6F010E0D6FDCC80EF90001CDEC11
:104CF0000FF0010E0801C16FDB0EC06F530E0901EA
:104D0000106F000118EC10F03D0E0901106F00014A
:104D100018EC10F0020EE96EC6C003F9C5C002F926
:104D2000C4C001F9C3C000F9010E0901046F0001FC
:104D3000F4EC1BF0020E0801C16F170EC06F2E0EAF
:104D4000F66E030EF76E000EF86E00016BDD0101CA
:104D5000A751060806E1A85304E1A95302E1AA53AA
:104D600002E0000E01D0010E0801DC6F020E090105
:104D70000A6F170E096F290E0B6F480E0C6F010E8C
:104D80000D6FDCC80EF90001CDEC0FF00101A75149
:104D9000060806E1A85304E1A95302E1AA5302E080
:104DA000000E01D0010E0801DC6F010E09010A6F2F
:104DB000DB0E096F290E0B6F480E0C6F010E0D6F85
:104DC000DCC80EF90001CDEC0FF07EC10BF97DC1FE
:104DD0000AF909010D6B320E0C6F0001FFEC0BF0AC
:104DE00002C0DBF801C0DAF81B6AF2BE1B8EF29E2D
:104DF00002C079F901C078F9E1EC05F01BBEF28E32
:104E000003C026F902C025F901C024F900C023F926
:104E1000C6C02AF9C5C029F9C4C028F9C3C027F9FA
:104E20000BEC0BF003C010F902C00FF901C00EF932
:104E300000C00DF964EC17F003C0BEF102C0BDF173
:104E400001C0BCF100C0BBF1010E0801C16FDB0E57
:104E5000C06F6A0E0901106F000118EC10F03D0ED2
:104E60000901106F000118EC10F0030EE96EBEC1CD
:104E700007F9BDC106F9BCC105F9BBC104F983EC52
:104E800019F0400EF66E030EF76E000EF86E070E68
:104E90000901066F000132EC15F0010E0901046FE3
:104EA000DB0E036F040E056F480E066F010E076FD1
:104EB00085C008F9096B000170EC15F00101A751DC
:104EC000070806E1A85304E1A95302E1AA5302E04E
:104ED000000E01D0010E0801DA6F0901036B910E7B
:104EE000026F040E046F730E056F010E066FDAC8B1
:104EF00007F90001F3EC0EF06BC06CF00801519C57
:104F0000000E016E0001120087518811F30FD8B016
:104F1000C4D00D0FD9EF28F0010E0101646FF40E1B
:104F2000636F6C6B010E6B6F666FF40E656F6E6B6B
:104F3000010E6D6F686FF40E676F706B010E6F6F0F
:104F40006A6B960E696F726B010E716F0001A5D0CE
:104F5000010E0101666FF40E656FD0C06EF1CFC017
:104F60006DF1010E686FF40E676FD0C070F1CFC0A5
:104F70006FF1000192D0D2C064F1D1C063F10101A0
:104F80006C6B010E6B6F686FF40E676FD2C070F1BF
:104F9000D1C06FF164C16AF163C169F16A5303E181
:104FA0006951950803E26A6B960E696F726B010E88
:104FB000716F000172D0D4C064F1D3C063F10101FC
:104FC0006C6B010E6B6FD4C066F1D3C065F16E6B74
:104FD0006D6F64C16AF163C169F16A5303E169519C
:104FE000950803E26A6B960E696F726B010E716F22
:104FF000000153D0010E0101666FF40E656FD6C03B
:105000006EF1D5C06DF1010E686FF40E676FD6C0FA
:1050100070F1D5C06FF1000140D0010E0101686F41
:10502000F40E676FD2C070F1D1C06FF1000135D0BE
:10503000D2C064F1D1C063F101016C6B010E6B6FE2
:1050400064C16AF163C169F16A5303E1695195086A
:1050500003E26A6B960E696F726B010E716F00014D
:105060001CD0D4C066F1D3C065F1D0C06EF1CFC002
:105070006DF113D0010E0101686FF40E676FD2C09D
:1050800070F1D1C06FF1000108D0D4C066F1D3C077
:1050900065F1D6C06EF1D5C06DF10801E86BE8513D
:1050A0000308D8A083D0D890E835036ACF0FE96E03
:1050B000000E0320EA6EECCFEAF8ED52EFCFE9F8EC
:1050C000D890E835036A630FE96E010E0320EA6E9B
:1050D000ECCF03F0ED52EFCF01F00350EA5D24E393
:1050E00003E10150E95D20E3D890E835036ACF0F72
:1050F000016E000E032203C0EAF8D890E835036A77
:10510000630FE96E010E0320EA6EECCF03F0ED525F
:10511000EFCFEBF8EAC8EAFF01C0E9FF03C0ECFFFC
:10512000ED52EBC8EFFF40D0D890E835036ACF0FBF
:10513000E96E000E0320EA6EECCFEAF8ED52EFCFF5
:10514000E9F8D890E835036A6B0FE96E010E032089
:10515000EA6EECCF03F0ED52EFCF01F0EA51035CC1
:1051600023E303E1E951015C1FE3D890E835036ACA
:10517000CF0F016E000E032203C0EAF8D890E83585
:10518000036A6B0FE96E010E0320EA6EECCF03F0A9
:10519000ED52EFCFEBF8EAC8EAFF01C0E9FF03C028
:1051A000ECFFED52EBC8EFFFE82B79D7000150EF91
:1051B0002BF0E824F76AF736D30FF66E510EF7227C
:1051C000000EF86EFB6E0A00F550FA6E0800F550FE
:1051D000F96E184F504F764F1A50B64F62503050FC
:1051E0009A50F44F9A5074509A508A50800ED8A218
:1051F00002D00901111B0901166B176B0DC915F9B6
:105200001151151B0C51D8B4DFD0146F006E105122
:10521000D8B4E3D0145FD8B483D03EE311C91AF9EF
:105220001A8F12C919F913C918F9176BD8901A33C4
:10523000193318331733142FF8D715AF03D016814D
:10524000E0D0169114911689090EEA6E0F0EE96EE0
:10525000EBD0169915BF0AD014A113D01A33193305
:1052600018331733002AD8B4C7D00BD01ABF0CD0CC
:10527000D8901737183719371A370006D8B4BCD06A
:10528000F5D7168D6DD0169D0DC915F90DAF02D04D
:105290001A8FABD01A9FA9D010C914F910C900F009
:1052A0000C51145F0DC91AF91A8F0EC919F90FC9DB
:1052B00018F9176BD8901A33193318331733142F82
:1052C000F8D715AF03D016839CD016931491168B84
:1052D000090EEA6E130EE96EA7D0169B15BF0AD011
:1052E00014A113D01A33193318331733002AD8B442
:1052F00083D00BD01ABF0CD0D89017371837193776
:105300001A370006D8B478D0F5D7168F29D0169F53
:1053100011C915F911AF02D01A8F67D01A9F65D045
:1053200011C91AF91A8F12C919F913C918F915AF49
:1053300004D01A9F168565D01695176B1491090E27
:10534000EA6E0F0EE96E70D015BF1CD00DC915F9AD
:1053500014A106D01A33193318331733002A4CE03E
:1053600017AF0BD0182B09E1192B07E11A2B05E118
:105370001A3319331833002A3FE016BD84D716BFFD
:10538000C6D71CD0800E1A1B1AAF04D03AD011C950
:1053900015F90AD00DC915F91A5306E1195304E19C
:1053A000185302E1006A21D01ABF08D0D8901737ED
:1053B000183719371A37002EF7D71ED015AF02D07D
:1053C0001A8F13D01A9F11D010C900F011C91AF901
:1053D00012C919F913C918F908D00CC900F00DC980
:1053E0001AF90EC919F90FC918F91AC901F019C922
:1053F00002F018C903F034D0006A016A026A036A35
:105400002FD0176B181F191F1A1F171F172B05E115
:10541000182B03E1192B01E11A2B16B112D716B381
:1054200054D716B589D7B3D7EF50182705E3192BF2
:1054300003E11A2BD8B41481ED52EF50192703E37E
:105440001A2BD8B41481ED52EF50EFBE01D0800A70
:105450001A27D8B0148116B9FCD616BB3ED774D71C
:105460000001120009010B6B0A6B096B086B0753F3
:105470000AE1065308E10551020824E2FF0A03E1AC
:105480000451E7081FE2D89207C913F906C912F9B7
:1054900005C911F904C910F9176B166B030E156FC6
:1054A000E80E146F000177EC0AF003C00BF902C09C
:1054B0000AF901C009F900C008F96D0E0201356F43
:1054C0000CD0090107C90BF906C90AF905C909F980
:1054D00004C908F95B0E0201356F08C900F009C95B
:1054E00001F00AC902F00BC903F00001120051AC2F
:1054F000C1EF39F00801D99100016C51280802E18F
:105500004FA025D06C51300805E00101326B010E2F
:10551000316F000124EC0CF00901036B060E026FE1
:10552000046B056B020E066F076B0001F3EC0EF0C7
:10553000010EBF6F030ECE6F4F908251030800E142
:105540000101AE6BAD6BAC6B82C0ABF10001070E1D
:10555000BF6FCD5302E1010EBF6FD8908235036A51
:10556000390FE96E010E0320EA6EECCFE9F8ED5237
:10557000EFCFE8F80801E951000814E2FF0A03E15F
:10558000E85121080FE2D89000018235036A390FF3
:10559000E96E010E0320EA6E010EEC6EED52220E52
:1055A000EF6E08010101AA530CE1A9530AE1A853C7
:1055B00008E1A751010805E3AA6BA96BA86B010ECE
:1055C000A76FAA5307E1A95305E1A85303E1A75127
:1055D0000E0805E2AA6BA96BA86B0F0EA76F00015E
:1055E0008251030810E10101AA5307E1A95305E123
:1055F000A85303E1A7510C0805E2AA6BA96BA86B9D
:105600000D0EA76F0001B5EC11F08251FC0F0EE2F8
:10561000040FC5EF39F0F10E8C6F08D0F20E8C6FCD
:1056200005D0F30E8C6F02D0F40E8C6F0101A72D04
:1056300006D0A85304E1A95302E1AA5302E0000EE8
:1056400001D0010E0801E96F0901036B8CC002F95A
:10565000040E046F120E056F010E066FE9C807F9FC
:105660000001F3EC0EF0D8908235036AF70FE96E73
:10567000000E0320EA6EECCF05F9ED52EFCF04F9EE
:10568000D8908235036AFF0FE96E000E0320EA6EA0
:10569000ECCF07F9ED52EFCF06F9E5EC19F034D471
:1056A00082510308D8B427EF37F0CD510608D8B49B
:1056B00082D0CD510508D8B47ED0036A82515D0FE7
:1056C000E96E000E0320EA6EEF5240E14EBE1FD09D
:1056D0000101A7510E080BE1A85309E1A95307E105
:1056E000AA5305E1AA6BA96BA86B0F0EA76FA75170
:1056F0000A080BE1A85309E1A95307E1AA5305E100
:10570000AA6BA96BA86B0B0EA76F1ED0000101013D
:10571000A7510E080BE1A85309E1A95307E1AA53C9
:1057200005E1AA6BA96BA86B0D0EA76FA7510A081C
:105730000BE1A85309E1A95307E1AA5305E1AA6BBC
:10574000A96BA86B090EA76F35D000014EBE1AD009
:10575000036A8251590FE96E000E0320EA6EEF5280
:1057600010E00101A7510E080BE1A85309E1A9536C
:1057700007E1AA5305E1AA6BA96BA86B0F0EA76FEF
:10578000000119D0036A8251590FE96E000E0320FF
:10579000EA6EEF5210E00101A7510E080BE1A85389
:1057A00009E1A95307E1AA5305E1AA6BA96BA86B0C
:1057B0000D0EA76F00010801D9910001822D01D0C3
:1057C00003D00801D9810001578ED60E8C6F0801D5
:1057D000D9A103D00001CD6B0801D9B124D00001BB
:1057E000CD51020806E0CD51030803E0CD51040875
:1057F00001E1579ECD51F90F15E2070FD9EF39F0AE
:1058000011D0D70E8C6F0ED0D80E8C6F0BD0D90E56
:105810008C6F08D0DA0E8C6F05D0DB0E8C6F02D047
:10582000DC0E8C6F0801000ED9B1010E036A840FE3
:10583000E96E000E0320EA6EEFCFE9F80101A751EF
:10584000020806E1A85304E1A95302E1AA5302E0C9
:10585000000E01D0010E0801EA6F0901026B8CC035
:1058600001F9290E036F120E046F010E056FE9C8CE
:1058700006F9EAC807F900016EEC1AF0010E0801FA
:10588000C16FDB0EC06F480EF66E030EF76E000E92
:10589000F86E030E0901066F000132EC15F077C0B7
:1058A00007F9110E0901086F000129EC10F03A0EFA
:1058B0000901106F000118EC10F078C007F9010E13
:1058C0000901086F000129EC10F0200E0901106F8A
:1058D000000118EC10F0730E0901106F000118ECB4
:1058E00010F00101A751030806E1A85304E1A953F0
:1058F00002E1AA5302E0000E01D0010E0801EB6F95
:10590000010E0901046FDB0E036F040E056F1E0EFE
:10591000066F010E076F84C008F9EBC809F9000192
:1059200070EC15F0010E0801C16FDB0EC06F560E52
:10593000F66E030EF76E000EF86E030E0901066F89
:10594000000132EC15F079C007F9110E0901086F5A
:10595000000129EC10F03A0E0901106F000118EC5B
:1059600010F07AC007F9010E0901086F000129EC57
:1059700010F0200E0901106F000118EC10F0730EEA
:105980000901106F000118EC10F00101A751040883
:1059900006E1A85304E1A95302E1AA5302E0000E74
:1059A00001D0010E0801EB6F010E0901046FDB0E3F
:1059B000036F290E056F1E0E066F010E076F84C060
:1059C00008F9EBC809F9000170EC15F0CD51020897
:1059D00005E1030E0201656F04D000010A0E020109
:1059E000656F6451655D02E365C264F25B51665D9B
:1059F00002E366C25BF2D89000018235036A390F78
:105A0000E96E010E0320EA6EECCFE9F8ED52EFCF1C
:105A1000E8F8D8900801E931036EE831026E016EB2
:105A200003521FE102015B51015CD8A002D00801C2
:105A300018D0D89000018235036A390FE96E010E43
:105A40000320EA6EECCFE9F8ED52EFCFE8F8D890FA
:105A50000801E931E8310201676F67C25BF215D0D6
:105A60000801D89000018235036A390FE96E010EF2
:105A70000320EA6EECCFE9F8ED52EFCFE8F8D890CA
:105A80000801E931E8310201676F0801D99100018D
:105A9000CD5303E10801D9810001010E0801C16F56
:105AA000DB0EC06F640EF66E030EF76E000EF86E1E
:105AB000050E0901066F000132EC15F064C207F90A
:105AC000130E0901086F000129EC10F06C0EF66E40
:105AD000030EF76E000EF86E030E0901066F00014B
:105AE00032EC15F0000E0801D9B1010E036A840FE3
:105AF000E96E000E0320EA6EEFCFEAF80101A7512C
:105B0000050806E1A85304E1A95302E1AA5302E003
:105B1000000E01D0010E0801EB6F010E0901046FA8
:105B2000DB0E036F040E056F2C0E066F010E076F60
:105B3000EAC808F9EBC809F9000170EC15F0080192
:105B4000D991D89000018235036AFF0FE96E000EEB
:105B50000320EA6EECCFE9F8ED52EFCFE8F8080148
:105B6000E85303E1E95301E1D981D9A12DD0036ABA
:105B700000018251650FE96E000E0320EA6E010EEE
:105B8000EF6E4EBE11D00101A75106080BE1A853DC
:105B900009E1A95307E1AA5305E1AA6BA96BA86B18
:105BA000070EA76F10D000010101A75106080BE1F5
:105BB000A85309E1A95307E1AA5305E1AA6BA96B10
:105BC000A86B050EA76F0801036A00018251650FDB
:105BD000E96E000E0320EA6EEFCFE8F8010E08012F
:105BE000C16FDB0EC06F4E0E0901106F000118EC83
:105BF00010F03D0E0901106F000118EC10F0E8C81C
:105C000007F9110E0901086F000129EC10F0750E5B
:105C1000F66E030EF76E000EF86E060E0901066FA3
:105C2000000132EC15F0000E0801D9B1010E036A33
:105C3000840FE96E000E0320EA6EEFCFEAF801014F
:105C4000A751060806E1A85304E1A95302E1AA53AB
:105C500002E0000E01D0010E0801EB6F010E0901F8
:105C6000046FDB0E036F290E056F2C0E066F010EFD
:105C7000076FEAC808F9EBC809F9000170EC15F0E4
:105C8000D8908235036A390FE96E010E0320EA6E5F
:105C9000ECCF0BF9ED52EFCF0AF909010D6B320E83
:105CA0000C6F0001FFEC0BF002C0E9F801C0E8F84E
:105CB000010E0801C16FDB0EC06F490E0901106FA4
:105CC000000118EC10F03D0E0901106F000118ECF6
:105CD00010F0000EE96EE9C807F9E8C806F956ECBD
:105CE00014F0820EF66E030EF76E000EF86E040EC0
:105CF0000901066F000132EC15F00101A7510708F8
:105D000006E1A85304E1A95302E1AA5302E0000E00
:105D100001D0010E0801EB6F010E0901046FDB0ECB
:105D2000036F040E056F3A0E066F010E076F84C0F5
:105D300008F9EBC809F9000170EC15F00801E96BEE
:105D40005BC2E8F8E9C80BF95BC20AF909010D6BFF
:105D5000640E0C6F0001FFEC0BF002C0E9F801C00B
:105D6000E8F8010E0801C16FDB0EC06F880EF66EF9
:105D7000030EF76E000EF86E050E0901066F0001A6
:105D800032EC15F0000EE96EE9C807F9E8C806F92B
:105D900056EC14F0910EF66E030EF76E000EF86ED0
:105DA000040E0901066F000132EC15F0000E57BE1B
:105DB000010E036A840FE96E000E0320EA6EEFCF36
:105DC000EAF80101A751080806E1A85304E1A95324
:105DD00002E1AA5302E0000E01D0010E0801EB6FB0
:105DE000010E0901046FDB0E036F290E056F3A0ED9
:105DF000066F010E076FEAC808F9EBC809F9000140
:105E000070EC15F0036A82515D0FE96E000E0320FD
:105E1000EA6EEF5233E0010E8C6F8251040DF350A5
:105E2000036AE70FE96E000E0320EA6EEFCFE8F891
:105E3000ECCFE9F8ECCFEAF8ECCFEBF80801E85347
:105E40001BE1E95319E1EA5317E1EB5315E10001B6
:105E50008251040DF350036AE70FE96E000E032030
:105E6000EA6EEE52EE52EC6AED52EF6AED52EF6AD4
:105E7000ED52640EEF6E08011DD000018C6B036AB9
:105E80008251590FE96E000E0320EA6EEF6A8251CB
:105E9000040DF350036AE70FE96E000E0320EA6E6B
:105EA000EE52EE52EC6AED52EF6AED52EF6AED52AD
:105EB000EF6A0801D9910001832D05D0822D03D00E
:105EC0000801D9810001000E0801D9B1010EE86F67
:105ED00000018351020806E1822D01D005D08251D4
:105EE000020802E0000E01D0010E0801E811D9916C
:105EF000E8B0D981000ED9B1010E036A840FE96EB2
:105F0000000E0320EA6EEFCFE9F80101A75109085E
:105F100006E1A85304E1A95302E1AA5302E0000EEE
:105F200001D0010E0801EA6F0901026B8CC001F972
:105F3000040E036F480E046F010E056FE9C806F9E1
:105F4000EAC807F900016EEC1AF0036A8251590F92
:105F5000E96E000E0320EA6EEF5202E1CD532DE010
:105F6000050E8C6F8251040DF350036AE70F016E2A
:105F7000000E032201C0E8F803C0E9F800018251D5
:105F8000040DF350036AD70FE96E000E0320EA6E8A
:105F9000EFCF00F0ECCF01F0ECCF02F0ECCF03F04C
:105FA000E9C8EAFFE8C8E9FF00C0EFFF01C0ECFF65
:105FB00002C0ECFF03C0ECFF02D0040E8C6FCD5387
:105FC00004E00801D98138D000010801D99100010D
:105FD000832D05D0822D03D00801D9810001000E48
:105FE0000801D9B1010EE86F00018351020806E1F2
:105FF000822D01D005D08251020802E0000E01D0AE
:10600000010E0801E811D991E8B0D981000ED9B18B
:10601000010EE86F036A000182515D0FE96E000E08
:106020000320EA6EEF5202E0000E01D0010E0801DB
:10603000E811D991E8B0D981000ED9B1010E036AF7
:10604000840FE96E000E0320EA6EEFCFE9F801013C
:10605000A7510A0806E1A85304E1A95302E1AA5393
:1060600002E0000E01D0010E0801EA6F0901026B87
:106070008CC001F9290E036F480E046F010E056FE5
:10608000E9C806F9EAC807F900016EEC1AF0CD2D4F
:1060900001D009D0CD51040806E0CD51060803E037
:1060A000CD5102084CE10801D991010EC16FDB0E00
:1060B000C06F960EF66E030EF76E000EF86E050EAC
:1060C0000901066F000132EC15F0020EE96E58C2AC
:1060D00007F957C206F956EC14F0480E0901106F83
:1060E000000118EC10F07A0E0901106F000118EC95
:1060F00010F0010E0801C16FF90EC06FA20EF66E0E
:10610000030EF76E000EF86E050E0901066F000112
:1061100032EC15F0020EE96E5AC207F959C206F9BF
:1061200056EC14F0480E0901106F000118EC10F045
:106130007A0E0901106F000118EC10F067D0080109
:10614000D981D89000018235036ACF0FE96E000E25
:106150000320EA6EECCFE9F8ED52EFCFE8F8010E3C
:106160000801C16FDB0EC06F460E0901106F000100
:1061700018EC10F03D0E0901106F000118EC10F042
:10618000010EE96EE9C807F9E8C806F956EC14F003
:10619000B40EF66E030EF76E000EF86E040E0901D3
:1061A000066F000132EC15F0D8908235036ACF0FEC
:1061B000E96E000E0320EA6EECCFE9F8ED52EFCF66
:1061C000E8F8010E0801C16FF90EC06F460E090113
:1061D000106F000118EC10F03D0E0901106F000166
:1061E00018EC10F0010EE96EE9C807F9E8C806F9E5
:1061F00056EC14F0C00EF66E030EF76E000EF86E3D
:10620000040E0901066F000132EC15F00101A751DF
:106210000B0806E1A85304E1A95302E1AA5302E0E6
:10622000000E01D0010E0801EB6F010E0901046F91
:10623000DB0E036F040E056F560E066F010E076F1F
:1062400084C008F9EBC809F9000170EC15F0000EE4
:106250000801D9B1010E036A840FE96E000E032014
:10626000EA6EEFCFEAF80101A7510C0806E1A85346
:1062700004E1A95302E1AA5302E0000E01D0010E8D
:106280000801EB6F010E0901046FF90E036F290E6F
:10629000056F560E066F010E076FEAC808F9EBC8C6
:1062A00009F9000170EC15F0CD510508D8B43AD2C7
:1062B000CD510608D8B436D2CD2D01D006D0CD515F
:1062C000040803E0CD51020851E11B6AF2BE1B8EA7
:1062D000F29E5AC279F959C278F9E1EC05F01BBE79
:1062E000F28E0901266B256B246B7F0E236F03C092
:1062F0002AF902C029F901C028F900C027F90001D4
:106300000BEC0BF003C0EBF802C0EAF801C0E9F8AF
:1063100000C0E8F81B6AF2BE1B8EF29E03C07BF938
:1063200002C07AF901C079F900C078F909017F6BE0
:10633000BA0E7E6F5B0E7D6F920E7C6F0001FCECDF
:1063400005F01BBEF28E03C010F902C00FF901C0A8
:106350000EF900C00DF964EC17F003C0DDF802C0BF
:10636000DCF801C0DBF800C0DAF85DD0D8908235E7
:10637000036ACF0FE96E000E0320EA6EECCF03F044
:10638000ED52EF501B6AF2BE1B8EF29E0901786F30
:1063900003C079F90001E1EC05F01BBEF28E0901A2
:1063A000266B256B246B7F0E236F03C02AF902C076
:1063B00029F901C028F900C027F900010BEC0BF006
:1063C00003C0EBF802C0EAF801C0E9F800C0E8F841
:1063D0001B6AF2BE1B8EF29E03C07BF902C07AF9E3
:1063E00001C079F900C078F909017F6BBA0E7E6FA0
:1063F0005B0E7D6F920E7C6F0001FCEC05F01BBE06
:10640000F28E03C010F902C00FF901C00EF900C0EE
:106410000DF964EC17F003C0DDF802C0DCF801C030
:10642000DBF800C0DAF8036A82515D0FE96E000EF6
:106430000320EA6EEF5207E0D8900801DD33DC3329
:10644000DB33DA3300010801DD530AE1DC5308E1F4
:10645000DB5126086AE2FF0A03E1DA51100865E21F
:10646000DDC8FBF8DCC8FAF8DBC8F9F8DAC8F8F8D8
:106470000001EFEC0AF003C026F902C025F901C0C3
:1064800024F900C023F909012A6B400E296F1C0E64
:10649000286F8B0E276F00010BEC0BF003C0EBF89D
:1064A00002C0EAF801C0E9F800C0E8F8D89203C0D9
:1064B0000FF902C00EF901C00DF900C00CF9090175
:1064C000136B126B116B7E0E106F0001F6EC28F04F
:1064D00003C010F902C00FF901C00EF900C00DF998
:1064E00064EC17F003C0EBF802C0EAF801C0E9F869
:1064F00000C0E8F803C05BF902C05AF901C059F9BD
:1065000000C058F909015F6B5E6B130E5D6F880E5A
:106510005C6F0001C1EC0AF003C0DDF802C0DCF8DA
:1065200001C0DBF800C0DAF80801DD530BE1DC53F1
:1065300009E1DB510208D8B074D0FF0A03E1DA5157
:10654000E8086FE2DD536DE1DC536BE1DB512708B6
:1065500068E303E1DA51100864E3DDC8FBF8DCC846
:10656000FAF8DBC8F9F8DAC8F8F80001EFEC0AF03D
:1065700003C026F902C025F901C024F900C023F99F
:1065800009012A6B296B7A0E286F880E276F00018C
:106590000BEC0BF003C0EBF802C0EAF801C0E9F81D
:1065A00000C0E8F8D89203C00FF902C00EF901C08C
:1065B0000DF900C00CF90901136B126B116B7E0E03
:1065C000106F0001F6EC28F003C010F902C00FF9BB
:1065D00001C00EF900C00DF964EC17F003C0EBF830
:1065E00002C0EAF801C0E9F800C0E8F803C05BF9AE
:1065F00002C05AF901C059F900C058F909015F6B8E
:106600005E6B030E5D6FE80E5C6F0001C1EC0AF07B
:1066100003C0DDF802C0DCF801C0DBF800C0DAF826
:10662000080100018251040DF350036AD70FE96E8F
:10663000000E0320EA6EEFCFE8F8ECCFE9F8ECCFDC
:10664000EAF8ECCFEBF80801DD51EB5D1FE30BE15D
:10665000DC51EA5D1BE307E1DB51E95D17E303E190
:10666000DA51E85D13E300018251040DF350036A2F
:10667000D70FE96E000E0320EA6EDAC8EFFFDBC821
:10668000ECFFDCC8ECFFDDC8ECFF08010001825123
:10669000040DF350036AE70FE96E000E0320EA6E63
:1066A000EFCFE8F8ECCFE9F8ECCFEAF8ECCFEBF875
:1066B0000801DD51EB5D1FE30BE1DC51EA5D1BE3FB
:1066C00007E1DB51E95D17E303E1DA51E85D13E32C
:1066D00000018251040DF350036AE70FE96E000ECA
:1066E0000320EA6EDAC8EFFFDBC8ECFFDCC8ECFF82
:1066F000DDC8ECFF0801D892DDC813F9DCC812F937
:10670000DBC811F9DAC810F90901176B166B156BA4
:10671000190E146F000177EC0AF001C038F100C0C7
:1067200037F1D8D1CD51050804E0CD510608D8A4E1
:10673000D1D1CD51050850E11B6AF2BE1B8EF29EED
:10674000D2C079F9D1C078F9E1EC05F01BBEF28E28
:106750000901266B256B246B7F0E236F03C02AF97A
:1067600002C029F901C028F900C027F900010BEC8B
:106770000BF003C0EBF802C0EAF801C0E9F800C072
:10678000E8F81B6AF2BE1B8EF29E03C07BF902C0C2
:106790007AF901C079F900C078F909017F6BBA0E66
:1067A0007E6F5B0E7D6F920E7C6F0001FCEC05F03E
:1067B0001BBEF28E03C010F902C00FF901C00EF922
:1067C00000C00DF964EC17F003C0DDF802C0DCF87E
:1067D00001C0DBF800C0DAF8CD51060850E11B6AB1
:1067E000F2BE1B8EF29E5AC279F959C278F9E1ECD9
:1067F00005F01BBEF28E0901266B256B246B7F0E04
:10680000236F03C02AF902C029F901C028F900C08A
:1068100027F900010BEC0BF003C0EBF802C0EAF81B
:1068200001C0E9F800C0E8F81B6AF2BE1B8EF29EB8
:1068300003C07BF902C07AF901C079F900C078F988
:1068400009017F6BBA0E7E6F5B0E7D6F920E7C6FBF
:106850000001FCEC05F01BBEF28E03C010F902C073
:106860000FF901C00EF900C00DF964EC17F003C078
:10687000DDF802C0DCF801C0DBF800C0DAF85E52D7
:1068800007E0D8900801DD33DC33DB33DA33000175
:106890000801DD530AE1DC5308E1DB5126086AE216
:1068A000FF0A03E1DA51100865E2DDC8FBF8DCC835
:1068B000FAF8DBC8F9F8DAC8F8F80001EFEC0AF0EA
:1068C00003C026F902C025F901C024F900C023F94C
:1068D00009012A6B400E296F1C0E286F8B0E276F43
:1068E00000010BEC0BF003C0EBF802C0EAF801C0AA
:1068F000E9F800C0E8F8D89203C00FF902C00EF919
:1069000001C00DF900C00CF90901136B126B116B7A
:106910007E0E106F0001F6EC28F003C010F902C0E3
:106920000FF901C00EF900C00DF964EC17F003C0B7
:10693000EBF802C0EAF801C0E9F800C0E8F803C0CB
:106940005BF902C05AF901C059F900C058F90901B0
:106950005F6B5E6B130E5D6F880E5C6F0001C1ECA8
:106960000AF003C0DDF802C0DCF801C0DBF800C0AB
:10697000DAF80801DD530BE1DC5309E1DB510208D1
:10698000D8B074D0FF0A03E1DA51E8086FE2DD53B2
:106990006DE1DC536BE1DB51270868E303E1DA5179
:1069A000100864E3DDC8FBF8DCC8FAF8DBC8F9F8C6
:1069B000DAC8F8F80001EFEC0AF003C026F902C0CB
:1069C00025F901C024F900C023F909012A6B296BBC
:1069D0007A0E286F880E276F00010BEC0BF003C0B6
:1069E000EBF802C0EAF801C0E9F800C0E8F8D89274
:1069F00003C00FF902C00EF901C00DF900C00CF977
:106A00000901136B126B116B7E0E106F0001F6EC17
:106A100028F003C010F902C00FF901C00EF900C040
:106A20000DF964EC17F003C0EBF802C0EAF801C0FE
:106A3000E9F800C0E8F803C05BF902C05AF901C0E8
:106A400059F900C058F909015F6B5E6B030E5D6F69
:106A5000E80E5C6F0001C1EC0AF003C0DDF802C073
:106A6000DCF801C0DBF800C0DAF80801DD510201F2
:106A7000635D1AE311E10801DC510201625D14E378
:106A80000BE10801DB510201615D0EE305E1080144
:106A9000DA510201605D08E3DDC863F2DCC862F22E
:106AA000DBC861F2DAC860F2D892DDC813F9DCC83D
:106AB00012F9DBC811F9DAC810F90901176B166B66
:106AC000156B190E146F000177EC0AF001C038F154
:106AD00000C037F10801D9910001832D05D0822D26
:106AE00003D00801D9810001000E0801D9B1010EBF
:106AF000E86F00018351020806E1822D01D005D024
:106B00008251020802E0000E01D0010E0801E811D6
:106B1000D991E8B0D9810001CD51050803E0CD51EC
:106B2000060873E163C207F962C206F961C205F99A
:106B300060C204F932EC2AF003C0EBF802C0EAF8B4
:106B400001C0E9F800C0E8F8010E0801C16FDB0ED2
:106B5000C06FC60EF66E030EF76E000EF86E060ED0
:106B60000901066F000132EC15F0030EE96EEBC867
:106B700007F9EAC806F9E9C805F9E8C804F983EC99
:106B800019F035C210F918EC10F0730E0901106FEE
:106B9000000118EC10F05FC207F95EC206F95DC291
:106BA00005F95CC204F932EC2AF003C0EBF802C02C
:106BB000EAF801C0E9F800C0E8F8010E0801C16F69
:106BC000F90EC06FD40EF66E030EF76E000EF86E5F
:106BD000060E0901066F000132EC15F0030EE96E96
:106BE000EBC807F9EAC806F9E9C805F9E8C804F9E5
:106BF00083EC19F035C210F918EC10F0730E09018E
:106C0000106F000118EC10F084D08251040DF35085
:106C1000036AD70FE96E000E0320EA6EEFCF04F986
:106C2000ECCF05F9ECCF06F9ECCF07F932EC2AF0FE
:106C300003C0EBF802C0EAF801C0E9F800C0E8F8C8
:106C4000010E0801C16FDB0EC06FE20EF66E030E7F
:106C5000F76E000EF86E050E0901066F000132ECAA
:106C600015F0040EE96EEBC807F9EAC806F9E9C8A1
:106C700005F9E8C804F983EC19F035C210F918ECED
:106C800010F0730E0901106F000118EC10F0825122
:106C9000040DF350036AE70FE96E000E0320EA6E5D
:106CA000EFCF04F9ECCF05F9ECCF06F9ECCF07F9FB
:106CB00032EC2AF003C0EBF802C0EAF801C0E9F8B0
:106CC00000C0E8F8010E0801C16FF90EC06FF00EA8
:106CD000F66E030EF76E000EF86E050E0901066FD4
:106CE000000132EC15F0040EE96EEBC807F9EAC8B2
:106CF00006F9E9C805F9E8C804F983EC19F035C2CA
:106D000010F918EC10F0730E0901106F000118EC67
:106D100010F0000E0801D9B1010E036A840FE96E6C
:106D2000000E0320EA6EEFCFEAF80101A7510D082B
:106D300006E1A85304E1A95302E1AA5302E0000EC0
:106D400001D0010E0801EB6F010E0901046FDB0E8B
:106D5000036F040E056F640E066F010E076FEAC81D
:106D600008F9EBC809F9000170EC15F0000E0801F4
:106D7000D9B1010EE86F0001CD51050815E0CD51E4
:106D8000060812E0036A82515D0FE96E000E0320CF
:106D9000EA6EEF520BE0036A8251590FE96E000E62
:106DA0000320EA6EEF5202E1000E01D0010E08014D
:106DB000E811D991E8B0D981000ED9B1010E036A6A
:106DC000840FE96E000E0320EA6EEFCFEAF80101AE
:106DD000A7510E0806E1A85304E1A95302E1AA5302
:106DE00002E0000E01D0010E0801EB6F010E090157
:106DF000046FF90E036F290E056F640E066F010E06
:106E0000076FEAC808F9EBC809F9000170EC15F042
:106E10000101A7510F0806E1A85304E1A95302E1BB
:106E2000AA5302E0000E01D0010E0801E86F09012B
:106E3000036B910E026F040E046F730E056F010E4B
:106E4000066FE8C807F90001F3EC0EF098D20901CB
:106E5000026BD60E016F290E036F120E046F010E26
:106E6000056F85C006F9076B00016EEC1AF0090189
:106E7000026BDD0E016F040E036F1E0E046F010E18
:106E8000056F85C006F9076B00016EEC1AF0090169
:106E9000026BDE0E016F290E036F1E0E046F010ED2
:106EA000056F85C006F9076B00016EEC1AF0080E3D
:106EB000EA6EDE0EE96E0A0E016EF76A000EE6EC6F
:106EC00000F00A000900F5CFEEFF012EFBD7080EF7
:106ED0000901046FDE0E036F040E056F2C0E066FA2
:106EE000010E076F85C008F9096B000170EC15F001
:106EF0000901026BDF0E016F290E036F2C0E046F68
:106F0000010E056F85C006F9076B00016EEC1AF0E3
:106F10000901026BE00E016F040E036F3A0E046F5D
:106F2000010E056F85C006F9076B00016EEC1AF0C3
:106F30000801E96B5BC2E8F8E9C80BF95BC20AF922
:106F400009010D6B640E0C6F0001FFEC0BF002C029
:106F5000E9F801C0E8F8010E0801C16FDB0EC06F4F
:106F6000FE0EF66E030EF76E000EF86E050E0901AA
:106F7000066F000132EC15F0000EE96EE9C807F962
:106F8000E8C806F956EC14F0070EF66E040EF76E1C
:106F9000000EF86E040E0901066F000132EC15F0C8
:106FA000010E0901046FDB0E036F290E056F3A0E07
:106FB000066F010E076F85C008F9096B000170ECC0
:106FC00015F0080EEA6EDE0EE96E080E016EF76A25
:106FD000000EF5EC00F00A000900F5CFEEFF012EDF
:106FE000FBD7080E0901046FDE0E036F040E056F58
:106FF000480E066F010E076F85C008F9096B000186
:1070000070EC15F00901026B050E016F290E036F7C
:10701000480E046F010E056F85C006F9076B00016D
:107020006EEC1AF0D8908235036ACF0FE96E000E2D
:107030000320EA6EECCFE9F8ED52EFCFE8F8010E4D
:107040000801C16FF90EC06F460E0901106F0001F3
:1070500018EC10F03D0E0901106F000118EC10F053
:10706000010EE96EE9C807F9E8C806F956EC14F014
:10707000120EF66E040EF76E000EF86E040E090185
:10708000066F000132EC15F0010E0901046FF90ED4
:10709000036F290E056F560E066F010E076F85C030
:1070A00008F9096B000170EC15F0D8908235036A7D
:1070B000390FE96E010E0320EA6EEC6AED52040E00
:1070C000EF6ED8908235036ACF0FE96E000E032071
:1070D000EA6EECCFE9F8ED52EFCFE8F8010E0801C7
:1070E000C16FF90EC06F460E0901106F000118EC58
:1070F00010F03D0E0901106F000118EC10F0010EA8
:10710000E96EE9C807F9E8C806F956EC14F01E0E56
:10711000F66E040EF76E000EF86E040E0901066F8F
:10712000000132EC15F00101A7510B0806E1A8534C
:1071300004E1A95302E1AA5302E0000E01D0010EBE
:107140000801EA6F010E09010A6FF90E096F040EBA
:107150000B6F560E0C6F010E0D6FEAC80EF9000191
:10716000CDEC0FF08251040DF350036AD70FE96E96
:10717000000E0320EA6EEFCF04F9ECCF05F9ECCF57
:1071800006F9ECCF07F932EC2AF003C0EBF802C0A5
:10719000EAF801C0E9F800C0E8F8010E0801C16F83
:1071A000DB0EC06F240EF66E040EF76E000EF86E46
:1071B000050E0901066F000132EC15F0040EE96EB0
:1071C000EBC807F9EAC806F9E9C805F9E8C804F9FF
:1071D00083EC19F035C210F918EC10F0730E0901A8
:1071E000106F000118EC10F00101A7510D0806E125
:1071F000A85304E1A95302E1AA5302E0000E01D012
:10720000010E0801EA6F010E09010A6FDB0E096F1A
:10721000040E0B6F640E0C6F010E0D6FEAC80EF9B1
:107220000001CDEC0FF08251040DF350036AE70F1B
:10723000016E000E032201C0E8F803C0E9F8000166
:107240008251040DF350036AD70FE96E000E03203C
:10725000EA6EEFCF00F0ECCF01F0ECCF02F0ECCF14
:1072600003F0E9C8EAFFE8C8E9FF00C0EFFF01C08A
:10727000ECFF02C0ECFF03C0ECFF8251040DF350A1
:10728000036AE70FE96E000E0320EA6EEFCF04F900
:10729000ECCF05F9ECCF06F9ECCF07F932EC2AF088
:1072A00003C0EBF802C0EAF801C0E9F800C0E8F852
:1072B000010E0801C16FDB0EC06F320EF66E040EB8
:1072C000F76E000EF86E050E0901066F000132EC34
:1072D00015F0040EE96EEBC807F9EAC806F9E9C82B
:1072E00005F9E8C804F983EC19F035C210F918EC77
:1072F00010F0730E0901106F000118EC10F0010E70
:107300000901046FDB0E036F290E056F640E066F13
:10731000010E076F85C008F9096B000170EC15F0CC
:10732000036A82515D0FE96E000E0320EA6E010EC2
:10733000EF6E036A8251590FE96E000E0320EA6E68
:10734000010EEF6ED8908235036A470FE96E010E89
:107350000320EA6E0E0EEC6EED52100EEF6E090178
:10736000026B910E016F040E036F730E046F010E1A
:10737000056F85C006F9076B00016EEC1AF06BC053
:107380006CF0519C000E016E1200E824F76AF7368B
:10739000AB0FF66E730EF722000EF86EFB6E0A004E
:1073A000F550FA6E0800F550F96E16561C56225626
:1073B0002856E824F76AF736D30FF66E730EF722D5
:1073C000000EF86EFB6E0A00F550FA6E0800F550DC
:1073D000F96E0058025808580E5814581A58205878
:1073E0001B6AF2BE1B8EF29EE7C879F9E6C878F9EF
:1073F000E1EC05F01BBEF28E03C026F902C025F9B0
:1074000001C024F900C023F909012A6B296B480E39
:10741000286F840E276F00010BEC0BF003C0EBF814
:1074200002C0EAF801C0E9F800C0E8F8D89203C049
:107430000FF902C00EF901C00DF900C00CF90901E5
:10744000136B126B116B7E0E106F0001F6EC28F0BF
:107450001B6AF2BE1B8EF29E03C07BF902C07AF952
:1074600001C079F900C078F977EC06F01BBEF28E06
:1074700002C0E9F801C0E8F802C00BF901C00AF93E
:1074800009010D6B320E0C6F0001FFEC0BF002C016
:1074900003F002C002F012001B6AF2BE1B8EF29EC5
:1074A000E7C879F9E6C878F9E1EC05F01BBEF28E81
:1074B00003C026F902C025F901C024F900C023F950
:1074C00009012A6B296B200E286F820E276F00019D
:1074D0000BEC0BF003C0EBF802C0EAF801C0E9F8CE
:1074E00000C0E8F8D89203C00FF902C00EF901C03D
:1074F0000DF900C00CF90901136B126B116B7E0EB4
:10750000106F0001F6EC28F01B6AF2BE1B8EF29E93
:1075100003C07BF902C07AF901C079F900C078F99B
:1075200077EC06F01BBEF28E02C0E9F801C0E8F865
:1075300002C00BF901C00AF909010D6B0A0E0C6FAC
:107540000001FFEC0BF002C003F002C002F01200D9
:107550001B6AF2BE1B8EF29EE7C879F9E6C878F97D
:10756000E1EC05F01BBEF28E03C026F902C025F93E
:1075700001C024F900C023F909012A6B296B286B8B
:107580007F0E276F00010BEC0BF003C0EBF802C07D
:10759000EAF801C0E9F800C0E8F8D89203C00FF992
:1075A00002C00EF901C00DF900C00CF90901136BFE
:1075B000126B116B7E0E106F0001F6EC28F01B6A47
:1075C000F2BE1B8EF29E03C07BF902C07AF901C0A5
:1075D00079F900C078F977EC06F01BBEF28E02C094
:1075E000E9F801C0E8F8080101C001F002C002F0AA
:1075F0000001120051ACA1EF42F00801DF9100013F
:107600006C5150083EE00601F79B00016C51530895
:1076100005E00101326B010E316F000124EC0CF02A
:107620000901036B070E026F046B056B020E066FF8
:10763000076B0001F3EC0EF0050EBF6F020ECE6F6C
:107640006C51B4080DE10101AE6BAD6B4FC2ACF1F2
:107650004EC2ABF1AA6BA96BA86B080EA76F000115
:107660000101A75108080CE1A8530AE1A95308E158
:10767000AA5306E1AE6BAD6B4FC2ACF14EC2ABF19B
:1076800000010101AA5307E1A95305E1A85303E151
:10769000A7510A0805E2AA6BA96BA86B0A0EA76F8F
:1076A000AA530CE1A9530AE1A85308E1A75108081D
:1076B00005E3AA6BA96BA86B080EA76F0001B5ECD8
:1076C00011F0010E8C6F0101A75306E1A85304E1EC
:1076D000A95302E1AA5302E0000E01D0010E0801F5
:1076E000E66F0901026B8CC001F9040E036F1E0ED8
:1076F000046F010E056F85C006F9E6C807F90001A1
:107700006EEC1AF0010E0801C16FDB0EC06F400E67
:10771000F66E040EF76E000EF86E030E0901066F8A
:10772000000132EC15F0010EE96E45C207F944C2C2
:1077300006F956EC14F0470EF66E040EF76E000EC6
:10774000F86E030E0901066F000132EC15F001011D
:10775000A72D06D0A85304E1A95302E1AA5302E0E1
:10776000000E01D0010E0801E76F010E0901046F40
:10777000DB0E036F290E056F1E0E066F010E076FDD
:1077800085C008F9E7C809F9000170EC15F0010E91
:107790000801C16FDB0EC06F4C0EF66E040EF76E63
:1077A000000EF86E030E0901066F000132EC15F0B1
:1077B000010EE96E47C207F946C206F956EC14F00D
:1077C0000101A751020806E1A85304E1A95302E10F
:1077D000AA5302E0000E01D0010E0801E76F010E6E
:1077E0000901046FDB0E036F040E056F2C0E066F8C
:1077F000010E076F85C008F9E7C809F9000170ECB0
:1078000015F045C211F944C210F9030E0901136FB6
:10781000E80E126F000141EC17F002C003F00150B6
:107820001B6AF2BE1B8EF29E0901786F02C079F9C5
:107830000001E1EC05F01BBEF28E03C0DEF802C0D1
:10784000DDF801C0DCF800C0DBF8020143532DE095
:10785000D89044350801E46F020145350801E56F11
:10786000E8CF11F9E4C810F9030E0901136FE80E0F
:10787000126F000141EC17F002C003F001501B6AC7
:10788000F2BE1B8EF29E0901786F02C079F90001E9
:10789000E1EC05F01BBEF28E03C0DEF802C0DDF89D
:1078A00001C0DCF800C0DBF802011B6AF2BE1B8ECF
:1078B000F29EDEC87BF9DDC87AF9DCC879F9DBC84D
:1078C00078F9000177EC06F01BBEF28E010E08017C
:1078D0000124D96F000E0220DA6FDEC8FBF8DDC884
:1078E000FAF8DCC8F9F8DBC8F8F8FF6BFE6BFD6B43
:1078F0007F0EFC6F0001BEEC18F005E30801DA6BA7
:10790000010ED96F00010801DA5305E10201485167
:107910000801D95D02E3D9C848F2E06BDF910201AA
:10792000475306E14651010803E30801DF810201E4
:107930000801DFB102D048C2E0F8010EC16FDB0ED2
:10794000C06F540EF66E040EF76E000EF86E030E46
:107950000901066F000132EC15F0010E0801E46F19
:10796000200E0901106F000118EC10F00801E42F3F
:10797000F7D7E0C807F9130E0901086F000129ECD9
:1079800010F05A0EF66E040EF76E000EF86E030E2F
:107990000901066F000132EC15F00101A75103083F
:1079A00006E1A85304E1A95302E1AA5302E0000E44
:1079B00001D0010E0801E76F010E0901046FDB0E13
:1079C000036F290E056F2C0E066F010E076F85C021
:1079D00008F9E7C809F9000170EC15F0010E08017B
:1079E000C16FDB0EC06F5E0EF66E040EF76E000EFA
:1079F000F86E030E0901066F000132EC15F0010E5E
:107A00000801E46F200E0901106F000118EC10F05E
:107A10000801E42FF7D749C207F9130E0901086FCF
:107A2000000129EC10F00101A751040806E1A85358
:107A300004E1A95302E1AA5302E0000E01D0010EB5
:107A40000801E76F010E0901046FDB0E036F040EDE
:107A5000056F3A0E066F010E076F85C008F9E7C87B
:107A600009F9000170EC15F0010E0201465D0801F4
:107A7000E46F000E020147590801E56FE8CF0BF9EA
:107A8000E4C80AF909010D6B48C20CF90001FFECCA
:107A90000BF002C0E5F801C0E4F845C211F944C298
:107AA00010F9030E0901136FE80E126F000141EC8B
:107AB00017F002C003F001500801E425016EE55102
:107AC000032201501B6AF2BE1B8EF29E0901786FE1
:107AD00003C079F90001E1EC05F01BBEF28E03C092
:107AE000DEF802C0DDF801C0DCF800C0DBF80201FE
:107AF00043534CE0010E465D0801E46F000E0201A5
:107B000047590801E56FE8CF0BF9E4C80AF9090104
:107B10000D6B48C20CF90001FFEC0BF002C0E5F858
:107B200001C0E4F8D890020144350801E66F020173
:107B300045350801E76FE8CF11F9E6C810F9030EE3
:107B40000901136FE80E126F000141EC17F002C03B
:107B500003F001500801E425016EE55103220150B4
:107B60001B6AF2BE1B8EF29E0901786F03C079F981
:107B70000001E1EC05F01BBEF28E03C0DEF802C08E
:107B8000DDF801C0DCF800C0DBF802010801DA6BA7
:107B9000320ED96FFB6BFA6B480EF96F840EF86FDB
:107BA000DEC8FFF8DDC8FEF8DCC8FDF8DBC8FCF86D
:107BB0000001BEEC18F002E2D8A410D11B6AF2BE9C
:107BC0001B8EF29EDEC87BF9DDC87AF9DCC879F934
:107BD000DBC878F977EC06F01BBEF28E02C0E5F840
:107BE00001C0E4F802C0E7F801C0E6F8F0EC39F0B3
:107BF00002C0DAF801C0D9F81B6AF2BE1B8EF29EF1
:107C0000DEC87BF9DDC87AF9DCC879F9DBC878F918
:107C100077EC06F01BBEF28E02C0E5F801C0E4F876
:107C200002C0E7F801C0E6F8F0EC39F002C0E5F870
:107C300001C0E4F81B6AF2BE1B8EF29E02C079F905
:107C400001C078F9E1EC05F01BBEF28E03C0FBF831
:107C500002C0FAF801C0F9F800C0F8F8DEC8FFF871
:107C6000DDC8FEF8DCC8FDF8DBC8FCF8BEEC18F097
:107C700001E222E11B6AF2BE1B8EF29EDEC87BF996
:107C8000DDC87AF9DCC879F9DBC878F977EC06F059
:107C90001BBEF28E02C0E5F801C0E4F802C0E7F8AE
:107CA00001C0E6F8F0EC39F0320E08010124D96F7A
:107CB000000E0220DA6F0001DEC8FBF8DDC8FAF81A
:107CC000DCC8F9F8DBC8F8F80801FF6BFE6B7A0E28
:107CD000FD6F880EFC6F0001BEEC18F0D8A07ED0BE
:107CE0001B6AF2BE1B8EF29EDEC87BF9DDC87AF9F4
:107CF000DCC879F9DBC878F977EC06F01BBEF28EA8
:107D000002C0E5F801C0E4F802C0E7F801C0E6F8F7
:107D10004CEC3AF002C0DAF801C0D9F81B6AF2BEA6
:107D20001B8EF29EDEC87BF9DDC87AF9DCC879F9D2
:107D3000DBC878F977EC06F01BBEF28E02C0E5F8DE
:107D400001C0E4F802C0E7F801C0E6F84CEC3AF0F4
:107D500002C0E5F801C0E4F81B6AF2BE1B8EF29E79
:107D600002C079F901C078F9E1EC05F01BBEF28E92
:107D700003C0FBF802C0FAF801C0F9F800C0F8F837
:107D8000DEC8FFF8DDC8FEF8DCC8FDF8DBC8FCF88B
:107D9000BEEC18F001E222E11B6AF2BE1B8EF29EDD
:107DA000DEC87BF9DDC87AF9DCC879F9DBC878F977
:107DB00077EC06F01BBEF28E02C0E5F801C0E4F8D5
:107DC00002C0E7F801C0E6F84CEC3AF00A0E0801F0
:107DD0000124D96F000E0220DA6F000102014B511D
:107DE0000801DA5D0AE305E102014A510801D95DA3
:107DF00004E3DAC84BF2D9C84AF2E26BE16BDF91D7
:107E000002014951010803E30801DF810201080171
:107E1000DFB104D04BC2E2F84AC2E1F8010EC16FF3
:107E2000DB0EC06F660EF66E040EF76E000EF86E77
:107E3000030E0901066F000132EC15F0010EE96E28
:107E4000E2C807F9E1C806F956EC14F06D0EF66EBB
:107E5000040EF76E000EF86E030E0901066F0001A6
:107E600032EC15F00101A751050806E1A85304E121
:107E7000A95302E1AA5302E0000E01D0010E08014D
:107E8000E76F010E0901046FDB0E036F290E056F0A
:107E90003A0E066F010E076F85C008F9E7C809F9A9
:107EA000000170EC15F0010E0801C16FDB0EC06F10
:107EB000720EF66E040EF76E000EF86E030E0901D8
:107EC000066F000132EC15F0010E0801E46F200E80
:107ED0000901106F000118EC10F00801E42FF7D72A
:107EE0004CC207F9130E0901086F000129EC10F0CC
:107EF0000101A751060806E1A85304E1A95302E1D4
:107F0000AA5302E0000E01D0010E0801E76F010E36
:107F10000901046FDB0E036F040E056F480E066F38
:107F2000010E076F85C008F9E7C809F9000170EC78
:107F300015F0010E0201495D0801E56F09010B6BA7
:107F40000A6F4BC20DF94AC20CF90001FFEC0BF0AD
:107F500002C0E5F801C0E4F8010E0201465D080127
:107F6000E66F000E020147590801E76FE8CF0BF9F1
:107F7000E6C80AF909010D6B48C20CF90001FFECD3
:107F80000BF002C003F001500801E4270250E52382
:107F900045C211F944C210F9030E0901136FE80E2E
:107FA000126F000141EC17F002C003F0015008010C
:107FB000E4270250E523E5C811F9E4C810F9030EDF
:107FC0000901136FE80E126F000141EC17F002C0B7
:107FD00003F001501B6AF2BE1B8EF29E0901786FFE
:107FE00002C079F90001E1EC05F01BBEF28E03C07E
:107FF000DEF802C0DDF801C0DCF800C0DBF80201E9
:1080000043536FE0010E495D0801E56F09010B6BF9
:108010000A6F4BC20DF94AC20CF90001FFEC0BF0DC
:1080200002C0E5F801C0E4F8010E0201465D080156
:10803000E66F000E020147590801E76FE8CF0BF920
:10804000E6C80AF909010D6B48C20CF90001FFEC02
:108050000BF002C003F001500801E4270250E523B1
:10806000D890020144350801E66F02014535080148
:10807000E76FE8CF11F9E6C810F9030E0901136F95
:10808000E80E126F000141EC17F002C003F001503E
:108090000801E4270250E523E5C811F9E4C810F906
:1080A000030E0901136FE80E126F000141EC17F087
:1080B00002C003F001501B6AF2BE1B8EF29E090142
:1080C000786F02C079F90001E1EC05F01BBEF28E79
:1080D00003C0DEF802C0DDF801C0DCF800C0DBF848
:1080E00002010801DA6B010ED96FFB6BFA6BF96BB9
:1080F0007F0EF86FDEC8FFF8DDC8FEF8DCC8FDF8BB
:10810000DBC8FCF80001BEEC18F002E2D8A47ED077
:108110001B6AF2BE1B8EF29EDEC87BF9DDC87AF9BF
:10812000DCC879F9DBC878F977EC06F01BBEF28E73
:1081300002C0E5F801C0E4F802C0E7F801C0E6F8C3
:10814000A8EC3AF002C0DAF801C0D9F81B6AF2BE16
:108150001B8EF29EDEC87BF9DDC87AF9DCC879F99E
:10816000DBC878F977EC06F01BBEF28E02C0E5F8AA
:1081700001C0E4F802C0E7F801C0E6F8A8EC3AF064
:1081800002C0E5F801C0E4F81B6AF2BE1B8EF29E45
:1081900002C079F901C078F9E1EC05F01BBEF28E5E
:1081A00003C0FBF802C0FAF801C0F9F800C0F8F803
:1081B000DEC8FFF8DDC8FEF8DCC8FDF8DBC8FCF857
:1081C000BEEC18F001E222E11B6AF2BE1B8EF29EA9
:1081D000DEC87BF9DDC87AF9DCC879F9DBC878F943
:1081E00077EC06F01BBEF28E02C0E5F801C0E4F8A1
:1081F00002C0E7F801C0E6F8A8EC3AF0010E080169
:108200000124D96F000E0220DA6F00010801DA5351
:1082100005E102014D510801D95D02E3D9C84DF2D3
:108220004DC2E3F8DF9102014C51010803E308015C
:10823000DF8102010801DFA103D0E36BD9C84DF251
:10824000010EC16FDB0EC06F7A0EF66E040EF76E74
:10825000000EF86E030E0901066F000132EC15F0F6
:10826000010E0801E46F200E0901106F000118ECE7
:1082700010F00801E42FF7D7E3C807F9130E09013E
:10828000086F000129EC10F0200E0901106F0001A9
:1082900018EC10F0730E0901106F000118EC10F0CB
:1082A0000101A751070806E1A85304E1A95302E11F
:1082B000AA5302E0000E01D0010E0801E76F010E83
:1082C0000901046FDB0E036F290E056F480E066F60
:1082D000010E076F85C008F9E7C809F9000170ECC5
:1082E00015F04FC20BF94EC20AF909010D6B640E6D
:1082F0000C6F0001FFEC0BF002C0E5F801C0E4F8E0
:10830000010E0801C16FDB0EC06F840EF66E040E05
:10831000F76E000EF86E030E0901066F000132ECD5
:1083200015F0000EE96EE5C807F9E4C806F956EC49
:1083300014F08B0EF66E040EF76E000EF86E030E40
:108340000901066F000132EC15F00101A751080880
:1083500006E1A85304E1A95302E1AA5302E0000E8A
:1083600001D0010E0801E66F010E09010A6FDB0E54
:10837000096F040E0B6F560E0C6F010E0D6FE6C8E1
:108380000EF90001CDEC0FF00801E56B4DC2E4F8E9
:10839000036A4CC2E6F803C0E7F8E5C80BF94DC222
:1083A0000AF903C00DF94CC20CF90001FFEC0BF007
:1083B00002C0E5F801C0E4F80801E76B49C2E6F83D
:1083C000010EE65D006E000EE759036E00C0E6F890
:1083D000E76F4BC20BF94AC20AF9E8CF0DF900C0AA
:1083E0000CF90001FFEC0BF002C0E7F801C0E6F861
:1083F0000801E96B48C2E8F8010E0201465D006E13
:10840000000E4759036E00C0EAF80801EB6FE9C897
:108410000BF948C20AF9E8CF0DF900C00CF90001C8
:10842000FFEC0BF002C003F001500801E6270250F8
:10843000E723E7C811F9E6C810F9030E0901136F25
:10844000E80E126F000141EC17F001500801E4271B
:108450000250E523020EE4250201506F000E0801D0
:10846000E5210201516F51C205F950C204F9090119
:10847000076B066B0001E5EC19F0010E0801C16FF6
:10848000DB0EC06F900EF66E040EF76E000EF86EE7
:10849000030E0901066F000132EC15F077C007F9F1
:1084A000110E0901086F000129EC10F03A0E0901C4
:1084B000106F000118EC10F078C007F9010E0901E7
:1084C000086F000129EC10F0200E0901106F000167
:1084D00018EC10F0730E0901106F000118EC10F089
:1084E000010E0901046FDB0E036F290E056F560E96
:1084F000066F010E076F85C008F9096B000170EC6B
:1085000015F00101A7510A0806E1A85304E1A95397
:1085100002E1AA5302E0000E01D0010E0801E46F4F
:108520000901036B910E026F040E046F730E056F49
:10853000010E066FE4C807F90001F3EC0EF06BC002
:108540006CF0519C000E016E12001A0E0901076FAB
:108550004A0E086F5A0E096F000172EC11F01200FA
:10856000EC0ECE250801D96F0101A75306E1A853EF
:1085700004E1A95302E1AA5302E0000E01D0010E6A
:108580000801DA6F0901036BD9C802F9050E046FFF
:10859000120E056F010E066FDAC807F90001F3EC41
:1085A0000EF00101A72D06D0A85304E1A95302E162
:1085B000AA5302E0000E01D0010E0801D96F090193
:1085C000036B5F0E026F050E046F280E056F066BBE
:1085D000D9C807F90001F3EC0EF00101A751020818
:1085E00006E1A85304E1A95302E1AA5302E0000EF8
:1085F00001D0010E0801D96F0901036B600E026FF3
:10860000050E046F330E056F066BD9C807F900011C
:10861000F3EC0EF00101A751030806E1A85304E1B1
:10862000A95302E1AA5302E0000E01D0010E080195
:10863000D96F0901036B610E026F050E046F3E0EC8
:10864000056F066BD9C807F90001F3EC0EF0CE51A7
:1086500003082BE0CE51060DF350020F036AA70F5B
:10866000E96E000E0320EA6E690EEF240801D96F4F
:108670000101A751030806E1A85304E1A95302E14F
:10868000AA5302E0000E01D0010E0801DA6F0901C1
:10869000036BD9C802F9280E046F3E0E056F066BF6
:1086A000DAC807F90001F3EC0EF00101A751040844
:1086B00006E1A85304E1A95302E1AA5302E0000E27
:1086C00001D0010E0801D96F0901036B620E026F20
:1086D000050E046F490E056F066BD9C807F9000136
:1086E000F3EC0EF0CE51060DF350030F036AA70F03
:1086F000E96E000E0320EA6E690EEF240801D96FBF
:108700000101A751040806E1A85304E1A95302E1BD
:10871000AA5302E0000E01D0010E0801DA6F090130
:10872000036BD9C802F9280E046F490E056F066B5A
:10873000DAC807F90001F3EC0EF00101A7510508B2
:1087400006E1A85304E1A95302E1AA5302E0000E96
:1087500001D0010E0801D96F0901036B630E026F8E
:10876000050E046F540E056F066BD9C807F900019A
:10877000F3EC0EF0CE51060DF350040F036AA70F71
:10878000E96E000E0320EA6E690EEF240801D96F2E
:108790000101A751050806E1A85304E1A95302E12C
:1087A000AA5302E0000E01D0010E0801DA6F0901A0
:1087B000036BD9C802F9280E046F540E056F066BBF
:1087C000DAC807F90001F3EC0EF00101A751060821
:1087D00006E1A85304E1A95302E1AA5302E0000E06
:1087E00001D0010E0801D96F0901036B640E026FFD
:1087F000050E046F5F0E056F066BD9C807F90001FF
:10880000F3EC0EF0CE51060DF350050F036AA70FDF
:10881000E96E000E0320EA6E690EEF240801D96F9D
:108820000101A751060806E1A85304E1A95302E19A
:10883000AA5302E0000E01D0010E0801DA6F09010F
:10884000036BD9C802F9280E046F5F0E056F066B23
:10885000DAC807F90001F3EC0EF0CE51FC0F19E273
:10886000040FA2EF44F0C30E8C6FC40E8D6F11D0B5
:10887000C50E8C6F690EAE258D6F0BD0F70E8C6F09
:10888000F80E8D6F06D0C60E8C6FC70E8D6FF60E6C
:108890008E6FCE5103081DE10101A751030806E1C7
:1088A000A85304E1A95302E1AA5302E0000E01D04B
:1088B000010E0801DA6F0901036B8EC002F9280E60
:1088C000046F3E0E056F066BDAC807F90001F3EC82
:1088D0000EF00101A72D06D0A85304E1A95302E12F
:1088E000AA5302E0000E01D0010E0801DA6F09015F
:1088F000036B8CC002F9280E046F056F066BDAC893
:1089000007F90001F3EC0EF00101A751020806E19E
:10891000A85304E1A95302E1AA5302E0000E01D0DA
:10892000010E0801DA6F0901036B8DC002F9280EF0
:10893000046F330E056F066BDAC807F90001F3EC1C
:108940000EF01200E824F76AF736650FF66E890E0E
:10895000F722000EF86EFB6E0A00F550FA6E080062
:10896000F550F96E668870887C88868851AC36D060
:108970006C515A0802E154A80FD0549824EC0CF022
:108980000901036B730E026F046B056B020E066F19
:10899000076B0001F3EC0EF0B5EC11F0D6DD010130
:1089A000A7530AE1A85308E1A95306E1AA5304E139
:1089B000AA6BA96BA86BA76BAA5307E1A95305E1A2
:1089C000A85303E1A751060805E2AA6BA96BA86B9F
:1089D000060EA76F0001C4DD6BC06CF0519C000E49
:1089E000016E120051AC5DD06C515B0822E024ECAA
:1089F0000CF00901036B730E026F046B056B020E22
:108A0000066F076B0001F3EC0EF00901036B9E0E7D
:108A1000026F0A0E046F240E056F020E066F076BBD
:108A20000001F3EC0EF00101AA6BA96BA86BA76B18
:108A30000001B5EC11F089DD0101A7530AE1A8534B
:108A400008E1A95306E1AA5304E1AA6BA96BA86B3C
:108A5000A76BAA5307E1A95305E1A85303E1A75166
:108A6000060805E2AA6BA96BA86B060EA76F9F0EFE
:108A7000A7250801D96F000E0101A8210801DA6FAE
:108A8000E8CF03F9D9C802F90C0E0901046F460EAC
:108A9000056F010E066F076B0001F3EC0EF06BC063
:108AA0006CF0519C000E016E1200130E0901076F4D
:108AB0004A0E086F5A0E096F000172EC11F09CEF1C
:108AC00045F051AC95D06C515C0833E024EC0CF0CF
:108AD0000901036B730E026F046B056B020E066FC8
:108AE000076B0001F3EC0EF0CE51FC0F22E2040FF5
:108AF000FCEF45F00101AA6BA96BA86B030EA76FF1
:108B0000000117D00101AA6BA96BA86B020EA76F19
:108B100000010FD00101AA6BA96BA86B030EA76F10
:108B2000000107D00101AA6BA96BA86B040EA76F07
:108B30000001B5EC11F0B9D7CE51FC0F46E2040F9D
:108B400010EF46F00101AA530CE1A9530AE1A85322
:108B500008E1A751030805E3AA6BA96BA86B030EF4
:108B6000A76F000132D00101AA530CE1A9530AE119
:108B7000A85308E1A751020805E3AA6BA96BA86BEB
:108B8000020EA76F000121D00101AA530CE1A953E5
:108B90000AE1A85308E1A751030805E3AA6BA96BF2
:108BA000A86B030EA76F000110D00101AA530CE1BE
:108BB000A9530AE1A85308E1A751040805E3AA6BE9
:108BC000A96BA86B040EA76F00010101AA5307E16E
:108BD000A95305E1A85303E1A751060805E2AA6BD2
:108BE000A96BA86B060EA76F0001BADC6BC06CF016
:108BF000519C000E016E1200E824F76AF736190F37
:108C0000F66E8C0EF722000EF86EFB6E0A00F55021
:108C1000FA6E0800F550F96EF48A048B148B248BDD
:108C2000E824F76AF736410FF66E8C0EF722000E35
:108C3000F86EFB6E0A00F550FA6E0800F550F96EFA
:108C4000448B668B888BAA8B0801E86BE76BE7C8BF
:108C50007CF87D6BE86BE76BE7C87EF87F6BE86BB1
:108C6000E76BE7C880F8816BE76BE7C882F8E76BD2
:108C7000E7C883F8E76BE7C884F8E76BE7C885F8CF
:108C80000001926B936B996B0101186B176B1A6B58
:108C9000196B1C6B1B6B0601F7BB09D057B607D0CD
:108CA0000101DA6BD96BD86BD76B579606015592D9
:108CB000000112000901029107015151010815E25A
:108CC0000901036B070151510901035D0DE2036ABC
:108CD0000351270FE96E070E0320EA6E0151EF5C86
:108CE00001E10281032BEED70701000E090102B159
:108CF000010E016E0001120000C901F9DBDF015213
:108D000015E1036A07015151270FE96E070E032091
:108D1000EA6E00C9EFFF5151512B036A3B0FE96E18
:108D2000070E0320EA6EEF6A502B00011200140EAA
:108D30000901076F4A0E086F140E096F000172ECEB
:108D400011F01200140E0901076F4A0E086F5A0E37
:108D5000096F000172EC11F012001B6AF2BE1B8E4B
:108D6000F29E03C979F902C978F9E1EC05F01BBE5E
:108D7000F28E03C026F902C025F901C024F900C013
:108D800023F909012A6B296B480E286F840E276F7F
:108D900000010BEC0BF003C007F902C006F901C09B
:108DA00005F900C004F9D89203C00FF902C00EF90A
:108DB00001C00DF900C00CF90901136B126B116BA6
:108DC0007E0E106F0001F6EC28F01B6AF2BE1B8EBF
:108DD000F29E03C07BF902C07AF901C079F900C0A4
:108DE00078F977EC06F01BBEF28E02C005F901C0DF
:108DF00004F902C00BF901C00AF909010D6B320E2A
:108E00000C6F0001FFEC0BF002C003F002C002F097
:108E100012000101CA6BC96BC869DC0EC76F1B6AFF
:108E2000F2BE1B8EF29E010E09016F6F0001EFEC86
:108E300003F01BBEF28E12000101CA6BC96B070E54
:108E4000C86FD00EC76F1B6AF2BE1B8EF29E010E5A
:108E500009016F6F0001EFEC03F01BBEF28E1200F0
:108E60000801F06BEF6BF051EE5D1EE303E1ED5195
:108E7000EF5D1AE2F26BF16BF25103080CE303E1D0
:108E8000F151B50808E3050E006E002EFED7F12B58
:108E9000D8B4F22BF1D70400000144EC08F008012B
:108EA000EF2BD8B4F02BDFD7000112000801F66BCE
:108EB000F76BF96BF86BC580C5B0FED7D890F43569
:108EC0004009FA6FFB6F0001BAEC14F001523CE16B
:108ED0000801F55306E0FB6B0001BAEC14F005D075
:108EE0000801FB6B0001BAEC14F0C582C5B2FED7D5
:108EF000D8900801F4354109FA6FFB6F0001BAEC14
:108F000014F00801F55312E0010E006E0001C8ECE8
:108F100014F001C0F6F8006AC8EC14F001C0F7F8CC
:108F2000F7C8F9F8F6C8F8F80AD00801006A000195
:108F3000C8EC14F00801F96B01C0F8F80001C58411
:108F4000C5B4FED7549E01D0548E0801F8C801F074
:108F5000F9C802F000011200C580C5B0FED7D89054
:108F60000801F6354009F86FFB6F0001BAEC14F008
:108F7000015222E10801F75307E0020EFB6F0001E6
:108F8000BAEC14F006D00801010EFB6F0001BAEC38
:108F900014F0F4C8FBF8BAEC14F00801F75306E03B
:108FA000F5C8FBF80001BAEC14F00801C584C5B49B
:108FB000FED7549E03D00001548E08010001120018
:108FC000010E0801EA6FE96BEB6BEC6BE8510408EA
:108FD00015E1E75304E0830E966E8D8403D0830E73
:108FE000966E8D86EE6B640EED6F000139DF830E99
:108FF000966E8D94966E8D9659D00801F46B010E85
:10900000F56F000153DF080102C0EBF8E851FC0FD7
:1090100031E2040F000157EF48F00801E75304E084
:10902000EA6B040EE96F03D0EA6B400EE96F22D0C1
:109030000801E75304E0EA6B080EE96F03D0EA6B1E
:10904000200EE96F17D00801E75304E0EA6B100E19
:10905000E96F03D0EA6B800EE96F0CD00801E7538B
:1090600004E0EA6B020EE96F03D0EA6B010EE96FD0
:1090700001D00801E9C8ECF8ECC8F4F8EBC8F5F841
:10908000F66B010EF76F000167DF0801EE6B640EEF
:10909000ED6F0001E5DE0801EC6BECC8F4F8EBC8FD
:1090A000F5F8F66B010EF76F000156DF1200E824A9
:1090B000F76AF736CF0FF66E900EF722000EF86EB5
:1090C000FB6E0A00F550FA6E0800F550F96E1A9022
:1090D000309046905C90030E0801EB6FEA6B010E36
:1090E000ED6FEC6BAA0EEF6FEE6BD890E935F06F79
:1090F000F16BD8B0F12BF26BF36BE75304E1D8902E
:10910000ED33EC3305D0E85303E1D890EC37ED377D
:10911000EC6BF051006E05E0D890EC37ED37002E87
:10912000FBD7F051006E05E0D890EA37EB37002E00
:10913000FBD7EA1FEB1FF46B010EF56F0001B6DEE3
:1091400002C0EFF801C0EEF80801EA51EE17EB514A
:10915000EF17EE51EC13EF51ED13ECC8F3F8EDC837
:10916000F2F8F3C8F4F8F2C8F5F8F66B010EF76FF1
:109170000001F2DE12000801E76B010EE86F00014A
:10918000DDEC08F00801E76BE86B000119DF08016E
:10919000E76BE86B030EE96F00019DDF646B07016D
:1091A000046B0801E76BE7C896F8589E4F9A0601D2
:1091B000F7BB58D00001CC2D01D049D04F96616B40
:1091C00001019E6B9D6B9C6B9B6B000E4FB8010E5B
:1091D000006ED89000360050036A130FE96E010E3E
:1091E0000320EA6EECCFE8F8ED52EFCFE7F8080184
:1091F000E75307E1E85305E10101486B476B25D0D0
:109200000801000E4FB8010E006ED89000360050D5
:10921000036A130FE96E010E0320EA6EECCFE8F843
:10922000ED52EFCFE7F8000E4FB8010E036A740F4E
:10923000E96E000E0320EA6EEF50E7250101476F4B
:10924000000E0801E8210101486F0BD000014F9684
:10925000010E616F765101010D25476F000E0E2141
:10926000486F06015192F799F46BF7955898F99366
:10927000FA6B0001E9DC518C0701216B0801E76BF7
:10928000E7C853F8E76BE7C872F80001120051AC69
:10929000CCEF50F06C51780804E16B51790801E192
:1092A000D3DC0101306B320E2F6F00016C511408BA
:1092B00006E1616BCC2D02D0010E616F57966C51A7
:1092C0007B0814E1615307E107012153D8A402D0C0
:1092D00000010CD000011B6AF2BE1B8EF29E090138
:1092E0006F6B0001EFEC03F01BBEF28E6153D8A44C
:1092F000CFD06C517B08D8A4CBD007012153D8B470
:1093000002D00001C5D0000124EC0CF06153D8A4B8
:1093100088D0000E4FB8010E006ED8900036005075
:10932000036A130FE96E010E0320EA6EECCFE8F832
:10933000ED52EFCFE7F80801E75315E1E85313E1E9
:10934000000E4FB8010E006ED89000360050036A30
:10935000130FE96E010E0320EA6EECCF48F1ED52D7
:10936000EFCF47F125D0000E4FB8010E006ED89018
:1093700000360050036A130FE96E010E0320EA6EF7
:10938000ECCFE8F8ED52EFCFE7F8000E4FB8010E42
:10939000036A740FE96E000E0320EA6EEF50E725B2
:1093A0000101476F000E0801E8210101486F080123
:1093B00048C105F947C104F90901076B066B0001B3
:1093C000E5EC19F0020E0801C16F170EC06F020E16
:1093D000E76F200E0901106F000118EC10F0080172
:1093E000E72FF7D7000EE96E0901076B066B000146
:1093F00056EC14F0000E4FB8010E006ED8900036F7
:109400000050036A0F0FE96E010E0320EA6E01019E
:10941000AA6BA96BECCFA8F1ED52EFCFA7F11BD04F
:1094200000010101AA6BA96B0CC1A8F10BC1A7F146
:109430000001765101010D25476F000E0E21486F86
:1094400048C105F947C104F90901076B066B000122
:10945000E5EC19F00101186B176B1A6B196B1C6B9B
:109460001B6B0601F7BB07D00101DA6BD96BD86B18
:10947000D76B5796060117C17CF818C17DF81BC140
:1094800080F81CC181F819C17EF81AC17FF800016B
:109490006C517B0803E06C51790805E16B51780849
:1094A00002E124EC0CF051AC02D0B5EC11F06B51A0
:1094B0007B08D8B42EEF50F06B5178084AE10101D7
:1094C000186B176B1A6B196B1C6B1B6B0601F7BBC8
:1094D00007D00101DA6BD96BD86BD76B57960601B1
:1094E00017C17CF818C17DF81BC180F81CC181F838
:1094F00019C17EF81AC17FF8F7BB0ED0010159518E
:10950000A3259B6F5A51A4219C6F000EA5219D6F2E
:10951000000EA6219E6F0601000E4FB8010E006ED0
:10952000D89000360050036A0F0FE96E010E032039
:10953000EA6EECCF0BF9ED52EFCF0AF909010D6B92
:10954000320E0C6F0001FFEC0BF002C05EF101C0A7
:109550005DF16C517808D8B487D16C517908D8B4D2
:1095600083D124EC0CF06153D8A4A9D00701215376
:109570001EE000016C517B08D8B402D0070117D05F
:10958000000E4FB8010E006ED89000360050036AEE
:109590000F0FE96E010E0320EA6E0101AA6BA96BA1
:1095A000ECCFA8F1ED52EFCFA7F187D00701000E65
:1095B0004FB8010E006ED89000360050036A130FAA
:1095C000E96E010E0320EA6EECCFE8F8ED52EFCF22
:1095D000E7F80801E75315E1E85313E1000E4FB82F
:1095E000010E006ED89000360050036A130FE96E2A
:1095F000010E0320EA6EECCF48F1ED52EFCF47F1B8
:1096000025D0000E4FB8010E006ED89000360050E5
:10961000036A130FE96E010E0320EA6EECCFE8F83F
:10962000ED52EFCFE7F8000E4FB8010E036A740F4A
:10963000E96E000E0320EA6EEF50E7250101476F47
:10964000000E0801E8210101486F080148C105F931
:1096500047C104F90901076B066B0001E5EC19F03D
:10966000020E0801C16F170EC06F020EE76F200EC9
:109670000901106F000118EC10F00801E72FF7D76F
:10968000000EE96E0901076B066B000156EC14F041
:10969000000E4FB8010E006ED89000360050036ADD
:1096A0000F0FE96E010E0320EA6E0101AA6BA96B90
:1096B000ECCFA8F1ED52EFCFA7F11BD000010101D3
:1096C000AA6BA96B0CC1A8F10BC1A7F100017651DF
:1096D00001010D25476F000E0E21486F48C105F9A5
:1096E00047C104F90901076B066B0001E5EC19F0AD
:1096F00001010001B5EC11F06C517808D8B4B4D078
:109700006C517908D8B4B0D06C517B08D8B4ACD0C7
:1097100001015951A325006E5A51A421016E000E7A
:10972000A521026E000EA62100C03FF801C040F83E
:1097300002C041F8E8CF42F8000E4FB8010E006EAB
:10974000D89000360050036A0F0FE96E010E032017
:10975000EA6EECCF44F8ED52EFCF43F80801000E6B
:109760004FB8010E036A740FE96E000E0320EA6E13
:10977000EF50E86BE76F456F466B0BC148F80CC1C3
:1097800049F833C14AF834C14BF876C04CF835C1BA
:109790004DF836C14EF863C04FF820C751F8CCC021
:1097A00052F807011F6B1FC750F801015951A3253B
:1097B0009B6F5A51A4219C6F000EA5219D6F000E36
:1097C000A6219E6F000E4FB8010E006ED890003695
:1097D0000050036A0F0FE96E010E0320EA6EECCF12
:1097E0000BF9ED52EFCF0AF909010D6B320E0C6F38
:1097F0000001FFEC0BF002C05EF101C05DF107015A
:10980000076B060E0901006F00017CEC46F0020EAA
:109810000601FF6F0001CC2D04D0030E0601FF6F7F
:1098200000010801E86BE76BE7C86CF86D6B01019C
:10983000186B176B1A6B196B1C6B1B6B0601F7BB54
:1098400006D00101DA6BD96BD86BD76B060117C153
:109850007CF818C17DF81BC180F81CC181F819C1C2
:109860007EF81AC17FF800016C5179084BE16B5109
:10987000780848E10601F7AB23D00001615309E005
:109880000101AA6BA96B0CC1A8F10BC1A7F116D0FD
:109890000001000E4FB8010E006ED8900036005047
:1098A000036A0F0FE96E010E0320EA6E0101AA6B35
:1098B000A96BECCFA8F1ED52EFCFA7F122D00601B2
:1098C0000001615309E00101AA6BA96B0CC1A8F169
:1098D0000BC1A7F116D00001000E4FB8010E006EAB
:1098E000D89000360050036A0F0FE96E010E032076
:1098F000EA6E0101AA6BA96BECCFA8F1ED52EFCF94
:10990000A7F100016C51780803E16B51790806E07A
:109910006C517B0807E16B51790804E197EC46F044
:10992000A2EC46F0CC5303E1090E8C6F07D0CC2D8E
:1099300003D0020E8C6F02D00A0E8C6F0901036BEC
:109940008CC002F9046B056B020E066F076B0001F9
:10995000F3EC0EF085C862F06251615D02E024EC28
:1099600046F018C103F917C102F9ADEC46F002C088
:10997000E8F801C0E7F8010E0801C16FF90EC06FE9
:10998000000EE96E02C007F901C006F9000156ECAD
:1099900014F0010E09010A6FF90E096F0B6B280E06
:1099A0000C6F030E0D6F0E6B0001CDEC0FF0090173
:1099B000036B2B0E026F020E046F1A0E056F066BFF
:1099C000076B0001F3EC0EF05B0E0801DB6F410E3C
:1099D000DC6FDD6B080E09010A6FDB0E096F240EC8
:1099E0000B6F370E0C6F0D6B0E6B0001CDEC0FF093
:1099F0006153D8A4A7D0CC2D01D0A4D0080EEA6E14
:109A0000DB0EE96E0C0E016EF76A000E03EC01F03E
:109A10000A000900F5CFEEFF012EFBD7080E090161
:109A20000A6FDB0E096F290E0B6F1A0E0C6F010EF9
:109A30000D6F0E6B0001CDEC0FF0080EEA6EDB0E21
:109A4000E96E0C0E016EF76A000E03EC01F00A00DD
:109A50000900F5CFEEFF012EFBD7080E09010A6FB2
:109A6000DB0E096F290E0B6F2C0E0C6F010E0D6FA4
:109A70000E6B0001CDEC0FF00901036B2C0E026F91
:109A8000290E046F1A0E056F066B076B0001F3ECCD
:109A90000EF001015951A3250801E76F01015A5148
:109AA000A4210801E86F000E0101A5210801E96F5A
:109AB000000E0101A6210801EA6F01019B51080176
:109AC000E75F01019C510801E85B01019D5108011C
:109AD000E95B01019E510801EA5B020EC16F170E9E
:109AE000C06F070EE96EEAC807F9E9C806F9E8C8C9
:109AF00005F9E7C804F9000183EC19F05B0E0801D1
:109B0000DB6F430EDC6FDD6B080E09010A6FDB0EA5
:109B1000096F440E0B6F370E0C6F0D6B0E6B00014F
:109B2000CDEC0FF0020E09010A6F170E096F2D0E12
:109B30000B6F2C0E0C6F020E0D6F0E6B0001CDEC37
:109B40000FF0B0D0200E0801DB6FDC6FDD6FDE6F31
:109B5000DF6FE06B080E09010A6FDB0E096F290E3B
:109B60000B6F1A0E0C6F0D6B0E6B0001CDEC0FF02E
:109B7000080EEA6EDB0EE96E080E016EF76A000E43
:109B800013EC01F00A000900F5CFEEFF012EFBD720
:109B9000080E09010A6FDB0E096F2D0E0B6F2C0EDC
:109BA0000C6F020E0D6F0E6B0001CDEC0FF0200E4E
:109BB0000801DB6FDC6FDD6B080E09010A6FDB0E3D
:109BC000096F440E0B6F370E0C6F0D6B0E6B00019F
:109BD000CDEC0FF0020E0801C16F170EC06F9E0E84
:109BE000F66E040EF76E000EF86E040E0901066F95
:109BF000000132EC15F0010EE96E34C107F933C1F2
:109C000006F956EC14F0A60EF66E040EF76E000E72
:109C1000F86E030E0901066F000132EC15F0020E1A
:109C200009010A6F170E096F290E0B6F1A0E0C6FC0
:109C3000010E0D6F0E6B0001CDEC0FF0020E08014E
:109C4000C16F170EC06FAA0EF66E040EF76E000EEF
:109C5000F86E030E0901066F000132EC15F0000EDC
:109C6000E96E36C107F935C106F956EC14F0B10EAC
:109C7000F66E040EF76E000EF86E030E0901066F05
:109C8000000132EC15F0020E09010A6F170E096F80
:109C9000290E0B6F2C0E0C6F010E0D6F0E6B000159
:109CA000CDEC0FF048C105F947C104F90901076B74
:109CB000066B0001E5EC19F00901036B2D0E026F34
:109CC000020E046F500E056F066B076B0001F3EC7C
:109CD0000EF0010E0801C16FDB0EC06F77C007F9EF
:109CE000110E0901086F000129EC10F03A0E09016C
:109CF000106F000118EC10F078C007F9010E09018F
:109D0000086F000129EC10F0010E09010A6FDB0E4B
:109D1000096F0B6B5E0E0C6F030E0D6F0E6B000167
:109D2000CDEC0FF07CC817F17DC818F17EC819F191
:109D30007FC81AF180C81BF181C81CF1615321E072
:109D4000D890633507012011000A000105E0010ADF
:109D500006E0030A07E008D0E60E8C6F05D0E70E98
:109D60008C6F02D0E80E8C6F0901036B8CC002F976
:109D70002C0E046F4B0E056F066B076B0001F3ECA6
:109D80000EF00901036B940E026F2C0E046F550E3A
:109D9000056F066B076B0001F3EC0EF0AAC15BF9CF
:109DA000A9C15AF9A8C159F9A7C158F909015F6BAE
:109DB0005E6B30C15DF92FC15CF90001C1EC0AF0A6
:109DC00003C0EAF802C0E9F801C0E8F800C0E7F80B
:109DD000010E0801C16FDB0EC06F050EE96E03C0F6
:109DE00007F902C006F901C005F900C004F9000135
:109DF00083EC19F0BA0EF66E040EF76E000EF86ED4
:109E0000030E0901066F000132EC15F0010E090185
:109E10000A6FDB0E096F390E0B6F550E0C6F0D6B51
:109E20000E6B0001CDEC0FF00901036B310E026FD8
:109E30002C0E046F5F0E056F066B076B0001F3ECD1
:109E40000EF0010E0801C16FDB0EC06F000EE96E4F
:109E50001AC107F919C106F9000156EC14F0C20E37
:109E6000F66E040EF76E000EF86E030E0901066F13
:109E7000000132EC15F0010E09010A6FDB0E096FCB
:109E8000390E0B6F5F0E0C6F0D6B0E6B0001CDEC7E
:109E90000FF00901036B320E026F2C0E046F690E76
:109EA000056F066B076B0001F3EC0EF0010E080165
:109EB000C16FDB0EC06F000EE96E1CC107F91BC13C
:109EC00006F9000156EC14F0CA0EF66E040EF76E99
:109ED000000EF86E040E0901066F000132EC15F059
:109EE000010E09010A6FDB0E096F390E0B6F690E47
:109EF0000C6F0D6B0E6B0001CDEC0FF0615324E184
:109F0000CC2D01D021D0E40E8C6F010E0801C16F61
:109F1000DB0EC06F050EE96EDAC107F9D9C106F98B
:109F2000D8C105F9D7C104F9000183EC19F0D40EAA
:109F3000F66E040EF76E000EF86E030E0901066F42
:109F4000000132EC15F04CD0E50E8C6F09010E6B60
:109F50000D6B34C10CF933C10BF9126B116B34C1A9
:109F600010F933C10FF936C114F935C113F963C0C3
:109F700015F900014CEC1BF003C0EAF802C0E9F847
:109F800001C0E8F800C0E7F8010E0801C16FDB0E60
:109F9000C06F020EE96E03C003F902C002F901C0EE
:109FA00001F900C000F90901046F0001F4EC1BF095
:109FB000200E0901106F000118EC10F0200E0901AD
:109FC000106F000118EC10F0250E0901106F000150
:109FD00018EC10F0200E0901106F000118EC10F0C1
:109FE0000901036B8CC002F92C0E046F730E056F10
:109FF000066B076B0001F3EC0EF0010E09010A6F0E
:10A00000DB0E096F390E0B6F730E0C6F0D6B0E6B41
:10A010000001CDEC0FF001011A5126080AE2FF0AF7
:10A0200003E119510F0805E2950E00018C6F04D071
:10A030000101960E00018C6F0901036B8CC002F9BF
:10A04000460E046F3F0E056F020E066F076B000190
:10A05000F3EC0EF06BC06CF0519C9ED06C517B0801
:10A0600002E024EC0CF048C105F947C104F90901EC
:10A07000076B066B0001E5EC19F077C0D9F878C0E2
:10A08000DAF8615311E1CC2D01D00ED0090E8C6F9E
:10A090000701215305E0000109EC47F004D0070156
:10A0A00000011CEC47F004D0020E8C6F09EC47F065
:10A0B0000901036B8CC002F9046B056B020E066F7D
:10A0C000076B0001F3EC0EF00901036B330E026F16
:10A0D0000A0E046F320E056F020E066F076B000149
:10A0E000F3EC0EF061531EE107012153D8B402D006
:10A0F000000118D0548A0801E76BE86B0001E0EC1E
:10A1000047F0020E0801EE6FBC0EED6F000130EC5F
:10A1100047F0BBEC48F0780E6B6F24EC0CF0518CE0
:10A12000549A38D00901036B380E026F1D0E046F6C
:10A13000550E056F066B076B0001F3EC0EF0010E78
:10A140000801C16FDB0EC06FD9C807F9110E0901F4
:10A15000086F000129EC10F03A0E0901106F0001A0
:10A1600018EC10F0DAC807F9010E0901086F0001B8
:10A1700029EC10F0010E09010A6FDB0E096F1E0EAB
:10A180000B6F5F0E0C6F020E0D6F0E6B0001CDECAE
:10A190000FF0519C6BC06CF0000E016E12000801B4
:10A1A000E66BE56BE5C87CF87D6BE66BE56BE5C8B7
:10A1B0007EF87F6BE66BE56BE5C880F8816BE56B3D
:10A1C000E5C882F8E56BE5C883F8E56BE5C884F877
:10A1D0000001926B936B996B0101186B176B1A6BF3
:10A1E000196B1C6B1B6B5592000112000801E76B89
:10A1F000010EE86F0001DDEC08F00801E76BE86B89
:10A200000001E0EC47F00801E76BE86B030EE96F33
:10A2100000016BEC48F0646B0701046B0801E56B0F
:10A22000E5C896F80601F791F7BB25D04F960101D6
:10A23000A26BA16BA06B9F6B7F5305E1805303E181
:10A24000486B476B17D00001C05101017F25080101
:10A25000E56F0001C151010180210801E66F000195
:10A26000C2510801E5250101476F000E0801E621F2
:10A270000101486F06015192F799F46BF7955898D0
:10A2800007011E6B0801E56BE5C871F80601F9933B
:10A29000FA6B000184DF518C120051AC06EF56F0CE
:10A2A0006C51820804E16B51830801E178DF010100
:10A2B000306B320E2F6F00016C511E0802E1616B92
:10A2C000CC6B6C5185085FE124EC0CF001017F53ED
:10A2D00007E1805305E180C148F17FC147F117D004
:10A2E0000001C05101017F250801E56F0001C15146
:10A2F000010180210801E66F0001C2510801E52536
:10A300000101476F000E0801E6210101486F48C1B5
:10A3100005F947C104F90901076B066B0001E5EC7B
:10A3200019F0020E0801C16F170EC06F020EE56F23
:10A33000200E0901106F000118EC10F00801E52F44
:10A34000F7D7000EE96E0901076B066B000156ECAA
:10A3500014F00101AA6BA96B7EC1A8F17DC1A7F120
:10A360001E6B1D6B206B1F6B226B216B1DC17CF85C
:10A370001EC17DF821C180F822C181F81FC17EF87D
:10A3800020C17FF800016C51850803E06C518308FF
:10A3900005E16B51820802E124EC0CF051AC02D0D3
:10A3A000B5EC11F06B51820803E196EC11F005D089
:10A3B0006B51830802E1A0EC11F06B518508D8B411
:10A3C000CCEF55F06B51820833E101011E6B1D6B20
:10A3D000206B1F6B226B216B1DC17CF81EC17DF8A9
:10A3E00021C180F822C181F81FC17EF820C17FF809
:10A3F0000601F7BB0ED001018151B7259F6F825135
:10A40000B821A06F8351B921A16F8451BA21A26FE5
:10A4100006017EC10BF97DC10AF909010D6B320EEF
:10A420000C6F0001FFEC0BF002C060F101C05FF1A6
:10A430006C518208D8B4DAD06C518308D8B4D6D025
:10A4400024EC0CF001017F5307E1805305E180C14A
:10A4500048F17FC147F117D00001C05101017F25AC
:10A460000801E56F0001C151010180210801E66F7B
:10A470000001C2510801E5250101476F000E0801E6
:10A48000E6210101486F48C105F947C104F90901F6
:10A49000076B066B0001E5EC19F0020E0801C16FB5
:10A4A000170EC06F020EE56F200E0901106F00013C
:10A4B00018EC10F00801E52FF7D7000EE96E09013E
:10A4C000076B066B000156EC14F00101AA6BA96B37
:10A4D0007EC1A8F17DC1A7F10001B5EC11F06C516E
:10A4E0008208D8B483D06C518308D8B47FD06C5123
:10A4F00085087CE001018151B725006E8251B821A9
:10A50000016E8351B921026E8451BA2100C03FF817
:10A5100001C040F802C041F8E8CF42F87DC143F8DD
:10A520007EC144F8C0C045F8C1C046F8C2C047F873
:10A530000801E66BE56BE5C848F8496BE66BE56B2F
:10A54000E5C84AF84B6BE56BE5C84CF8E66BE56B84
:10A55000E5C84DF84E6BE56BE5C84FF8CCC052F836
:10A56000010E07011F6F1FC750F801018151B72568
:10A570009F6F8251B821A06F8351B921A16F84517F
:10A58000BA21A26F7EC10BF97DC10AF909010D6BD9
:10A59000320E0C6F0001FFEC0BF002C060F101C045
:10A5A0005FF10701076B060E0901006F00017CECEB
:10A5B00046F0040E0601FF6F0801E66BE56BE5C887
:10A5C0006CF86D6B01011E6B1D6B206B1F6B226B9A
:10A5D000216B1DC17CF81EC17DF821C180F822C10C
:10A5E00081F81FC17EF820C17FF800016C518308FB
:10A5F0000BE16B51820808E10101AA6BA96B7EC1D6
:10A60000A8F17DC1A7F100016C51820803E16B51F3
:10A61000830806E06C51850807E16B51830804E16B
:10A6200097EC46F0A2EC46F00901036B720E026F44
:10A63000046B056B020E066F076B0001F3EC0EF066
:10A640001EC103F91DC102F9ADEC46F002C0E6F8E7
:10A6500001C0E5F8010E0801C16FF90EC06F000ED0
:10A66000E96E02C007F901C006F9000156EC14F0CA
:10A67000010E09010A6FF90E096F0B6B280E0C6FA2
:10A68000030E0D6F0E6B0001CDEC0FF00901036B93
:10A690002B0E026F020E046F1A0E056F066B076B0E
:10A6A0000001F3EC0EF05B0E0801D96F410EDA6F7A
:10A6B000DB6B080E09010A6FD90E096F240E0B6FB0
:10A6C000370E0C6F0D6B0E6B0001CDEC0FF0080E0A
:10A6D000EA6ED90EE96E0C0E016EF76A000E03ECFD
:10A6E00001F00A000900F5CFEEFF012EFBD7080E9E
:10A6F00009010A6FD90E096F290E0B6F1A0E0C6F24
:10A70000010E0D6F0E6B0001CDEC0FF0080EEA6E1E
:10A71000D90EE96E0C0E016EF76A000E03EC01F023
:10A720000A000900F5CFEEFF012EFBD7080E090144
:10A730000A6FD90E096F290E0B6F2C0E0C6F010ECC
:10A740000D6F0E6B0001CDEC0FF00901036B2C0EA9
:10A75000026F290E046F1A0E056F066B076B00015E
:10A76000F3EC0EF00101B75181250801E56F0101FD
:10A77000B85182210801E66F0101B9518321080116
:10A78000E76F0101BA5184210801E86F01019F516F
:10A790000801E55F0101A0510801E65B0101A1513B
:10A7A0000801E75B0101A2510801E85B020EC16FDD
:10A7B000170EC06F070EE96EE8C807F9E7C806F97B
:10A7C000E6C805F9E5C804F9000183EC19F05B0E51
:10A7D0000801D96F430EDA6FDB6B080E09010A6FAF
:10A7E000D90E096F440E0B6F370E0C6F0D6B0E6B8D
:10A7F0000001CDEC0FF0020E09010A6F170E096F70
:10A800002D0E0B6F2C0E0C6F020E0D6F0E6B0001D8
:10A81000CDEC0FF048C105F947C104F90901076BF8
:10A82000066B0001E5EC19F00901036B2D0E026FB8
:10A83000020E046F500E056F066B076B0001F3EC00
:10A840000EF0775163081CE2010E0801C16FDB0EA8
:10A85000C06F77C007F9130E0901086F000129ECDA
:10A8600010F03A0E0901106F000118EC10F078C0DA
:10A8700007F9010E0901086F000129EC10F021D041
:10A88000010E0801C16FDB0EC06F77C007F9110E12
:10A890000901086F000129EC10F03A0E0901106F50
:10A8A000000118EC10F078C007F9010E0901086FDB
:10A8B000000129EC10F0200E0901106F000118ECC6
:10A8C00010F0010E09010A6FDB0E096F0B6B5E0EB3
:10A8D0000C6F030E0D6F0E6B0001CDEC0FF07CC8FA
:10A8E0001DF17DC81EF17EC81FF17FC820F180C810
:10A8F00021F181C822F11EC103F91DC102F9ADEC9D
:10A9000046F002C0E6F801C0E5F81B6AF2BE1B8EF5
:10A91000F29E02C079F901C078F9E1EC05F01BBEA6
:10A92000F28E03C026F902C025F901C024F900C047
:10A9300023F9C6C02AF9C5C029F9C4C028F9C3C083
:10A9400027F90BEC0BF003C010F902C00FF901C09E
:10A950000EF900C00DF964EC17F003C0BEF102C09F
:10A96000BDF101C0BCF100C0BBF10901036B940E45
:10A97000026F2A0E046F550E056F066B076B000100
:10A98000F3EC0EF0AAC15BF9A9C15AF9A8C159F9B3
:10A99000A7C158F909015F6B5E6B30C15DF92FC12A
:10A9A0005CF90001C1EC0AF003C0E8F802C0E7F866
:10A9B00001C0E6F800C0E5F8010E0801C16FDB0E2A
:10A9C000C06F050EE96E03C007F902C006F901C0A9
:10A9D00005F900C004F9000183EC19F0DC0EF66EF5
:10A9E000040EF76E000EF86E030E0901066F0001EB
:10A9F00032EC15F0010E09010A6FDB0E096F370EFC
:10AA00000B6F550E0C6F0D6B0E6B0001CDEC0FF044
:10AA10000901036B310E026F2A0E046F5F0E056F82
:10AA2000066B076B0001F3EC0EF0010E0801C16F1D
:10AA3000DB0EC06F000EE96E20C107F91FC106F9D9
:10AA4000000156EC14F0E40EF66E040EF76E000EE4
:10AA5000F86E030E0901066F000132EC15F0010ECD
:10AA600009010A6FDB0E096F370E0B6F5F0E0C6F5B
:10AA70000D6B0E6B0001CDEC0FF00901036B320E74
:10AA8000026F2A0E046F690E056F066B076B0001DB
:10AA9000F3EC0EF0010E0801C16FDB0EC06F000E6B
:10AAA000E96E22C107F921C106F9000156EC14F044
:10AAB000EC0EF66E040EF76E000EF86E040E090131
:10AAC000066F000132EC15F0010E09010A6FDB0E72
:10AAD000096F370E0B6F690E0C6F0D6B0E6B00015B
:10AAE000CDEC0FF0010E0801C16FDB0EC06FF20E4E
:10AAF000F66E040EF76E000EF86E040E0901066F76
:10AB0000000132EC15F0030EE96EBEC107F9BDC1BC
:10AB100006F9BCC105F9BBC104F983EC19F0FA0EC2
:10AB2000F66E040EF76E000EF86E070E0901066F42
:10AB3000000132EC15F0010E09010A6FDB0E096FFE
:10AB40002A0E0B6F730E0C6F0D6B0E6B0001CDECAC
:10AB50000FF00101205126080AE2FF0A03E11F510C
:10AB60000F0805E2950E00018C6F04D00101960ECE
:10AB700000018C6F0901036B8CC002F9460E046F53
:10AB80003F0E056F020E066F076B0001F3EC0EF02F
:10AB90006BC06CF0519C3AD06C51850802E024ECFB
:10ABA0000CF0548A1CEC47F00901036B720E026F23
:10ABB000046B056B020E066F076B0001F3EC0EF0E1
:10ABC0000901036B330E026F0A0E046F320E056F1C
:10ABD000020E066F076B0001F3EC0EF00801E76B45
:10ABE000E86B0001E0EC47F0050E0801EE6FDC0EAB
:10ABF000ED6F000130EC47F0820E6B6FF6EC50F019
:10AC000024EC0CF0549A6BC06CF0518C000E016E69
:10AC100012000901016B006B00C9A6F70701A76BC1
:10AC20000901016B006B00C9A8F70701A96B0901B5
:10AC3000016B006B00C9B6F70701B76B0901016B27
:10AC4000006B00C9B8F70701B96B0901006B00C9B7
:10AC5000C6F7006B00C9C7F7006B00C9CEF700014B
:10AC6000906B916B986B559012000901016B006B12
:10AC700000C9AAF70701AB6B0901016B006B00C9A2
:10AC8000ACF70701AD6B0901016B006B00C9BAF7A6
:10AC90000701BB6B0901016B006B00C9BCF7070121
:10ACA000BD6B0901006B00C9C8F7006B00C9C9F78B
:10ACB000006B00C9CFF70001926B936B996B5592B3
:10ACC00012000901016B006B00C9AEF70701AF6B01
:10ACD0000901016B006B00C9B0F70701B16B0901F5
:10ACE000016B006B00C9BEF70701BF6B0901016B67
:10ACF000006B00C9C0F70701C16B0901006B00C9F7
:10AD0000CAF7006B00C9CBF7006B00C9D0F7000190
:10AD1000946B956B9A6B559412000901016B006B53
:10AD200000C9B2F70701B36B0901016B006B00C9E1
:10AD3000B4F70701B56B0901016B006B00C9C2F7DD
:10AD40000701C36B0901016B006B00C9C4F7070160
:10AD5000C56B0901006B00C9CCF7006B00C9CDF7CA
:10AD6000006B00C9D1F70001966B976B9B6B5596F2
:10AD700012001B6AF2BE1B8EF29E07C979F906C942
:10AD800078F9E1EC05F01BBEF28E03C026F902C093
:10AD900025F901C024F900C023F909012A6B296BA8
:10ADA000480E286F850E276F00010BEC0BF003C0D7
:10ADB0000BF902C00AF901C009F900C008F9D892DC
:10ADC00003C00FF902C00EF901C00DF900C00CF963
:10ADD0000901136B126B116B7E0E106F0001F6EC04
:10ADE00028F01B6AF2BE1B8EF29E03C07BF902C0E4
:10ADF0007AF901C079F900C078F977EC06F01BBE4A
:10AE0000F28E02C009F901C008F902C00BF901C0B5
:10AE10000AF909010D6B640E0C6F0001FFEC0BF0D9
:10AE200002C003F002C002F03EEF5BF051AC8EEFC7
:10AE300063F0B5EC11F06C518C0810E16B518D088A
:10AE40000DE18251FC0F0AE2040F92EF63F0E1DEA4
:10AE500005D00BDF03D035DF01D05FDF6B518F08EA
:10AE6000D8B4E2EF60F06C518F080BE11B6AF2BEC0
:10AE70001B8EF29E09016F6B0001EFEC03F01BBE0D
:10AE8000F28E0101306B320E2F6F00016C512908D8
:10AE900010E124EC0CF00901036B060E026F046B49
:10AEA000056B020E066F076B0001F3EC0EF0B5ECBC
:10AEB00011F06C518C08D8B4ACD16C518D08D8B459
:10AEC000A8D16C518E08D8B4A4D16C512908D8B43B
:10AED000A0D124EC0CF00901036B060E026F046B89
:10AEE000056B020E066F076B0001F3EC0EF06C5160
:10AEF0008F08D8B482D06C51280807E16B518D08B7
:10AF0000D8B47BD06B518E0878E08251030868E09A
:10AF1000D8908235036A470F016E010E032201C0EB
:10AF200000F9090103C001F9D89000018235036AD4
:10AF3000F70FE96E000E0320EA6EECCF03F9ED5235
:10AF4000EFCF02F9020E09010225016E000E032166
:10AF500001C9EAFF00C9E9FFEC6EED5201C0EFFF45
:10AF6000D89000018235036A4F0F016E010E032253
:10AF7000090103C001F9D89000018235036AFF0F6F
:10AF8000E96E000E0320EA6EECCF03F0ED52EFCF36
:10AF900002F9090101C9EAFF01C0E9FF03C0ECFFA2
:10AFA000ED5202C9EFFF036A000182517F0F016E6B
:10AFB000000E0322090103C001F9036A0001825156
:10AFC000650FE96E000E0320EA6EEFCF02F909016A
:10AFD00001C9EAFF01C0E9FF02C9EFFF0FD000017C
:10AFE000D8908235036A470FE96E010E0320EA6E9E
:10AFF0000E0EEC6EED52100EEF6E09010001B5EC75
:10B0000011F06C518F08D8B404D16C51280808E1B4
:10B010006B518D08D8B4FDD06B518E08D8B4F9D0DF
:10B0200088C052F782C053F7036A8251590FE96E04
:10B03000000E0320EA6EEFCF54F70901036A000106
:10B0400082515D0FE96E000E0320EA6EEFCF55F7D7
:10B050000901D89000018235036AF70FE96E000EEE
:10B060000320EA6EECCF57F7ED52EFCF56F7090108
:10B07000D89000018235036AFF0FE96E000E0320AD
:10B08000EA6EECCF59F7ED52EFCF58F70901036A9A
:10B0900000018251650FE96E000E0320EA6EEFCFCA
:10B0A0005AF70901D89000018235036A390FE96E19
:10B0B000010E0320EA6EECCF5CF7ED52EFCF5BF7A9
:10B0C0000901D89000018235036ACF0FE96E000EA6
:10B0D0000320EA6EECCF5EF7ED52EFCF5DF709018A
:10B0E00000018251040DF350036AD70FE96E000E80
:10B0F0000320EA6EEFCF5FF7ECCF60F7ECCF61F79C
:10B10000ECCF62F78251040DF350036AE70FE96E4A
:10B11000000E0320EA6EEFCF63F7ECCF64F7ECCFBD
:10B1200065F7ECCF66F757C267F758C268F759C2A0
:10B1300069F75AC26AF75BC26BF75CC26CF75DC213
:10B140006DF75EC26EF75FC26FF760C270F761C2E3
:10B1500071F762C272F763C273F764C274F7CDC04D
:10B1600075F70901006B00C976F70701076B080E38
:10B170000901006F00017CEC46F00601FF6BD890DE
:10B1800000018235036A390FE96E010E0320EA6E71
:10B19000ECCF9FF7ED52EFCF9EF70901D890000159
:10B1A0008235036A200F016E000E0322090103C0DD
:10B1B000EAFF01C0E9FFEC6AED52EF6A036A0001A1
:10B1C0008251280F016E000E032201500901006F09
:10B1D00003C001F9A60E0025026F070E0121036FBF
:10B1E000046B03C9EAFF02C9E9FF04C9EEFFD89066
:10B1F00000018235036A390FE96E010E0320EA6E01
:10B200000101AA6BA96BECCFA8F1ED52EFCFA7F12A
:10B210000001D8908235036A470FE96E010E0320C2
:10B22000EA6EECCF05F9ED52EFCF04F9D8908235F4
:10B23000036A4F0FE96E010E0320EA6EECCF07F9A7
:10B24000ED52EFCF06F9E5EC19F04FBE03D03A0E00
:10B250008C6F02D03D0E8C6F825305E08251030843
:10B2600002E0000E01D0010E0901016F036B8CC0DA
:10B2700002F9030E046F160E056F020E066F01C968
:10B2800007F90001F3EC0EF0822D01D002D0000E80
:10B2900001D0010E0901006F036B3B0E026F1D0E02
:10B2A000046F160E056F020E066F00C907F9000144
:10B2B000F3EC0EF08251020802E0000E01D0010E04
:10B2C0000901006F036B3C0E026F350E046F160E02
:10B2D000056F020E066F00C907F90001F3EC0EF0CE
:10B2E000CD2D09D0CD51040806E1CD51060803E16A
:10B2F000CD51020832E0D8908235036ACF0FE96E53
:10B30000000E0320EA6EECCF01F9ED52EFCF00F909
:10B31000010E0801C16FDB0EC06F020EF66E050E46
:10B32000F76E000EF86E0B0E0901066F000132EC8D
:10B3300015F0020EE96E01C907F900C906F956ECCD
:10B3400014F0480E0901106F000118EC10F07A0E8D
:10B350000901106F000118EC10F0CD2D01D009D0BB
:10B36000CD51040806E0CD51060803E0CD51020896
:10B3700039E1010E0801C16FDB0EC06F140EF66ECD
:10B38000050EF76E000EF86E060E0901066F00013D
:10B3900032EC15F0020EE96E58C207F957C206F9F1
:10B3A00056EC14F01E0EF66E050EF76E000EF86EDB
:10B3B000090E0901066F000132EC15F0020EE96E6C
:10B3C0005AC207F959C206F956EC14F0480E0901A1
:10B3D000106F000118EC10F07A0E0901106F0001D7
:10B3E00018EC10F0010E09010A6FDB0E096F110E47
:10B3F0000B6F280E0C6F0D6B0E6B0001CDEC0FF078
:10B4000082510308D8B41FD1CD51060804E1CD51B3
:10B410000508D8B484D08251040DF350036AD70FC5
:10B42000E96E000E0320EA6EEFCF04F9ECCF05F9C8
:10B43000ECCF06F9ECCF07F932EC2AF003C003F9A0
:10B4400002C002F901C001F900C000F9010E0801B3
:10B45000C16FDB0EC06F2E0EF66E050EF76E000E7E
:10B46000F86E040E0901066F000132EC15F0030EB0
:10B47000E96E03C907F902C906F901C905F900C94E
:10B4800004F983EC19F035C210F918EC10F0730EC2
:10B490000901106F000118EC10F08251040DF350F7
:10B4A000036AE70FE96E000E0320EA6EEFCF04F99E
:10B4B000ECCF05F9ECCF06F9ECCF07F932EC2AF026
:10B4C00003C003F902C002F901C001F900C000F98C
:10B4D000010E0801C16FF90EC06F3A0EF66E050E2F
:10B4E000F76E000EF86E040E0901066F000132ECD3
:10B4F00015F0030EE96E03C907F902C906F901C97F
:10B5000005F900C904F983EC19F035C210F918ECFB
:10B5100010F0730E0901106F000118EC10F0CD51FE
:10B52000060803E0CD51050872E15FC207F95EC26B
:10B5300006F95DC205F95CC204F932EC2AF003C0D9
:10B5400003F902C002F901C001F900C000F9010EBF
:10B550000801C16FF90EC06F460EF66E050EF76E4C
:10B56000000EF86E060E0901066F000132EC15F0B0
:10B57000030EE96E03C907F902C906F901C905F905
:10B5800000C904F983EC19F035C210F918EC10F079
:10B59000730E0901106F000118EC10F063C207F977
:10B5A00062C206F961C205F960C204F932EC2AF000
:10B5B00003C003F902C002F901C001F900C000F99B
:10B5C000010E0801C16FDB0EC06F540EF66E050E42
:10B5D000F76E000EF86E060E0901066F000132ECE0
:10B5E00015F0030EE96E03C907F902C906F901C98E
:10B5F00005F900C904F983EC19F035C210F918EC0B
:10B6000010F0730E0901106F000118EC10F0010E1C
:10B6100009010A6FDB0E096F110E0B6F320E0C6FF2
:10B620000D6B0E6B0001CDEC0FF0010E09010A6FDE
:10B63000F90E096F290E0B6F320E0C6F0D6B0E6B2E
:10B640000001CDEC0FF08251040DF3500901016BA4
:10B65000006FA60E0025026F070E0121036F03C9BC
:10B66000E2FF02C9E1FFE6CF04F9E6CF05F905C91B
:10B6700007F904C906F90001B9EF56F002C042F11A
:10B6800001C041F1010E006E8251016E04E0D890BC
:10B690000036012EFCD700508715D8B40BD1D890B6
:10B6A0008235036A390FE96E010E0320EA6EECCF92
:10B6B0000BF9ED52EFCF0AF909010D6B320E0C6F49
:10B6C0000001FFEC0BF002C003F001500101415DED
:10B6D00004E10350425DD8B490D00901026B300EF2
:10B6E000016F120E036F3C0E046F010E056F85C0D3
:10B6F00006F9076B00016EEC1AF0010E0801C16F2C
:10B70000DB0EC06F000EE96E42C107F941C106F9B8
:10B71000000156EC14F05B0E0901106F000118ECEB
:10B7200010F0410E0901106F000118EC10F0010E2D
:10B730000901046FDB0E036F210E056F3C0E066FCF
:10B74000010E076F85C008F9096B000170EC15F058
:10B750000901026B940E016F120E036F460E046F07
:10B76000010E056F84C006F9076B00016EEC1AF03C
:10B77000D8908235036A390FE96E010E0320EA6E14
:10B78000ECCF0BF9ED52EFCF0AF909010D6B320E38
:10B790000C6F0001FFEC0BF002C001F901C000F9D1
:10B7A000010E0801C16FDB0EC06F000EE96E02C012
:10B7B00007F901C006F9000156EC14F05B0E09010F
:10B7C000106F000118EC10F0410E0901106F00011C
:10B7D00018EC10F0010E0901046FDB0E036F210E4F
:10B7E000056F460E066F010E076F84C008F9096BDE
:10B7F000000170EC15F05DD001010901026B300E03
:10B80000016F120E036F3C0E046F010E056F84C0B2
:10B8100006F9076B00016EEC1AF0010E0801C16F0A
:10B82000DB0EC06F000EE96E42C107F941C106F997
:10B83000000156EC14F05B0E0901106F000118ECCA
:10B8400010F0410E0901106F000118EC10F0010E0C
:10B850000901046FDB0E036F210E056F3C0E066FAE
:10B86000010E076F84C008F9096B000170EC15F038
:10B87000080EEA6EDD0EE96E0F0E016EF76A000E1D
:10B8800021EC01F00A000900F5CFEEFF012EFBD7F5
:10B89000080E0901046FDD0E036F120E056F460ED0
:10B8A000066F010E076F84C008F9096B000170EC88
:10B8B00015F05BD00901026B300E016F120E036FA1
:10B8C0003C0E046F010E056F84C006F9076B000182
:10B8D0006EEC1AF0010E0801C16FDB0EC06F000E96
:10B8E000E96E0901076B066B000156EC14F05B0E64
:10B8F0000901106F000118EC10F0410E0901106FE2
:10B90000000118EC10F0010E0901046FDB0E036F4B
:10B91000210E056F3C0E066F010E076F84C008F9FB
:10B92000096B000170EC15F0080EEA6EEC0EE96E82
:10B930000F0E016EF76A000E21EC01F00A000900FB
:10B94000F5CFEEFF012EFBD7080E0901046FEC0EB8
:10B95000036F120E056F460E066F010E076F84C04F
:10B9600008F9096B000170EC15F00801FE6BFD6B26
:10B97000FC6BFB6B000182510308D8B41AD1CD5384
:10B9800003E0CD51030843E18251040DF350036AF3
:10B99000D70FE96E000E0320EA6EEFCF0BF9ECCF64
:10B9A0000CF9ECCF0DF9ECCF0EF98251040DF350E8
:10B9B000036AE70FE96E000E0320EA6EEFCF0FF97E
:10B9C000ECCF10F9ECCF11F9ECCF12F9D890823509
:10B9D000036ACF0FE96E000E0320EA6EECCF14F974
:10B9E000ED52EFCF13F9036A82515D0FE96E000E3D
:10B9F0000320EA6EEFCF15F94CEC1BF003C0FEF804
:10BA000002C0FDF801C0FCF800C0FBF89DD0CD2DB0
:10BA100001D006D0CD51040803E0CD5102083AE12F
:10BA20008251040DF350036AD70FE96E000E032014
:10BA3000EA6EEFCF0BF9ECCF0CF9ECCF0DF9ECCFB0
:10BA40000EF98251040DF350036AE70FE96E000E00
:10BA50000320EA6EEFCF0FF9ECCF10F9ECCF11F91C
:10BA6000ECCF12F9036A82515D0FE96E000E0320DC
:10BA7000EA6EEFCF15F95AC214F959C213F94CEC1A
:10BA80001BF003C0FEF802C0FDF801C0FCF800C0C6
:10BA9000FBF85AD0CD51060826E1036A82515D0FAA
:10BAA000E96E000E0320EA6EEFCF15F963C20EF9BE
:10BAB00062C20DF961C20CF960C20BF90901126B87
:10BAC000116B106B0F6B5AC214F959C213F90001B4
:10BAD0004CEC1BF003C0FEF802C0FDF801C0FCF8FE
:10BAE00000C0FBF831D0CD5105082EE1D890823549
:10BAF000036ACF0FE96E000E0320EA6EECCF14F953
:10BB0000ED52EFCF13F9036A82515D0FE96E000E1B
:10BB10000320EA6EEFCF15F963C20EF962C20DF988
:10BB200061C20CF960C20BF90901126B116B106B49
:10BB30000F6B00014CEC1BF003C0FEF802C0FDF8D7
:10BB400001C0FCF800C0FBF8010E0801C16FDB0E5C
:10BB5000C06F470E0901106F000118EC10F0200EA5
:10BB60000901106F000118EC10F0020EE96EFEC81A
:10BB700003F9FDC802F9FCC801F9FBC800F9010E80
:10BB80000901046F0001F4EC1BF0250E0901106F90
:10BB9000000118EC10F0010E09010A6FDB0E096FAD
:10BBA0002C0E0B6F600E0C6F0D6B0E6B0001CDEC4D
:10BBB0000FF0B6C700F9B7C701F90901056B046BAF
:10BBC00001C903F900C902F9EACF07F9E9CF06F97B
:10BBD00005C95BF904C95AF903C959F902C958F9E9
:10BBE0005F6B5E6B030E5D6FE80E5C6F0001C1EC76
:10BBF0000AF007C9EAFF06C9E9FF03C005F902C058
:10BC000004F901C003F900C002F9A6C708F9A7C7E3
:10BC100009F9EACF0BF9E9CF0AF9D89205C913F966
:10BC200004C912F903C911F902C910F90901176B06
:10BC3000166B09C915F908C914F9000177EC0AF067
:10BC40000BC9EAFF0AC9E9FF01C024F100C023F1D2
:10BC5000BAC700F9BBC701F90901056B046B01C93B
:10BC600003F900C902F9EACF07F9E9CF06F905C9D6
:10BC70005BF904C95AF903C959F902C958F95F6B4C
:10BC80005E6B030E5D6FE80E5C6F0001C1EC0AF0A5
:10BC900007C9EAFF06C9E9FF03C005F902C004F9B4
:10BCA00001C003F900C002F9AAC708F9ABC709F936
:10BCB000EACF0BF9E9CF0AF9D89205C913F904C9FB
:10BCC00012F903C911F902C910F90901176B166BB2
:10BCD00009C915F908C914F9000177EC0AF00BC974
:10BCE000EAFF0AC9E9FF01C026F100C025F1BEC77D
:10BCF00000F9BFC701F90901056B046B01C903F91C
:10BD000000C902F9EACF07F9E9CF06F905C95BF9DD
:10BD100004C95AF903C959F902C958F95F6B5E6B36
:10BD2000030E5D6FE80E5C6F0001C1EC0AF007C9FD
:10BD3000EAFF06C9E9FF03C005F902C004F901C022
:10BD400003F900C002F9AEC708F9AFC709F9EACF95
:10BD50000BF9E9CF0AF9D89205C913F904C912F908
:10BD600003C911F902C910F90901176B166B09C94A
:10BD700015F908C914F9000177EC0AF00BC9EAFFBC
:10BD80000AC9E9FF01C028F100C027F1C2C700F9C4
:10BD9000C3C701F90901056B046B01C903F900C9A7
:10BDA00002F9EACF07F9E9CF06F905C95BF904C939
:10BDB0005AF903C959F902C958F95F6B5E6B030E52
:10BDC0005D6FE80E5C6F0001C1EC0AF007C9EAFF85
:10BDD00006C9E9FF03C005F902C004F901C003F96F
:10BDE00000C002F9B2C708F9B3C709F9EACF0BF9E5
:10BDF000E9CF0AF9D89205C913F904C912F903C9A0
:10BE000011F902C910F90901176B166B09C915F967
:10BE100008C914F9000177EC0AF00BC9EAFF0AC956
:10BE2000E9FF01C02AF100C029F1010E006E825124
:10BE3000016E04E0D8900036012EFCD70050871523
:10BE400029E1D8908235036A230FE96E010E0320A1
:10BE5000EA6EEC6AED52EF6A8251040DF350036A08
:10BE6000100F0901006F000E0320016FA60E0025C0
:10BE7000026F070E0121036F056B046B03C9EAFF14
:10BE800002C9E9FF04C9EEFF090EEA6E030EE96E6E
:10BE9000EF6A00010901036B320E026F020E046F9C
:10BEA000550E056F066B076B0001F3EC0EF0D89092
:10BEB0008235036A230FE96E010E0320EA6EECCF90
:10BEC00007F9ED52EFCF06F9010E0801C16FDB0E45
:10BED000C06F000EE96E000156EC14F0660EF66EAF
:10BEE000050EF76E000EF86E040E0901066F0001D4
:10BEF00032EC15F0010E09010A6FDB0E096F110E0D
:10BF00000B6F550E0C6F0D6B0E6B0001CDEC0FF02F
:10BF10000901036B310E026F2B0E046F550E056F76
:10BF2000066B076B0001F3EC0EF08251040DF35029
:10BF3000036A100F0901006F000E0320016F010E4C
:10BF40000801C16FDB0EC06FA60E09010025026F4C
:10BF5000070E0121036F03C9E2FF02C9E1FFE6CF2B
:10BF600004F9E6CF05F9000EE96E05C907F904C921
:10BF700006F9000156EC14F0700EF66E050EF76E21
:10BF8000000EF86E030E0901066F000132EC15F089
:10BF9000010E09010A6FDB0E096F390E0B6F550E8A
:10BFA0000C6F0D6B0E6B0001CDEC0FF08251040D88
:10BFB000F350036A100F0901006F000E0320016F98
:10BFC000A60E0025026F070E0121036F03C9E2FFD1
:10BFD00002C9E1FFE6CF04F9E6CF05F905512608CD
:10BFE0000AE2FF0A03E104510F0805E2950E000181
:10BFF0008C6F04D00901960E00018C6F0901036B50
:10C000008CC002F9460E046F2D0E056F020E066FEE
:10C01000076B0001F3EC0EF0010E0801C16FDB0E9F
:10C02000C06F740EF66E050EF76E000EF86E030EFE
:10C030000901066F000132EC15F077C007F9110E07
:10C040000901086F000129EC10F03A0E0901106F88
:10C05000000118EC10F078C007F9010E0901086F13
:10C06000000129EC10F0825103084AE0010E08019A
:10C07000C16FF90EC06F800EF66E050EF76E000EE2
:10C08000F86E030E0901066F000132EC15F079C05D
:10C0900007F9110E0901086F000129EC10F03A0EA2
:10C0A0000901106F000118EC10F07AC007F9010EB9
:10C0B0000901086F000129EC10F0036A82517F0F1B
:10C0C000E96E000E0320EA6EEFCF00F9020E0801C0
:10C0D000C16F170EC06F8C0EF66E050EF76E000E58
:10C0E000F86E050E0901066F000132EC15F000C96B
:10C0F00007F9110E0901086F000129EC10F037D083
:10C10000010E0801C16FF90EC06F960EF66E050E96
:10C11000F76E000EF86E050E0901066F000132EC95
:10C1200015F0410EE96EE6C007F9E5C006F9E4C076
:10C1300005F9E3C004F983EC19F09E0EF66E050EC6
:10C14000F76E000EF86E030E0901066F000132EC67
:10C1500015F0020E0801C16F170EC06FA20EF66E29
:10C16000050EF76E000EF86E000112EC24F0010EC1
:10C1700009010A6FDB0E096F040E0B6F600E0C6F66
:10C180000D6B0E6B0001CDEC0FF0010E09010A6F73
:10C19000F90E096F180E0B6F600E0C6F0D6B0E6BA6
:10C1A0000001CDEC0FF0020E09010A6F170E096FA6
:10C1B000380E0B6F600E0C6F0D6B0E6B0001CDEC2B
:10C1C0000FF0E4D06C518F0804E024EC0CF009EC83
:10C1D00047F050A004D00801FF6B0DD0000150A221
:10C1E00005D0010E0801FF6F06D0000150A404D055
:10C1F000020E0801FF6F0001D8900801FF35036AA5
:10C20000470FE96E010E0320EA6EECCF05F9ED52FF
:10C21000EFCF04F9D890FF35036A4F0FE96E010E96
:10C220000320EA6EECCF07F9ED52EFCF06F90001DB
:10C23000E5EC19F077C0D9F878C0DAF879C0DBF806
:10C240007AC0DCF80901036B380E026F060E046F2A
:10C25000550E056F066B076B0001F3EC0EF009013C
:10C26000036B390E026F260E046F550E056F066BB9
:10C27000076B0001F3EC0EF00901036B060E026F71
:10C28000046B056B020E066F076B0001F3EC0EF0FA
:10C290000901036B330E026F0A0E046F320E056F35
:10C2A000020E066F076B0001F3EC0EF050A003D0F6
:10C2B0003E0E8C6F09D050A203D03F0E8C6F04D07D
:10C2C00050A402D0400E8C6F0901036B8CC002F9A0
:10C2D0000A0E046F400E056F020E066F076B000119
:10C2E000F3EC0EF0010E0801C16FDB0EC06FD9C870
:10C2F00007F9110E0901086F000129EC10F03A0E40
:10C300000901106F000118EC10F0DAC807F9010EEE
:10C310000901086F000129EC10F0010E09010A6FF4
:10C32000DB0E096F0C0E0B6F5F0E0C6F020E0D6FA4
:10C330000E6B0001CDEC0FF0010E0801C16FDB0E9A
:10C34000C06FDBC807F9110E0901086F000129EC65
:10C3500010F03A0E0901106F000118EC10F0DCC863
:10C3600007F9010E0901086F000129EC10F0010E18
:10C3700009010A6FDB0E096F250E0B6F5F0E0C6F44
:10C38000020E0D6F0E6B0001CDEC0FF00901036B77
:10C39000A80E026F046B6B0E056F066B076B000136
:10C3A000F3EC0EF04FBE6ED087A134D0A6C700F9D3
:10C3B000A7C701F901C903F900C902F9ADEC46F0BC
:10C3C00002C003F901C002F9010E0801C16FDB0EC2
:10C3D000C06FAC0EF66E050EF76E000EF86E030E13
:10C3E0000901066F000132EC15F0000EE96E03C979
:10C3F00007F902C906F956EC14F0B30EF66E050EF5
:10C40000F76E000EF86E030E0901066F000132ECA4
:10C4100015F020D0010E0801C16FDB0EC06FB80E01
:10C42000F66E050EF76E000EF86E000112EC24F0A9
:10C430000901016B006B00C9B6F70701B76B090171
:10C44000016B006B00C9A6F70701A76B0101246B04
:10C45000236B000187A102D0825302E0000E01D0BD
:10C46000010E0901026F010E0A6FDB0E096F030E48
:10C470000B6F760E0C6F0D6B02C90EF90001CDEC3F
:10C480000FF06ED087A734D0B2C700F9B3C701F957
:10C4900001C903F900C902F9ADEC46F002C003F985
:10C4A00001C002F9010E0801C16FDB0EC06FC40E9E
:10C4B000F66E050EF76E000EF86E030E0901066F9C
:10C4C000000132EC15F0000EE96E03C907F902C94C
:10C4D00006F956EC14F0CB0EF66E050EF76E000E54
:10C4E000F86E030E0901066F000132EC15F020D042
:10C4F000010E0801C16FDB0EC06FD00EF66E050E87
:10C50000F76E000EF86E000112EC24F00901016BC9
:10C51000006B00C9C2F70701C36B0901016B006B17
:10C5200000C9B2F70701B36B01012A6B296B000147
:10C5300087A703D08251030802E0000E01D0010E4C
:10C540000901026F010E0A6FDB0E096F030E0B6FFC
:10C55000760E0C6F0D6B02C90EF90001CDEC0FF0D9
:10C5600087A334D0AAC700F9ABC701F901C903F901
:10C5700000C902F9ADEC46F002C003F901C002F9AE
:10C58000010E0801C16FDB0EC06FDC0EF66E050EEA
:10C59000F76E000EF86E030E0901066F000132EC13
:10C5A00015F0000EE96E03C907F902C906F956EC49
:10C5B00014F0E30EF66E050EF76E000EF86E030E25
:10C5C0000901066F000132EC15F020D0010E0801C0
:10C5D000C16FDB0EC06FE80EF66E050EF76E000E33
:10C5E000F86E000112EC24F00901016B006B00C928
:10C5F000BAF70701BB6B0901016B006B00C9AAF711
:10C600000701AB6B0101266B256B000187A303D0EB
:10C61000822D01D002D0000E01D0010E0901026F5F
:10C62000010E0A6FDB0E096F1C0E0B6F760E0C6F7E
:10C630000D6B02C90EF90001CDEC0FF087A534D0C7
:10C64000AEC700F9AFC701F901C903F900C902F982
:10C65000ADEC46F002C003F901C002F9010E080179
:10C66000C16FDB0EC06FF40EF66E050EF76E000E96
:10C67000F86E030E0901066F000132EC15F0000E92
:10C68000E96E03C907F902C906F956EC14F0FB0E6E
:10C69000F66E050EF76E000EF86E030E0901066FBA
:10C6A000000132EC15F020D0010E0801C16FDB0E45
:10C6B000C06F000EF66E060EF76E000EF86E0001EB
:10C6C00012EC24F00901016B006B00C9BEF70701F1
:10C6D000BF6B0901016B006B00C9AEF70701AF6BBF
:10C6E0000101286B276B000187A503D08251020846
:10C6F00002E0000E01D0010E0901026F010E0A6F67
:10C70000DB0E096F350E0B6F760E0C6F0D6B02C9C9
:10C710000EF90001CDEC0FF06BC06CF0519C000ED7
:10C72000016E1200E824F76AF736450FF66EC70E61
:10C73000F722000EF86EFB6E0A00F550FA6E080044
:10C74000F550F96E4EAE52AE56AE5AAE0601F7BB7C
:10C7500008D047C224F746C223F749C225F74CC286
:10C7600026F723C728F824C729F825C72AF826C79B
:10C770002BF80801E36BE26BE2C822F8236BE36B52
:10C78000E26BE2C824F8256BE36BE26BE2C826F8A3
:10C79000276BE26BE2C82CF8E26BE2C82DF8E26B83
:10C7A000E2C82EF80001946B956B9A6B0701226B1F
:10C7B00026C756F20101886B876B566B556B586B19
:10C7C000576B559450940601FA6BF96B00011200F7
:10C7D00051AC3AD36C51B40809E16B51B50806E18C
:10C7E0000601F79B0101566B556B00016B51B708B1
:10C7F000D8B4C1D26C51B7080BE11B6AF2BE1B8ED4
:10C80000F29E09016F6B0001EFEC03F01BBEF28E8C
:10C810006C51B40823E06C51B50820E024EC0CF016
:10C820000901036B070E026F046B056B020E066FA6
:10C83000076B0001F3EC0EF06C51B70809E0010141
:10C84000AA6BA96B4FC2A8F14EC2A7F100017EDF0F
:10C8500051C248F150C247F1B5EC11F06B51B40828
:10C8600001E174DF6B51B40803E196EC11F005D0DF
:10C870006B51B50802E1A0EC11F048C105F947C1C0
:10C8800004F90901076B066B0001E5EC19F00901D9
:10C89000036B2B0E026F020E046F1A0E056F066BF0
:10C8A000076B0001F3EC0EF05B0E0801DB6F410E2D
:10C8B000DC6FDD6B080E09010A6FDB0E096F240EB9
:10C8C0000B6F370E0C6F0D6B0E6B0001CDEC0FF084
:10C8D00024C855F125C856F126C857F127C858F184
:10C8E00022C887F123C888F128C823F729C824F76C
:10C8F0002AC825F72BC826F70701265302E1010EA7
:10C90000226F1B6AF2BE1B8EF29E56C179F955C189
:10C9100078F90001E1EC05F01BBEF28E03C026F9A8
:10C9200002C025F901C024F900C023F909012A6BCE
:10C93000296B7A0E286F880E276F00010BEC0BF025
:10C9400003C0E5F802C0E4F801C0E3F800C0E2F873
:10C950001B6AF2BE1B8EF29E58C179F957C178F955
:10C96000E1EC05F01BBEF28E1B6AF2BE1B8EF29E3E
:10C97000E5C87BF9E4C87AF9E3C879F9E2C878F93F
:10C9800003C07FF902C07EF901C07DF900C07CF9C7
:10C99000FCEC05F01BBEF28E03C0E5F802C0E4F823
:10C9A00001C0E3F800C0E2F80801FB6B400EFA6F2B
:10C9B0001C0EF96F8C0EF86F03C0FFF802C0FEF872
:10C9C00001C0FDF800C0FCF80001BEEC18F001E267
:10C9D00003E1950E8C6F02D0960E8C6F0901036BEC
:10C9E0008CC002F9460E046F2D0E056F020E066F05
:10C9F000076B0001F3EC0EF06C51500833E16B5102
:10CA0000B40830E144C200F845C201F846C202F859
:10CA100047C203F848C204F84AC205F84BC206F8F8
:10CA200049C207F84DC208F84CC209F843C20AF8D7
:10CA30004EC20BF84FC20CF80201556B546B536B8E
:10CA4000910E526F0701076B0A0E0901006F00017A
:10CA50007CEC46F0010E0601FF6F4EC21CF84FC27F
:10CA60001DF800016C51B40803E16B51B50806E0F4
:10CA70006C51B70812E16B51B5080FE1050E0201C8
:10CA80004E25526F000E4F21536F546BD8B0522B6E
:10CA9000556B000197EC46F058960101555302E1A1
:10CAA00056530CE0050E02014E25526F000E4F2129
:10CAB000536F546BD8B0522B556B01010201565184
:10CAC0000701265D03E026C756F2589656C103F9C2
:10CAD00055C102F90001ADEC46F002C0E3F801C017
:10CAE000E2F8010E0801C16FDB0EC06F000EE96EA7
:10CAF00002C007F901C006F9000156EC14F0010E5E
:10CB000009010A6FDB0E096F0B6B280E0C6F030E09
:10CB10000D6F0E6B0001CDEC0FF00901036B940E4D
:10CB2000026F2B0E046F570E056F066B076B00012B
:10CB3000F3EC0EF04FC20BF94EC20AF909010D6B6E
:10CB4000640E0C6F0001FFEC0BF002C0E3F801C0B3
:10CB5000E2F8010E0801C16FDB0EC06F000EE96E36
:10CB600002C007F901C006F9000156EC14F0100EDE
:10CB7000F66E060EF76E000EF86E030E0901066FD4
:10CB8000000132EC15F0010E09010A6FDB0E096F8E
:10CB9000370E0B6F570E0C6F0D6B0E6B0001CDEC4B
:10CBA0000FF00901036B310E026F2B0E046F610E43
:10CBB000056F066B076B0001F3EC0EF0010E080128
:10CBC000C16FDB0EC06F000EE96E88C107F987C127
:10CBD00006F9000156EC14F0180EF66E060EF76E0C
:10CBE000000EF86E030E0901066F000132EC15F01D
:10CBF000010E09010A6FDB0E096F370E0B6F610E14
:10CC00000C6F0D6B0E6B0001CDEC0FF00901036B87
:10CC1000320E026F2B0E046F6B0E056F066B076BE7
:10CC20000001F3EC0EF0010E0801C16FDB0EC06FC6
:10CC3000000EE96E58C107F957C106F9000156EC1C
:10CC400014F0200EF66E060EF76E000EF86E040E4F
:10CC50000901066F000132EC15F0010E09010A6F9F
:10CC6000DB0E096F370E0B6F6B0E0C6F0D6B0E6BBF
:10CC70000001CDEC0FF0080EEA6EDB0EE96E070E38
:10CC8000016EF76A000E33EC01F00A000900F5CFDF
:10CC9000EEFF012EFBD7080E09010A6FDB0E096FAC
:10CCA0002C0E0B6F1A0E0C6F0D6B0E6B0001CDEC82
:10CCB0000FF0010E0801C16FDB0EC06F26C707F928
:10CCC000130E0901086F000129EC10F0010E090193
:10CCD0000A6FDB0E096F280E0B6F0C6F030E0D6FC2
:10CCE0000E6B0001CDEC0FF048C105F947C104F906
:10CCF0000901076B066B0001E5EC19F00901036BF4
:10CD00002D0E026F020E046F500E056F066B076B3F
:10CD10000001F3EC0EF0010E0801C16FDB0EC06FD5
:10CD200077C007F9110E0901086F000129EC10F016
:10CD30003A0E0901106F000118EC10F078C007F9E5
:10CD4000010E0901086F000129EC10F0200E090105
:10CD5000106F000118EC10F0010E09010A6FDB0ED4
:10CD6000096F0B6B5E0E0C6F030E0D6F0E6B0001E7
:10CD7000CDEC0FF067D06C51B70804E024EC0CF058
:10CD800009EC47F048C105F947C104F90901076BEF
:10CD9000066B0001E5EC19F077C0D9F878C0DAF835
:10CDA0000901036B380E026F190E046F550E056FE3
:10CDB000066B076B0001F3EC0EF00901036B070E25
:10CDC000026F0A0E046F056B020E066F076B0001FF
:10CDD000F3EC0EF00901036B330E026F0A0E046FC1
:10CDE000320E056F020E066F076B0001F3EC0EF0BA
:10CDF000010E0801C16FDB0EC06FD9C807F9110E13
:10CE00000901086F000129EC10F03A0E0901106FBA
:10CE1000000118EC10F0DAC807F9010E0901086FDB
:10CE2000000129EC10F0010E09010A6FDB0E096FF9
:10CE30001D0E0B6F5F0E0C6F020E0D6F0E6B00015F
:10CE4000CDEC0FF06BC06CF0519C000E016E120027
:10CE50006C51C80804E024EC0CF06CC06DF0C00EFE
:10CE6000D88001018F550801DD6F270E0101905513
:10CE70000801DE6F090E010191550801DF6F000EF8
:10CE8000010192550801E06FFB6FDFC8FAF8DEC8B8
:10CE9000F9F8DDC8F8F80001EFEC0AF01B6AF2BE01
:10CEA0001B8EF29E03C07BF902C07AF901C079F9AA
:10CEB00000C078F96F0E09017F6F120E7E6F030EAE
:10CEC0007D6F750E7C6F0001FCEC05F01BBEF28ED1
:10CED00003C010F902C00FF901C00EF900C00DF92E
:10CEE00064EC17F003C0DCF802C0DBF801C0DAF82C
:10CEF00000C0D9F8010E0801C16FDB0EC06F260E0D
:10CF0000F66E060EF76E000EF86E070E0901066F3C
:10CF1000000132EC15F0410EE96EDCC807F9DBC800
:10CF200006F9DAC805F9D9C804F983EC19F0300E0E
:10CF3000F66E060EF76E000EF86E090E0901066F0A
:10CF4000000132EC15F0010E09010A6FDB0E096FCA
:10CF50000A0E0B6F1E0E0C6F020E0D6F0E6B000192
:10CF6000CDEC0FF00901036B410E026F0A0E046F46
:10CF7000320E056F020E066F076B0001F3EC0EF028
:10CF80000901036B420E026F046B5A0E056F020E0D
:10CF9000066F076B0001F3EC0EF00901036B430E03
:10CFA000026F0F0E046F6E0E056F020E066F076B99
:10CFB0000001F3EC0EF00101AA6BA96BA86BA76B43
:10CFC0006BC06CF0000E016E000112006C51C908BC
:10CFD00002E024EC0CF00901036B440E026F0F0E0B
:10CFE000046F320E056F020E066F076B0001F3EC43
:10CFF0000EF06BC06CF0000E016E12000801E76BC2
:10D00000E66BE86BE551E85D3EE254BE3CD0C5807E
:10D01000C5B0FED7AA0EFB6F0001BAEC14F0012CCC
:10D0200001D02DD00801E851E425EB6FFB6F000122
:10D03000BAEC14F0C582C5B2FED7AB0E0801FB6F87
:10D040000001BAEC14F0006AC8EC14F00801EA6BB5
:10D0500001C0E9F8C584C5B4FED7E851080DF3CF87
:10D0600000F0005205E0D890E937EA37002EFBD7F0
:10D07000E951E627EA51E723549E03D00001548E7C
:10D080000801E82BBFD7E6C801F0E7C802F00001AD
:10D090001200020E0801E46FE56F0001AFDF0250DD
:10D0A0001200F7DF015012000E0E0801E46F020EAD
:10D0B000E56F0001A3DF02505FEF68F0F5D702C013
:10D0C000E1F80801E06B020EE117E05303E1E151E2
:10D0D000020802E0000E01D0010E016E00012EEFE9
:10D0E00069F01A0E0801E46F020EE56F000186DF99
:10D0F000025038EF69F0080E0801E46F020EE56F88
:10D1000000017CDF02C0E1F801C0E0F80801E0C8DE
:10D1100001F0E1C802F0000119EF6BF00A0E0801FE
:10D12000E46F020EE56F000169DF02C0E3F801C0A1
:10D13000E2F80801E2C801F0E3C802F000011EEFC6
:10D140006BF0EACFEDF8E9CFECF80801E6AF08D0D4
:10D15000EC8FECA9EC2BE51FE61FE52BD8B4E62BF2
:10D16000E639F009E86FE827E20FE96F320FEB6F5D
:10D17000E6510F0BE927E927EB27E90FEA6FEA27CA
:10D18000EA27E5390F0BEA27EB27EA37EB37EB1FE6
:10D19000EB37E5510F0BEB27E837070EE76F0A0E69
:10D1A000EA07EB27FDE3E907EA27FDE3E807E927BC
:10D1B000FDE3E707E827FDE3080EEA6EE70EE96EF8
:10D1C000070EEC15EC9DED52EC1507E1ECB9EE52B3
:10D1D000ECB903D0200E006E21D0E926000EEA2221
:10D1E000E950EB0804E1EA50080801E1EC8DEF504A
:10D1F000006E08E1ECBD06D0ECB91ED0ECB702D051
:10D20000200E0BD0ECAF06D02D0E006EED50EC9D35
:10D21000EC9F04D0EC87EC99300E0026EACFE6F8BC
:10D22000E9CFE5F800C010F9000118EC10F0E6C8ED
:10D23000EAFFE5C8E9FF0801EE50ECADD1D70001E7
:10D2400012000801DD6BDE6B00012BDF01C0DFF88F
:10D250006C51CC0802E024EC0CF030D7015205E010
:10D26000450E8C6F8B908B8A2FD1460E8C6F39D7E1
:10D2700002C0E1F801C0E0F81B6AF2BE1B8EF29E0C
:10D2800002C079F901C078F9E1EC05F01BBEF28E1D
:10D2900003C026F902C025F901C024F900C023F912
:10D2A00009012A6B296B700E286F840E276F00010D
:10D2B0000BEC0BF003C0DCF802C0DBF801C0DAF8BD
:10D2C00000C0D9F81B6AF2BE1B8EF29EDCC87BF947
:10D2D000DBC87AF9DAC879F9D9C878F977EC06F0B9
:10D2E0001BBEF28E01C0DEF81B6AF2BE1B8EF29EE0
:10D2F0000901796BDEC878F90001E1EC05F01BBE8D
:10D30000F28ED882DCC80FF9DBC80EF9DAC80DF945
:10D31000D9C80CF903C013F902C012F901C011F900
:10D3200000C010F9F6EC28F003C0E3F802C0E2F800
:10D3300001C0E1F800C0E0F81B6AF2BE1B8EF29E4D
:10D3400003C07BF902C07AF901C079F900C078F90D
:10D3500009017F6B7E6B700E7D6F840E7C6F000108
:10D36000FCEC05F01BBEF28E1B6AF2BE1B8EF29E19
:10D3700003C07BF902C07AF901C079F900C078F9DD
:10D3800077EC06F01BBEF28E01C0DDF80901036BDD
:10D39000AB0E026F090E046F640E056F066B076B10
:10D3A0000001F3EC0EF0010E0801C16FDB0EC06F3F
:10D3B000DEC807F9110E0901086F000129EC10F011
:10D3C0003D0EF66E060EF76E000EF86E030E0901A6
:10D3D000066F000132EC15F0DDC807F9110E0901E6
:10D3E000086F000129EC10F0430EF66E060EF76E82
:10D3F000000EF86E050E0901066F000132EC15F003
:10D40000010E09010A6FDB0E096F2E0E0B6F640E01
:10D410000C6F0D6B0E6B0001CDEC0FF00801DE51AF
:10D4200023081EE2000135DE02C0E1F801C0E0F889
:10D430000801E15315E1E051390812E38B908B8A22
:10D440000901036BF00E026F090E046F640E056F85
:10D45000066B076B0001F3EC0EF0450E8C6F0801B4
:10D46000DE5143080CE2000114DE02C0E1F801C005
:10D47000E0F80801E15308E1E0513A0805E3000152
:10D4800070510801DF5D1BE30001712BD8B4722BD2
:10D490007251020805E2FF0A08E17151E80805E34C
:10D4A00070510801DF5D0AE300018B908B8ADFC8B1
:10D4B00070F0726B716B450E8C6F080106D0000125
:10D4C000726B716B8B808B8A0801000170510801AF
:10D4D000DF5D02E3DFC870F00901036B8CC002F965
:10D4E0000F0E046F0A0E056F020E066F076B000128
:10D4F000F3EC0EF01B6AF2BE1B8EF29E0901796BF3
:10D50000DFC878F90001E1EC05F01BBEF28E03C024
:10D51000E3F802C0E2F801C0E1F800C0E0F81B6ADD
:10D52000F2BE1B8EF29E0901796B70C078F9000182
:10D53000E1EC05F01BBEF28EE3C826F9E2C825F93E
:10D54000E1C824F9E0C823F903C02AF902C029F987
:10D5500001C028F900C027F90BEC0BF003C0E3F879
:10D5600002C0E2F801C0E1F800C0E0F81B6AF2BEB8
:10D570001B8EF29E03C07BF902C07AF901C079F9D3
:10D5800000C078F909017F6B7E6B480E7D6F850EB8
:10D590007C6F0001FCEC05F01BBEF28E1B6AF2BE34
:10D5A0001B8EF29E03C07BF902C07AF901C079F9A3
:10D5B00000C078F977EC06F01BBEF28E01C0E0F8EF
:10D5C000010E0801C16FDB0EC06F01C007F91B0E11
:10D5D0000901086F000129EC10F0200E0901106FFD
:10D5E000000118EC10F0250E0901106F000118EC75
:10D5F00010F0010E09010A6FDB0E096F190E0B6F97
:10D60000280E0C6F030E0D6F0E6B0001CDEC0FF0AA
:10D61000010E0801C16FDB0EC06F4A0EF66E060EDA
:10D62000F76E000EF86E000112EC24F085BC58D0A5
:10D6300062D502C0E1F801C0E0F870D502C0E3F89D
:10D6400001C0E2F82EDD01C0E4F8010E0801C16F4F
:10D65000DB0EC06F6C0EF66E060EF76E000EF86EE7
:10D66000030E0901066F000132EC15F00A0EE96E97
:10D67000E1C8E6F8E0C8E5F864DD740EF66E060E63
:10D68000F76E000EF86E070E0901066F000132EC0E
:10D6900015F00A0EE96EE3C8E6F8E2C8E5F851DDD8
:10D6A000800EF66E060EF76E000EF86E090E09017A
:10D6B000066F000132EC15F0E4C807F91B0E0901F2
:10D6C000086F000129EC10F0200E0901106F000115
:10D6D00018EC10F0250E0901106F000118EC10F085
:10D6E000010E09010A6FDB0E096F090E0B6F500E58
:10D6F0000C6F0D6B0E6B0001CDEC0FF06BC06CF07E
:10D70000000E016E12000801E76B010EE86F0001C8
:10D71000DDEC08F00801E76B030EE86F0001E0ECB8
:10D7200047F00801E76BE86BE96B00016BEC48F030
:10D730005094646B589C0801DA6BD96BD9C8AEF76A
:10D740000701AF6B0801DA6BD96BD9C8B0F70701D5
:10D75000B16B0801DA6BD96BD9C8BEF70701BF6B93
:10D760000801DA6BD96BD9C8C0F70701C16B060194
:10D77000F7BB07D00101AA6BA96BA86B010EA76FBD
:10D7800006015192F995FA6B0001A6EC63F0518CF9
:10D79000120087532AE10601F7AB02D0000125D021
:10D7A0000801E76B010EE86F0001DDEC08F0646B27
:10D7B0000801DA6BD96BD9C8A6F70701A76B080176
:10D7C000DA6BD96BD9C8A8F70701A96B0801DA6B26
:10D7D000D96BD9C8B6F70701B76B0801DA6BD96BFB
:10D7E000D9C8B8F70701B96B000101013A51000827
:10D7F0000FE2FF0A03E1395122080AE2010E3A6FF3
:10D80000220E396FAA6BA96B010EA86F220EA76FAB
:10D810005192000189910801E76B010EE86F000148
:10D82000E0EC47F00801E76BE86B020EE96F0001DE
:10D830006BEC48F050900701006B0801D96BD9C818
:10D8400092F80601F991FA6B0001906B916B986B5D
:10D85000649109EC56F05692518C120087532AE1DC
:10D860000601F7AB02D0000125D00801E76B010EDD
:10D87000E86F0001DDEC08F0646B0801DA6BD96B2E
:10D88000D9C8AAF70701AB6B0801DA6BD96BD9C805
:10D89000ACF70701AD6B0801DA6BD96BD9C8BAF7E1
:10D8A0000701BB6B0801DA6BD96BD9C8BCF707015C
:10D8B000BD6B000101013C5100080FE2FF0A03E1CA
:10D8C0003B5122080AE2010E3C6F220E3B6FAA6B0D
:10D8D000A96B010EA86F220EA76F519200018993C8
:10D8E0000801E76B020EE86F0001E0EC47F0080169
:10D8F000E76BE86B010EE96F00016BEC48F05092AA
:10D900000701016B0801D96BD9C893F80601F99397
:10D91000FA6B0001926B936B996B649335EC56F044
:10D920005692518C120087532AE10601F7AB02D0C0
:10D93000000125D00801E76B010EE86F0001DDEC66
:10D9400008F0646B0801DA6BD96BD9C8AEF7070130
:10D95000AF6B0801DA6BD96BD9C8B0F70701B16BAF
:10D960000801DA6BD96BD9C8BEF70701BF6B080194
:10D97000DA6BD96BD9C8C0F70701C16B000101018F
:10D980003E5100080FE2FF0A03E13D5122080AE27E
:10D99000010E3E6F220E3D6FAA6BA96B010EA86FA0
:10D9A000220EA76F5192000189950801E76B030EC3
:10D9B000E86F0001E0EC47F00801E76BE86BE96B0A
:10D9C00000016BEC48F050940701026B0801D96B21
:10D9D000D9C894F80601F995FA6B0001946B956B20
:10D9E0009A6B649561EC56F05692518C12008751F7
:10D9F000010A15E0030A15E0060A15E0070A15E01A
:10DA0000050A16E0030A17E0020A18E00F0A1AE0F6
:10DA1000020A1BE0060A1DE0020A1FE023D0B9DE5D
:10DA200024D01CDF22D07FDF20D0B3DE17DF1DD053
:10DA300015DF79DF1AD0ADDE76DF17D0AADE0EDF74
:10DA400072DF13D0A6DE649710D008DFA2DE6497E1
:10DA50000CD09FDE68DF649708D09BDEFFDE63DFBB
:10DA6000649703D096DEFADE5EDF876B896B518C9C
:10DA700012000601F7BB07D00001616BCC2D02D06C
:10DA8000010E616F060101010C51000809E2FF0A55
:10DA900003E10B51220804E2010E0C6F220E0B6F02
:10DAA0000001BBEC48F012000801D96BD9510608FF
:10DAB00010E3E76BD9C8E8F80001E0EC47F0080193
:10DAC000EE6B640EED6F000130EC47F00801D92BCE
:10DAD000EDD7000112000801D96BD95103080BE3FF
:10DAE000010EE76FE86FD9C8E9F800016BEC48F068
:10DAF0000801D92BF2D7000112000101CA6BC96BD2
:10DB0000070EC86FD00EC76F1B6AF2BE1B8EF29E47
:10DB1000010E09016F6F0001EFEC03F01BBEF28EE6
:10DB20001200F40E986E8F800801EE6B320EED6FCE
:10DB3000000130EC47F0F40E986E8F90120008014F
:10DB4000D96BD95103080BE3E76B010EE86FD9C815
:10DB5000E9F800016BEC48F00801D92BF2D700017D
:10DB6000120024EC0CF051BA22D0519A646B0801D7
:10DB7000E76B010EE86F0001DDEC08F06C51B308B3
:10DB800003E2C1DD589C12D0875303E16C518B082E
:10DB900002E22DDF0BD06C51810803E2F6EC50F06D
:10DBA00005D06C51770802E264DF589E7DDF93DF79
:10DBB0000901036B5E0E026F140E046F320E056FC7
:10DBC000010E066F076B0001F3EC0EF051A80ED0AA
:10DBD000010E0801C16FDB0EC06F020E0901076F55
:10DBE000030E086F000129EC10F00DD0010E0801A2
:10DBF000C16FDB0EC06F010E0901076F030E086FC6
:10DC0000000129EC10F0010E09010A6FDB0E096F0B
:10DC1000210E0B6F460E0C6F010E0D6F0E6B000187
:10DC2000CDEC0FF06ADF7DDF0B0E0801EE6FB80E52
:10DC3000ED6F000130EC47F00601F46B00017FDF6F
:10DC4000000E016E120024EC0CF00901036B5E0E55
:10DC5000026F140E046F320E056F010E066F076B14
:10DC60000001F3EC0EF0010E0801C16FDB0EC06F76
:10DC7000CAC007F9030E0901086F000129EC10F072
:10DC8000010E09010A6FDB0E096F210E0B6F460EA4
:10DC90000C6F010E0D6F0E6B0001CDEC0FF0875372
:10DCA00002E0A5DE08D06C51B30803E22CDD589CDD
:10DCB00002D0DFDE589E0FDFF7DE1FDF32DF0B0EF4
:10DCC0000801EE6FB80EED6F000130EC47F037DF62
:10DCD000000E016E120024EC0CF00901036B5E0EC5
:10DCE000026F140E046F320E056F010E066F076B84
:10DCF0000001F3EC0EF0010E0801C16FDB0EC06FE6
:10DD0000CAC007F9030E0901086F000129EC10F0E1
:10DD1000010E09010A6FDB0E096F210E0B6F460E13
:10DD20000C6F010E0D6F0E6B0001CDEC0FF05794D0
:10DD3000000E016E1200C90E6B6F09010B6B6BC0F8
:10DD40000AF90D6B040E0C6F0001FFEC0BF002C022
:10DD500003F00150860F006E020E0220016E026A6F
:10DD6000D8B0002A036A02C0D1F8E8CFD0F800C0CA
:10DD7000CFF8EA6E00C0E9FF41EC01F001C07EF08F
:10DD8000F40E986E8F90F096F09AB99AB99CF09034
:10DD9000F0948150BA9ABA9C0F01339530950801DE
:10DDA000E76B010EE86F0001DDEC08F07DDE04009A
:10DDB0000801CE6BCE51030813E3E76BE86BCEC8C6
:10DDC000E9F800016BEC48F00801E76B010EE86F21
:10DDD000CEC8E9F800016BEC48F00801CE2BEAD779
:10DDE000000124EC0CF004006F6A6E50CF0B6E6ED5
:10DDF0000F01476B4651CF0B466F6E6A466BC29060
:10DE0000B59CB59EC69A679AAB9E229F0801E76BA8
:10DE1000040EE86F0001DDEC08F00801E76B050E69
:10DE2000E86F0001DDEC08F01B6AF2BE1B8EF29E6B
:10DE30000901766BC80E756F0001F2EC06F01BBE8F
:10DE4000F28E830E966E8D94966E8D967D0E976EE5
:10DE50008E92976E8E9EF40E986E8F90200E956E19
:10DE60008C90956E8C92956E8C94956E8C96956E2A
:10DE70008C98956E8C9C956E8C9E8B9A8B908B92C9
:10DE80008B940D0E926E8992926E8998926E899AF9
:10DE9000830E966E8D9CF40E986E8F96830E966E02
:10DEA0008D98966E8D9A939EC80E92167F0E936EE5
:10DEB0008A9E0D0E926E899C926E899E270E9416F4
:10DEC00098928B968B98F40E986E8F928B9C8B9E6B
:10DED000F2864E8056961B6AF2BE1B8EF29E090198
:10DEE0006F6B0001EFEC03F01BBEF28E12006F515E
:10DEF000590804E3010E016E05D004D0000E80A085
:10DF0000010E016E1200C580C5B0FED7D890080181
:10DF1000D0354009D26FFB6F0001BAEC14F001520A
:10DF200027E10801D15307E0060EFB6F0001BAECB0
:10DF300014F006D00801030EFB6F0001BAEC14F0D8
:10DF40000801D1530BE0CEC8FBF80001BAEC14F085
:10DF5000CFC8FBF8BAEC14F006D00801CEC8FBF825
:10DF60000001BAEC14F0C584C5B4FED7549E01D0AC
:10DF7000548ED9EFEFF0200E956E8C920801EE6B67
:10DF8000640EED6F000130EC47F0200E956E8C8230
:10DF9000010E0801EE6F2C0EED6F000130EC47F022
:10DFA000F3EF6FF0B00E676E3F0E68160901596B04
:10DFB000300E5A6F000110EC0CF00901596BAF0ED6
:10DFC0005A6F000110EC0CF0010E0801EE6F2C0EE0
:10DFD000ED6F000130EC47F072EF72F0B00E676E3B
:10DFE0003F0E6816C8D70901596B300E5A6F0001F1
:10DFF00010EC0CF00901596B940E5A6F000110ECF3
:10E000000CF00901596BD10E5A6F000110EC0CF0A5
:10E010000901596B200E5A6F000110EC0CF0010E33
:10E020000901596F080E5A6F000110EC0CF008013D
:10E03000EE6B050EED6F000130EC47F00901596BF6
:10E04000200E5A6F000110EC0CF0010E0901596FFF
:10E050000B0E5A6F000110EC0CF07C5302E11C0E09
:10E060007C6F0901596B810E5A6F000110EC0CF0A6
:10E070001B6AF2BE1B8EF29E0901796B7CC078F997
:10E080000001E1EC05F01BBEF28E1B6AF2BE1B8E96
:10E09000F29E03C07BF902C07AF901C079F900C091
:10E0A00078F9AE0E09017F6F470E7E6F210E7D6FEE
:10E0B0007E0E7C6F0001FCEC05F01BBEF28E1B6A2D
:10E0C000F2BE1B8EF29E03C07BF902C07AF901C03A
:10E0D00079F900C078F977EC06F01BBEF28E01C02A
:10E0E000D0F8010E0901596F01C05AF9000110EC76
:10E0F0000CF0010E0901596F040E5A6F000110EC6B
:10E100000CF00901596BCA0E5A6F000110EC0CF0AB
:10E11000010E0901596F5A6B000110EC0CF0010E51
:10E120000901596F230E5A6F000110EC0CF0010E1B
:10E130000901596F5A6B000110EC0CF00901596B81
:10E14000A70E5A6F000110EC0CF00901596BBB0EC1
:10E150005A6F000110EC0CF0010E0901596F020E0C
:10E160005A6F000110EC0CF00901596BBC0E5A6F8C
:10E17000000110EC0CF0010E0901596F030E5A6FEB
:10E18000000110EC0CF0010E0901596F5A6F0001EB
:10E1900010EC0CF0010E0901596F020E5A6F0001CC
:10E1A00010EC0CF00901596B750E5A6F000110EC60
:10E1B0000CF0010E0901596F100E5A6F000110EC9E
:10E1C0000CF0010E0901596F9F0E5A6F000110ECFF
:10E1D0000CF00901596B150E5A6F000110EC0CF090
:10E1E000010E0901596F050E5A6F000110EC0CF079
:10E1F000010E0901596F540E5A6F000110EC0CF01A
:10E200000901596B5C0E5A6F000110EC0CF0100EF6
:10E210000801CE6FCE519E081FE3050ECF6FCF5180
:10E22000530818E3010E0901596F5A6B000110ECF5
:10E230000CF0010E0901596F5A6B000110EC0CF043
:10E24000010E0901596F5A6B000110EC0CF0080126
:10E25000CF2BE5D7CE2BDED70901596B250E5A6F90
:10E26000000110EC0CF00901596BA90E5A6F000166
:10E2700010EC0CF00901596B310E5A6F000110ECD3
:10E280000CF00901596B320E5A6F000110EC0CF0C2
:10E29000010E0901596F5A6F000110EC0CF0010ECC
:10E2A0000901596F5A6B000110EC0CF0010E0901C5
:10E2B000596F020E5A6F000110EC0CF00901596BF6
:10E2C000340E5A6F000110EC0CF00901596B200E4E
:10E2D0005A6F000110EC0CF0010E0901596F5A6BD6
:10E2E000000110EC0CF0010E0901596F020E5A6F7B
:10E2F000000110EC0CF0010E0901596F040E5A6F69
:10E30000000110EC0CF0010E0901596F060E5A6F56
:10E31000000110EC0CF0010E0901596F080E5A6F44
:10E32000000110EC0CF0010E0901596F0A0E5A6F32
:10E33000000110EC0CF0010E0901596F0C0E5A6F20
:10E34000000110EC0CF0010E0901596F0E0E5A6F0E
:10E35000000110EC0CF0010E0901596F100E5A6FFC
:10E36000000110EC0CF0010E0901596F120E5A6FEA
:10E37000000110EC0CF0010E0901596F140E5A6FD8
:10E38000000110EC0CF0010E0901596F160E5A6FC6
:10E39000000110EC0CF0010E0901596F180E5A6FB4
:10E3A000000110EC0CF0010E0901596F1A0E5A6FA2
:10E3B000000110EC0CF0010E0901596F1C0E5A6F90
:10E3C000000110EC0CF0010E0901596F1F0E5A6F7D
:10E3D000000110EC0CF00901596B210E5A6F00017D
:10E3E00010EC0CF0010E0901596F5A6B000110EC92
:10E3F0000CF0010E0901596F020E5A6F000110EC6A
:10E400000CF0010E0901596F040E5A6F000110EC57
:10E410000CF0010E0901596F060E5A6F000110EC45
:10E420000CF0010E0901596F080E5A6F000110EC33
:10E430000CF0010E0901596F0A0E5A6F000110EC21
:10E440000CF0010E0901596F0C0E5A6F000110EC0F
:10E450000CF0010E0901596F0E0E5A6F000110ECFD
:10E460000CF0010E0901596F100E5A6F000110ECEB
:10E470000CF0010E0901596F120E5A6F000110ECD9
:10E480000CF0010E0901596F140E5A6F000110ECC7
:10E490000CF0010E0901596F160E5A6F000110ECB5
:10E4A0000CF0010E0901596F180E5A6F000110ECA3
:10E4B0000CF0010E0901596F1A0E5A6F000110EC91
:10E4C0000CF0010E0901596F1C0E5A6F000110EC7F
:10E4D0000CF0010E0901596F1F0E5A6F000110EC6C
:10E4E0000CF060D539EFF0F0050E0801D027100EC2
:10E4F000D1270901646B636B626B0F0E616F0001C2
:10E5000055EC0AF001C0DEF80901646B636B626BC5
:10E51000100E616F000155EC0AF001C0DFF809012F
:10E52000646B636B626B110E616F000155EC0AF056
:10E530000501F36BDEC8F2F5DFC8F1F501C0F0F5B7
:10E540000901596B300E5A6F000110EC0CF00901F3
:10E55000596B750E5A6F000110EC0CF0010E090199
:10E56000596FD1C85AF9000110EC0CF00801D151D3
:10E57000D225DE6F000ED321DF6F010EDE5F000EAD
:10E58000DF5B010E0901596FDEC85AF9000110EC7A
:10E590000CF00901596B150E5A6F000110EC0CF0CC
:10E5A000010E0901596FD0C85AF9000110EC0CF0A6
:10E5B000D8900801D435DE6FD535DF6FE8CF11F97B
:10E5C000DEC810F90901136B030E126F000141EC54
:10E5D00017F002C003F001500801D025DE6F000ED5
:10E5E0000220DF6F010E0901596FDEC85AF90001E0
:10E5F00010EC0CF00901596B5C0E5A6F000110EC25
:10E600000CF0F3C5D9F8F2C5D8F8F1C5D7F8F0C5C4
:10E61000D6F80801DD6BDC6BDB6B010EDA6FD3C85B
:10E620000BF9D2C80AF9D5C80DF9D4C80CF9000104
:10E63000FFEC0BF002C003F001500501F025006E65
:10E640000250F121016E000EF221026E000EF32144
:10E65000036E0801D951035CD8A08BD00EE1D851CC
:10E66000025CD8A086D009E1D751015CD8A081D046
:10E6700004E10050D65DD8B07CD0D9C864F9D8C8C0
:10E6800063F9D7C862F9D6C861F9000155EC0AF000
:10E6900001C0F4F50501F451F00B0801DE6F010E25
:10E6A0000901596FDEC85AF9000110EC0CF00501A0
:10E6B000F4510F0B006E00380801DE6FF00EDE170C
:10E6C000010E0901596FDEC85AF9000110EC0CF077
:10E6D000D882080EEA6EDE0EE96EDDC813F9DCC8DA
:10E6E00012F9DBC811F9DAC810F90901176B166BBA
:10E6F000D5C815F9D4C814F9000177EC0AF0E1C8BF
:10E70000E5F8E0C8E4F8DFC8E3F8DEC8E2F808019D
:10E71000E25316E1E35314E1E45312E1E55310E14F
:10E72000DA5306E1DB5304E1DC5302E1DD5308E098
:10E73000010E0901596F5A6B000110EC0CF0080131
:10E74000D9C803F0D8C802F0D7C801F0D6C800F085
:10E75000010ED627D8B0D72BD8B4D82BD8B4D92B04
:10E76000010EDA27D8B0DB2BD8B4DC2BD8B4DD2BE4
:10E7700056D700015AEFF0F00801D06BC580C5B044
:10E78000FED73A0EFB6F0001BAEC14F0015217E10C
:10E79000CFC8FBF8BAEC14F0C582C5B2FED73B0E69
:10E7A0000801FB6F0001BAEC14F0006AC8EC14F029
:10E7B00001C0D0F8C584C5B4FED7549E01D0548E94
:10E7C0000801D0C801F000011200C580C5B0FED715
:10E7D0003A0E0801FB6F0001BAEC14F0012C01D0D5
:10E7E0000DD0D0C8FBF8BAEC14F0D1C8FBF8BAECE5
:10E7F00014F0C584C5B4FED7549E01D0548E1200C7
:10E800007F0EC86E280EC66EC78EC79C0D0E0801FF
:10E81000CF6F0001B1DF01C0CEF80801CE511A0858
:10E8200003E0000E016E5ED02B0ED06F400ED16F54
:10E830000001CBDF2B0E0801CF6F00019DDF01BC73
:10E84000F9D72A0E0801D06F040ED16F0001BDDF89
:10E850000E0E0801D06F120ED16F0001B6DF1D0E33
:10E860000801D06F1E0ED16F0001AFDF1F0E08012F
:10E87000D06F300ED16F0001A8DF200E0801D06FDD
:10E88000050ED16F0001A1DF0F0E0801D06F010E40
:10E89000D16F00019ADF2B0E0801D06F120ED16FDD
:10E8A000000193DF2D0E0801D06F200ED16F000103
:10E8B0008CDF2E0E0801D06F200ED16F000185DF96
:10E8C0002A0E0801CF6F000157DF0150010908012E
:10E8D000CF6F2A0ED06FCFC8D1F8000176DF010EBE
:10E8E000016E080100015CEFF0F06F51590804E37C
:10E8F000010E016E05D004D0000E80A4010E016E41
:10E900001200040E07010A6F0B6F0C6F080E0D6FDB
:10E91000050E0E6F1A0E0F6F0B0E106F280E116F73
:10E92000080E126F110E136F060E146F300E156F56
:10E93000110E166F0E0E176F050E186F0D0E196F54
:10E94000090E1A6F1B6F040E1C6F0001D9EFF0F057
:10E950000801CE81D26BD16BD06BCF6B400E016EB4
:10E96000C250830B0110C26E000E016EC150F80B35
:10E970000110C16EC2B2FED7C282C2B2FED7C3CFEF
:10E98000CFF8C4CFD0F8D16BD26BC2B2FED7D26B66
:10E99000D16BD06BCF6BD36BD35118081CE3400EF7
:10E9A000016EC250830B0110C26E000E016EC15089
:10E9B000F80B0110C16EC2B2FED7C282C2B2FED73E
:10E9C000C350CF27C450D023000ED123D223C2B2CC
:10E9D000FED7D32BE1D7D892D2C813F9D1C812F9F8
:10E9E000D0C811F9CFC810F90901176B166B156B58
:10E9F000190E146F000177EC0AF003C0D2F802C0C0
:10EA0000D1F801C0D0F800C0CFF81B6AF2BE1B8E4F
:10EA1000F29E8EC179F98DC178F9E1EC05F01BBE4B
:10EA2000F28E03C026F902C025F901C024F900C006
:10EA300023F909012A6B296B286B8B0E276F0001C4
:10EA40000BEC0BF003C0D7F802C0D6F801C0D5F824
:10EA500000C0D4F8D2C8FBF8D1C8FAF8D0C8F9F889
:10EA6000CFC8F8F8EFEC0AF01B6AF2BE1B8EF29EDC
:10EA700003C07BF902C07AF901C079F900C078F9C6
:10EA8000D7C87FF9D6C87EF9D5C87DF9D4C87CF936
:10EA9000FCEC05F01BBEF28E03C010F902C00FF9AA
:10EAA00001C00EF900C00DF964EC17F003C0D2F8F4
:10EAB00002C0D1F801C0D0F800C0CFF8D89008014A
:10EAC000CF37D037D137D237D2C8FBF8D1C8FAF810
:10EAD000D0C8F9F8CFC8F8F80001EFEC0AF003C08D
:10EAE000FBF802C0FAF801C0F9F800C0F8F8080114
:10EAF000FF6BC00EFE6F5A0EFD6F8A0EFC6F000199
:10EB0000BEEC18F01EE2D2C8FBF8D1C8FAF8D0C8A3
:10EB1000F9F8CFC8F8F8EFEC0AF00801FB6B800EAB
:10EB2000FA6F3B0EF96F8B0EF86F03C0FFF802C04F
:10EB3000FEF801C0FDF800C0FCF80001BEEC18F0C2
:10EB400003E30801CE910001000E0801CEB1010ED1
:10EB5000016E000112000400F40E986E8F80F09692
:10EB6000F09AB99AB99CF090F0948150BA9ABA9CF4
:10EB70000F01339530956F6A6E50CF0B6E6E476BF9
:10EB80004651CF0B466F6E6A466BAB9E229F0801C3
:10EB9000E76B050EE86F0001DDEC08F00801EE6B95
:10EBA000C80EED6F000130EC47F00400830E966E46
:10EBB0008D94966E8D967D0E976E8E92976E8E9E2C
:10EBC0008B9A8B908B940D0E926E8992926E899A8D
:10EBD000830E966E8D9C966E8D98966E8D9A7F0E96
:10EBE000936E8A9E0D0E926E899C926E899EF40E93
:10EBF000986E8F928B9C8B9E04004E8A8B80CC0EDD
:10EC00006B6F09010B6B6BC00AF90D6B040E0C6F77
:10EC10000001FFEC0BF002C003F00150860F006E04
:10EC2000020E0220016E026AD8B0002A036A02C0F6
:10EC3000D0F8E8CFCFF800C0CEF8EA6E00C0E9FF08
:10EC400041EC01F001C07EF034EFF1F0010E08015B
:10EC5000D96FDA6B0001D6EC14F0025034EF76F085
:10EC60000801CE910001F2D702C0D0F801C0CFF860
:10EC70000801CF5303E1D02D01D0CE81000ECEB1DB
:10EC8000010E016E000112000501E6510801CE03DC
:10EC9000F3CFCFF80501E6510801CE03F350160F6C
:10ECA000CF5D1FE2F250006EF29E636ACFC862FF32
:10ECB000616A7F9C7F9E7F840F01550E7E6EAA0E37
:10ECC0007E6E7F820050F2127FB2FED77F940801E1
:10ECD000D86B640ED76F000147EC08F00801CF2B0A
:10ECE000D9D7000112000501E7510801CE03F35006
:10ECF0002D0FCF6F0501E7510801CE03F3504B0FE5
:10ED0000CF5D1FE2F250006EF29E636ACFC862FFD1
:10ED1000616A7F9C7F9E7F840F01550E7E6EAA0ED6
:10ED20007E6E7F820050F2127FB2FED77F94080180
:10ED3000D86B640ED76F000147EC08F00801CF2BA9
:10ED4000D9D7000112000801CE6B00019DDF080138
:10ED5000CE6B0001C8DF010E0801CE6F000194DF09
:10ED6000010E0801CE6F0001BEDF44EFF2F0010E8C
:10ED70000801CE6F000188DF010E0801CE6F00018F
:10ED8000B2DF85EFF2F0A4A8FED70F011C6F0001DF
:10ED900012000801E751FF0A010F016E0001120085
:10EDA0000801E591E66B010EE45DED0FD8B04DEF83
:10EDB0007CF0130F000154EF7CF00801E5814DEF6A
:10EDC0007CF00801E5814DEF7CF052C7E7F80801BF
:10EDD000E751E62753C7E7F8E751E62754C7E7F8B6
:10EDE000E751E62755C7E7F8E751E62756C7E7F8A2
:10EDF00057C7E8F8E751E62756C7E7F857C7E8F8D6
:10EE0000E851E62758C7E7F859C7E8F8E751E62779
:10EE100058C7E7F859C7E8F8E851E6275AC7E7F8AE
:10EE2000E751E6275BC7E7F85CC7E8F8E751E62754
:10EE30005BC7E7F85CC7E8F8E851E6275DC7E7F885
:10EE40005EC7E8F8E751E6275DC7E7F85EC7E8F870
:10EE5000E851E6275FC7E7F860C7E8F861C7E9F857
:10EE600062C7EAF8E751E6275FC7E7F860C7E8F846
:10EE700061C7E9F862C7EAF8E851E6275FC7E7F833
:10EE800060C7E8F861C7E9F862C7EAF8E951E62720
:10EE90005FC7E7F860C7E8F861C7E9F862C7EAF852
:10EEA000EA51E62763C7E7F864C7E8F865C7E9F8F9
:10EEB00066C7EAF8E751E62763C7E7F864C7E8F8EA
:10EEC00065C7E9F866C7EAF8E851E62763C7E7F8D7
:10EED00064C7E8F865C7E9F866C7EAF8E951E627C4
:10EEE00063C7E7F864C7E8F865C7E9F866C7EAF8F2
:10EEF000EA51E62767C7E7F868C7E8F8E751E62769
:10EF000067C7E7F868C7E8F8E851E62769C7E7F890
:10EF10006AC7E8F8E751E62769C7E7F86AC7E8F87B
:10EF2000E851E6276BC7E7F8E751E6276CC7E7F833
:10EF30006DC7E8F86EC7E9F86FC7EAF8E751E6274A
:10EF40006CC7E7F86DC7E8F86EC7E9F86FC7EAF86D
:10EF5000E851E6276CC7E7F86DC7E8F86EC7E9F82F
:10EF60006FC7EAF8E951E6276CC7E7F86DC7E8F81C
:10EF70006EC7E9F86FC7EAF8EA51E62770C7E7F805
:10EF800071C7E8F872C7E9F873C7EAF8E751E627EE
:10EF900070C7E7F871C7E8F872C7E9F873C7EAF80D
:10EFA000E851E62770C7E7F871C7E8F872C7E9F8D3
:10EFB00073C7EAF8E951E62770C7E7F871C7E8F8C0
:10EFC00072C7E9F873C7EAF8EA51E62774C7E7F8A9
:10EFD000E751E62775C7E7F8E751E627E35310E066
:10EFE000E6C8E7F80001D5DE01C0E7F876C7E8F823
:10EFF0000801E851E75D02E0E59101D0E5810AD022
:10F00000E6C8E7F80001C5DE01C0E7F8E7C876F713
:10F010000801E5814DEF7CF09CC7E7F80801E75156
:10F02000E6279DC7E7F8E751E6279EC7E7F89FC7A1
:10F03000E8F8E751E6279EC7E7F89FC7E8F8E851E8
:10F04000E627E35310E0E6C8E7F80001A2DE01C0BE
:10F05000E7F8A0C7E8F80801E851E75D02E0E591AC
:10F0600001D0E5810AD0E6C8E7F8000192DE01C0D0
:10F07000E7F8E7C8A0F70801E5814DEF7CF000C88C
:10F08000E7F801C8E8F80801E751E62700C8E7F803
:10F0900001C8E8F8E851E62702C8E7F803C8E8F82D
:10F0A000E751E62702C8E7F803C8E8F8E851E62781
:10F0B00004C8E7F8E751E62705C8E7F806C8E8F806
:10F0C000E751E62705C8E7F806C8E8F8E851E6275B
:10F0D00007C8E7F8E751E62708C8E7F8E751E62749
:10F0E00009C8E7F8E751E6270AC8E7F8E751E62735
:10F0F0000BC8E7F80CC8E8F8E751E6270BC8E7F8B3
:10F100000CC8E8F8E851E627E35310E0E6C8E7F852
:10F1100000013FDE01C0E7F80DC8E8F80801E8513A
:10F12000E75D02E0E59101D0E5810AD0E6C8E7F8A5
:10F1300000012FDE01C0E7F8E7C80DF80801E581FE
:10F14000ACD31CC8E7F81DC8E8F80801E751E6276A
:10F150001CC8E7F81DC8E8F8E851E627E35310E0BB
:10F16000E6C8E7F8000115DE01C0E7F81EC8E8F8B8
:10F170000801E851E75D02E0E59101D0E5810AD0A0
:10F18000E6C8E7F8000105DE01C0E7F8E7C81EF8A9
:10F190000801E58182D33EC8E7F80801E751E62778
:10F1A0003FC8E7F840C8E8F841C8E9F842C8EAF8BB
:10F1B000E751E6273FC8E7F840C8E8F841C8E9F852
:10F1C00042C8EAF8E851E6273FC8E7F840C8E8F83F
:10F1D00041C8E9F842C8EAF8E951E6273FC8E7F82C
:10F1E00040C8E8F841C8E9F842C8EAF8EA51E62719
:10F1F00043C8E7F844C8E8F8E751E62743C8E7F80A
:10F2000044C8E8F8E851E62745C8E7F846C8E8F8F2
:10F21000E751E62745C8E7F846C8E8F8E851E62789
:10F2200047C8E7F8E751E62748C8E7F849C8E8F8CB
:10F23000E751E62748C8E7F849C8E8F8E851E62763
:10F240004AC8E7F84BC8E8F8E751E6274AC8E7F8A4
:10F250004BC8E8F8E851E6274CC8E7F8E751E6273D
:10F260004DC8E7F84EC8E8F8E751E6274DC8E7F87B
:10F270004EC8E8F8E851E6274FC8E7F8E751E62717
:10F2800050C8E7F8E751E62751C8E7F8E751E62705
:10F2900053C8E7F8E751E62752C8E7F8E751E627F1
:10F2A000E35310E0E6C8E7F8000173DD01C0E7F8BA
:10F2B00054C8E8F80801E851E75D02E0E59101D0A3
:10F2C000E5810AD0E6C8E7F8000163DD01C0E7F890
:10F2D000E7C854F80801E581E0D26CC8E7F86DC8CA
:10F2E000E8F80801E751E6276CC8E7F86DC8E8F8C8
:10F2F000E851E6276EC8E7F86FC8E8F8E751E62757
:10F300006EC8E7F86FC8E8F8E851E62770C8E7F874
:10F31000E751E62771C8E7F8E751E62772C8E7F832
:10F32000E751E627E35310E0E6C8E7F8000131DDD6
:10F3300001C0E7F873C8E8F80801E851E75D02E0AA
:10F34000E59101D0E5810AD0E6C8E7F8000121DDAA
:10F3500001C0E7F8E7C873F80801E5819ED2A6C7A7
:10F36000E7F8A7C7E8F80801E751E627A6C7E7F8D6
:10F37000A7C7E8F8E851E627A8C7E7F8A9C7E8F85B
:10F38000E751E627A8C7E7F8A9C7E8F8E851E62754
:10F39000AAC7E7F8ABC7E8F8E751E627AAC7E7F836
:10F3A000ABC7E8F8E851E627ACC7E7F8ADC7E8F81F
:10F3B000E751E627ACC7E7F8ADC7E8F8E851E6271C
:10F3C000AEC7E7F8AFC7E8F8E751E627AEC7E7F8FA
:10F3D000AFC7E8F8E851E627B0C7E7F8B1C7E8F8E3
:10F3E000E751E627B0C7E7F8B1C7E8F8E851E627E4
:10F3F000B2C7E7F8B3C7E8F8E751E627B2C7E7F8BE
:10F40000B3C7E8F8E851E627B4C7E7F8B5C7E8F8A6
:10F41000E751E627B4C7E7F8B5C7E8F8E851E627AB
:10F42000B6C7E7F8B7C7E8F8E751E627B6C7E7F881
:10F43000B7C7E8F8E851E627B8C7E7F8B9C7E8F86A
:10F44000E751E627B8C7E7F8B9C7E8F8E851E62773
:10F45000BAC7E7F8BBC7E8F8E751E627BAC7E7F845
:10F46000BBC7E8F8E851E627BCC7E7F8BDC7E8F82E
:10F47000E751E627BCC7E7F8BDC7E8F8E851E6273B
:10F48000BEC7E7F8BFC7E8F8E751E627BEC7E7F809
:10F49000BFC7E8F8E851E627C0C7E7F8C1C7E8F8F2
:10F4A000E751E627C0C7E7F8C1C7E8F8E851E62703
:10F4B000C2C7E7F8C3C7E8F8E751E627C2C7E7F8CD
:10F4C000C3C7E8F8E851E627C4C7E7F8C5C7E8F8B6
:10F4D000E751E627C4C7E7F8C5C7E8F8E851E627CB
:10F4E000C6C7E7F8E751E627C7C7E7F8E751E627B9
:10F4F000C8C7E7F8E751E627C9C7E7F8E751E627A5
:10F50000CAC7E7F8E751E627CBC7E7F8E751E62790
:10F51000CCC7E7F8E751E627CDC7E7F8E751E6277C
:10F52000CEC7E7F8E751E627CFC7E7F8E751E62768
:10F53000D0C7E7F8E751E627D1C7E7F8E751E62754
:10F54000E35310E0E6C8E7F8000123DC01C0E7F868
:10F55000D2C7E8F80801E851E75D02E0E59101D083
:10F56000E5810AD0E6C8E7F8000113DC01C0E7F83E
:10F57000E7C8D2F70801E58190D122C8E7F823C88F
:10F58000E8F80801E751E62722C8E7F823C8E8F8B9
:10F59000E851E62724C8E7F825C8E8F8E751E62748
:10F5A00024C8E7F825C8E8F8E851E62726C8E7F8B0
:10F5B00027C8E8F8E751E62726C8E7F827C8E8F89B
:10F5C000E851E62728C8E7F829C8E8F8E751E62710
:10F5D00028C8E7F829C8E8F8E851E6272AC8E7F874
:10F5E000E751E6272BC8E7F8E751E6272CC8E7F8EC
:10F5F000E751E6272DC8E7F8E751E6272EC8E7F8D8
:10F60000E751E627E35311E0E6C8E7F80001C9EC4B
:10F6100076F001C0E7F82FC8E8F80801E851E75D87
:10F6200002E0E59101D0E5810BD0E6C8E7F80001E2
:10F63000C9EC76F001C0E7F8E7C82FF80801E581CA
:10F640002CD17CC8E7F87DC8E8F80801E751E62727
:10F650007CC8E7F87DC8E8F8E851E6277EC8E7F8F7
:10F660007FC8E8F8E751E6277EC8E7F87FC8E8F8E2
:10F67000E851E62780C8E7F881C8E8F8E751E627AF
:10F6800080C8E7F881C8E8F8E851E62782C8E7F8BB
:10F69000E751E62783C8E7F8E751E62784C8E7F88B
:10F6A000E751E62785C8E7F8E751E627E35311E07D
:10F6B000E6C8E7F80001C9EC76F001C0E7F886C8B3
:10F6C000E8F80801E851E75D02E0E59101D0E58145
:10F6D0000BD0E6C8E7F80001C9EC76F001C0E7F806
:10F6E000E7C886F80801E581D8D00801E581D5D0C2
:10F6F0000801E581D2D00801E581CFD00801E5817C
:10F70000CCD00801E581C9D092C8E7F80801E751DB
:10F71000E62793C8E7F8E751E62794C8E7F8E751EA
:10F72000E62795C8E7F8E751E62796C8E7F8E751D6
:10F73000E62797C8E7F8E751E62798C8E7F8E751C2
:10F74000E62799C8E7F8E751E6279AC8E7F8E751AE
:10F75000E627E35311E0E6C8E7F80001C9EC76F0CC
:10F7600001C0E7F89BC8E8F80801E851E75D02E04E
:10F77000E59101D0E5810BD0E6C8E7F80001C9ECBE
:10F7800076F001C0E7F8E7C89BF80801E58185D06D
:10F79000A6C8E7F8A7C8E8F8A8C8E9F8A9C8EAF829
:10F7A0000801E751E627A6C8E7F8A7C8E8F8A8C8FF
:10F7B000E9F8A9C8EAF8E851E627A6C8E7F8A7C813
:10F7C000E8F8A8C8E9F8A9C8EAF8E951E627A6C800
:10F7D000E7F8A7C8E8F8A8C8E9F8A9C8EAF8EA511C
:10F7E000E627AAC8E7F8E751E627E35311E0E6C8A1
:10F7F000E7F80001C9EC76F001C0E7F8ABC8E8F81B
:10F800000801E851E75D02E0E59101D0E5810BD008
:10F81000E6C8E7F80001C9EC76F001C0E7F8E7C8F0
:10F82000ABF80801E58139D0B2C8E7F80801E75123
:10F83000E627B3C8E7F8E751E627B4C8E7F8E75189
:10F84000E627B5C8E7F8B6C8E8F8E751E627B5C82F
:10F85000E7F8B6C8E8F8E851E627E35311E0E6C850
:10F86000E7F80001C9EC76F001C0E7F8B7C8E8F89E
:10F870000801E851E75D02E0E59101D0E5810BD098
:10F88000E6C8E7F80001C9EC76F001C0E7F8E7C880
:10F89000B7F80801E58101D00801000EE5B1010EBD
:10F8A000016E000186EF7CF0E824F76AF736C90F95
:10F8B000F66EF80EF722000EF86EFB6E0A00F55099
:10F8C000FA6E0800F550F96EBAEDFCF6F6F6C2EDE8
:10F8D000F0F696F1DAF2CAED18F07EF042F15EF33E
:10F8E0007AF542F6EAF608F790F728F802F70801E9
:10F8F000D569D4510001C3EC76F0D4C8F6F60801FE
:10F90000E36BD4C8E4F80001D0EF76F00801D66BC1
:10F91000010ED45DEE0FD8B0E9D1120F000186EFD1
:10F920007EF0CA0EC3EC76F0DD0E0801D56FDED195
:10F93000070EEA6E770EE96E070EE26E520EE16E6A
:10F94000250E016EE6CFEEFF012EFCD70801D76B26
:10F95000D751240810E3036AD751770FE96E070ED9
:10F960000320EA6EEFCFE3F8E3510001C3EC76F039
:10F970000801D72BEDD7DD0ED56FB8D1070EEA6E93
:10F98000A10EE96E070EE26E9C0EE16E050E016E91
:10F99000E6CFEEFF012EFCD70801D86BD851040842
:10F9A00010E3036AD851A10FE96E070E0320EA6E37
:10F9B000EFCFE3F8E3510001C3EC76F00801D82B58
:10F9C000EDD7DD0ED56F92D1080EEA6E0E0EE96E00
:10F9D000080EE26EE16A0E0E016EE6CFEEFF012E1A
:10F9E000FCD70801D96BD9510D0810E3036AD9512E
:10F9F0000E0FE96E080E0320EA6EEFCFE3F8E35135
:10FA00000001C3EC76F00801D92BEDD7DD0ED56FE0
:10FA10006DD11CC81FF81DC820F81EC821F80801A8
:10FA2000DA6BDA51020810E3036ADA511F0FE96E4C
:10FA3000080E0320EA6EEFCFE3F8E3510001C3ECB8
:10FA400076F00801DA2BEDD7DD0ED56F4FD1080E19
:10FA5000EA6E550EE96E080EE26E3E0EE16E170E6E
:10FA6000016EE6CFEEFF012EFCD70801DB6BDB5108
:10FA7000160810E3036ADB51550FE96E080E0320E8
:10FA8000EA6EEFCFE3F8E3510001C3EC76F0080132
:10FA9000DB2BEDD7DD0ED56F29D1080EEA6E740E83
:10FAA000E96E080EE26E6C0EE16E080E016EE6CF96
:10FAB000EEFF012EFCD70801DC6BDC51070810E3D8
:10FAC000036ADC51740FE96E080E0320EA6EEFCF73
:10FAD000E3F8E3510001C3EC76F00801DC2BEDD72D
:10FAE000DD0ED56F03D1070EEA6ED30EE96E070E59
:10FAF000E26EA60EE16E2D0E016EE6CFEEFF012E38
:10FB0000FCD70801DD6BDD512C081CE3036ADD51D5
:10FB1000D30FE96E070E0320EA6EEFCFE3F8E3514F
:10FB20000001C3EC76F00801DD512B0809E3036AFC
:10FB3000DD51D30FE96E070E0320EA6EEF50D62792
:10FB4000DD2BE1D7DD0ED56FD1D0080EEA6E300E79
:10FB5000E96E080EE26E220EE16E0E0E016EE6CF29
:10FB6000EEFF012EFCD70801DE6BDE510D0810E31D
:10FB7000036ADE51300FE96E080E0320EA6EEFCF04
:10FB8000E3F8E3510001C3EC76F00801DE2BEDD77A
:10FB9000DD0ED56FABD0080EEA6E870EE96E080E4B
:10FBA000E26E7C0EE16E0B0E016EE6CFEEFF012ED3
:10FBB000FCD70801DF6BDF510A0810E3036ADF514D
:10FBC000870FE96E080E0320EA6EEFCFE3F8E351EA
:10FBD0000001C3EC76F00801DF2BEDD7DD0ED56F09
:10FBE00085D0FAC6E3F80801E3510001C3EC76F0D2
:10FBF000F9C6E3F80801E3510001C3EC76F0DD0E2D
:10FC00000801D56F73D0080EEA6E9C0EE96E080EDF
:10FC1000E26E920EE16E0A0E016EE6CFEEFF012E4D
:10FC2000FCD70801E06BE051090810E3036AE051DA
:10FC30009C0FE96E080E0320EA6EEFCFE3F8E35164
:10FC40000001C3EC76F00801E02BEDD7DD0ED56F97
:10FC50004DD0080EEA6EAC0EE96E080EE26EA60EEE
:10FC6000E16E060E016EE6CFEEFF012EFCD7080115
:10FC7000E16BE151050810E3036AE151AC0FE96E55
:10FC8000080E0320EA6EEFCFE3F8E3510001C3EC66
:10FC900076F00801E12BEDD7DD0ED56F27D0080EE9
:10FCA000EA6EB80EE96E080EE26EB20EE16E060E56
:10FCB000016EE6CFEEFF012EFCD70801E26BE251A8
:10FCC000050810E3036AE251B80FE96E080E03203D
:10FCD000EA6EEFCFE3F8E3510001C3EC76F00801E0
:10FCE000E22BEDD7DD0ED56F01D00801D551DD082F
:10FCF00008E10D0E0001C3EC76F00A0EC3EC76F0BD
:10FD00000801D5C801F0000138EF7FF0E824F76A58
:10FD1000F7362D0FF66EFD0EF722000EF86EFB6E15
:10FD20000A00F550FA6E0800F550F96E22F9EAFC67
:10FD3000EAFCEAFCEAFC4EFA9AFA30F97CF9C8F9D6
:10FD400012FAE6FA4AFB96FBE2FB06FC52FC9EFC2A
:10FD50000801E769E551050800E0E5510001C3EC41
:10FD600076F00801E551040A000109E0060A21E0E5
:10FD7000110A2BE0100A35E0060A3FE04AD00801DC
:10FD8000E6510001C3EC76F08751C3EC76F089515F
:10FD9000C3EC76F08251C3EC76F0070121510001EB
:10FDA000C3EC76F0E5C8F6F6DD0E0801E76F00015A
:10FDB00030D00801E6510001C3EC76F0E5C8F6F654
:10FDC000DD0E0801E76F000124D00801E6510001B3
:10FDD000C3EC76F0E5C8F6F6DD0E0801E76F00012A
:10FDE00018D00801E6510001C3EC76F0E5C8F6F63C
:10FDF000DD0E0801E76F00010CD00801E65100019B
:10FE0000C3EC76F0CC0EC3EC76F0DD0E0801E76FA4
:10FE100000010801E751DD0808E10D0E0001C3EC07
:10FE200076F00A0EC3EC76F00801E7C801F0000195
:10FE300012000101CA6BC96B020EC86FEE0EC76FCC
:10FE40001B6AF2BE1B8EF29E010E09016F6F00014C
:10FE5000EFEC03F01BBEF28E120001019A6B996B5E
:10FE6000986B976B0701076BD3C8D4F800013FD597
:10FE70000601FE6BFD6BFC6BFB6B58B81BD0FE5391
:10FE800019E1FD51080816E307E1FC51640812E38B
:10FE900003E1FB5170080EE3010EFB27D8B0FC2BE9
:10FEA000D8B4FD2BD8B4FE2B000144EC08F00400BC
:10FEB0000601E3D75898FE530DE1FD5107086CE2A7
:10FEC000FF0A08E1FC51630867E2FF0A03E1FB5106
:10FED0006F0862E20701072B075105085AE2010E7D
:10FEE0000801D66F00015CEC08F00701076B51AA0E
:10FEF00002D0518849D0CD0E00016B6F09010B6B08
:10FF00006BC00AF90D6B040E0C6F0001FFEC0BF0D7
:10FF100002C003F00150860F0801D46F020E0220C8
:10FF2000D56FD66BD8B0D42BD5C8EAFFD4C8E9FFBB
:10FF3000000141EC01F001C07EF06B6B6C690101C6
:10FF4000AA6BA96BA86BA76B09010B6B6BC00AF9B5
:10FF50000D6B040E0C6F0001FFEC0BF002C003F000
:10FF60000150860F0801D46F020E0220D56FD66BA8
:10FF7000D8B0D42BD5C8EAFFD4C8E9FF000141ECC2
:10FF800001F001C07EF007010601F783F46B03D096
:10FF900007010601F79311D0000104EC88F001502D
:10FFA000DD0804E10601F783010E02D00601F79394
:10FFB000F7A303D054A401D05482F7B302D00701B1
:10FFC00053D7F793519854A401D0549600011200CE
:10FFD0002C0E0801E46F020EE56F0001FEEC67F0E5
:10FFE0000250B1EF91F009EC56F035EC56F061ECAF
:0AFFF00056F08DEC56F0B4EFF3F07C
:020000040001F9
:100000000801E591E59300016B517908D8B40EEF32
:1000100080F06B518308D8A47BEF80F055A215EFD8
:1000200080F0010E926F18EF80F082C892F0936B0F
:1000300084C899F09253D8A422EF80F09353D8B497
:1000400031EF80F052B228EF80F0528219EC7FF04D
:100050000201396B386B376B550E366F38EF80F015
:1000600000010201396B386B376B5D0E366F5292AF
:1000700000019953D8B44CEF80F053B243EF80F0B5
:10008000538219EC7FF002013D6B3C6B3B6B5C0EC5
:100090003A6F53EF80F0000102013D6B3C6B3B6B0C
:1000A0005D0E3A6F539237C2E7F836C2E6F8E7C8FA
:1000B00003F9E6C802F9240E0901046F410E056F29
:1000C000010E066F076B0001F3EC0EF03BC2E7F880
:1000D0003AC2E6F8E7C803F9E6C802F92E0E0901AC
:1000E000046F410E056F010E066F076B0001F3EC04
:1000F0000EF0E5EF87F06B51B508D8A4EEEF80F075
:1001000055A487EF80F0010E946F8BEF80F02CC820
:1001100094F02DC895F02EC89AF09453D8A495EF7A
:1001200080F09553D8B4A4EF80F052B49BEF80F0E8
:10013000528419EC7FF00201396B386B376B550E26
:10014000366FABEF80F000010201396B386B376B13
:100150005D0E366F529400019A53D8B4BFEF80F011
:1001600053B4B6EF80F0538419EC7FF002013D6B7D
:100170003C6B3B6B5C0E3A6FC6EF80F000010201F6
:100180003D6B3C6B3B6B5D0E3A6F539437C2E7F8A7
:1001900036C2E6F8E7C803F9E6C802F9240E0901F9
:1001A000046F410E056F010E066F076B0001F3EC43
:1001B0000EF03BC2E7F83AC2E6F8E7C803F9E6C832
:1001C00002F92E0E0901046F410E056F010E066F34
:1001D000076B0001F3EC0EF0E5EF87F06B518C0834
:1001E000D8B4F8EF80F06B518D08D8A4E5EF87F014
:1001F000C6C7E6F80801E6510001905DD8A41AEFE1
:1002000081F0C7C7E7F80801E7510001915DD8A464
:100210001AEF81F0CEC7E8F80801E8510001985DB7
:10022000D8A41AEF81F055A02BEF81F09053D8A4F9
:100230002BEF81F055A021EF81F0010E906F25EF9B
:1002400081F0C6C790F0C7C791F0CEC798F00801FB
:10025000E581E5830001C8C7E6F80801E651000121
:10026000925DD8A44DEF81F0C9C7E7F80801E751C6
:100270000001935DD8A44DEF81F0CFC7E8F80801E5
:10028000E8510001995DD8A44DEF81F055A25EEFD1
:1002900081F09253D8A45EEF81F055A254EF81F023
:1002A000010E926F58EF81F0C8C792F0C9C793F062
:1002B000CFC799F00801E581E5830001CAC7E6F8D8
:1002C0000801E6510001945DD8A480EF81F0CBC70E
:1002D000E7F80801E7510001955DD8A480EF81F0AF
:1002E000D0C7E8F80801E85100019A5DD8A480EF72
:1002F00081F055A491EF81F09453D8A491EF81F04F
:1003000055A487EF81F0010E946F8BEF81F0CAC77F
:1003100094F0CBC795F0D0C79AF00801E581E5834A
:100320000001CCC7E6F80801E6510001965DD8A4AB
:10033000B3EF81F0CDC7E7F80801E7510001975D01
:10034000D8A4B3EF81F0D1C7E8F80801E851000163
:100350009B5DD8A4B3EF81F055A6C4EF81F096530E
:10036000D8A4C4EF81F055A6BAEF81F0010E966FC4
:10037000BEEF81F0CCC796F0CDC797F0D1C79BF008
:100380000801E581E5830001010E875DF20FD8B019
:10039000BBEF87F00E0FE6EF87F09053D8A4D5EFB0
:1003A00081F09153D8B4DEEF81F00201396B386BE4
:1003B000376B4F0E366FE6EF81F000010801E593D1
:1003C0000201396B386B376B5D0E366F0001985345
:1003D000D8B4F4EF81F002013D6B3C6B3B6B560EE1
:1003E0003A6FFCEF81F000010801E59102013D6BDD
:1003F0003C6B3B6B5D0E3A6F0001BBEF87F0925395
:10040000D8A407EF82F09353D8B410EF82F0020122
:10041000396B386B376B500E366F18EF82F0000176
:100420000801E5930201396B386B376B5D0E366F4F
:1004300000019953D8B426EF82F002013D6B3C6B6A
:100440003B6B570E3A6F2EEF82F000010801E591E9
:1004500002013D6B3C6B3B6B5D0E3A6F0001BBEFE5
:1004600087F09453D8A439EF82F09553D8B442EF73
:1004700082F00201396B386B376B510E366F4AEFE1
:1004800082F000010801E5930201396B386B376B8C
:100490005D0E366F00019A53D8B458EF82F0020116
:1004A0003D6B3C6B3B6B580E3A6F60EF82F0000186
:1004B0000801E59102013D6B3C6B3B6B5D0E3A6FB1
:1004C0000001BBEF87F09053D8A46BEF82F09153FB
:1004D000D8B47CEF82F09253D8A473EF82F0935398
:1004E000D8B47CEF82F00201396B386B376B550E54
:1004F000366FB6EF82F000019053D8A484EF82F0FB
:100500009153D8B495EF82F09253D8A495EF82F02E
:100510009353D8A495EF82F00201396B386B376B97
:100520004F0E366FB6EF82F000019053D8A4AEEFB5
:1005300082F09153D8A4AEEF82F09253D8A4A5EFE5
:1005400082F09353D8B4AEEF82F00201396B386B6E
:10055000376B500E366FB6EF82F000010801E5935D
:100560000201396B386B376B5D0E366F00019853A3
:10057000D8B4C8EF82F09953D8B4C8EF82F0020122
:100580003D6B3C6B3B6B5C0E3A6FEAEF82F0000117
:100590009853D8B4D5EF82F002013D6B3C6B3B6BB6
:1005A000560E3A6FEAEF82F000019953D8B4E2EFA9
:1005B00082F002013D6B3C6B3B6B570E3A6FEAEFEA
:1005C00082F000010801E59102013D6B3C6B3B6B41
:1005D0005D0E3A6F0001BBEF87F09253D8A4F5EFA0
:1005E00082F09353D8B406EF83F09453D8A4FDEF70
:1005F00082F09553D8B406EF83F00201396B386B63
:10060000376B550E366F40EF83F000019253D8A43C
:100610000EEF83F09353D8B41FEF83F09453D8A414
:100620001FEF83F09553D8A41FEF83F00201396BBD
:10063000386B376B500E366F40EF83F000019253EA
:10064000D8A438EF83F09353D8A438EF83F09453B1
:10065000D8A42FEF83F09553D8B438EF83F002017C
:10066000396B386B376B510E366F40EF83F00001FA
:100670000801E5930201396B386B376B5D0E366FFD
:1006800000019953D8B452EF83F09A53D8B452EF83
:1006900083F002013D6B3C6B3B6B5C0E3A6F74EF79
:1006A00083F000019953D8B45FEF83F002013D6BF2
:1006B0003C6B3B6B570E3A6F74EF83F000019A531B
:1006C000D8B46CEF83F002013D6B3C6B3B6B580E72
:1006D0003A6F74EF83F000010801E59102013D6B70
:1006E0003C6B3B6B5D0E3A6F0001BBEF87F09053A4
:1006F000D8A47FEF83F09153D8B490EF83F0945354
:10070000D8A487EF83F09553D8B490EF83F002011B
:10071000396B386B376B550E366FCAEF83F00001BB
:100720009053D8A498EF83F09153D8B4A9EF83F0F5
:100730009453D8A4A9EF83F09553D8A4A9EF83F0DC
:100740000201396B386B376B4F0E366FCAEF83F08F
:1007500000019053D8A4C2EF83F09153D8A4C2EF04
:1007600083F09453D8A4B9EF83F09553D8B4C2EF73
:1007700083F00201396B386B376B510E366FCAEF5D
:1007800083F000010801E5930201396B386B376B88
:100790005D0E366F00019853D8B4DCEF83F09A53A6
:1007A000D8B4DCEF83F002013D6B3C6B3B6B5C0E1D
:1007B0003A6FFEEF83F000019853D8B4E9EF83F06D
:1007C00002013D6B3C6B3B6B560E3A6FFEEF83F0C4
:1007D00000019A53D8B4F6EF83F002013D6B3C6BF5
:1007E0003B6B580E3A6FFEEF83F000010801E59174
:1007F00002013D6B3C6B3B6B5D0E3A6F0001BBEF42
:1008000087F09053D8A409EF84F09153D8B422EF25
:1008100084F09253D8A411EF84F09353D8B422EF0C
:1008200084F09453D8A419EF84F09553D8B422EFF0
:1008300084F00201396B386B376B550E366FC0EFA1
:1008400084F000019053D8A42AEF84F09153D8B4D7
:1008500043EF84F09253D8A432EF84F09353D8B48A
:1008600043EF84F09453D8A443EF84F09553D8A475
:1008700043EF84F00201396B386B376B520E366FE1
:10088000C0EF84F000019053D8A464EF84F091533A
:10089000D8A464EF84F09253D8A453EF84F0935318
:1008A000D8B464EF84F09453D8A45BEF84F09553EC
:1008B000D8B464EF84F00201396B386B376B540E97
:1008C000366FC0EF84F000019053D8A46CEF84F031
:1008D0009153D8B485EF84F09253D8A485EF84F077
:1008E0009353D8A485EF84F09453D8A47CEF84F07C
:1008F0009553D8B485EF84F00201396B386B376BB0
:10090000530E366FC0EF84F000019053D8A48DEFE2
:1009100084F09153D8B496EF84F00201396B386BB0
:10092000376B4F0E366FC0EF84F000019253D8A49E
:100930009EEF84F09353D8B4A7EF84F00201396B93
:10094000386B376B500E366FC0EF84F00001945354
:10095000D8A4AFEF84F09553D8B4B8EF84F0020177
:10096000396B386B376B510E366FC0EF84F0000176
:100970000801E5930201396B386B376B5D0E366FFA
:1009800000019853D8B4D6EF84F09953D8B4D6EF79
:1009900084F09A53D8B4D6EF84F002013D6B3C6BDF
:1009A0003B6B5C0E3A6F38EF85F000019853D8B47A
:1009B000E7EF84F09953D8B4E7EF84F002013D6B80
:1009C0003C6B3B6B590E3A6F38EF85F00001995341
:1009D000D8B4F8EF84F09A53D8B4F8EF84F0020159
:1009E0003D6B3C6B3B6B5B0E3A6F38EF85F0000163
:1009F0009853D8B409EF85F09A53D8B409EF85F02D
:100A000002013D6B3C6B3B6B5A0E3A6F38EF85F041
:100A100000019853D8B416EF85F002013D6B3C6B92
:100A20003B6B560E3A6F38EF85F000019953D8B4FE
:100A300023EF85F002013D6B3C6B3B6B570E3A6F29
:100A400038EF85F000019A53D8B430EF85F00201F9
:100A50003D6B3C6B3B6B580E3A6F38EF85F00001F5
:100A60000801E59102013D6B3C6B3B6B5D0E3A6FFB
:100A70000001BBEF87F09653D8A443EF85F097535E
:100A8000D8B44CEF85F00201396B386B376BAC0E84
:100A9000366F54EF85F000010801E5930201396BD0
:100AA000386B376B5D0E366F00019B53D8B462EF25
:100AB00085F002013D6B3C6B3B6BAF0E3A6F6AEF0A
:100AC00085F000010801E59102013D6B3C6B3B6B39
:100AD0005D0E3A6F0001BBEF87F09653D8A475EF17
:100AE00085F09753D8B486EF85F09253D8A47DEF64
:100AF00085F09353D8B486EF85F00201396B386BDB
:100B0000376B550E366FC0EF85F000019653D8A4B1
:100B10008EEF85F09753D8B49FEF85F09253D8A409
:100B20009FEF85F09353D8A49FEF85F00201396BB6
:100B3000386B376BAC0E366FC0EF85F00001965303
:100B4000D8A4B8EF85F09753D8A4B8EF85F09253A6
:100B5000D8A4AFEF85F09353D8B4B8EF85F0020175
:100B6000396B386B376B500E366FC0EF85F0000174
:100B70000801E5930201396B386B376B5D0E366FF8
:100B800000019B53D8B4D2EF85F09953D8B4D2EF7B
:100B900085F002013D6B3C6B3B6B5C0E3A6FF4EFF2
:100BA00085F000019B53D8B4DFEF85F002013D6B67
:100BB0003C6B3B6BAF0E3A6FF4EF85F0000199533D
:100BC000D8B4ECEF85F002013D6B3C6B3B6B570EEC
:100BD0003A6FF4EF85F000010801E59102013D6BE9
:100BE0003C6B3B6B5D0E3A6F0001BBEF87F0965399
:100BF000D8A4FFEF85F09753D8B410EF86F0945344
:100C0000D8A407EF86F09553D8B410EF86F0020110
:100C1000396B386B376B550E366F4AEF86F0000133
:100C20009653D8A418EF86F09753D8B429EF86F0DE
:100C30009453D8A429EF86F09553D8A429EF86F0D1
:100C40000201396B386B376BAC0E366F4AEF86F0AA
:100C500000019653D8A442EF86F09753D8A442EFF0
:100C600086F09453D8A439EF86F09553D8B442EF68
:100C700086F00201396B386B376B510E366F4AEFD5
:100C800086F000010801E5930201396B386B376B80
:100C90005D0E366F00019B53D8B45CEF86F09A531B
:100CA000D8B45CEF86F002013D6B3C6B3B6B5C0E95
:100CB0003A6F7EEF86F000019B53D8B469EF86F05F
:100CC00002013D6B3C6B3B6BAF0E3A6F7EEF86F0E3
:100CD00000019A53D8B476EF86F002013D6B3C6B6D
:100CE0003B6B580E3A6F7EEF86F000010801E591EC
:100CF00002013D6B3C6B3B6B5D0E3A6F0001BBEF3D
:100D000087F09653D8A489EF86F09753D8B4A2EF12
:100D100086F09253D8A491EF86F09353D8B4A2EF03
:100D200086F09453D8A499EF86F09553D8B4A2EFE7
:100D300086F00201396B386B376B550E366F40EF1A
:100D400087F000019653D8A4AAEF86F09753D8B441
:100D5000C3EF86F09253D8A4B2EF86F09353D8B481
:100D6000C3EF86F09453D8A4C3EF86F09553D8A46C
:100D7000C3EF86F00201396B386B376BAD0E366FFF
:100D800040EF87F000019653D8A4E4EF86F0975324
:100D9000D8A4E4EF86F09253D8A4D3EF86F093530F
:100DA000D8B4E4EF86F09453D8A4DBEF86F09553E3
:100DB000D8B4E4EF86F00201396B386B376B540E10
:100DC000366F40EF87F000019653D8A4ECEF86F021
:100DD0009753D8B405EF87F09253D8A405EF87F066
:100DE0009353D8A405EF87F09453D8A4FCEF86F072
:100DF0009553D8B405EF87F00201396B386B376B28
:100E0000AE0E366F40EF87F000019653D8A40DEF79
:100E100087F09753D8B416EF87F00201396B386B1F
:100E2000376BAC0E366F40EF87F000019253D8A4B9
:100E30001EEF87F09353D8B427EF87F00201396B88
:100E4000386B376B500E366F40EF87F000019453CC
:100E5000D8A42FEF87F09553D8B438EF87F002016C
:100E6000396B386B376B510E366F40EF87F00001EE
:100E70000801E5930201396B386B376B5D0E366FF5
:100E800000019B53D8B456EF87F09953D8B456EF6E
:100E900087F09A53D8B456EF87F002013D6B3C6B54
:100EA0003B6B5C0E3A6FB8EF87F000019B53D8B4F0
:100EB00067EF87F09953D8B467EF87F002013D6B75
:100EC0003C6B3B6BB00E3A6FB8EF87F00001995363
:100ED000D8B478EF87F09A53D8B478EF87F002014E
:100EE0003D6B3C6B3B6B5B0E3A6FB8EF87F00001DC
:100EF0009B53D8B489EF87F09A53D8B489EF87F021
:100F000002013D6B3C6B3B6BB10E3A6FB8EF87F063
:100F100000019B53D8B496EF87F002013D6B3C6B08
:100F20003B6BAF0E3A6FB8EF87F000019953D8B41E
:100F3000A3EF87F002013D6B3C6B3B6B570E3A6FA2
:100F4000B8EF87F000019A53D8B4B0EF87F00201F0
:100F50003D6B3C6B3B6B580E3A6FB8EF87F000016E
:100F60000801E59102013D6B3C6B3B6B5D0E3A6FF6
:100F70000001BBEF87F037C2E7F836C2E6F8E7C8F2
:100F800003F9E6C802F9020E0901046F2D0E056F80
:100F9000010E066F076B0001F3EC0EF03BC2E7F8A1
:100FA0003AC2E6F8E7C803F9E6C802F9020E0901F9
:100FB000046F370E056F010E066F076B0001F3EC2F
:100FC0000EF00801E591E59300011200E824F76AAC
:100FD000F736ED0FF66E0F0EF722010EF86EFB6E70
:100FE0000A00F550FA6E0800F550F96E9A03FE03F8
:100FF000C6046204EE06DA050208760A760FDA0AFB
:10100000760FEE0B760F020D0801D669D76BD86B01
:10101000FAC5F5F60601F551050802E0F5C6F6F643
:10102000010EF55DED0FD8B057EF8EF0130F0001F4
:10103000BFEF8EF00501FB51CA0809E1050E08015A
:10104000E56F010EE66F0001A8EC7EF00501DD0EF4
:101050000801D66F060157EF8EF0FCC587F0FDC57D
:1010600089F0FEC582F0FFC521F721C753F821C7DB
:1010700072F80501FB51AA0A00010BE0110A31E0E8
:10108000660A49E0330A4DE0410A52E0110A56E08F
:101090007ED00601FF51FB0F20E2050F00015CEF3F
:1010A0008EF0588A060119D0588C0601F79B15D08E
:1010B000588E4F9A0601F7AB02D0F78FF79B0DD0F1
:1010C000589E4F8A0601F79B08D00601F781F7ABBF
:1010D00002D0F78FF79B01D00601DD0E0801D66F15
:1010E00058D00601FF51FB0F12E2050F000171EF0E
:1010F0008EF0589A06010BD0589C060108D0589ED5
:101100004F9A060104D00601F79101D00601DD0EC9
:101110000801D66F3ED00601F787DD0E0801D66FB5
:1011200038D00601F797588ADD0E0801D66F31D006
:101130000601F78BDD0E0801D66F2BD00601FF519B
:10114000FB0F20E2050F000186EF8EF006011AD09A
:10115000588C060117D0CC2D02D0010E616F61535F
:1011600002E1588E01D04F8A0601F7AB02D0F79BFF
:10117000F78F08D00601F781F7AB02D0F79BF78F06
:1011800001D00601DD0E0801D66F03D00001080171
:10119000D669D651DD0808E1050EE56F040EE66F4D
:1011A0000001A8EC7EF00801060157EF8EF008015F
:1011B000D96BD951240830E3036AD951770F016EF6
:1011C000070E032203C0E6F8010ED925036AFA0FC1
:1011D000E96E050E0320EA6EEFCFE7F8E6C8EAFFF6
:1011E00001C0E9FFE7C8EFFFD95124080AE0036A0C
:1011F000D951770FE96E070E0320EA6EEF50D7271B
:1012000009D0036AD951770FE96E070E0320EA6E01
:10121000EFCFD8F8D92BCDD7D7C8E7F80001C9EC64
:1012200076F001500801D85D18E1070EEA6E520E03
:10123000E96E070EE26E770EE16E250E016EE6CFC7
:10124000EEFF012EFCD7050EE56F080EE66F0001DC
:10125000A8EC7EF0DD0E0801D66F060157EF8EF088
:101260000801DA6BDA51040830E3036ADA51A10F9E
:10127000016E070E032203C0E6F8010EDA25036AA9
:10128000FA0FE96E050E0320EA6EEFCFE7F8E6C825
:10129000EAFF01C0E9FFE7C8EFFFDA5104080AE0FE
:1012A000036ADA51A10FE96E070E0320EA6EEF50D0
:1012B000D72709D0036ADA51A10FE96E070E032080
:1012C000EA6EEFCFD8F8DA2BCDD7D7C8E7F8000110
:1012D000C9EC76F001500801D85D18E1070EEA6EFE
:1012E0009C0EE96E070EE26EA10EE16E050E016E18
:1012F000E6CFEEFF012EFCD7050EE56F090EE66F77
:101300000001A8EC7EF0DD0E0801D66F060157EF54
:101310008EF00801DB6BDB510D0830E3036ADB5113
:101320000E0F016E080E032203C0E6F8010EDB2546
:10133000036AFA0FE96E050E0320EA6EEFCFE7F8B5
:10134000E6C8EAFF01C0E9FFE7C8EFFFDB510D087F
:101350000AE0036ADB510E0FE96E080E0320EA6E05
:10136000EF50D72709D0036ADB510E0FE96E080E44
:101370000320EA6EEFCFD8F8DB2BCDD7D7C8E7F83C
:101380000001C9EC76F001500801D85D15E1080EA6
:10139000EA6EE96AE26E0E0EE16E016EE6CFEEFFD6
:1013A000012EFCD7050EE56F0A0EE66F0001A8ECD2
:1013B0007EF0DD0E0801D66F060157EF8EF00801B2
:1013C000DC6BDC51020830E3036ADC511F0F016E55
:1013D000080E032203C0E6F8010EDC25036AFA0FAB
:1013E000E96E050E0320EA6EEFCFE7F8E6C8EAFFE4
:1013F00001C0E9FFE7C8EFFFDC5102080AE0036A19
:10140000DC511F0FE96E080E0320EA6EEF50D7275C
:1014100009D0036ADC511F0FE96E080E0320EA6E43
:10142000EFCFD8F8DC2BCDD7D7C8E7F80001C9EC4F
:1014300076F001500801D85D10E11FC81CF820C8E3
:101440001DF821C81EF8050EE56F0B0EE66F0001B2
:10145000A8EC7EF0DD0E0801D66F060157EF8EF086
:101460000801DD6BDD51160830E3036ADD51550FCD
:10147000016E080E032203C0E6F8010EDD25036AA3
:10148000FA0FE96E050E0320EA6EEFCFE7F8E6C823
:10149000EAFF01C0E9FFE7C8EFFFDD5116080AE0E7
:1014A000036ADD51550FE96E080E0320EA6EEF5016
:1014B000D72709D0036ADD51550FE96E080E0320C6
:1014C000EA6EEFCFD8F8DD2BCDD7D7C8E7F800010B
:1014D000C9EC76F001500801D85D18E1080EEA6EFB
:1014E0003E0EE96E080EE26E550EE16E170E016EAD
:1014F000E6CFEEFF012EFCD7050EE56F060EE66F78
:101500000001A8EC7EF0DD0E0801D66F060157EF52
:101510008EF00801DE6BDE51070830E3036ADE510E
:10152000740F016E080E032203C0E6F8010EDE25DB
:10153000036AFA0FE96E050E0320EA6EEFCFE7F8B3
:10154000E6C8EAFF01C0E9FFE7C8EFFFDE51070880
:101550000AE0036ADE51740FE96E080E0320EA6E9A
:10156000EF50D72709D0036ADE51740FE96E080ED9
:101570000320EA6EEFCFD8F8DE2BCDD7D7C8E7F837
:101580000001C9EC76F001500801D85D18E1080EA1
:10159000EA6E6C0EE96E080EE26E740EE16E080ED5
:1015A000016EE6CFEEFF012EFCD7050EE56F070EAC
:1015B000E66F0001A8EC7EF0DD0E0801D66F060193
:1015C00076D30801DF6BDF512C0830E3036ADF516B
:1015D000D30F016E070E032203C0E6F8010EDF25CC
:1015E000036AFA0FE96E050E0320EA6EEFCFE7F803
:1015F000E6C8EAFF01C0E9FFE7C8EFFFDF512C08AA
:101600000AE0036ADF51D30FE96E070E0320EA6E8A
:10161000EF50D72709D0036ADF51D30FE96E070EC9
:101620000320EA6EEFCFD8F8DF2BCDD7D7C8E7F885
:101630000001C9EC76F001500801D85D1CE1070EED
:10164000EA6EA60EE96E070EE26ED30EE16E2D0E67
:10165000016EE6CFEEFF012EFCD7000100EC80F01A
:10166000050E0801E56F0C0EE66F0001A8EC7EF098
:10167000DD0E0801D66F06011AD30801E06BE051B8
:101680000D0830E3036AE051300F016E080E0322AB
:1016900003C0E6F8010EE025036AFA0FE96E050EB5
:1016A0000320EA6EEFCFE7F8E6C8EAFF01C0E9FFE2
:1016B000E7C8EFFFE0510D080AE0036AE051300F80
:1016C000E96E080E0320EA6EEF50D72709D0036AAF
:1016D000E051300FE96E080E0320EA6EEFCFD8F824
:1016E000E02BCDD7D7C8E7F80001C9EC76F0015060
:1016F0000801D85D1CE1080EEA6E220EE96E080EA4
:10170000E26E300EE16E0E0E016EE6CFEEFF012EA0
:10171000FCD7000100EC80F0050E0801E56F0D0E0E
:10172000E66F0001A8EC7EF0DD0E0801D66F060121
:10173000BED20801E16BE1510A0830E3036AE151CE
:10174000870F016E080E032203C0E6F8010EE125A3
:10175000036AFA0FE96E050E0320EA6EEFCFE7F891
:10176000E6C8EAFF01C0E9FFE7C8EFFFE1510A0858
:101770000AE0036AE151870FE96E080E0320EA6E62
:10178000EF50D72709D0036AE151870FE96E080EA1
:101790000320EA6EEFCFD8F8E12BCDD7D7C8E7F812
:1017A0000001C9EC76F001500801D85D1CE1080E7B
:1017B000EA6E7C0EE96E080EE26E870EE16E0B0E8D
:1017C000016EE6CFEEFF012EFCD7000100EC80F0A9
:1017D000050E0801E56F0E0EE66F0001A8EC7EF025
:1017E000DD0E0801D66F060162D2FBC5FAF6FCC514
:1017F000F9F6DD0E0801D66F060159D251AA18D0AC
:101800000601F6510501FB5D0DE1FC2D0BD0FDC578
:101810004DF0FEC54CF0DD0E0801D66F5684519A8E
:1018200005D005015694DD0E0801D66F10D00001D9
:101830000601F6510501FB5D08E1FC51CC0805E10C
:10184000DD0E0801D66F03D005010801D669060137
:101850002ED20601F79D0501FBA103D00601F78DED
:101860000501050E0801E56F030EE66F0001A8EC07
:101870007EF0DD0E0801D66F060119D20501FB517D
:10188000EC0FD8B0FCD0140F00019BEF8EF0010ECE
:101890000801E76FE86F0001DDEC08F00501EFD00B
:1018A000010E0801E76FE86F0001E0EC47F0050169
:1018B000E6D0010E0801E76F020EE86F0001E0ECD0
:1018C00047F00501DCD0010E0801E76F030EE86F59
:1018D0000001E0EC47F00501D2D00801E76B020EF1
:1018E000E86F010EE96F00016BEC48F00801E76B4F
:1018F000020EE86FE96B00016BEC48F00501BFD008
:101900000801E76B020EE86F010EE96F00016BEC56
:1019100048F0010E0801E76F020EE86FE96B000165
:101920006BEC48F00501ABD0010E0801E76F020E29
:10193000E86F010EE96F00016BEC48F00801E76BFE
:10194000020EE86FE96B00016BEC48F0050197D0DF
:101950000801E76B010EE86FE96F00016BEC48F0DE
:101960000801E76B010EE86FE96B00016BEC48F0D2
:10197000050185D00801E76B010EE86FE96F0001F2
:101980006BEC48F0010E0801E76FE86FE96B0001AE
:101990006BEC48F0050173D0010E0801E76FE86FAA
:1019A000E96F00016BEC48F00801E76B010EE86F8E
:1019B000E96B00016BEC48F0050161D00801E76BB1
:1019C000E86B010EE96F00016BEC48F00801E76B72
:1019D000E86BE96B00016BEC48F0050150D00801A1
:1019E000E76BE86B010EE96F00016BEC48F0010E4C
:1019F0000801E76FE86BE96B00016BEC48F005014B
:101A00003ED0010E0801E76FE86BE96F00016BEC57
:101A100048F00801E76BE86BE96B00016BEC48F0FC
:101A200005012DD0010E0801E76FE86B0001E0EC25
:101A300047F0050124D00801E76B010EE86F0001B3
:101A4000E0EC47F005011BD00801E76B020EE86FE0
:101A50000001E0EC47F0050112D00801E76B030E2E
:101A6000E86F0001E0EC47F0050109D00801E76BE1
:101A7000E86B0001E0EC47F0050101D00501050E1F
:101A80000801E56F020EE66F0001A8EC7EF0DD0EA6
:101A90000801D66F06010BD10801E26BE25109087B
:101AA00030E3036AE2519C0F016E080E032203C06B
:101AB000E6F8010EE225036AFA0FE96E050E03202F
:101AC000EA6EEFCFE7F8E6C8EAFF01C0E9FFE7C832
:101AD000EFFFE25109080AE0036AE2519C0FE96E48
:101AE000080E0320EA6EEF50D72709D0036AE251AF
:101AF0009C0FE96E080E0320EA6EEFCFD8F8E22BB8
:101B0000CDD7D7C8E7F80001C9EC76F0015008013D
:101B1000D85D18E1080EEA6E920EE96E080EE26ECC
:101B20009C0EE16E0A0E016EE6CFEEFF012EFCD791
:101B3000050EE56F100EE66F0001A8EC7EF0DD0EDD
:101B40000801D66F0601B3D00801E36BE351050825
:101B500030E3036AE351AC0F016E080E032203C0A9
:101B6000E6F8010EE325036AFA0FE96E050E03207D
:101B7000EA6EEFCFE7F8E6C8EAFF01C0E9FFE7C881
:101B8000EFFFE35105080AE0036AE351AC0FE96E89
:101B9000080E0320EA6EEF50D72709D0036AE351FD
:101BA000AC0FE96E080E0320EA6EEFCFD8F8E32BF6
:101BB000CDD7D7C8E7F80001C9EC76F0015008018D
:101BC000D85D18E1080EEA6EA60EE96E080EE26E08
:101BD000AC0EE16E060E016EE6CFEEFF012EFCD7D5
:101BE000050EE56F110EE66F0001A8EC7EF0DD0E2C
:101BF0000801D66F06015BD00801E46BE4510508CB
:101C000030E3036AE451B80F016E080E032203C0EB
:101C1000E6F8010EE425036AFA0FE96E050E0320CB
:101C2000EA6EEFCFE7F8E6C8EAFF01C0E9FFE7C8D0
:101C3000EFFFE45105080AE0036AE451B80FE96ECA
:101C4000080E0320EA6EEF50D72709D0036AE4514B
:101C5000B80FE96E080E0320EA6EEFCFD8F8E42B38
:101C6000CDD7D7C8E7F80001C9EC76F001500801DC
:101C7000D85D18E1080EEA6EB20EE96E080EE26E4B
:101C8000B80EE16E060E016EE6CFEEFF012EFCD718
:101C9000050EE56F120EE66F0001A8EC7EF0DD0E7A
:101CA0000801D66F060103D0060101D00601080124
:101CB000D6C801F000011200E824F76AF736D90F00
:101CC000F66E1C0EF722010EF86EFB6E0A00F55040
:101CD000FA6E0800F550F96EA210A810B010C010EE
:101CE000CA10E824F76AF736030FF66E1D0EF722C6
:101CF000010EF86EFB6E0A00F550FA6E0800F55002
:101D0000F96EF210F810FE10FE100611E824F76AC2
:101D1000F7362D0FF66E1D0EF722010EF86EFB6ED4
:101D20000A00F550FA6E0800F550F96E4C1150118A
:101D3000561156117411E824F76AF736570FF66EEC
:101D40001D0EF722010EF86EFB6E0A00F550FA6EBA
:101D50000800F550F96E8E18A018B218C618DA18D7
:101D600000192819501974199819BC19DE19021A8A
:101D7000241A7C1A7C1A361A481A5A1A6C1AE82441
:101D8000F76AF7369F0FF66E1D0EF722010EF86EFA
:101D9000FB6E0A00F550FA6E0800F550F96E34102B
:101DA0007C1852185A10FC1760141215AE116012EC
:101DB0001213BE13C2157A163217EA17981A481B67
:101DC000F81BA81CF2CFD2F8F29E636ACFC862FF5C
:101DD0007F9C7F9E7F8061500801D2BFF28ED36FBF
:101DE000010ECF25D46FF2CFD5F8F29E636AD4C826
:101DF00062FF7F9C7F9E7F806150D5BFF28ED46F43
:101E0000D3C8D1F8D4C8D0F8D02BD8B4D12BD1C8EE
:101E1000D2F8F250006EF29E636ACFC862FFD2C859
:101E200061FF7F9C7F9E7F840F01550E7E6EAA0E00
:101E30007E6E7F820050F2127FB2FED77F9408013F
:101E4000D86B640ED76F000147EC08F0010E080153
:101E5000CF25D26FD0C8D3F8F250006EF29E636ADD
:101E6000D2C862FFD3C861FF7F9C7F9E7F840F0131
:101E7000550E7E6EAA0E7E6E7F820050F2127FB2E9
:101E8000FED77F940801D86B640ED76F000147EC32
:101E900008F00501E7510801CF25D26FF2CFD3F842
:101EA000F29E636AD2C862FF7F9C7F9E7F806150F2
:101EB000D3BFF28ED26F0501E7510801CF25010F84
:101EC000D46FF2CFD5F8F29E636AD4C862FF7F9CCC
:101ED0007F9E7F806150D5BFF28ED46FD2C8D1F87B
:101EE000D4C8D0F8D02BD8B4D12B0501E7510801C4
:101EF000CF25D26FD1C8D3F8F250006EF29E636A3C
:101F0000D2C862FFD3C861FF7F9C7F9E7F840F0190
:101F1000550E7E6EAA0E7E6E7F820050F2127FB248
:101F2000FED77F940801D86B640ED76F000147EC91
:101F300008F00501E7510801CF25010FD26FD0C885
:101F4000D3F8F250006EF29E636AD2C862FFD3C823
:101F500061FF7F9C7F9E7F840F01550E7E6EAA0ECF
:101F60007E6E7F820050F2127FB2FED77F9408010E
:101F7000D86B640ED76F000147EC08F01200010126
:101F80009A6B996B986B976B0701076BD4C8E5F850
:101F9000D5C8E6F80001A8EC7EF00601FE6BFD6BEB
:101FA000FC6BFB6B58B81AD0FE5318E1FD510808C2
:101FB00015E307E1FC51640811E303E1FB517008EC
:101FC0000DE3010EFB27D8B0FC2BD8B4FD2BD8B401
:101FD000FE2B000144EC08F00601E4D75898FE53AC
:101FE0000DE1FD5107086FE2FF0A08E1FC516308AB
:101FF0006AE2FF0A03E1FB516F0865E20701072B64
:10200000075105085DE2010E0801D66F00015CEC86
:1020100008F00701076BCD0E00016B6F09010B6B18
:102020006BC00AF90D6B040E0C6F0001FFEC0BF096
:1020300002C003F00150860F006E020E0220016EF6
:10204000026AD8B0002A036A02C0D8F8E8CFD7F8ED
:1020500000C0D6F8EA6E00C0E9FF41EC01F001C013
:102060007EF06C696B6B0101AA6BA96BA86BA76B07
:1020700009010B6B6BC00AF90D6B040E0C6F0001AC
:10208000FFEC0BF002C003F00150860F006E020E51
:102090000220016E026AD8B0002A036A02C0D8F892
:1020A000E8CFD7F800C0D6F8EA6E00C0E9FF41ECEF
:1020B00001F001C07EF00601F783F46B03D0070145
:1020C0000601F7930CD0000104EC88F00150DD0804
:1020D00004E10601F783010E02D00601F793F7B37E
:1020E00002D0070153D700011200EACFE6F8E9CF8A
:1020F000E5F80801DF39F009E16FE127E20FE26F4F
:10210000320FE46FDF510F0BE227E227E427E90FDC
:10211000E36FE327E327DE390F0BE327E427E337F9
:10212000E437E41FE437DE510F0BE427E137070EF5
:10213000E06F0A0EE307E427FDE3E207E327FDE390
:10214000E107E227FDE3E007E127FDE3080EEA6E81
:10215000E00EE96E070EE515E59DE926000EEA2280
:10216000E950E40804E1EA50080801E1E58DEF5088
:10217000006E08E1E5BD06D0E5B90CD0E5B702D0A8
:10218000200E03D0E587E599300E002600509EA86A
:10219000FED7AD6EEE50E5ADE3D700011200E95079
:1021A0000801ED6FEC51EF6F23E01B6AF2BE1B8E4E
:1021B000F29EEBC87BF9EAC87AF9E9C879F9E8C870
:1021C00078F909017F6B7E6B200E7D6F820E7C6F2C
:1021D0000001FCEC05F01BBEF28E03C0EBF802C060
:1021E000EAF801C0E9F800C0E8F80801EF2FDDD7F0
:1021F000EBC810F9EAC80FF9E9C80EF9E8C80DF9FB
:10220000000164EC17F003C0EBF802C0EAF801C06B
:10221000E9F800C0E8F80801EBAF0DD0ED07ED8B51
:10222000E81FE91FEA1FEB1FE82BD8B4E92BD8B44D
:10223000EA2BD8B4EB2B3B0EF46F9A0EF36FCA0E59
:10224000F26FF16B0A0EEF6FEC51D8B4ED2BD88220
:10225000080EEA6EE80EE96EEBC813F9EAC812F947
:10226000E9C811F9E8C810F9F4C817F9F3C816F964
:10227000F2C815F9F1C814F9000177EC0AF0015021
:10228000005213E10801EC29EF5DD8A402D000014F
:102290000CD0ED510DE00F0BEF5D01E03CE2EDBF26
:1022A0003AD0EDBD05D0200E31D0200E0801ED173B
:1022B000EDAB0DD0ED9BEC51D8A4ED070050ED6FC8
:1022C0002D0E9EA8FED7AD6EED51006EED6BEC515C
:1022D000EF5D0BE10050ED6F2E0E9EA8FED7AD6EA8
:1022E000ED51006E200EED17000E300EEDAB0ED04E
:1022F000ED9BEC51D8A4ED070050ED6F2D0E9EA87C
:10230000FED7AD6EED51006EED6B300E0026005025
:102310009EA8FED7AD6ED892F4C813F9F3C812F98F
:10232000F2C811F9F1C810F90901176B166B156B9A
:102330000A0E146F000177EC0AF003C0F4F802C033
:10234000F3F801C0F2F800C0F1F80801EF2F7FD7D1
:10235000000112000801CE6BD06BCF6B0001E8EFDB
:102360007FF002C0D2F801C0D1F8100EE96E02C0B1
:10237000DFF801C0DEF8B9DE2C0E9EA8FED7AD6EE8
:102380007B0E0801CE6FD06B2D0ECF6FD053D8A42B
:102390007DD0CF513D08D8A079D0F2CFD1F8F29EB0
:1023A000D0C863FFCFC862FF7F9C7F9E7F80615053
:1023B000D1BFF28ED26F010ECF25D36F000ED02188
:1023C000D46FF2CFD5F8F29ED4C863FFD3C862FFB2
:1023D0007F9C7F9E7F806150D5BFF28ED36FD2C825
:1023E000D7F8D3C8D6F80501E7510801CF25D86F33
:1023F000000ED021D96FF2CFD4F8F29ED9C863FF76
:10240000D8C862FF7F9C7F9E7F806150D4BFF28ED0
:10241000D86F0501E7510801CF25D96F000ED021F3
:10242000DA6F010ED927000EDA23F2CFDBF8F29E25
:10243000DAC863FFD9C862FF7F9C7F9E7F806150AE
:10244000DBBFF28ED96FD8C8DDF8D9C8DCF8100E22
:10245000E96ED7C8DFF8D6C8DEF8000146DE2C0EDC
:102460009EA8FED7AD6E100EE96EDDC8DFF8DCC8A1
:10247000DEF83BDE2C0E9EA8FED7AD6E0801CE51D5
:10248000CE2B020ECF27000ED02380D7840ECE6F26
:10249000D06B3F0ECF6FD053D8A43AD1CF5147085D
:1024A000D8A036D1F2CFD1F8F29ED0C863FFCFC802
:1024B00062FF7F9C7F9E7F806150D1BFF28ED26F82
:1024C000010ECF25D36F000ED021D46FF2CFD5F8F7
:1024D000F29ED4C863FFD3C862FF7F9C7F9E7F803B
:1024E0006150D5BFF28ED36F020ECF25D66F000E8E
:1024F000D021D76FF2CFD4F8F29ED7C863FFD6C8E9
:1025000062FF7F9C7F9E7F806150D4BFF28ED66F2A
:10251000030ECF25D76F000ED021D86FF2CFD9F898
:10252000F29ED8C863FFD7C862FF7F9C7F9E7F80E2
:102530006150D9BFF28ED76FD2C8DBF8D3C8DAF8B2
:10254000D6C8D9F8D7C8D8F8DBC8FBF8DAC8FAF883
:10255000D9C8F9F8D8C8F8F80001EFEC0AF003C0C0
:1025600026F902C025F901C024F900C023F90901A8
:102570002A6B296B700E286F840E276F00010BECFD
:102580000BF003C0DBF802C0DAF801C0D9F800C0D4
:10259000D8F80501E7510801CF25DC6F000ED021E6
:1025A000DD6FF2CFDEF8F29EDDC863FFDCC862FFAC
:1025B0007F9C7F9E7F806150DEBFF28EDC6F0501C5
:1025C000E7510801CF25DF6F000ED021E06F010E2B
:1025D000DF27000EE023F2CFDDF8F29EE0C863FFB4
:1025E000DFC862FF7F9C7F9E7F806150DDBFF28EDF
:1025F000DF6F0501E7510801CF25E06F000ED02104
:10260000E16F020EE027000EE123F2CFE2F8F29E26
:10261000E1C863FFE0C862FF7F9C7F9E7F806150BE
:10262000E2BFF28EE06F0501E7510801CF25E36FAD
:10263000000ED021E46F030EE327000EE423F2CF57
:10264000E1F8F29EE4C863FFE3C862FF7F9C7F9ECF
:102650007F806150E1BFF28EE36FDCC8E7F8DFC82E
:10266000E6F8E0C8E5F8E3C8E4F8E7C8FBF8E6C830
:10267000FAF8E5C8F9F8E4C8F8F80001EFEC0AF058
:1026800003C026F902C025F901C024F900C023F9CE
:1026900009012A6B296B700E286F840E276F0001C9
:1026A0000BEC0BF003C0E7F802C0E6F801C0E5F858
:1026B00000C0E4F8040EE96EDBC8EBF8DAC8EAF80B
:1026C000D9C8E9F8D8C8E8F8010E0801EC6F000194
:1026D00066DD2C0E9EA8FED7AD6E040EE96EE7C82F
:1026E000EBF8E6C8EAF8E5C8E9F8E4C8E8F8010E4E
:1026F0000801EC6F000153DD2C0E9EA8FED7AD6ED5
:102700000801CE51CE2B040ECF27000ED023C3D606
:1027100000010EEF94F00150D3C809F9640E0901CD
:102720000A6F000102EC10F000C0D3F80150300E27
:1027300008E10801D4A30ED0D4B70CD0D4B9200E30
:1027400004D00801D497D499D481012601509EA8C1
:10275000FED7AD6ED3C809F90A0E09010A6F000150
:1027600002EC10F000C0D3F80150300E08E108016F
:10277000D4B70BD0D4A109D0D4B9200E00010126C2
:1027800001509EA8FED7AD6E0801300ED327D3515D
:102790009EA8FED7AD6E00011200010E0801CE6F9B
:1027A000CE51150837E3F2CFCFF8F29E636ACEC858
:1027B00062FF7F9C7F9E7F806150CFBFF28ED06F83
:1027C0000501E6510801CE25D16FF2CFD2F8F29E75
:1027D000636AD1C862FF7F9C7F9E7F806150D2BFB9
:1027E000F28ED16FD0C8D3F81B0ED46F000193DFE7
:1027F0002C0E9EA8FED7AD6ED1C8D3F81B0E0801D3
:10280000D46F000188DF2C0E9EA8FED7AD6E0801A4
:10281000CE2BC6D700010FEF94F09CD5BED7100E7B
:10282000E96E8EC1DFF88DC1DEF85FDC2C0E9EA84C
:10283000FED7AD6E100EE96E4BC0DFF84AC0DEF871
:1028400054DC2C0E9EA8FED7AD6E100EE96E4DC066
:10285000DFF84CC0DEF849DC2C0E9EA8FED7AD6E2A
:102860009CEFF3F00801CE6BCF6BCF51170830E32C
:10287000B60ECF25D06F030ED16FD8B0D12BD1C8F3
:10288000DDF8D0C8DCF8000114EC09F001C0CEF886
:102890000801CE3D12D0CE6BB60ECF25D06F030E01
:1028A000D16FD8B0D12BD1C8DBF8D0C8DAF8CEC8F8
:1028B000DCF8000150EC09F00801036ACF51A70FC2
:1028C000E96E000E0320EA6ECEC8EFFFCF2BCDD706
:1028D0000001B2EFF3F051A8A0D06B518D080EE0CB
:1028E0006B518E080BE06B51B50808E06B5179080D
:1028F00005E06B51830802E0875347E024EC0CF0BD
:102900000901036B490E026F080E046F410E056F3B
:10291000010E066F076B0001F3EC0EF00901036B6B
:102920004A0E026F080E046F500E056F010E066FFF
:10293000076B0001F3EC0EF0FA0E6C6F54EC6DF0C7
:10294000875307E0070E876F896BF7EC6CF0876B96
:102950001CD06B51780807E26B51810804E339EC15
:102960006DF0589E12D06B51820809E26B518B08B2
:1029700006E3F6EC50F00601F79108D000016B5128
:10298000B40803E283EC6BF0589C0601000191EC63
:102990006DF0020E0801D66F00015CEC08F0BA0E73
:1029A000006E050E016E026A036A0801D06BCF6FDC
:1029B000BA0ECE6FCFC8EAFFCEC8E9FF000141ECE6
:1029C00001F001C07EF051986C696B6B0101AA6B3C
:1029D000A96BA86BA76B518C09010B6B6BC00AF933
:1029E0000D6B040E0C6F0001FFEC0BF002C003F046
:1029F0000150860F0801CE6F020E0220CF6FD06B00
:102A0000D8B0CE2BCFC8EAFFCEC8E9FF000141EC19
:102A100001F001C07EF00601F46B0001DFEFF3F07E
:102A20000801E76BE86BCFC8E9F800016BEC48F0F0
:102A3000010E0801E76FE86FCFC8E9F800016BEC01
:102A400048F012000801E76B010EE86FCFC8E9F803
:102A500000016BEC48F0010E0801E76FE86BCFC88E
:102A6000E9F800016BEC48F012000101CA6BC96B78
:102A7000010EC86F2C0EC76F1B6AF2BE1B8EF29E32
:102A8000010E09016F6F0001EFEC03F01BBEF28E27
:102A900012000101CA6BC96B020EC86FEE0EC76F40
:102AA0001B6AF2BE1B8EF29E010E09016F6F0001C0
:102AB000EFEC03F01BBEF28E03EF9AF00101CA6B3C
:102AC000C96B050EC86FDC0EC76F1B6AF2BE1B8E8A
:102AD000F29E010E09016F6F0001EFEC03F01BBEC7
:102AE000F28E18EF9AF058A819EF9AF044EC08F01B
:102AF0000400589801019A6B996B986B976B0001D1
:102B000004EC88F00150DD08D8A419EF9AF044ECE9
:102B100008F0518C0601F5510F0A00010EE01F0A62
:102B2000D8B48EEF99F0130AD8B4ECEF99F0120AEA
:102B3000D8B419EF9AF019EF9AF00601F95303E1AE
:102B4000FA53D8B445D3F951010B006E036A005013
:102B5000031013E05080000187A105D0020E080188
:102B6000CF6F00015DDF0601FF5306E18F0E00010C
:102B70006B6F0701006B06010ED050900001872D8E
:102B800001D003D08751080805E1020E0801CF6F7C
:102B9000000158DF0601F951020B006E036A005074
:102BA000031050E05082FF530BE1010E0801CF6F7C
:102BB000000136DF8F0E6B6F0701016B41D00601FC
:102BC000FF51020818E17B0E00016B6F000E4FB839
:102BD000010E036A740FE96E000E0320EA6EEF52D5
:102BE00003E00701046B0001030E0801CF6F000131
:102BF00017DF25D00601FF5103080FE17B0E00010E
:102C00006B6F765303E00701046B0001030E0801AC
:102C1000CF6F000105DF13D00601FF5104080FE15B
:102C2000850E00016B6FC05302E1C15303E0070141
:102C3000046B0001030E0801CF6F0001F1DE0701F4
:102C40001ED00601509200018751020811E00601D2
:102C5000FF510308D8A402D000010AD0FF51020896
:102C6000D8A402D0000104D0FF51040807E10001FC
:102C7000010E0801CF6F0001E5DE06010701060124
:102C8000F951040B006E036A0050031022E05084D7
:102C90000801E76BE86BE96B00016BEC48F0010E93
:102CA0000801E76FE86FE96B00016BEC48F0060183
:102CB000FF5307E18F0E00016B6F0701026B07D016
:102CC0000601FF2D03D0B70E00016B6F070110D076
:102CD0000601509400018751040804E00601FF2D0D
:102CE00006D000010801CF6B0001ACDE0601070130
:102CF0000601F951400B006E036A0050031060E0BA
:102D00000F0E0801D66F00015CEC08F00F0ECA6FC1
:102D1000CE0E6B6F050E0801E56F0F0EE66F00011A
:102D2000A8EC7EF009010B6B6BC00AF90D6B040E69
:102D30000C6F0001FFEC0BF002C003F00150860F96
:102D4000006E020E0220016E026AD8B0002A036AE9
:102D500002C0D1F8E8CFD0F800C0CFF8EA6E00C0CA
:102D6000E9FF41EC01F001C07EF06B6B0101AA6B41
:102D7000A96BA86BA76B518C09010B6B6BC00AF98F
:102D80000D6B040E0C6F0001FFEC0BF002C003F0A2
:102D90000150860F006E020E0220016E026AD8B04A
:102DA000002A036A02C0D1F8E8CFD0F800C0CFF8FB
:102DB000EA6E00C0E9FF41EC01F001C07EF00601BF
:102DC000F951800B006E036A0050031060E0100E92
:102DD0000801D66F00015CEC08F0100ECA6FCE0E31
:102DE0006B6F050E0801E56F0F0EE66F0001A8EC92
:102DF0007EF009010B6B6BC00AF90D6B040E0C6FB2
:102E00000001FFEC0BF002C003F00150860F006ED2
:102E1000020E0220016E026AD8B0002A036A02C0C4
:102E2000D1F8E8CFD0F800C0CFF8EA6E00C0E9FFD3
:102E300041EC01F001C07EF06B6B0101AA6BA96B44
:102E4000A86BA76B518C09010B6B6BC00AF90D6B5A
:102E5000040E0C6F0001FFEC0BF002C003F00150F8
:102E6000860F006E020E0220016E026AD8B0002AA0
:102E7000036A02C0D1F8E8CFD0F800C0CFF8EA6EFC
:102E800000C0E9FF41EC01F001C07EF00601000B3B
:102E9000006EFA51010B036E0050031060E0110E3A
:102EA0000801D66F00015CEC08F0110ECA6FCE0E5F
:102EB0006B6F050E0801E56F0F0EE66F0001A8ECC1
:102EC0007EF009010B6B6BC00AF90D6B040E0C6FE1
:102ED0000001FFEC0BF002C003F00150860F006E02
:102EE000020E0220016E026AD8B0002A036A02C0F4
:102EF000D1F8E8CFD0F800C0CFF8EA6E00C0E9FF03
:102F000041EC01F001C07EF06B6B0101AA6BA96B73
:102F1000A86BA76B518C09010B6B6BC00AF90D6B89
:102F2000040E0C6F0001FFEC0BF002C003F0015027
:102F3000860F006E020E0220016E026AD8B0002ACF
:102F4000036A02C0D1F8E8CFD0F800C0CFF8EA6E2B
:102F500000C0E9FF41EC01F001C07EF00601000B6A
:102F6000006EFA51100B036E0050031060E0120E59
:102F70000801D66F00015CEC08F0120ECA6FCE0E8D
:102F80006B6F050E0801E56F0F0EE66F0001A8ECF0
:102F90007EF009010B6B6BC00AF90D6B040E0C6F10
:102FA0000001FFEC0BF002C003F00150860F006E31
:102FB000020E0220016E026AD8B0002A036A02C023
:102FC000D1F8E8CFD0F800C0CFF8EA6E00C0E9FF32
:102FD00041EC01F001C07EF06B6B0101AA6BA96BA3
:102FE000A86BA76B518C09010B6B6BC00AF90D6BB9
:102FF000040E0C6F0001FFEC0BF002C003F0015057
:10300000860F006E020E0220016E026AD8B0002AFE
:10301000036A02C0D1F8E8CFD0F800C0CFF8EA6E5A
:1030200000C0E9FF41EC01F001C07EF00601000B99
:10303000006EFA51200B036E0050031060E0130E77
:103040000801D66F00015CEC08F0130ECA6FCE0EBB
:103050006B6F050E0801E56F0F0EE66F0001A8EC1F
:103060007EF009010B6B6BC00AF90D6B040E0C6F3F
:103070000001FFEC0BF002C003F00150860F006E60
:10308000020E0220016E026AD8B0002A036A02C052
:10309000D1F8E8CFD0F800C0CFF8EA6E00C0E9FF61
:1030A00041EC01F001C07EF06B6B0101AA6BA96BD2
:1030B000A86BA76B518C09010B6B6BC00AF90D6BE8
:1030C000040E0C6F0001FFEC0BF002C003F0015086
:1030D000860F006E020E0220016E026AD8B0002A2E
:1030E000036A02C0D1F8E8CFD0F800C0CFF8EA6E8A
:1030F00000C0E9FF41EC01F001C07EF00601000BC9
:10310000006EFA51400B036E0050031060E0140E85
:103110000801D66F00015CEC08F0140ECA6FCE0EE9
:103120006B6F050E0801E56F0F0EE66F0001A8EC4E
:103130007EF009010B6B6BC00AF90D6B040E0C6F6E
:103140000001FFEC0BF002C003F00150860F006E8F
:10315000020E0220016E026AD8B0002A036A02C081
:10316000D1F8E8CFD0F800C0CFF8EA6E00C0E9FF90
:1031700041EC01F001C07EF06B6B0101AA6BA96B01
:10318000A86BA76B518C09010B6B6BC00AF90D6B17
:10319000040E0C6F0001FFEC0BF002C003F00150B5
:1031A000860F006E020E0220016E026AD8B0002A5D
:1031B000036A02C0D1F8E8CFD0F800C0CFF8EA6EB9
:1031C00000C0E9FF41EC01F001C07EF006019DD096
:1031D000FF53D8A46DD00001875368E08D0E6B6F4C
:1031E000509050925094010E875DF20F5FE20E0FE7
:1031F0001BEF9AF0020E0801CF6F000123DC56D0BE
:10320000010E0801CF6F00011DDC50D00801CF6B0B
:10321000000118DC4BD0020E0801CF6F000112DC58
:10322000010E0801CF6F00010DDC40D0010E080136
:10323000CF6F000107DC0801CF6B000103DC36D043
:10324000020E0801CF6F000122EC95F00801CF6B50
:10325000000122EC95F02AD0020E0801CF6F000188
:1032600022EC95F0010E0801CF6F000122EC95F0E1
:103270000801CF6B000122EC95F018D0010E080177
:10328000CF6F000122EC95F011D00801CF6B000147
:1032900022EC95F00BD0010E0801CF6F000122EC5B
:1032A00095F00801CF6B000122EC95F02DD00601BE
:1032B000FF51020803E0FF5103080CE1790E000101
:1032C0006B6F5092030E0801CF6F000122EC95F056
:1032D0001BD00601FF2D0BD0B50E00016B6F509473
:1032E0000801CF6B000122EC95F00ED00601FF51D2
:1032F00004080BE1830E00016B6F5092030E08016E
:10330000CF6F000122EC95F00601050E0801E56F74
:103310000F0EE66F0001A8EC7EF08BD064532AE11B
:103320000101926B916B906B8F6B00016B5179086F
:1033300006E06B51830803E06B51B5080BE1010116
:10334000475302E1485304E04751D8B448074707C0
:1033500012D000016B518D080DE1D8908235036ABF
:10336000470FE96E010E0320EA6EFF0EEF2602E220
:10337000EE52ED0601019AC8CFF8036A0801CF5159
:10338000920FD06F080E0320D16FD1C8E2FFD0C8D2
:10339000E1FFE6CFCEF89AC8CFF8036ACF51E96EC5
:1033A000070E0324EA6ECEC8EFFF99C864F09AC8EE
:1033B000CFF8036ACF51E96E070E0324EA6EEF528D
:1033C00004E0000135EC95F00801CF6BCFC899F807
:1033D0005182569200012DD00601F7AD16D008019A
:1033E000E76B010EE86F020EE96F00016BEC48F02D
:1033F000010E0801E76FE86B020EE96F00016BEC4C
:1034000048F049EF95F014D006010801E76BE86B2E
:10341000020EE96F00016BEC48F0010E0801E76F46
:10342000E86F020EE96F00016BEC48F05EEF95F07B
:1034300000D0E7EFF3F0E824F76AF736570FF66E9F
:10344000340EF722010EF86EFB6E0A00F550FA6E8C
:103450000800F550F96EF431003216320C32403269
:103460002C325832AC32AC327C32AC328A32AC3292
:103470009632569C56BE568C569E84A0568E000E92
:1034800056BE010E016EE9EFF3F077EC6FF00152DA
:103490000DE1040E0801D66F00015CEC08F0000E8F
:1034A00058B4010E01095894E8B0588475EC74F0D2
:1034B00001520DE1050E0801D66F00015CEC08F029
:1034C000000E58B4010E02095894E8B05884120056
:1034D0000801CE51040817E1036A07015151270F73
:1034E000E96E070E0320EA6ECEC8EFFF5151512B53
:1034F000036A3B0FE96E070E0320EA6ECFC8EFFFA9
:10350000502B1DD00801CEC801F900015AEC46F03D
:10351000015216E1036A07015151270FE96E070EA8
:103520000320EA6ECEC8EFFF5151512B036A3B0FC7
:10353000E96E070E0320EA6ECFC8EFFF502B0001A3
:1035400012000801CE6BCE51030813E3E76BE86B62
:10355000CEC8E9F800016BEC48F00801E76B010EFA
:10356000E86FCEC8E9F800016BEC48F00801CE2BFB
:10357000EAD700011200F2CFD3F8F29E636ACEC8F8
:1035800062FF7F9C7F9E7F8061500801D3BFF28ED7
:10359000D46F010ECE25D56FF2CFD6F8F29E636AB6
:1035A000D5C862FF7F9C7F9E7F806150D6BFF28E20
:1035B000D56F020ECE25D76FF2CFD8F8F29E636A90
:1035C000D7C862FF7F9C7F9E7F806150D8BFF28EFC
:1035D000D76F030ECE25D96FF2CFDAF8F29E636A69
:1035E000D9C862FF7F9C7F9E7F806150DABFF28ED8
:1035F000D96FD4C8D2F8D5C8D1F8D7C8D0F8D9C8AF
:10360000CFF8010ECF27D8B0D02BD8B4D12BD8B457
:10361000D22BD2C8D3F8F250006EF29E636ACEC8A5
:1036200062FFD3C861FF7F9C7F9E7F840F01550E90
:103630007E6EAA0E7E6E7F820050F2127FB2FED79F
:103640007F940801D86B640ED76F000147EC08F037
:10365000010E0801CE25D36FD1C8D4F8F250006E08
:10366000F29E636AD3C862FFD4C861FF7F9C7F9ECD
:103670007F840F01550E7E6EAA0E7E6E7F820050F3
:10368000F2127FB2FED77F940801D86B640ED76F19
:10369000000147EC08F0020E0801CE25D36FD0C818
:1036A000D4F8F250006EF29E636AD3C862FFD4C8A9
:1036B00061FF7F9C7F9E7F840F01550E7E6EAA0E58
:1036C0007E6E7F820050F2127FB2FED77F94080197
:1036D000D86B640ED76F000147EC08F0030E0801A9
:1036E000CE25D36FCFC8D4F8F250006EF29E636A35
:1036F000D3C862FFD4C861FF7F9C7F9E7F840F0187
:10370000550E7E6EAA0E7E6E7F820050F2127FB240
:10371000FED77F940801D86B640ED76F000147EC89
:1037200008F00501E7510801CE25D36FF2CFD4F898
:10373000F29E636AD3C862FF7F9C7F9E7F80615048
:10374000D4BFF28ED36F0501E7510801CE25010FDA
:10375000D56FF2CFD6F8F29E636AD5C862FF7F9C20
:103760007F9E7F806150D6BFF28ED56F0501E751F5
:103770000801CE25020FD76FF2CFD8F8F29E636A08
:10378000D7C862FF7F9C7F9E7F806150D8BFF28E3A
:10379000D76F0501E7510801CE25030FD96FF2CF8E
:1037A000DAF8F29E636AD9C862FF7F9C7F9E7F80B1
:1037B0006150DABFF28ED96FD3C8D2F8D5C8D1F82C
:1037C000D7C8D0F8D9C8CFF8010ECF27D8B0D02BA2
:1037D000D8B4D12BD8B4D22B0501E7510801CE259E
:1037E000D36FD2C8D4F8F250006EF29E636AD3C889
:1037F00062FFD4C861FF7F9C7F9E7F840F01550EBE
:103800007E6EAA0E7E6E7F820050F2127FB2FED7CD
:103810007F940801D86B640ED76F000147EC08F065
:103820000501E7510801CE25010FD36FD1C8D4F8A7
:10383000F250006EF29E636AD3C862FFD4C861FF83
:103840007F9C7F9E7F840F01550E7E6EAA0E7E6E3A
:103850007F820050F2127FB2FED77F940801D86BAE
:10386000640ED76F000147EC08F00501E75108012D
:10387000CE25020FD36FD0C8D4F8F250006EF29E5E
:10388000636AD3C862FFD4C861FF7F9C7F9E7F8438
:103890000F01550E7E6EAA0E7E6E7F820050F212D0
:1038A0007FB2FED77F940801D86B640ED76F0001FA
:1038B00047EC08F00501E7510801CE25030FD36F4F
:1038C000CFC8D4F8F250006EF29E636AD3C862FF8C
:1038D000D4C861FF7F9C7F9E7F840F01550E7E6E52
:1038E000AA0E7E6E7F820050F2127FB2FED77F94C6
:1038F0000801D86B640ED76F000147EC08F0120086
:103900000801CE51FC0F34E2040F0001BAEF9CF025
:10391000879189910801E76BE86B020EE96F00015E
:103920006BEC48F0080124D0879389930801E76B7A
:10393000E86B010EE96F00016BEC48F0080118D04C
:10394000879589950801E76BE86BE96B00016BECE3
:1039500048F008010DD0879789970801E76BE86B5D
:10396000020EE96F00016BEC48F0080101D008017C
:1039700000011200E824F76AF736950FF66E390E4B
:10398000F722010EF86EFB6E0A00F550FA6E080081
:10399000F550F96E10392839403956390801D56B80
:1039A000D46BD36BD26B1B6AF2BE1B8EF29ECFC858
:1039B00079F9CEC878F90001E1EC05F01BBEF28E72
:1039C00003C0D9F802C0D8F801C0D7F800C0D6F8B3
:1039D0001B6AF2BE1B8EF29ED1C879F9D0C878F965
:1039E000E1EC05F01BBEF28E1B6AF2BE1B8EF29E4E
:1039F000D9C87BF9D8C87AF9D7C879F9D6C878F97F
:103A000003C07FF902C07EF901C07DF900C07CF9D6
:103A1000FCEC05F01BBEF28E03C0D9F802C0D8F84A
:103A200001C0D7F800C0D6F803C026F902C025F9B6
:103A300001C024F900C023F909012A6B240E296F63
:103A4000740E286F920E276F00010BEC0BF003C071
:103A5000D5F802C0D4F801C0D3F800C0D2F8D5C858
:103A600010F9D4C80FF9D3C80EF9D2C80DF964EC17
:103A700017F012000801D56BD46BD36BD26B1B6AA5
:103A8000F2BE1B8EF29ECFC879F9CEC878F900013C
:103A9000E1EC05F01BBEF28E03C0D9F802C0D8F8E5
:103AA00001C0D7F800C0D6F81B6AF2BE1B8EF29E8A
:103AB000D1C879F9D0C878F9E1EC05F01BBEF28ED7
:103AC0001B6AF2BE1B8EF29ED9C87BF9D8C87AF960
:103AD000D7C879F9D6C878F903C07FF902C07EF952
:103AE00001C07DF900C07CF9FCEC05F01BBEF28E34
:103AF00003C0D9F802C0D8F801C0D7F800C0D6F882
:103B000003C026F902C025F901C024F900C023F939
:103B100009012A6B240E296F740E286F920E276FED
:103B200000010BEC0BF003C0D5F802C0D4F801C0C3
:103B3000D3F800C0D2F8D5C826F9D4C825F9D3C81F
:103B400024F9D2C823F909012A6B296B286B800E4E
:103B5000276F00010BEC0BF003C0D5F802C0D4F8BE
:103B600001C0D3F800C0D2F8D5C810F9D4C80FF9F5
:103B7000D3C80EF9D2C80DF964EC17F01200010198
:103B800092530DE19151070821E2FF0A08E190519B
:103B90003C081CE2FF0A03E18F515F0817E29253D1
:103BA0000DE1915108080EE2FF0A08E19051260844
:103BB00009E2FF0A03E18F51BF0804E2020E016E21
:103BC00007D003D0010E016E03D002D0000E016EAB
:103BD0000001E1EFFEF00101CA6BC96BC86B640E16
:103BE000C76F1B6AF2BE1B8EF29E010E09016F6F3A
:103BF0000001EFEC03F01BBEF28E03EF9EF051AE1E
:103C000028D0519EE8D744EC08F0875318E16B5157
:103C10008D0815E06B518E0812E06B51B5080FE06E
:103C20006B5179080CE06B51830809E06B51C808AF
:103C300006E00101926B916B906B8F6B00016B51F1
:103C4000C80804E16A51050801E06A6BF094F08A43
:103C5000F19632EFFFF00101AA5318E1A95316E1E2
:103C6000A85314E1A751130811E3AAC103F0A9C195
:103C700002F0A8C101F0A7C100F0010EA727D8B03B
:103C8000A82BD8B4A92BD8B4AA2B06D0020EA727EC
:103C9000000EA823A923AA23000112006A2D07EF12
:103CA000AAF0518C010E7D6F4E8E44EC08F06B51E2
:103CB0008D0807E06B51790804E06B518308D8A4A4
:103CC00016D26B517908D8A4ECD085C862F0625145
:103CD000615D07E1010148531EE1475102081BE302
:103CE0000001000E4FB8010E006ED8900036005053
:103CF000036A130FE96E010E0320EA6EECCFCFF8D2
:103D0000ED52EFCFCEF80801CE53D8A4C8D0CF5390
:103D1000D8A4C5D0010100016153D8A496D00701F1
:103D20000453D8B490D0000196DF0701215306E078
:103D300001018A6B640E896F05D0070101018A6B4E
:103D4000C80E896FAA5309E1A95307E18A51A85DFA
:103D50000FE303E18951A75D0BE3AA6BA96B8AC14D
:103D6000A8F189C1A7F15582000100EC80F00101A2
:103D7000000E4FB8010E006ED89000360050036A56
:103D80000F0FE96E010E0320EA6EA7C1EFFFA8C175
:103D9000ECFF000E4FB8010E006ED89000360050B8
:103DA000036A0F0FE96E010E0320EA6EECCF0BF9E8
:103DB000ED52EFCF0AF909010D6B320E0C6F0001C5
:103DC000FFEC0BF002C05EF101C05DF157AA38D0E4
:103DD000000E4FB8010E006ED89000360050036AF6
:103DE000130FE96E010E0320EA6EECCFCFF8ED520F
:103DF000EFCFCEF80801CE5302E1CF5322E0000E00
:103E00004FB8010E006ED89000360050036A0F0FB5
:103E1000E96E010E0320EA6EECCFF3F8ED52EFCF1E
:103E2000F2F89EC1F1F89DC1F0F89CC1EFF89BC17A
:103E3000EEF8000113EC19F002C048F101C047F19F
:103E400008014F8207012AD0000105DF0101AA53B2
:103E50000AE1A95308E1A851000817E2FF0A03E1AB
:103E6000A751210812E20001612D01D002D0010109
:103E70000CD00101AA6BA96B010EA86F220EA76FCF
:103E80005582000100EC80F00101A8C10CF1A7C12E
:103E90000BF14F82010E0001646F0701080124D16C
:103EA00000016B518308D8A4BDD00101485309E13A
:103EB0004751150806E37F53D8A4B1D08053D8A446
:103EC000AED007010453D8B4ABD00001C4DE1B6AE6
:103ED000F2BE1B8EF29EC6C07BF9C5C07AF9C4C083
:103EE00079F9C3C078F977EC06F01BBEF28E02C0F8
:103EF000CFF801C0CEF802C00BF901C00AF90901E0
:103F00000D6B3A0E0C6F0001FFEC0BF002C02EF1AE
:103F100001C02DF101012E51020824E2FF0A03E144
:103F20002D51E7081FE22EC111F92DC110F9090129
:103F3000136B640E126F000141EC17F002C02EF1FA
:103F400001C02DF12EC10BF92DC10AF909010D6B2C
:103F5000640E0C6F0001FFEC0BF002C02EF101C0EB
:103F60002DF101012EC111F92DC110F90901136BB9
:103F7000320E126F000141EC17F002C02EF101C0A9
:103F80002DF101012E5303E12D51630803E22E6B45
:103F9000640E2D6FAA5309E1A95307E12E51A85DC4
:103FA0000FE303E12D51A75D0BE3AA6BA96B2EC1B3
:103FB000A8F12DC1A7F15582000100EC80F00101AC
:103FC000A8C17EF1A7C17DF17EC10BF97DC10AF9BF
:103FD00009010D6B320E0C6F0001FFEC0BF002C0FB
:103FE00060F101C05FF157AC18D001017F5302E1CD
:103FF000805314E0A2C1F1F8A1C1F0F8A0C1EFF81C
:104000009FC1EEF87EC1F3F87DC1F2F8000113EC18
:1040100019F002C048F101C047F101014F820701C8
:1040200062D0000182C0E9FF070EEA6EEF525BE04A
:10403000D8908235036A470FE96E010E0320EA6EBD
:10404000ECCFCFF8ED52EFCFCEF80801CF5306E119
:10405000CE510208D8A002D0000145D0D89000016E
:104060008235036A390FE96E010E0320EA6E010101
:10407000AA6BA96BECCFA8F1ED52EFCFA7F1020E1E
:10408000A727000EA823A923AA23AA530AE1A9530C
:1040900008E1A851000819E2FF0A03E1A75121082D
:1040A00014E2AA6BA96B010EA86F220EA76F82C043
:1040B000E9F8010E0801EA6FEC6B550EEB6F000199
:1040C000BCEC08F000EC80F00101D89000018235D2
:1040D000036A390FE96E010E0320EA6EA7C1EFFFF4
:1040E000A8C1ECFF4F820801F2EFA9F000016B516B
:1040F000B50848E1010E0101A727D8B0A82BD8B414
:10410000A92BD8B4AA2BAA5307E1A95305E1A853B8
:1041100003E1A75190080AE2AA6BA96BA86B910E64
:10412000A76F5584000100EC80F023D002015551A7
:104130000101AA5D1FE311E1020154510101A95DD2
:1041400019E30BE1020153510101A85D13E305E1FD
:10415000020152510101A75D0DE355C2AAF154C2FB
:10416000A9F153C2A8F152C2A7F15886000100EC90
:1041700080F00101A8C14FF2A7C14EF24F82F0EFCB
:10418000A9F000016B51780809E06B51820806E044
:104190006B518C0803E06B51B40802E1F1EFA9F018
:1041A0006BC009F90A0E09010A6F000102EC10F058
:1041B000005206E16B515E0803E36B51320805E1E2
:1041C0006B513108D8A4C9EFA9F051A038EFA4F081
:1041D0006B510A0811E06B5114080EE06B511E0878
:1041E0000BE06B51280808E06B51500805E06B515B
:1041F0005A08D8A438EFA4F06B51140816E1010155
:10420000A7510B08D8B402D000010FD0A853D8B4DE
:1042100002D000010AD0A953D8B402D0000105D0C1
:10422000AA53D8B435EFA4F000016B511E0816E173
:104230000101A7510908D8B402D000010FD0A8533A
:10424000D8B402D000010AD0A953D8B402D00001DA
:1042500005D0AA53D8B435EFA4F000016B5128085B
:1042600016E10101A7511008D8B402D000010FD007
:10427000A853D8B402D000010AD0A953D8B402D0B0
:10428000000105D0AA53D8B435EFA4F000016B515A
:10429000500816E10101A7510B08D8B402D0000163
:1042A0000FD0A853D8B402D000010AD0A953D8B473
:1042B00002D0000105D0AA53D8B435EFA4F0000114
:1042C0006B51140A0AE00A0AD8B4B2D0360AD8B43C
:1042D0003BD1780AD8B44DD2BFD20101A751006EAC
:1042E000A851036E035005E1010E005C00011FE0C0
:1042F0000101035005E1050E005C000118E0010119
:10430000035005E1020E005C000134E0010103509E
:1043100005E1060E005C00012DE00101035006E1FD
:10432000090E005C0001D8B458D0010178D0010119
:10433000AE5319E1AD5317E1AC5315E1AB5113087E
:1043400012E3AEC103F0ADC102F0ACC101F0ABC1EC
:1043500000F0010EAB27D8B0AC2BD8B4AD2BD8B43D
:10436000AE2B005006D0020EAB27000EAC23AD23BF
:10437000AE235DD00101AE5310E1AD530EE1AC535D
:104380000CE1AB51130809E3010EAB27D8B0AC2BFD
:10439000D8B4AD2BD8B4AE2B1FD0AE5307E1AD537C
:1043A00005E1AC5303E1AB51130810E2AE530EE14B
:1043B000AD530CE1AC530AE1AB513B0807E3020EED
:1043C000AB27000EAC23AD23AE2306D0050EAB27E2
:1043D000000EAC23AD23AE232AD00101AE5318E169
:1043E000AD5316E1AC5314E1AB51130811E3AEC168
:1043F00003F0ADC102F0ACC101F0ABC100F0010EA1
:10440000AB27D8B0AC2BD8B4AD2BD8B4AE2B06D0DC
:10441000020EAB27000EAC23AD23AE2308D0010E55
:10442000AB27D8B0AC2BD8B4AD2BD8B4AE2B1DD2A3
:104430000101A751006EA851036E035005E1010E62
:10444000005C000117E00101035005E1030E005C70
:10445000000133E00101035005E1040E005C00019E
:1044600048E00101035005E1050E005C000141E058
:10447000010161D00101AE5319E1AD5317E1AC5315
:1044800015E1AB51130812E3AEC103F0ADC102F068
:10449000ACC101F0ABC100F0010EAB27D8B0AC2B22
:1044A000D8B4AD2BD8B4AE2B005006D0020EAB273B
:1044B000000EAC23AD23AE2346D00101AE5312E172
:1044C000AD5310E1AC5102080DE303E1AB51CF084D
:1044D00009E3010EAB27D8B0AC2BD8B4AD2BD8B4C0
:1044E000AE2B06D0AE6BAD6B020EAC6FD00EAB6FC9
:1044F0002AD00101AE5318E1AD5316E1AC5314E1DB
:10450000AB51090811E3AEC103F0ADC102F0ACC17B
:1045100001F0ABC100F0010EAB27D8B0AC2BD8B482
:10452000AD2BD8B4AE2B06D0050EAB27000EAC23B6
:10453000AD23AE2308D0010EAB27D8B0AC2BD8B436
:10454000AD2BD8B4AE2B91D10101A751006EA8516B
:10455000036E035005E1030E005C00012EE0010133
:10456000035005E1040E005C000127E00101035047
:1045700005E1070E005C000153E00101035005E175
:104580000B0E005C000154E00101035005E10C0E2C
:10459000005C00014DE00101035006E10D0E005CDE
:1045A0000001D8B4A8D00101035006E10E0E005C52
:1045B0000001D8B4A0D00101D3D00101AE5310E165
:1045C000AD530EE1AC530CE1AB51090809E3010E08
:1045D000AB27D8B0AC2BD8B4AD2BD8B4AE2B1FD0F2
:1045E000AE5307E1AD5305E1AC5303E1AB5109080C
:1045F00010E2AE530EE1AD530CE1AC530AE1AB5106
:104600003B0807E3050EAB27000EAC23AD23AE231A
:1046100006D00A0EAB27000EAC23AD23AE23A8D0E4
:10462000020E0101AB27000EAC23AD23AE23A0D0B8
:10463000CD2D01D009D0CD51040806E0CD5106089A
:1046400003E0CD5102084DE10101AE5310E1AD533D
:104650000EE1AC530CE1AB51130809E3010EAB279B
:10466000D8B0AC2BD8B4AD2BD8B4AE2B38D0AE5319
:1046700007E1AD5305E1AC5303E1AB51130810E280
:10468000AE530EE1AD530CE1AC530AE1AB516308FC
:1046900007E3020EAB27000EAC23AD23AE231FD0E1
:1046A000AE5307E1AD5305E1AC5303E1AB516308F1
:1046B00010E2AE530EE1AD530CE1AC530AE1AB5145
:1046C000C70807E30A0EAB27000EAC23AD23AE23C9
:1046D00006D0320EAB27000EAC23AD23AE230AD09A
:1046E0000001010E0101AB27D8B0AC2BD8B4AD2B23
:1046F000D8B4AE2B3DD00101AE5310E1AD530EE165
:10470000AC530CE1AB51270809E3010EAB27D8B03D
:10471000AC2BD8B4AD2BD8B4AE2B21D0AE5307E11F
:10472000AD5305E1AC5303E1AB51270812E2AE53A0
:1047300010E1AD530EE1AC5101080BE303E1AB51C5
:104740008F0807E3280EAB27000EAC23AD23AE2362
:1047500006D0C80EAB27000EAC23AD23AE2308D085
:10476000010EAB27D8B0AC2BD8B4AD2BD8B4AE2B40
:104770007CD00101A751006EA851036E035005E1E2
:10478000020E005C000109E00101035005E1050E85
:10479000005C000135E0010155D00101AE5310E18C
:1047A000AD530EE1AC530CE1AB51130809E3010E1C
:1047B000AB27D8B0AC2BD8B4AD2BD8B4AE2B1FD010
:1047C000AE5307E1AD5305E1AC5303E1AB51130820
:1047D00010E2AE530EE1AD530CE1AC530AE1AB5124
:1047E000630807E3050EAB27000EAC23AD23AE2311
:1047F00006D00A0EAB27000EAC23AD23AE232AD081
:104800000101AE5318E1AD5316E1AC51030813E3B7
:1048100003E1AB51E7080FE30A0EAB27000EAC2310
:10482000AD23AE23ABC100F0ACC101F0ADC102F0CD
:10483000AEC103F006D0320EAB27000EAC23AD2381
:10484000AE2308D0010EAB27D8B0AC2BD8B4AD2B1B
:10485000D8B4AE2B0AD00001010E0101AB27D8B0AD
:10486000AC2BD8B4AD2BD8B4AE2BC7EFA9F0000158
:104870000101A7530CE1A8530AE1A95308E1AA5387
:1048800006E1AA6BA96BA86BA76BC7EFA9F0FF0E97
:10489000A727D8A0A827D8A0A927D8A0AA27000171
:1048A0006B510A0A0EE01E0A4CE00A0AD8B481D104
:1048B000360AD8B421D2780AD8B4BBEFA9F0C8EF31
:1048C000A9F00101A751006EA851036E035004E145
:1048D0000052000117E00101035005E1010E005CE8
:1048E000000117E00101035005E1020E005C000128
:1048F00017E00101035005E1030E005C000118E020
:1049000001011CD00101AE6BAD6BAC6B7BC0ABF198
:1049100015D00101AE6BAD6BAC6B7CC0ABF10ED0B2
:104920000101AE6BAD6B0AC1ACF109C1ABF106D0B0
:104930000101AE6BAD6BAC6B8BC0ABF10001C8EF8E
:10494000A9F0CC5338E10101A75109080BE1A853A4
:1049500009E1A95307E1AA5305E1AA6BA96BA86B6A
:10496000040EA76F000E4FB8010E006ED8900036EF
:104970000050036A130FE96E010E0320EA6EECCFBC
:10498000CFF8ED52EFCFCEF80801CE5312E1CF535E
:1049900010E10101A75104080BE1A85309E1A95353
:1049A00007E1AA5305E1AA6BA96BA86B030EA76FD9
:1049B000080120D00001CC2D1CD00101A751040812
:1049C0000BE1A85309E1A95307E1AA5305E1AA6B3A
:1049D000A96BA86B030EA76FA75102080AE1A853A1
:1049E00008E1A95306E1AA5304E1AA6BA96BA86BDD
:1049F000A76B08010101A751006EA851036E035077
:104A000004E10052000147E00101035005E1010EFD
:104A1000005C000147E00101035005E1020E005C6B
:104A2000000156E00101035005E1030E005C0001A6
:104A300065E00101035006E1040E005C0001D8B4FA
:104A40006DD00101035006E1050E005C0001D8B4F1
:104A500075D00101035006E1060E005C0001D8B4D8
:104A600075D00101035006E1070E005C0001D8B4C7
:104A700075D00101035006E1080E005C0001D8B4B6
:104A800077D00101035006E1090E005C0001D8B4A3
:104A900082D001018BD00101AE6BAD6BAC6BCCC091
:104AA000ABF184D0000E4FB8010E006ED8900036E6
:104AB0000050036A0F0FE96E010E0320EA6E010138
:104AC000AE6BAD6BECCFACF1ED52EFCFABF16ED086
:104AD000000E4FB8010E006ED89000360050036AE9
:104AE000130FE96E010E0320EA6E0101AE6BAD6B90
:104AF000ECCFACF1ED52EFCFABF158D0000E4FB888
:104B0000010E036A740FE96E000E0320EA6E0101C4
:104B1000AE6BAD6BAC6BEFCFABF148D0000E57BABC
:104B2000010E016A026A036A03C0AEF102C0ADF170
:104B300001C0ACF1E8CFABF1010138D00101AE6B9F
:104B4000AD6B0CC1ACF10BC1ABF130D00101AE6B60
:104B5000AD6B0EC1ACF10DC1ABF128D0D89063356F
:104B6000070120110101AB6FAC6BAD6BAE6B1ED0BA
:104B700034C111F933C110F90901136B190E126F09
:104B8000000141EC17F00101AE6BAD6B02C0ACF15E
:104B900001C0ABF10BD00101AE6BAD6B36C1ACF116
:104BA00035C1ABF136C1BFF835C1BEF80001C8EF61
:104BB000A9F001017F5310E180530EE1A7510208D3
:104BC0000BE1A85309E1A95307E1AA5305E1AA6B38
:104BD000A96BA86B010EA76FA751006EA851036EB9
:104BE000035005E1010E005C000125E001010350C6
:104BF00005E1020E005C000126E00101035005E121
:104C0000030E005C00012FE00101035005E1040EDA
:104C1000005C00013BE00101035005E1050E005C72
:104C200000013CE00101035005E1060E005C0001BB
:104C30003CE001015ED00101AE6BAD6B7EC1ACF119
:104C40007DC1ABF156D0000E57BC010E016A026A5D
:104C5000036A03C0AEF102C0ADF101C0ACF1E8CF10
:104C6000ABF1010146D080C111F97FC110F90901F2
:104C7000136B050E126F000141EC17F00101AE6BD2
:104C8000AD6B02C0ACF101C0ABF133D00101AE6B32
:104C9000AD6BC1C0ACF1C0C0ABF12BD00101AE6BAC
:104CA000AD6BAC6BC2C0ABF124D0C6C026F9C5C099
:104CB00025F9C4C024F9C3C023F909012A6B296B63
:104CC000286B7E0E276F00010BEC0BF003C010F970
:104CD00002C00FF901C00EF900C00DF964EC17F025
:104CE00003C0AEF102C0ADF101C0ACF100C0ABF148
:104CF00001010001C8EFA9F0CD5106083EE0CD51F9
:104D000005083BE0036A82515D0FE96E000E032047
:104D1000EA6EEF5210E10101A7510E080BE1A85312
:104D200009E1A95307E1AA5305E1AA6BA96BA86B96
:104D30000D0EA76F0001036A82515D0FE96E000E30
:104D40000320EA6EEF5219E0036A8251590FE96EAF
:104D5000000E0320EA6EEF5210E00101A7510E0889
:104D60000BE1A85309E1A95307E1AA5305E1AA6B96
:104D7000A96BA86B0D0EA76F0001CD2D01D019D026
:104D8000CD51040816E0CD51060813E0CD510208BC
:104D900010E00101A7510C080BE1A85309E1A95348
:104DA00007E1AA5305E1AA6BA96BA86B0B0EA76FCD
:104DB0000001036A82515D0FE96E000E0320EA6E66
:104DC000EF5210E10101A7510A080BE1A85309E1D4
:104DD000A95307E1AA5305E1AA6BA96BA86B090EB9
:104DE000A76F0001CD5310E00101A7510A080BE1A4
:104DF000A85309E1A95307E1AA5305E1AA6BA96BDE
:104E0000A86B090EA76F0001CD51030816E0CD5124
:104E1000040813E0CD51020810E00101A751080871
:104E20000BE1A85309E1A95307E1AA5305E1AA6BD5
:104E3000A96BA86B070EA76F0001D8908235036A93
:104E4000FF0FE96E000E0320EA6EECCFCFF8ED52B3
:104E5000EFCFCEF80801CE5312E1CF5310E101019C
:104E6000A75106080BE1A85309E1A95307E1AA538A
:104E700005E1AA6BA96BA86B050EA76F08010001DD
:104E8000CD5310E10101A75105080BE1A85309E139
:104E9000A95307E1AA5305E1AA6BA96BA86B040EFD
:104EA000A76F0001822D01D010D00101A751020887
:104EB0000BE1A85309E1A95307E1AA5305E1AA6B45
:104EC000A96BA86B010EA76F00018251030849E18D
:104ED0000101AA5307E1A95305E1A85303E1A75132
:104EE0000D080FE2AA530DE1A9530BE1A85309E104
:104EF000A7510E0806E3AA6BA96BA86B0D0EA76F4E
:104F00002FD0AA5307E1A95305E1A85303E1A75104
:104F10000B080FE2AA530DE1A9530BE1A85309E1D5
:104F2000A7510C0806E3AA6BA96BA86B0B0EA76F21
:104F300017D0AA5307E1A95305E1A85303E1A751EC
:104F400001080EE2AA530CE1A9530AE1A85308E1B3
:104F5000A7510A0805E3AA6BA96BA86B010EA76FFE
:104F600000010101A751006EA851036E035006E134
:104F7000010E005C0001D8B46AD00101035006E1C3
:104F8000020E005C0001D8B469D00101035006E1B3
:104F9000030E005C0001D8B468D00101035006E1A3
:104FA000040E005C0001D8B471D00101035006E189
:104FB000050E005C0001D8B47AD00101035006E16F
:104FC000060E005C0001D8B479D00101035006E15F
:104FD000070E005C0001D8B47FD00101035006E148
:104FE000080E005C0001D8B488D00101035006E12E
:104FF000090E005C0001D8B487D00101035006E11E
:105000000A0E005C0001D8B48DD00101035006E106
:105010000B0E005C0001D8B493D00101035006E1EF
:105020000C0E005C0001D8B4CAD00101035006E1A7
:105030000D0E005C0001D8B401D10101035006E15E
:105040000E0E005C0001D8B447D1010192D10101DC
:10505000AE6BAD6BAC6B82C0ABF18BD10101AE6BB3
:10506000AD6BAC6BCDC0ABF184D1D8908235036A07
:10507000F70FE96E000E0320EA6E0101AE6BAD6B17
:10508000ECCFACF1ED52EFCFABF173D1D8908235CC
:10509000036AFF0FE96E000E0320EA6E0101AE6B9A
:1050A000AD6BECCFACF1ED52EFCFABF162D10101C2
:1050B000AE6BAD6BAC6B64C2ABF15BD1036A82517A
:1050C000650FE96E000E0320EA6E0101AE6BAD6B59
:1050D000AC6BEFCFABF14DD1D8908235036A390F6D
:1050E000E96E010E0320EA6E0101AE6BAD6BECCFF1
:1050F000ACF1ED52EFCFABF13CD10101AE6BAD6B3A
:10510000AC6B5BC2ABF135D1036A82515D0FE96EC6
:10511000000E0320EA6E0101AE6BAD6BAC6BEFCFFE
:10512000ABF127D1036A8251590FE96E000E0320BB
:10513000EA6E0101AE6BAD6BAC6BEFCFABF119D189
:10514000CD2D01D009D0CD51040806E0CD5106087F
:1051500003E0CD51020809E10101AE6BAD6B58C20D
:10516000ACF157C2ABF12AD00001D8908235036A66
:10517000CF0FE96E000E0320EA6EECCF11F9ED526D
:10518000EFCF10F932C113F931C112F941EC17F028
:105190000101AE6BAD6B02C0ACF101C0ABF1D890B8
:1051A00000018235036ACF0FE96E000E0320EA6E1C
:1051B000ECCFBFF8ED52EFCFBEF80101DAD0CD2D24
:1051C00001D009D0CD51040806E0CD51060803E016
:1051D000CD51020809E10101AE6BAD6B5AC2ACF1D1
:1051E00059C2ABF12AD00001D8908235036ACF0FA3
:1051F000E96E000E0320EA6EECCF11F9ED52EFCF0D
:1052000010F932C113F931C112F941EC17F0010163
:10521000AE6BAD6B02C0ACF101C0ABF1D890000138
:105220008235036ACF0FE96E000E0320EA6EECCFE1
:10523000BFF8ED52EFCFBEF801019BD0CD5105086C
:1052400003E0CD5106081BE1D89263C213F962C294
:1052500012F961C211F960C210F90901176B166BDE
:10526000156B190E146F000177EC0AF003C0AEF154
:1052700002C0ADF101C0ACF100C0ABF12BD0825146
:10528000040DF350036AD70FE96E000E0320EA6E97
:10529000EFCF10F9ECCF11F9ECCF12F9ECCF13F9F5
:1052A000EACFD3F8E9CFD2F8D8920901176B166B81
:1052B000156B190E146F000177EC0AF0D3C8EAFFE2
:1052C000D2C8E9FF03C0AEF102C0ADF101C0ACF13C
:1052D00000C0ABF101014DD0CD51050803E0CD5127
:1052E00006081BE1D8925FC213F95EC212F95DC2D3
:1052F00011F95CC210F90901176B166B156B190EC9
:10530000146F000177EC0AF003C0AEF102C0ADF1FA
:1053100001C0ACF100C0ABF12BD08251040DF350B1
:10532000036AE70FE96E000E0320EA6EEFCF10F973
:10533000ECCF11F9ECCF12F9ECCF13F9EACFD3F897
:10534000E9CFD2F8D8920901176B166B156B190EBD
:10535000146F000177EC0AF0D3C8EAFFD2C8E9FF66
:1053600003C0AEF102C0ADF101C0ACF100C0ABF1C1
:10537000010100010DD00101AA6BA96BA86B080EF9
:10538000A76FAE6BAD6B4FC2ACF14EC2ABF100017B
:1053900028D06B515B0803E06B515C0818E10101F8
:1053A000A75306E1A85304E1A95302E1AA5309E077
:1053B000FF0EA727D8A0A827D8A0A927D8A0AA273A
:1053C00004D0AA6BA96BA86BA76B0AD00001010ED1
:1053D0000101A727D8B0A82BD8B4A92BD8B4AA2BE1
:1053E0000001080100016A6B4E944E984E961B6AAC
:1053F000F2BE1B8EF29E09016F6B0001EFEC03F011
:105400001BBEF28E5190A8C17AF1A7C179F138EF95
:10541000FFF00101AA5307E1A95305E1A85303E1F5
:10542000A75114080FE2020EA75F000EA85BA95B4C
:10543000AA5BA7C100F0A8C101F0A9C102F0AAC1EE
:1054400003F010D0AAC103F0A9C102F0A8C101F075
:10545000A7C100F0FF0EA727D8A0A827D8A0A9278A
:10546000D8A0AA27000112006A510208D8A42BEF85
:10547000B6F0518C020E7D6F4E9E44EC08F06B51DD
:105480008D0807E06B51830804E06B517908D8A4BC
:1054900067D26B518D08D8A47AD082C0E9FF070E7D
:1054A000EA6EEF52D8B472D0D8908235036A470FB3
:1054B000E96E010E0320EA6EECCFCFF8ED52EFCF8C
:1054C000CEF80801CF5306E1CE510208D8A002D091
:1054D00000015CD082C0E9F8EA6BEC6B550EEB6F13
:1054E0000001BCEC08F000EC80F00101AA530DE1D2
:1054F000A9530BE1A85309E1A751020806E3AA6BDF
:10550000A96BA86B020EA76F40D0D890000182351E
:10551000036A390FE96E010E0320EA6E0101AA6BDE
:10552000A96BECCFA8F1ED52EFCFA7F1000187A74F
:1055300017D0020E0101A75F000EA85BA95BAA5B52
:10554000AA530CE1A9530AE1A85308E1A7510208A4
:1055500005E3AA6BA96BA86B020EA76F16D000011A
:10556000020E0101A75F000EA85BA95BAA5BAA530C
:105570000CE1A9530AE1A85308E1A751020805E389
:10558000AA6BA96BA86B020EA76F000184D06B51A8
:105590007908D8A45AD0559200EC80F085C862F002
:1055A0006251615D07E1010148531CE14751020866
:1055B00019E30001000E4FB8010E006ED8900036BE
:1055C0000050036A130FE96E010E0320EA6EECCF60
:1055D000CFF8ED52EFCFCEF80801CE5334E1CF53E0
:1055E00032E101010001615319E10701045314E0A4
:1055F0000101AA530DE1A9530BE1A85309E1A751F9
:10560000020806E3AA6BA96BA86B020EA76F03D072
:105610000001FFDE0101070115D000010101AA53BD
:105620000DE1A9530BE1A85309E1A751020806E3D4
:10563000AA6BA96BA86B020EA76F03D00001E9DE6D
:105640000101070108012AD000016B51830823E101
:105650000101485307E14751150804E37F531CE15A
:1056600080531AE15592000100EC80F007010453C9
:1056700014E00101AA530DE1A9530BE1A85309E17C
:10568000A751020806E3AA6BA96BA86B020EA76FCD
:1056900003D00001BEDE01010701080185C862F0E8
:1056A00000016251615D07E10101485326E1475164
:1056B000010823E300016B517908D8B402D001013D
:1056C0001CD0000E4FB8010E006ED890003600506E
:1056D000036A130FE96E010E0320EA6EECCFCFF8D8
:1056E000ED52EFCFCEF80801CE5304E1CF5302E1E3
:1056F0004F8201D04F9238D00101485303E1475106
:10570000140804E27F5312E1805310E100016B5151
:105710008308D8B402D0010109D001017F5304E10C
:10572000805302E14F8201D04F921FD000016B5194
:105730008D0818E1D8908235036A470FE96E010E93
:105740000320EA6EECCFCFF8ED52EFCFCEF8080190
:10575000CF5303E1CE51020802E24F8201D04F92B3
:1057600003D000014F820801010100016B5179084B
:10577000D8A4A2D085C862F06251615D07E1010141
:1057800048531EE1475102081BE30001000E4FB8C9
:10579000010E006ED89000360050036A130FE96EB8
:1057A000010E0320EA6EECCFCFF8ED52EFCFCEF82A
:1057B0000801CE53D8A47ED0CF53D8A47BD001010A
:1057C0000001615372E1070104536BE0000E4FB812
:1057D000010E006ED89000360050036A0F0FE96E7C
:1057E000010E0320EA6EA7C1EFFFA8C1ECFF000E77
:1057F0004FB8010E006ED89000360050036A0F0FAC
:10580000E96E010E0320EA6EECCF0BF9ED52EFCFFB
:105810000AF909010D6B320E0C6F0001FFEC0BF061
:1058200002C05EF101C05DF157AA38D0000E4FB83A
:10583000010E006ED89000360050036A130FE96E17
:10584000010E0320EA6EECCFCFF8ED52EFCFCEF889
:105850000801CE5302E1CF5322E0000E4FB8010EF3
:10586000006ED89000360050036A0F0FE96E010EEB
:105870000320EA6EECCFF3F8ED52EFCFF2F89EC1C1
:10588000F1F89DC1F0F89CC1EFF89BC1EEF8000162
:1058900013EC19F002C048F101C047F1080103D030
:1058A00007014F92080106D00001A8C10CF1A7C161
:1058B0000BF1080152D000016B51830841E1010155
:1058C000485307E14751150804E37F5337E18053FC
:1058D00035E10701045330E0A8C17EF1A7C17DF195
:1058E0007EC10BF97DC10AF909010D6B320E0C6FF7
:1058F0000001FFEC0BF002C060F101C05FF157AC9A
:1059000018D001017F5302E1805314E0A2C1F1F8E5
:10591000A1C1F0F8A0C1EFF89FC1EEF87EC1F3F885
:105920007DC1F2F8000113EC19F002C048F101C08A
:1059300047F1010103D007014F9201010DD0000191
:10594000D8908235036A390FE96E010E0320EA6EA2
:10595000A7C1EFFFA8C1ECFF080109EFB6F00001F5
:105960006B51B50823E15594589600EC80F0FF0E7A
:105970000101A727D8A0A827D8A0A927D8A0AA277F
:10598000AA530CE1A9530AE1A85308E1A751020860
:1059900005E3AA6BA96BA86B020EA76FA8C14FF213
:1059A000A7C14EF24F8207EFB6F000016B517808A5
:1059B00009E06B51820806E06B518C0803E06B51E3
:1059C000B40802E108EFB6F06BC009F90A0E09014C
:1059D0000A6F000102EC10F0005206E16B515E0804
:1059E00003E36B51320805E16B513108D8A4E1EFB4
:1059F000B5F051A066EFB0F06B510A0811E06B51A1
:105A000014080EE06B511E080BE06B51280808E0EB
:105A10006B51500805E06B515A08D8A466EFB0F0FE
:105A20000101AB530CE1AC530AE1AD5308E1AE53B5
:105A300006E1AE6BAD6BAC6BAB6B63EFB0F000012E
:105A40006B51140816E10101A7510B08D8B402D01C
:105A500000010FD0A853D8B402D000010AD0A95336
:105A6000D8B402D0000105D0AA53D8B463EFB0F087
:105A700000016B511E0816E10101A7510908D8B4B5
:105A800002D000010FD0A853D8B402D000010AD030
:105A9000A953D8B402D0000105D0AA53D8B463EFFB
:105AA000B0F000016B51280816E10101A751100860
:105AB000D8B402D000010FD0A853D8B402D000014E
:105AC0000AD0A953D8B402D0000105D0AA53D8B443
:105AD00063EFB0F000016B51500816E10101A751CE
:105AE0000B08D8B402D000010FD0A853D8B402D00C
:105AF00000010AD0A953D8B402D0000105D0AA539E
:105B0000D8B463EFB0F000016B51140A0AE00A0A3E
:105B1000D8B4C8D0360AD8B444D1780AD8B456D24A
:105B2000C9D20101A751006EA851036E035005E1CF
:105B3000010E005C00011FE00101035005E1050EAC
:105B4000005C000118E00101035005E1020E005C59
:105B5000000142E00101035005E1060E005C000176
:105B60003BE00101035006E1090E005C0001D8B4DE
:105B700066D001018ED00101AE5307E1AD5305E1BE
:105B8000AC5303E1AB51140808E2020EAB5F000E08
:105B9000AC5BAD5BAE5BAB5110D0AEC103F0ADC141
:105BA00002F0ACC101F0ABC100F0FF0EAB27D8A0F2
:105BB000AC27D8A0AD27D8A0AE27AE530CE1AD538B
:105BC0000AE1AC5308E1AB51020805E3AE6BAD6BE3
:105BD000AC6B020EAB6F65D00101AE5310E1AD535B
:105BE0000EE1AC530CE1AB51140809E3FF0EAB27F7
:105BF000D8A0AC27D8A0AD27D8A0AE271FD0AE53D1
:105C000007E1AD5305E1AC5303E1AB51140810E2D9
:105C1000AE530EE1AD530CE1AC530AE1AB513C087D
:105C200007E3020EAB5F000EAC5BAD5BAE5B06D074
:105C3000050EAB5F000EAC5BAD5BAE5B32D001011D
:105C4000AE5307E1AD5305E1AC5303E1AB5114088A
:105C50000FE2020EAB5F000EAC5BAD5BAE5BABC1A7
:105C600000F0ACC101F0ADC102F0AEC103F010D044
:105C7000AEC103F0ADC102F0ACC101F0ABC100F0A8
:105C8000FF0EAB27D8A0AC27D8A0AD27D8A0AE2751
:105C900008D0FF0EAB27D8A0AC27D8A0AD27D8A03E
:105CA000AE2711D20101A751006EA851036E035017
:105CB00005E1010E005C000110E00101035005E167
:105CC000040E005C00013AE00101035005E1050EFD
:105CD000005C000133E001015BD00101AE5307E13C
:105CE000AD5305E1AC5303E1AB51140808E2020ED9
:105CF000AB5F000EAC5BAD5BAE5BAB5110D0AEC129
:105D000003F0ADC102F0ACC101F0ABC100F0FF0E79
:105D1000AB27D8A0AC27D8A0AD27D8A0AE27AE53CC
:105D20000CE1AD530AE1AC5308E1AB51020805E3C5
:105D3000AE6BAD6BAC6B020EAB6F32D00101AE53EC
:105D400007E1AD5305E1AC5303E1AB510A080FE2A3
:105D5000050EAB5F000EAC5BAD5BAE5BABC100F0A4
:105D6000ACC101F0ADC102F0AEC103F010D0AEC1C4
:105D700003F0ADC102F0ACC101F0ABC100F0FF0E09
:105D8000AB27D8A0AC27D8A0AD27D8A0AE2708D085
:105D9000FF0EAB27D8A0AC27D8A0AD27D8A0AE2740
:105DA00092D10101A751006EA851036E035005E185
:105DB000030E005C00012EE00101035005E1040E1A
:105DC000005C000127E00101035005E1070E005CC3
:105DD000000153E00101035005E10B0E005C0001DE
:105DE00054E00101035005E10C0E005C00014DE0A0
:105DF0000101035006E10D0E005C0001D8B4A8D0EB
:105E00000101035006E10E0E005C0001D8B4A0D0E1
:105E10000101D3D00101AE5310E1AD530EE1AC53FB
:105E20000CE1AB510A0809E3FF0EAB27D8A0AC2761
:105E3000D8A0AD27D8A0AE271FD0AE5307E1AD53F1
:105E400005E1AC5303E1AB510A0810E2AE530EE199
:105E5000AD530CE1AC530AE1AB513C0807E3050E2E
:105E6000AB5F000EAC5BAD5BAE5B06D00A0EAB5F0A
:105E7000000EAC5BAD5BAE5BA8D0020E0101AB5F68
:105E8000000EAC5BAD5BAE5BA0D0CD2D01D009D0D8
:105E9000CD51040806E0CD51060803E0CD510208BB
:105EA0004DE10101AE5310E1AD530EE1AC530CE1F5
:105EB000AB51140809E3FF0EAB27D8A0AC27D8A03C
:105EC000AD27D8A0AE2738D0AE5307E1AD5305E1DA
:105ED000AC5303E1AB51140810E2AE530EE1AD53E5
:105EE0000CE1AC530AE1AB51640807E3020EAB5F6F
:105EF000000EAC5BAD5BAE5B1FD0AE5307E1AD53A4
:105F000005E1AC5303E1AB51640810E2AE530EE17E
:105F1000AD530CE1AC530AE1AB51C80807E30A0EDC
:105F2000AB5F000EAC5BAD5BAE5B06D0320EAB5F21
:105F3000000EAC5BAD5BAE5B0AD00001FF0E010151
:105F4000AB27D8A0AC27D8A0AD27D8A0AE273DD08E
:105F50000101AE5310E1AD530EE1AC530CE1AB5176
:105F6000280809E3FF0EAB27D8A0AC27D8A0AD279F
:105F7000D8A0AE2721D0AE5307E1AD5305E1AC5315
:105F800003E1AB51280812E2AE5310E1AD530EE12C
:105F9000AC5101080BE303E1AB51900807E3280E75
:105FA000AB5F000EAC5BAD5BAE5B06D0C80EAB5F0B
:105FB000000EAC5BAD5BAE5B08D0FF0EAB27D8A08C
:105FC000AC27D8A0AD27D8A0AE277DD00101A7511E
:105FD000006EA851036E035005E1020E005C000143
:105FE00009E00101035005E1050E005C000135E008
:105FF000010156D00101AE5310E1AD530EE1AC5397
:106000000CE1AB51140809E3FF0EAB27D8A0AC2775
:10601000D8A0AD27D8A0AE271FD0AE5307E1AD530F
:1060200005E1AC5303E1AB51140810E2AE530EE1AD
:10603000AD530CE1AC530AE1AB51640807E3050E24
:10604000AB5F000EAC5BAD5BAE5B06D00A0EAB5F28
:10605000000EAC5BAD5BAE5B2BD00101AE530AE131
:10606000AD5308E1AC51020814E2FF0A03E1AB5161
:10607000E8080FE2320EAB5F000EAC5BAD5BAE5BCF
:10608000ABC100F0ACC101F0ADC102F0AEC103F094
:1060900006D00A0EAB5F000EAC5BAD5BAE5B08D00A
:1060A000FF0EAB27D8A0AC27D8A0AD27D8A0AE272D
:1060B0000AD00001FF0E0101AB27D8A0AC27D8A061
:1060C000AD27D8A0AE27DFEFB5F00001010E01012A
:1060D000A727D8B0A82BD8B4A92BD8B4AA2B0001D5
:1060E0006B510A0A0EE01E0A4CE00A0AD8B481D1AC
:1060F000360AD8B421D2780AD8B4D9EFB5F0E0EF97
:10610000B5F00101A751006EA851036E035004E1E0
:106110000052000117E00101035005E1010E005C8F
:10612000000117E00101035005E1020E005C0001CF
:1061300017E00101035005E1030E005C000118E0C7
:1061400001011CD00101AE6BAD6BAC6B7BC0ABF140
:1061500015D00101AE6BAD6BAC6B7CC0ABF10ED05A
:106160000101AE6BAD6B0AC1ACF109C1ABF106D058
:106170000101AE6BAD6BAC6B8BC0ABF10001E0EF1E
:10618000B5F0CC5338E1000E4FB8010E006ED89038
:1061900000360050036A130FE96E010E0320EA6E09
:1061A000ECCFCFF8ED52EFCFCEF80801CE5312E18D
:1061B000CF5310E10101A75104080BE1A85309E1F5
:1061C000A95307E1AA5305E1AA6BA96BA86B050EB9
:1061D000A76F08010101A75105080BE1A85309E1C8
:1061E000A95307E1AA5305E1AA6BA96BA86B0A0E94
:1061F000A76F1FD00001CC2D1DD00101A72D0BD002
:10620000A85309E1A95307E1AA5305E1AA6BA96BB9
:10621000A86B030EA76FA75104080BE1A85309E16F
:10622000A95307E1AA5305E1AA6BA96BA86B050E58
:10623000A76F00010101A751006EA851036E035022
:1062400004E10052000147E00101035005E1010EA5
:10625000005C000147E00101035005E1020E005C13
:10626000000156E00101035005E1030E005C00014E
:1062700065E00101035006E1040E005C0001D8B4A2
:106280006DD00101035006E1050E005C0001D8B499
:1062900075D00101035006E1060E005C0001D8B480
:1062A00075D00101035006E1070E005C0001D8B46F
:1062B00075D00101035006E1080E005C0001D8B45E
:1062C00077D00101035006E1090E005C0001D8B44B
:1062D00082D001018BD00101AE6BAD6BAC6BCCC039
:1062E000ABF184D0000E4FB8010E006ED89000368E
:1062F0000050036A0F0FE96E010E0320EA6E0101E0
:10630000AE6BAD6BECCFACF1ED52EFCFABF16ED02D
:10631000000E4FB8010E006ED89000360050036A90
:10632000130FE96E010E0320EA6E0101AE6BAD6B37
:10633000ECCFACF1ED52EFCFABF158D0000E4FB82F
:10634000010E036A740FE96E000E0320EA6E01016C
:10635000AE6BAD6BAC6BEFCFABF148D0000E57BA64
:10636000010E016A026A036A03C0AEF102C0ADF118
:1063700001C0ACF1E8CFABF1010138D00101AE6B47
:10638000AD6B0CC1ACF10BC1ABF130D00101AE6B08
:10639000AD6B0EC1ACF10DC1ABF128D0D890633517
:1063A000070120110101AB6FAC6BAD6BAE6B1ED062
:1063B00034C111F933C110F90901136B190E126FB1
:1063C000000141EC17F00101AE6BAD6B02C0ACF106
:1063D00001C0ABF10BD00101AE6BAD6B36C1ACF1BE
:1063E00035C1ABF136C1BFF835C1BEF80001E0EFF1
:1063F000B5F001017F5310E180530EE1A75102086F
:106400000BE1A85309E1A95307E1AA5305E1AA6BDF
:10641000A96BA86B030EA76FA751006EA851036E5E
:10642000035005E1010E005C000125E0010103506D
:1064300005E1020E005C000126E00101035005E1C8
:10644000030E005C00012FE00101035005E1040E82
:10645000005C00013BE00101035005E1050E005C1A
:1064600000013CE00101035005E1060E005C000163
:106470003CE001015ED00101AE6BAD6B7EC1ACF1C1
:106480007DC1ABF156D0000E57BC010E016A026A05
:10649000036A03C0AEF102C0ADF101C0ACF1E8CFB8
:1064A000ABF1010146D080C111F97FC110F909019A
:1064B000136B050E126F000141EC17F00101AE6B7A
:1064C000AD6B02C0ACF101C0ABF133D00101AE6BDA
:1064D000AD6BC1C0ACF1C0C0ABF12BD00101AE6B54
:1064E000AD6BAC6BC2C0ABF124D0C6C026F9C5C041
:1064F00025F9C4C024F9C3C023F909012A6B296B0B
:10650000286B7E0E276F00010BEC0BF003C010F917
:1065100002C00FF901C00EF900C00DF964EC17F0CC
:1065200003C0AEF102C0ADF101C0ACF100C0ABF1EF
:1065300001010001E0EFB5F0822D01D010D0010182
:10654000A75102080BE1A85309E1A95307E1AA5397
:1065500005E1AA6BA96BA86B030EA76F0001CD53D1
:1065600010E10101A75105080BE1A85309E1A95366
:1065700007E1AA5305E1AA6BA96BA86B060EA76FEA
:106580000001D8908235036AFF0FE96E000E0320E8
:10659000EA6EECCFCFF8ED52EFCFCEF80801CE5334
:1065A00012E1CF5310E10101A75106080BE1A853F6
:1065B00009E1A95307E1AA5305E1AA6BA96BA86BEE
:1065C000070EA76F08010001CD51030816E0CD5159
:1065D000040813E0CD51020810E00101A75108089A
:1065E0000BE1A85309E1A95307E1AA5305E1AA6BFE
:1065F000A96BA86B090EA76F0001036A82515D0F9A
:10660000E96E000E0320EA6EEF5210E10101A7517E
:106610000A080BE1A85309E1A95307E1AA5305E1D0
:10662000AA6BA96BA86B0B0EA76F0001CD5310E0EE
:106630000101A7510A080BE1A85309E1A95307E199
:10664000AA5305E1AA6BA96BA86B0B0EA76F0001FB
:10665000CD2D01D019D0CD51040816E0CD5106083A
:1066600013E0CD51020810E00101A7510C080BE125
:10667000A85309E1A95307E1AA5305E1AA6BA96B45
:10668000A86B0D0EA76F0001CD5106083EE0CD515D
:1066900005083BE0036A82515D0FE96E000E03209E
:1066A000EA6EEF5210E10101A7510E080BE1A85369
:1066B00009E1A95307E1AA5305E1AA6BA96BA86BED
:1066C0000F0EA76F0001036A82515D0FE96E000E85
:1066D0000320EA6EEF5219E0036A8251590FE96E06
:1066E000000E0320EA6EEF5210E00101A7510E08E0
:1066F0000BE1A85309E1A95307E1AA5305E1AA6BED
:10670000A96BA86B0F0EA76F00018251030849E126
:106710000101AA5307E1A95305E1A85303E1A751D9
:1067200001080FE2AA530DE1A9530BE1A85309E1B7
:10673000A7510A0806E3AA6BA96BA86B0B0EA76FFB
:106740002FD0AA5307E1A95305E1A85303E1A751AC
:106750000B080FE2AA530DE1A9530BE1A85309E17D
:10676000A7510C0806E3AA6BA96BA86B0D0EA76FC7
:1067700017D0AA5307E1A95305E1A85303E1A75194
:106780000D080EE2AA530CE1A9530AE1A85308E14F
:10679000A7510E0805E3AA6BA96BA86B0F0EA76F94
:1067A00000010101A751006EA851036E035006E1DC
:1067B000010E005C0001D8B46AD00101035006E16B
:1067C000020E005C0001D8B469D00101035006E15B
:1067D000030E005C0001D8B468D00101035006E14B
:1067E000040E005C0001D8B471D00101035006E131
:1067F000050E005C0001D8B47AD00101035006E117
:10680000060E005C0001D8B479D00101035006E106
:10681000070E005C0001D8B47FD00101035006E1EF
:10682000080E005C0001D8B488D00101035006E1D5
:10683000090E005C0001D8B487D00101035006E1C5
:106840000A0E005C0001D8B48DD00101035006E1AE
:106850000B0E005C0001D8B493D00101035006E197
:106860000C0E005C0001D8B4CAD00101035006E14F
:106870000D0E005C0001D8B401D10101035006E106
:106880000E0E005C0001D8B446D1010190D1010187
:10689000AE6BAD6BAC6B82C0ABF189D10101AE6B5D
:1068A000AD6BAC6BCDC0ABF182D1D8908235036AB1
:1068B000F70FE96E000E0320EA6E0101AE6BAD6BBF
:1068C000ECCFACF1ED52EFCFABF171D1D890823576
:1068D000036AFF0FE96E000E0320EA6E0101AE6B42
:1068E000AD6BECCFACF1ED52EFCFABF160D101016C
:1068F000AE6BAD6BAC6B64C2ABF159D1036A825124
:10690000650FE96E000E0320EA6E0101AE6BAD6B00
:10691000AC6BEFCFABF14BD1D8908235036A390F16
:10692000E96E010E0320EA6E0101AE6BAD6BECCF98
:10693000ACF1ED52EFCFABF13AD10101AE6BAD6BE3
:10694000AC6B5BC2ABF133D1036A82515D0FE96E70
:10695000000E0320EA6E0101AE6BAD6BAC6BEFCFA6
:10696000ABF125D1036A8251590FE96E000E032065
:10697000EA6E0101AE6BAD6BAC6BEFCFABF117D133
:10698000CD2D01D009D0CD51040806E0CD51060827
:1069900003E0CD51020809E10101AE6BAD6B58C2B5
:1069A000ACF157C2ABF12AD00001D8908235036A0E
:1069B000CF0FE96E000E0320EA6EECCF11F9ED5215
:1069C000EFCF10F932C113F931C112F941EC17F0D0
:1069D0000101AE6BAD6B02C0ACF101C0ABF1D89060
:1069E00000018235036ACF0FE96E000E0320EA6EC4
:1069F000ECCFBFF8ED52EFCFBEF80101D8D0CD2DCE
:106A000001D009D0CD51040806E0CD51060803E0BD
:106A1000CD51020809E10101AE6BAD6B5AC2ACF178
:106A200059C2ABF12AD00001D8908235036ACF0F4A
:106A3000E96E000E0320EA6EECCF11F9ED52EFCFB4
:106A400010F932C113F931C112F941EC17F001010B
:106A5000AE6BAD6B02C0ACF101C0ABF1D8900001E0
:106A60008235036ACF0FE96E000E0320EA6EECCF89
:106A7000BFF8ED52EFCFBEF8010199D08251040D5D
:106A8000F350036AD70FE96E000E0320EA6EEFCFD2
:106A900010F9ECCF11F9ECCF12F9ECCF13F9EACFE2
:106AA000D3F8E9CFD2F8D8920901176B166B156BA2
:106AB000190E146F000177EC0AF0D3C8EAFFD2C8B0
:106AC000E9FF03C0AEF102C0ADF101C0ACF100C0FE
:106AD000ABF1CD51050803E0CD5106081AE1D8927B
:106AE00063C213F962C212F961C211F960C210F9EE
:106AF0000901176B166B156B190E146F000177ECFB
:106B00000AF003C0AEF102C0ADF101C0ACF100C0AB
:106B1000ABF101014CD08251040DF350036AE70F31
:106B2000E96E000E0320EA6EEFCF10F9ECCF11F9F9
:106B3000ECCF12F9ECCF13F9EACFD3F8E9CFD2F8C2
:106B4000D8920901176B166B156B190E146F0001A3
:106B500077EC0AF0D3C8EAFFD2C8E9FF03C0AEF170
:106B600002C0ADF101C0ACF100C0ABF1CD510508E0
:106B700003E0CD5106081AE1D8925FC213F95EC254
:106B800012F95DC211F95CC210F90901176B166B9D
:106B9000156B190E146F000177EC0AF003C0AEF10B
:106BA00002C0ADF101C0ACF100C0ABF101010001C8
:106BB00007D00101AA6BA96BA86B0A0EA76F000191
:106BC00027D06B515B0803E06B515C080BE1010EB1
:106BD0000101A727D8B0A82BD8B4A92BD8B4AA2BC9
:106BE00016D00001FF0E0101A727D8A0A827D8A022
:106BF000A927D8A0AA27A7530AE1A85308E1A953B7
:106C000006E1AA5304E1AA6BA96BA86BA76B00016C
:106C10000801000182C0E9FF070EEA6EEF5207E1AA
:106C20006B518C0803E06B518D0801E14F926A6B48
:106C30004E944E984E961B6AF2BE1B8EF29E090130
:106C40006F6B0001EFEC03F01BBEF28E5190A8C1F8
:106C50007AF1A7C179F13EEFFFF08251FC0F4CE2CF
:106C6000040F7DEFB6F087A108D089A103D08E0E66
:106C70006B6F02D08D0E6B6F08D0280E6B6F010109
:106C8000AA6BA96BA86BA76B000136D087A308D0AD
:106C900089A303D08E0E6B6F02D08D0E6B6F08D060
:106CA000280E6B6F0101AA6BA96BA86BA76B000183
:106CB00023D087A507D08D0E6B6F89A502D08E0ECD
:106CC0006B6F08D0280E6B6F0101AA6BA96BA86BC4
:106CD000A76B000111D087A707D08D0E6B6F89A716
:106CE00002D08E0E6B6F08D0280E6B6F0101AA6B5D
:106CF000A96BA86BA76B00011200E824F76AF736AE
:106D00001B0FF66E6D0EF722010EF86EFB6E0A0079
:106D1000F550FA6E0800F550F96E666C8C6CB26C2A
:106D2000D66C0801E36BE2C8E4F8F250006EF29E04
:106D3000DEC863FFDDC862FFE4C861FF7F9C7F9E01
:106D40007F840F01550E7E6EAA0E7E6E7F820050EC
:106D5000F2127FB2FED77F941B6AF2BE1B8EF29EA8
:106D6000050E0901796F0001DDEC06F01BBEF28E05
:106D7000010E0801DD25E46F000EDE21E56FE1C89C
:106D8000E6F8F250006EF29EE5C863FFE4C862FFC9
:106D9000E6C861FF7F9C7F9E7F840F01550E7E6E4B
:106DA000AA0E7E6E7F820050F2127FB2FED77F94D1
:106DB0001B6AF2BE1B8EF29E050E0901796F00015F
:106DC000DDEC06F01BBEF28E020E0801DD25E46F3D
:106DD000000EDE21E56FE0C8E6F8F250006EF29E8C
:106DE000E5C863FFE4C862FFE6C861FF7F9C7F9E41
:106DF0007F840F01550E7E6EAA0E7E6E7F8200503C
:106E0000F2127FB2FED77F941B6AF2BE1B8EF29EF7
:106E1000050E0901796F0001DDEC06F01BBEF28E54
:106E2000030E0801DD25E46F000EDE21E56FDFC8EB
:106E3000E6F8F250006EF29EE5C863FFE4C862FF18
:106E4000E6C861FF7F9C7F9E7F840F01550E7E6E9A
:106E5000AA0E7E6E7F820050F2127FB2FED77F9420
:106E60001B6AF2BE1B8EF29E050E0901796F0001AE
:106E7000DDEC06F01BBEF28E0801E3C801F0000154
:106E800012000801D36BD56BD46BD66B0001CE51C9
:106E900003083FE0010E0801D25DFB0F38E2050F49
:106EA000000103EFBEF0CE2D06D0010E0801D56F14
:106EB0000D0ED46F000108012AD0CE51780DF35089
:106EC000A90F0801D46FD56BD8B0D42B20D0CE51E8
:106ED000780DF350BD0F0801D46FD56BD8B0D42B0B
:106EE00016D015D0CE51780DF350D10F0801D46FC4
:106EF000D56BD8B0D42B0BD0CE51780DF350E50F15
:106F00000801D46FD56BD8B0D42B01D0080120D0A4
:106F100000010801D251030A000105E0070A0AE056
:106F2000010A0FE014D0020E0801D56F610ED46F74
:106F300000010DD0020E0801D56F890ED46F00013B
:106F400006D0020E0801D56FB10ED46F0001080102
:106F5000010E0001BF5DF80FD8B0DEEFBDF0080FE5
:106F600018EFBEF0D8908235036AF70FE96E000E75
:106F70000320EA6EECCFDEF8ED52EFCFDDF8D5C896
:106F8000DCF8D4C8DBF879EC09F0020E0801D4254E
:106F9000D76F000ED521D86FD89000018235036AD3
:106FA000FF0FE96E000E0320EA6EECCFDEF8ED5223
:106FB000EFCFDDF8D8C8DCF8D7C8DBF879EC09F0FA
:106FC000020E0801D425D76F000ED521D86F020E0E
:106FD000D727000ED823036A00018251650FE96E9E
:106FE000000E0320EA6EEFCFDCF8D8C8DBF8D7C874
:106FF000DAF850EC09F0020E0801D425D76F000E24
:10700000D521D86F020ED727000ED823010ED7271F
:10701000000ED823D89000018235036A390FE96E3B
:10702000010E0320EA6EECCFDEF8ED52EFCFDDF873
:10703000D8C8DCF8D7C8DBF879EC09F0020E0801F3
:10704000D425D76F000ED521D86F020ED727000E9A
:10705000D823010ED727000ED823020ED727000E03
:10706000D823D89000018235036ACF0FE96E000E55
:107070000320EA6EECCFDEF8ED52EFCFDDF8D8C892
:10708000DCF8D7C8DBF879EC09F0020E0801D4254A
:10709000D76F000ED521D86F020ED727000ED82348
:1070A000010ED727000ED823020ED727000ED823B3
:1070B000020ED727000ED823036A000182515D0F0C
:1070C000E96E000E0320EA6EEFCFDCF8D8C8DBF8DB
:1070D000D7C8DAF850EC09F0020E0801D425D76FB2
:1070E000000ED521D86F020ED727000ED823010E2F
:1070F000D727000ED823020ED727000ED823020E62
:10710000D727000ED823010ED727000ED823036AF5
:1071100000018251590FE96E000E0320EA6EEFCF95
:10712000DCF8D8C8DBF8D7C8DAF850EC09F0020E62
:107130000801D425D76F000ED521D86F020ED727AE
:10714000000ED823010ED727000ED823020ED72712
:10715000000ED823020ED727000ED823010ED72702
:10716000000ED823010ED727000ED823000182512C
:10717000040DF350036AD70FE96E000E0320EA6E88
:10718000EFCFDFF8ECCFE0F8ECCFE1F8ECCFE2F8AE
:10719000D8C8DEF8D7C8DDF8C4DD020E0801D42552
:1071A000D76F000ED521D86F020ED727000ED82337
:1071B000010ED727000ED823020ED727000ED823A2
:1071C000020ED727000ED823010ED727000ED82392
:1071D000010ED727000ED823040ED727000ED82380
:1071E00000018251040DF350036AE70FE96E000EAF
:1071F0000320EA6EEFCFDFF8ECCFE0F8ECCFE1F858
:10720000ECCFE2F8D8C8DEF8D7C8DDF88ADD020E88
:107210000801D425D76F000ED521D86F020ED727CD
:10722000000ED823010ED727000ED823020ED72731
:10723000000ED823020ED727000ED823010ED72721
:10724000000ED823010ED727000ED823040ED7270F
:10725000000ED823040ED727000ED823D8C8DBF899
:10726000D7C8DAF8CDC0DCF8000150EC09F0020E06
:107270000801D425D76F000ED521D86F020ED7276D
:10728000000ED823010ED727000ED823020ED727D1
:10729000000ED823020ED727000ED823010ED727C1
:1072A000000ED823010ED727000ED823040ED727AF
:1072B000000ED823040ED727000ED823010ED7279F
:1072C000000ED823D8C8DCF8D7C8DBF858C2DEF8DF
:1072D00057C2DDF8000179EC09F0020E0801D4254F
:1072E000D76F000ED521D86F020ED727000ED823F6
:1072F000010ED727000ED823020ED727000ED82361
:10730000020ED727000ED823010ED727000ED82350
:10731000010ED727000ED823040ED727000ED8233E
:10732000040ED727000ED823010ED727000ED8232E
:10733000020ED727000ED823D8C8DCF8D7C8DBF850
:107340005AC2DEF859C2DDF8000179EC09F0020EEC
:107350000801D425D76F000ED521D86F020ED7278C
:10736000000ED823010ED727000ED823020ED727F0
:10737000000ED823020ED727000ED823010ED727E0
:10738000000ED823010ED727000ED823040ED727CE
:10739000000ED823040ED727000ED823010ED727BE
:1073A000000ED823020ED727000ED823020ED727AF
:1073B000000ED823D8C8DBF8D7C8DAF85BC2DCF8EF
:1073C000000150EC09F0020E0801D425D76F000E21
:1073D000D521D86F020ED727000ED823010ED7274C
:1073E000000ED823020ED727000ED823020ED7276F
:1073F000000ED823010ED727000ED823010ED72761
:10740000000ED823040ED727000ED823040ED7274A
:10741000000ED823010ED727000ED823020ED7273F
:10742000000ED823020ED727000ED823010ED7272F
:10743000000ED823D8C8DEF8D7C8DDF85FC2E2F85E
:107440005EC2E1F85DC2E0F85CC2DFF8000169DC11
:10745000020E0801D425D76F000ED521D86F020E79
:10746000D727000ED823010ED727000ED823020EEF
:10747000D727000ED823020ED727000ED823010EDF
:10748000D727000ED823010ED727000ED823040ECD
:10749000D727000ED823040ED727000ED823010EBD
:1074A000D727000ED823020ED727000ED823020EAE
:1074B000D727000ED823010ED727000ED823040E9D
:1074C000D727000ED823D8C8DEF8D7C8DDF863C2A6
:1074D000E2F862C2E1F861C2E0F860C2DFF80001E0
:1074E00020DC020E0801D425D76F000ED521D86FFD
:1074F000020ED727000ED823010ED727000ED8235F
:10750000020ED727000ED823020ED727000ED8234D
:10751000010ED727000ED823010ED727000ED8233F
:10752000040ED727000ED823040ED727000ED82329
:10753000010ED727000ED823020ED727000ED8231E
:10754000020ED727000ED823010ED727000ED8230E
:10755000040ED727000ED823040ED727000ED823F9
:10756000D8C8DBF8D7C8DAF864C2DCF8000150EC00
:1075700009F024D3D5C8DCF8D4C8DBF810C1DEF894
:107580000FC1DDF879EC09F0020E0801D425D76FA0
:10759000000ED521D86F000E4FB8010E006ED890A6
:1075A00000360050036A130FE96E010E0320EA6EE5
:1075B000ECCFDEF8ED52EFCFDDF8D8C8DCF8D7C855
:1075C000DBF8000179EC09F0020E0801D425D76F31
:1075D000000ED521D86F020ED727000ED823D8C8A9
:1075E000DBF8D7C8DAF874C0DCF8000150EC09F019
:1075F000020E0801D425D76F000ED521D86F020ED8
:10760000D727000ED823010ED727000ED82357BA4C
:10761000010ED96FD8C8DBF8D7C8DAF8DC6F0001E3
:1076200050EC09F0CBD2D5C8DCF8D4C8DBF812C1D5
:10763000DEF811C1DDF879EC09F0020E0801D4255D
:10764000D76F000ED521D86F000E4FB8010E006E17
:10765000D89000360050036A130FE96E010E032024
:10766000EA6EECCFDEF8ED52EFCFDDF8D8C8DCF8EB
:10767000D7C8DBF8000179EC09F0020E0801D42527
:10768000D76F000ED521D86F020ED727000ED82352
:10769000D8C8DBF8D7C8DAF875C0DCF8000150ECC0
:1076A00009F0020E0801D425D76F000ED521D86F3E
:1076B000020ED727000ED823010ED727000ED8239D
:1076C00057BA010ED96FD8C8DBF8D7C8DAF8DC6F23
:1076D000000150EC09F0020E0801D425D76F000E0E
:1076E000D521D86F020ED727000ED823010ED72739
:1076F000000ED823010ED727000ED823D8C8DCF8F7
:10770000D7C8DBF80CC1DEF80BC1DDF8000179EC5D
:1077100009F0020E0801D425D76F000ED521D86FCD
:10772000020ED727000ED823010ED727000ED8232C
:10773000010ED727000ED823020ED727000ED8231C
:10774000D8C8DCF8D7C8DBF80EC1DEF80DC1DDF80B
:10775000000179EC09F0020E0801D425D76F000E64
:10776000D521D86F020ED727000ED823010ED727B8
:10777000000ED823010ED727000ED823020ED727DC
:10778000000ED823020ED727000ED823D8C8DBF866
:10779000D7C8DAF863C0DCF8000150EC09F0020E3B
:1077A0000801D425D76F000ED521D86F020ED72738
:1077B000000ED823010ED727000ED823010ED7279D
:1077C000000ED823020ED727000ED823020ED7278B
:1077D000000ED823010ED727000ED823D8C8DCF816
:1077E000D7C8DBF834C1DEF833C1DDF8000179EC2D
:1077F00009F0020E0801D425D76F000ED521D86FED
:10780000020ED727000ED823010ED727000ED8234B
:10781000010ED727000ED823020ED727000ED8233B
:10782000020ED727000ED823010ED727000ED8232B
:10783000020ED727000ED823D8C8DCF8D7C8DBF84B
:1078400036C1DEF835C1DDF8000179EC09F0B6D1BA
:10785000D5C8DCF8D4C8DBF87EC1DEF87DC1DDF820
:1078600079EC09F0020E0801D425D76F000ED5215E
:10787000D86FDC6FD7C8DBF880C1DEF87FC1DDF8D8
:10788000000179EC09F0020E0801D425D76F000E33
:10789000D521D86F020ED727000ED823D8C8DCF820
:1078A000D7C8DBF8C1C0DEF8C0C0DDF8000179EC54
:1078B00009F0020E0801D425D76F000ED521D86F2C
:1078C000020ED727000ED823020ED727000ED8238A
:1078D0001B6AF2BE1B8EF29EC6C07BF9C5C07AF948
:1078E000C4C079F9C3C078F909017F6B7E6B200EA3
:1078F0007D6F820E7C6F0001FCEC05F01BBEF28EEA
:1079000003C010F902C00FF901C00EF900C00DF953
:1079100064EC17F003C0DCF802C0DBF801C0DAF851
:1079200000C0D9F8D8C8DEF8D7C8DDF803C0E2F83F
:1079300002C0E1F801C0E0F800C0DFF891ECB6F059
:10794000020E0801D425D76F000ED521D86F020E84
:10795000D727000ED823020ED727000ED823040EF7
:10796000D727000ED82357BC010ED96FD8C8DBF833
:10797000D7C8DAF8DC6F000150EC09F0020E0801FC
:10798000D425D76F000ED521D86F020ED727000E51
:10799000D823020ED727000ED823040ED727000EB7
:1079A000D823010ED727000ED823D8C8DBF8D7C8B4
:1079B000DAF8C2C0DCF8000150EC09F0FFD0D5C8FD
:1079C000DBF8D4C8DAF843C2DCF850EC09F0010E59
:1079D0000801D425D76F000ED521D86FDC6FD7C82A
:1079E000DBF845C2DEF844C2DDF8000179EC09F0AD
:1079F000010E0801D425D76F000ED521D86F020ED5
:107A0000D727000ED823D8C8DCF8D7C8DBF847C280
:107A1000DEF846C2DDF8000179EC09F0010E08013C
:107A2000D425D76F000ED521D86F020ED727000EB0
:107A3000D823020ED727000ED823D8C8DBF8D7C822
:107A4000DAF848C2DCF8000150EC09F0010E080138
:107A5000D425D76F000ED521D86F020ED727000E80
:107A6000D823020ED727000ED823010ED727000EE9
:107A7000D823D8C8DBF8D7C8DAF849C2DCF8000147
:107A800050EC09F0010E0801D425D76F000ED52166
:107A9000D86F020ED727000ED823020ED727000E6C
:107AA000D823010ED727000ED823010ED727000EAA
:107AB000D823D8C8DCF8D7C8DBF84BC2DEF84AC2F6
:107AC000DDF8000179EC09F0010E0801D425D76F2B
:107AD000000ED521D86F020ED727000ED823020E34
:107AE000D727000ED823010ED727000ED823010E6A
:107AF000D727000ED823020ED727000ED823D8C8C8
:107B0000DBF8D7C8DAF84CC2DCF8000150EC09F019
:107B1000010E0801D425D76F000ED521D86F020EB3
:107B2000D727000ED823020ED727000ED823010E28
:107B3000D727000ED823010ED727000ED823020E18
:107B4000D727000ED823010ED727000ED823D8C878
:107B5000DBF8D7C8DAF84DC2DCF8000150EC09F0C8
:107B6000010E0801D425D76F000ED521D86F020E63
:107B7000D727000ED823020ED727000ED823010ED8
:107B8000D727000ED823010ED727000ED823020EC8
:107B9000D727000ED823010ED727000ED823010EB9
:107BA000D727000ED823D8C8DCF8D7C8DBF84FC2D7
:107BB000DEF84EC2DDF8000179EC09F0CE51060D79
:107BC000F3500801D225D66F036AD651A70FE96E8C
:107BD000000E0320EA6EBFC0EFFFB60ED625D76FAA
:107BE000030ED86FD8B0D82BD8C8DBF8D7C8DAF8CE
:107BF000BFC0DCF8000150EC09F00801D3C801F067
:107C0000000149EFC8F0E824F76AF736270FF66E4F
:107C10007C0EF722010EF86EFB6E0A00F550FA6E2C
:107C20000800F550F96EA66EBA6ECE6EE46EF86E70
:107C3000E824F76AF736510FF66E7C0EF722010E34
:107C4000F86EFB6E0A00F550FA6E0800F550F96EFA
:107C5000646F747526765078BE79BC7B646F267627
:107C6000010E0101A75D0801CE6F000E0101A859A8
:107C70000801CF6F000E0101A9590801D06F000E55
:107C80000101AA590801D16F0001CE51060DF35030
:107C90000801CE27000ECF23D023D123A70ECE2557
:107CA000E96E000ECF21EA6EEF50010829E0010EC7
:107CB0000101A75D0801D26F000E0101A85908015A
:107CC000D36F000E0101A9590801D46F000E010104
:107CD000AA590801D56F0001CE51060DF3500801D5
:107CE000D227000ED323D423D523A70ED225E96EA5
:107CF000000ED321EA6EEF50070802E0000E01D01B
:107D0000010E016E000150EFC8F0F2CFDEF8F29ED6
:107D1000DDC863FFDCC862FF7F9C7F9E7F8061506F
:107D20000801DEBFF28EDF6F010EDC25E06F000E72
:107D3000DD21E16FF2CFE2F8F29EE1C863FFE0C817
:107D400062FF7F9C7F9E7F806150E2BFF28EE06F7A
:107D5000020EDC25E36F000EDD21E46FF2CFE1F8C7
:107D6000F29EE4C863FFE3C862FF7F9C7F9E7F8032
:107D70006150E1BFF28EE36F030EDC25E46F000E6D
:107D8000DD21E56FF2CFE6F8F29EE5C863FFE4C8B7
:107D900062FF7F9C7F9E7F806150E6BFF28EE46F22
:107DA000DFC803F0E0C802F0E3C801F0E4C800F067
:107DB000000112000801D36BD56BD46BD66B0001A8
:107DC000CE510308D8B46BD00801D251FA0FD8B005
:107DD00064D0060F0001C5EFC6F0CE5105E0010AE0
:107DE00009E0030A0DE012D00801D56B810ED46FB3
:107DF00000010CD00801D56BF90ED46F000106D03C
:107E0000010E0801D56F710ED46F0001080145D035
:107E1000CE5105E0010A09E0030A0EE013D0080183
:107E2000D56B950ED46F00010DD0010E0801D56FF2
:107E30000D0ED46F000106D0010E0801D56F850E1E
:107E4000D46F0001080129D0CE51780DF350A90F4D
:107E50000801D46FD56BD8B0D42B1FD0CE51780D7C
:107E6000F350BD0F0801D46FD56BD8B0D42B15D00B
:107E7000CE51780DF350D10F0801D46FD56BD8B027
:107E8000D42B0BD0CE51780DF350E50F0801D46FF1
:107E9000D56BD8B0D42B01D008012ED00001080139
:107EA000D251FA0F29E2060F0001DBEFC6F0010EF6
:107EB0000801D56FE90ED46F1FD0020E0801D56FEF
:107EC000110ED46F19D0020E0801D56F390ED46F80
:107ED00013D0020E0801D56F610ED46F0DD0020EC3
:107EE0000801D56F890ED46F07D0020E0801D56F37
:107EF000B10ED46F01D008010001CE51060DF35030
:107F00000801D225D66F036AD651A70FE96E000E7D
:107F10000320EA6EEFCFBFF0010E0001BF5DF80F46
:107F2000D8B0C0EFC6F0080FF1EFC6F0BF51070898
:107F30002EE0C85102080CE3010EC96FC851016E52
:107F400004E0D890C937012EFCD7C8C082F01ED0FB
:107F5000C851050815E3C851030A05E0070A07E000
:107F6000010A0AE00CD0030EC96F826B08D0060E1E
:107F7000C96F010E826F03D0050EC96F826B06D0E8
:107F8000C851060803E1070EC96F826B0BD0010EC2
:107F9000C96FC851016E04E0D890C937012EFCD7D3
:107FA000010E826F0801D76BD7510208D8A05AD3AF
:107FB000010E006ED751016E04E0D8900036012EFC
:107FC000FCD700500001C915D8B449D3D890080196
:107FD000D735036AF70F016E000E032201C0D8F8EF
:107FE00003C0D9F8D5C8DDF8D4C8DCF8000125EC09
:107FF00009F0D9C8EAFFD8C8E9FF02C0ECFFED528A
:1080000001C0EFFFD8900801D735036AFF0F016E5A
:10801000000E032201C0D8F803C0D9F8020ED425FF
:10802000DA6F000ED521DB6FDD6FDAC8DCF80001F6
:1080300025EC09F0D9C8EAFFD8C8E9FF02C0ECFF77
:10804000ED5201C0EFFF036A0801D751650F016EC1
:10805000000E032201C0D8F803C0D9F8020ED425BF
:10806000DA6F000ED521DB6F020EDA27000EDB235C
:10807000DBC8DDF8DAC8DCF8000114EC09F0D9C877
:10808000EAFFD8C8E9FF01C0EFFFD8900801D73553
:10809000036A390F016E010E032201C0D8F803C034
:1080A000D9F8020ED425DA6F000ED521DB6F020E4F
:1080B000DA27000EDB23010EDA27000EDB23DBC8F4
:1080C000DDF8DAC8DCF8000125EC09F0D9C8EAFFD0
:1080D000D8C8E9FF02C0ECFFED5201C0EFFFD89015
:1080E0000801D735036ACF0F016E000E032201C0CD
:1080F000D8F803C0D9F8020ED425DA6F000ED521C6
:10810000DB6F020EDA27000EDB23010EDA27000EEA
:10811000DB23020EDA27000EDB23DBC8DDF8DAC82A
:10812000DCF8000125EC09F0D9C8EAFFD8C8E9FF5E
:1081300002C0ECFFED5201C0EFFF036A0801D75106
:108140005D0F016E000E032201C0D8F803C0D9F8FC
:10815000020ED425DA6F000ED521DB6F020EDA276E
:10816000000EDB23010EDA27000EDB23020EDA27D6
:10817000000EDB23020EDA27000EDB23DBC8DDF85E
:10818000DAC8DCF8000114EC09F0D9C8EAFFD8C855
:10819000E9FF01C0EFFF036A0801D751590F016ED3
:1081A000000E032201C0D8F803C0D9F8020ED4256E
:1081B000DA6F000ED521DB6F020EDA27000EDB230B
:1081C000010EDA27000EDB23020EDA27000EDB2376
:1081D000020EDA27000EDB23010EDA27000EDB2366
:1081E000DBC8DDF8DAC8DCF8000114EC09F0D9C806
:1081F000EAFFD8C8E9FF01C0EFFF0801D751040D1D
:10820000F350036AD70F016E000E032201C0D8F8A5
:1082100003C0D9F8020ED425DA6F000ED521DB6F2A
:10822000020EDA27000EDB23010EDA27000EDB2315
:10823000020EDA27000EDB23020EDA27000EDB2304
:10824000010EDA27000EDB23010EDA27000EDB23F6
:10825000DBC8DDF8DAC8DCF8000157DDD9C8EAFF71
:10826000D8C8E9FF00C0EFFF01C0ECFF02C0ECFF7F
:1082700003C0ECFF0801D751040DF350036AE70F68
:10828000016E000E032201C0D8F803C0D9F8020E17
:10829000D425DA6F000ED521DB6F020EDA27000E2F
:1082A000DB23010EDA27000EDB23020EDA27000E95
:1082B000DB23020EDA27000EDB23010EDA27000E85
:1082C000DB23010EDA27000EDB23040EDA27000E73
:1082D000DB23DBC8DDF8DAC8DCF8000116DDD9C81D
:1082E000EAFFD8C8E9FF00C0EFFF01C0ECFF02C001
:1082F000ECFF03C0ECFF020E0801D425D86F000E7E
:10830000D521D96F020ED827000ED923010ED82708
:10831000000ED923020ED827000ED923020ED8272B
:10832000000ED923010ED827000ED923010ED8271D
:10833000000ED923040ED827000ED923040ED82707
:10834000000ED923D9C8DDF8D8C8DCF8000114EC38
:1083500009F001C0CDF0020E0801D425D86F000E3F
:10836000D521D96F020ED827000ED923010ED827A8
:10837000000ED923020ED827000ED923020ED827CB
:10838000000ED923010ED827000ED923010ED827BD
:10839000000ED923040ED827000ED923040ED827A7
:1083A000000ED923010ED827000ED923D9C8DDF835
:1083B000D8C8DCF8000125EC09F002C058F201C071
:1083C00057F2020E0801D425D86F000ED521D96FBF
:1083D000020ED827000ED923010ED827000ED9236C
:1083E000020ED827000ED923020ED827000ED9235B
:1083F000010ED827000ED923010ED827000ED9234D
:10840000040ED827000ED923040ED827000ED92336
:10841000010ED827000ED923020ED827000ED9232B
:10842000D9C8DDF8D8C8DCF8000125EC09F002C095
:108430005AF201C059F2020E0801D425D86F000E7D
:10844000D521D96F020ED827000ED923010ED827C7
:10845000000ED923020ED827000ED923020ED827EA
:10846000000ED923010ED827000ED923010ED827DC
:10847000000ED923040ED827000ED923040ED827C6
:10848000000ED923010ED827000ED923020ED827BB
:10849000000ED923020ED827000ED923D9C8DDF843
:1084A000D8C8DCF8000114EC09F001C05BF2020E40
:1084B0000801D425D86F000ED521D96F020ED82718
:1084C000000ED923010ED827000ED923020ED8277B
:1084D000000ED923020ED827000ED923010ED8276B
:1084E000000ED923010ED827000ED923040ED82759
:1084F000000ED923040ED827000ED923010ED82749
:10850000000ED923020ED827000ED923020ED82739
:10851000000ED923010ED827000ED923D9C8DDF8C3
:10852000D8C8DCF8000185ECBEF003C05FF202C0E1
:108530005EF201C05DF200C05CF2020E0801D425BB
:10854000D86F000ED521D96F020ED827000ED9237F
:10855000010ED827000ED923020ED827000ED923EA
:10856000020ED827000ED923010ED827000ED923DA
:10857000010ED827000ED923040ED827000ED923C8
:10858000040ED827000ED923010ED827000ED923B8
:10859000020ED827000ED923020ED827000ED923A9
:1085A000010ED827000ED923040ED827000ED92398
:1085B000D9C8DDF8D8C8DCF8000185ECBEF003C0EE
:1085C00063F202C062F201C061F200C060F2020E0A
:1085D0000801D425D86F000ED521D96F020ED827F7
:1085E000000ED923010ED827000ED923020ED8275A
:1085F000000ED923020ED827000ED923010ED8274A
:10860000000ED923010ED827000ED923040ED82737
:10861000000ED923040ED827000ED923010ED82727
:10862000000ED923020ED827000ED923020ED82718
:10863000000ED923010ED827000ED923040ED82707
:10864000000ED923040ED827000ED923D9C8DDF88F
:10865000D8C8DCF8000114EC09F001C064F208018C
:10866000D72BA2D4280E00016B6F0101746B030E8F
:10867000736F766B756BAA6BA96BA86BA76B000108
:108680007FD3D5C8DDF8D4C8DCF825EC09F002C0EA
:1086900010F101C00FF1000E4FB8010E006ED8901E
:1086A00000360050036A130F016E010E032201C051
:1086B000D8F8080103C0D9F8020ED425DA6F000EED
:1086C000D521DB6FDD6FDAC8DCF8000125EC09F09D
:1086D000D9C8EAFFD8C8E9FF02C0ECFFED5201C0DB
:1086E000EFFF020E0801D425D86F000ED521D96FF7
:1086F000020ED827000ED923D9C8DDF8D8C8DCF877
:10870000000114EC09F001C074F0020E0801D42538
:10871000D86F000ED521D96F020ED827000ED923AD
:10872000010ED827000ED923D9C8DDF8D8C8DCF847
:10873000000114EC09F0579A01B0578A140E6B6FC0
:108740004F98CC6B0101746B010E736F766B756B78
:10875000AA6BA96BA86BA76BAE6BAD6B10C1ACF12C
:108760000FC1ABF100010CD3D5C8DDF8D4C8DCF8DB
:1087700025EC09F002C012F101C011F1000E4FB852
:10878000010E006ED89000360050036A130F016E80
:10879000010E032201C0D8F8080103C0D9F8020E67
:1087A000D425DA6F000ED521DB6FDD6FDAC8DCF877
:1087B000000125EC09F0D9C8EAFFD8C8E9FF02C0DA
:1087C000ECFFED5201C0EFFF020E0801D425D86F77
:1087D000000ED521D96F020ED827000ED923D9C893
:1087E000DDF8D8C8DCF8000114EC09F001C075F020
:1087F000020E0801D425D86F000ED521D96F020EC4
:10880000D827000ED923010ED827000ED923D9C8A6
:10881000DDF8D8C8DCF8000114EC09F0579A01B073
:10882000578A020E0801D425D86F000ED521D96FC2
:10883000020ED827000ED923010ED827000ED92307
:10884000010ED827000ED923D9C8DDF8D8C8DCF826
:10885000000125EC09F002C00CF101C00BF1020E81
:108860000801D425D86F000ED521D96F020ED82764
:10887000000ED923010ED827000ED923010ED827C8
:10888000000ED923020ED827000ED923D9C8DDF84F
:10889000D8C8DCF8000125EC09F002C00EF101C0D7
:1088A0000DF1020E0801D425D86F000ED521D96F25
:1088B000020ED827000ED923010ED827000ED92387
:1088C000010ED827000ED923020ED827000ED92377
:1088D000020ED827000ED923D9C8DDF8D8C8DCF895
:1088E000000114EC09F001C063F0020E0801D42568
:1088F000D86F000ED521D96F020ED827000ED923CC
:10890000010ED827000ED923010ED827000ED92337
:10891000020ED827000ED923020ED827000ED92325
:10892000010ED827000ED923D9C8DDF8D8C8DCF845
:10893000000125EC09F002C034F101C033F1020E50
:108940000801D425D86F000ED521D96F020ED82783
:10895000000ED923010ED827000ED923010ED827E7
:10896000000ED923020ED827000ED923020ED827D5
:10897000000ED923010ED827000ED923020ED827C6
:10898000000ED923D9C8DDF8D8C8DCF8000125ECE1
:1089900009F002C036F101C035F1140E6B6F4F883B
:1089A000020ECC6FBF51080802E1010ECC6F01012D
:1089B000746B010E736F766B756BAA6BA96BA86BEA
:1089C000A76BAE6BAD6B12C1ACF111C1ABF1000185
:1089D000D7D1D5C8DDF8D4C8DCF825EC09F002C041
:1089E0007EF101C07DF1020E0801D425D86F000E82
:1089F000D521D96FDD6FD8C8DCF8000125EC09F06E
:108A000002C080F101C07FF1020E0801D425D86FA9
:108A1000000ED521D96F020ED827000ED923D9C850
:108A2000DDF8D8C8DCF8000125EC09F002C0C1F07F
:108A300001C0C0F0020E0801D425D86F000ED52168
:108A4000D96F020ED827000ED923020ED827000EA8
:108A5000D923D9C8DDF8D8C8DCF8000185ECBEF010
:108A600003C0DBF802C0DAF801C0D9F800C0D8F8BA
:108A700003C0FBF802C0FAF801C0F9F800C0F8F82A
:108A8000EFEC0AF003C026F902C025F901C024F971
:108A900000C023F909012A6B296B200E286F820E72
:108AA000276F00010BEC0BF003C0C6F002C0C5F04D
:108AB00001C0C4F000C0C3F0020E0801D425D86F75
:108AC000000ED521D96F020ED827000ED923020E31
:108AD000D827000ED923040ED827000ED923D9C8D1
:108AE000DDF8D8C8DCF8000114EC09F0579C01B09F
:108AF000578C020E0801D425D86F000ED521D96FEE
:108B0000020ED827000ED923020ED827000ED92333
:108B1000040ED827000ED923010ED827000ED92322
:108B2000D9C8DDF8D8C8DCF8000114EC09F001C0A0
:108B3000C2F01E0E6B6F0101746B020E736F766BC9
:108B4000756BAA6BA96BA86BA76BAE6BAD6B7EC187
:108B5000ACF17DC1ABF1000113D1D5C8DDF8D4C8AB
:108B6000DCF814EC09F001C043F2010E0801D42531
:108B7000D86F000ED521D96FDD6FD8C8DCF80001A1
:108B800025EC09F002C045F201C044F2010E0801D3
:108B9000D425D86F000ED521D96F020ED827000E2C
:108BA000D923D9C8DDF8D8C8DCF8000125EC09F0D4
:108BB00002C047F201C046F2010E0801D425D86F69
:108BC000000ED521D96F020ED827000ED923020E30
:108BD000D827000ED923D9C8DDF8D8C8DCF80001A1
:108BE00014EC09F001C048F2010E0801D425D86F39
:108BF000000ED521D96F020ED827000ED923020E00
:108C0000D827000ED923010ED827000ED923D9C8A2
:108C1000DDF8D8C8DCF8000114EC09F001C049F215
:108C2000010E0801D425D86F000ED521D96F020E90
:108C3000D827000ED923020ED827000ED923010E03
:108C4000D827000ED923010ED827000ED923D9C862
:108C5000DDF8D8C8DCF8000125EC09F002C04BF2C1
:108C600001C04AF2010E0801D425D86F000ED521AB
:108C7000D96F020ED827000ED923020ED827000E76
:108C8000D923010ED827000ED923010ED827000EB4
:108C9000D923020ED827000ED923D9C8DDF8D8C8A9
:108CA000DCF8000114EC09F001C04CF2010E0801DF
:108CB000D425D86F000ED521D96F020ED827000E0B
:108CC000D923020ED827000ED923010ED827000E73
:108CD000D923010ED827000ED923020ED827000E63
:108CE000D923010ED827000ED923D9C8DDF8D8C85A
:108CF000DCF8000114EC09F001C04DF2010E08018E
:108D0000D425D86F000ED521D96F020ED827000EBA
:108D1000D923020ED827000ED923010ED827000E22
:108D2000D923010ED827000ED923020ED827000E12
:108D3000D923010ED827000ED923010ED827000E03
:108D4000D923D9C8DDF8D8C8DCF8000125EC09F032
:108D500002C04FF201C04EF2500E6B6F0101746BF6
:108D6000040E736F766B756BAA6BA96BA86B080EFC
:108D7000A76FAE6BAD6B4FC2ACF14EC2ABF1000151
:108D80000801D3C801F000011200E824F76AF736A1
:108D9000AB0FF66E8D0EF722010EF86EFB6E0A0019
:108DA000F550FA6E0800F550F96EDA7D107E487EB7
:108DB0005C7E707E847EE824F76AF736D70FF66E05
:108DC0008D0EF722010EF86EFB6E0A00F550FA6E5A
:108DD0000800F550F96EAE7EBA7EC67ED27EDE7E8B
:108DE000EA7EE824F76AF736030FF66E8E0EF72256
:108DF000010EF86EFB6E0A00F550FA6E0800F55091
:108E0000F96E2C7F82866887D2895A8B808D2C7F61
:108E100068876A510308D8A4CCD1518C030E7D6FAA
:108E20006BC06CF044EC08F06B518C0806E06B51A1
:108E30008D0803E06B518E081BE1CD5318E1822BA6
:108E40008251030805E2826B4FAE02D0010E826FA1
:108E50004FAE05D0825303E1030E826F06D04FBEA2
:108E600004D08251030801E1826B2DECB6F087D16A
:108E70006B53D8A480D00101A7530BE1A85309E19B
:108E8000A95307E1AA5305E15A0E00016B6F5ED0AA
:108E90000101A751020811E1A8530FE1A9530DE107
:108EA000AA530BE11E0E00016B6F0101AE6BAD6B9F
:108EB0007EC1ACF17DC1ABF148D0A75103080BE1F5
:108EC000A85309E1A95307E1AA5305E1280E0001BF
:108ED0006B6F3CD00101A751040811E1A8530FE1C9
:108EE000A9530DE1AA530BE1500E00016B6F010174
:108EF000AE6BAD6B4FC2ACF14EC2ABF126D0A751F9
:108F000005080BE1A85309E1A95307E1AA5305E1BC
:108F10000A0E00016B6F1AD00101140E00016B6F75
:108F2000000E4FB8010E006ED89000360050036A54
:108F30000F0FE96E010E0320EA6E0101AE6BAD6BFF
:108F4000ECCFACF1ED52EFCFABF10001A8C174F161
:108F5000A7C173F10101AA6BA96BA86BA76B0001F4
:108F60006B51500807E10101AA6BA96BA86B080EB1
:108F7000A76F000104D16BC009F90A0E09010A6F3D
:108F8000000102EC10F00052D8A467D06B515908D0
:108F9000D8A063D06B513208D8B45FD00101A7517B
:108FA0000A080BE1A85309E1A95307E1AA5305E117
:108FB00000016B5114082DE00101A75107080BE1D6
:108FC000A85309E1A95307E1AA5305E100016B5138
:108FD0001E081FE00101A7510F080BE1A85309E18A
:108FE000A95307E1AA5305E100016B51280811E0DC
:108FF0000101A7510A0826E1A85324E1A95322E15F
:10900000AA5320E100016B515008D8B402D00101ED
:1090100019D05C0E6B6F6B518C0813E18251FC0F01
:1090200010E2040FDBEFC8F088A701D08897888191
:1090300008D0888306D0888504D088A101D0889183
:10904000888706D000016B510A0802E0640E6B2786
:10905000A8C176F1A7C175F192D06B515C081BE1F4
:10906000010E0101A75D0801CE6F000E0101A85994
:109070000801CF6F000E0101A9590801D06F000E41
:109080000101AA590801D16FCEC8D2F8000141EF01
:10909000B7F0518C74D06B515A0868E130EFBEF0D4
:1090A000015242E0010E0101A75D0001C76FCE51E0
:1090B000060DF350C725036AA70FE96E000E0320C3
:1090C000EA6EEF50070805E1C7C0D2F8DAECBEF04F
:1090D00028D00101A751030821E1A8531FE1A9539A
:1090E0001DE1AA531BE14F8E030E0001826FC86F72
:1090F0004F8ED66B080ED56FE66BE56BE46BFA0E00
:10910000E36FF66BF56BF46BF36F280E6B6F010179
:10911000AA6BA96BA86B010EA76F04D05B0E0001B0
:109120006B6F01011DD00001010E0101A75D080157
:10913000CE6F000E0101A8590801CF6F000E01018A
:10914000A9590801D06F000E0101AA590801D16F79
:10915000CEC8D2F80001DAECBEF0518C548801017F
:10916000A8C176F1A7C175F10BD000016B515B0866
:1091700006E1A7C1C8F0C7C0D2F8DAECBEF0010121
:1091800000016B51B50809E14F740101AA6BA96B8D
:109190004FC2A8F14EC2A7F100016A6B1B6AF2BE72
:1091A0001B8EF29E09016F6B0001EFEC03F01BBEFA
:1091B000F28E44EFFFF0E824F76AF736D70FF66E29
:1091C000910EF722010EF86EFB6E0A00F550FA6E52
:1091D0000800F550F96E2890329036903A906A5116
:1091E0000408D8A43DD1518C040E7D6F6BC06CF087
:1091F00044EC08F06B515F08D8A0D8D06BC009F9D7
:109200000A0E09010A6F000102EC10F0005230E171
:109210006B5145082DE36B5132082AE06B51280849
:1092200019E1875317E0825310E082074FAE05D053
:10923000825303E1030E826F07D04FBE05D08251E7
:10924000030802E1020E826F02D0020E826F2DEC43
:10925000B6F00DD06B6B0101AA6BA96B74C1A8F1BC
:1092600073C1A7F1746B736B766B756B00019DD046
:109270006B5150080EE16B6B0101AA6BA96B74C1B5
:10928000A8F173C1A7F1746B736B766B756B8CD09F
:1092900000016B515A080EE16B6B0101AA6BA96BBF
:1092A00074C1A8F173C1A7F1746B736B766B756BA6
:1092B0007BD000016B515A0843E26B515E0840E3DA
:1092C0006B515C0820E1010EBF5DF80F11E2080F41
:1092D00032EFCAF0280E6B6F0BD0280E6B6F08D0E0
:1092E000140E6B6F05D0500E6B6F02D01E0E6B6F9D
:1092F0000101AA6BA96B76C1A8F175C1A7F1766BC4
:10930000756B1CD000016B515B080DE15A0E6B6F41
:109310000101AA6BA96B78C1A8F177C1A7F1786B9D
:10932000776B0CD000015A0E6B6F0101AA6BA96B11
:1093300076C1A8F175C1A7F1766B756B35D00001C8
:109340006B5128081CE187531AE0825305E1030E94
:10935000826F036A825102D0825182074FAE05D0DC
:10936000825303E1030E826F07D04FBE05D08251B6
:10937000030802E1020E826F2DECB6F016D06BC02E
:1093800009F90A0E09010A6F000102EC10F001C090
:1093900086F086510A0DF3CF6BF00101AA6BA96B21
:1093A00076C1A8F175C1A7F100014CD06B516408DA
:1093B00023E26BC009F90A0E09010A6F000102ECF1
:1093C00010F0005219E16B518C080DE18251FC0F35
:1093D0000AE2040F4AEFCAF0889105D0889303D0BF
:1093E000889501D08897640E6B5F0101AA6BA96B09
:1093F000A86BA76B28D000016B518D0803E06B515F
:109400008E0820E187531EE0CD531CE1825308E112
:10941000030E826F82C000F0016A026A036A02D002
:10942000825182074FAE05D0825303E1030E826F53
:1094300007D04FBE05D08251030802E1020E826FB1
:109440002DECB6F0010100016A6B1B6AF2BE1B8EA7
:10945000F29E09016F6B0001EFEC03F01BBEF28E70
:109460004AEFFFF0E824F76AF736850FF66E940EA0
:10947000F722010EF86EFB6E0A00F550FA6E080036
:10948000F550F96ED492E092E092EC92E692F0926E
:10949000DA92E092E824F76AF736B50FF66E940E8A
:1094A000F722010EF86EFB6E0A00F550FA6E080006
:1094B000F550F96ED893DC93E093E49387A109D03B
:1094C00087910801E76BE86B020EE96F00016BEC16
:1094D00048F087A309D087930801E76BE86B010E7A
:1094E000E96F00016BEC48F087A508D0879508016B
:1094F000E76BE86BE96B00016BEC48F087A709D0DC
:1095000087970801E76BE86B020EE96F00016BECCF
:1095100048F012000801CE51FC0F4BE2040F00018D
:10952000DCEFCAF08781010E0801E76FE86B020EDD
:10953000E96F00016BEC48F02F0E0801CF6F0001BE
:10954000E2EC8EF0080135D08783010E0801E76F49
:10955000E86BE96F00016BEC48F0310E0801CF6F4A
:109560000001E2EC8EF0080124D08785010E08018D
:10957000E76FE86BE96B00016BEC48F0330E080114
:10958000CF6F0001E2EC8EF0080113D08787010E47
:109590000801E76FE86B020EE96F00016BEC48F021
:1095A000350E0801CF6F0001E2EC8EF0080101D00A
:1095B00008010001AFEFCDF0E824F76AF736D90FC4
:1095C000F66E950EF722010EF86EFB6E0A00F5504E
:1095D000FA6E0800F550F96E249548956A958C95B9
:1095E0006A510508D8A464EFD1F0518C44EC08F01E
:1095F0006B51C8080BE16DC06BF00101926B916B70
:10960000906B8F6B00016A6B59EFD1F001019A6B7F
:10961000996B986B976B519200016B51780A56E0E9
:10962000010AD8B4FDD0020AD8B4A7D1F90AD8B437
:10963000B0D1010AD8B40BD2060AD8B44CD2AD0AC4
:10964000D8B455D2010AD8B452D2030AD8B44FD2F2
:10965000010AD8B44CD2070AD8B449D2010AD8B406
:1096600046D2030AD8B443D2010AD8B440D21F0A62
:10967000D8B43DD2010AD8B43AD2030AD8B437D20A
:10968000010AD8B434D2070AD8B431D2B80AD8B44F
:1096900047D2010AD8B4D5D2030AD8B4BAEFCFF072
:1096A000010AD8B457EFD0F03B0AD8B4F6EFD0F0A7
:1096B000010AD8B417EFD1F0020AD8B431EFD1F0D3
:1096C0007F0AD8B43CEFD1F044EFD1F05682790E46
:1096D0006B6F0601F7BB5ED00001616BCC2D02D031
:1096E000010E616F000E4FB8010E006ED89000366B
:1096F0000050036A130FE96E010E0320EA6EECCFEF
:10970000CFF8ED52EFCFCEF80801CE5302E1CF53A0
:1097100032E0000E4FB8010E006ED89000360050B7
:10972000036A130FE96E010E0320EA6EECCFCFF847
:10973000ED52EFCFCEF8000E4FB8010E036A740F52
:10974000E96E000E0320EA6EEF50CE250101476F4F
:10975000000E0801CF210101486F5951A3259B6FCD
:109760005A51A4219C6F000EA5219D6F000EA621C9
:109770009E6F04D008010101486B476B0001CC2D9E
:1097800008D0765101010D25476F000E0E21486F5C
:1097900000010601F7BB29D0040E0801CE6FAA0E06
:1097A000CF6F000168EC9AF0CC5306E1370E080148
:1097B000CF6F0001E2EC8EF0CC2D06D0390E0801FF
:1097C000CF6F0001E2EC8EF0CC5102080CE1370EB5
:1097D0000801CF6F0001E2EC8EF0390E0801CF6F67
:1097E0000001E2EC8EF00AD00601F79B040E08019E
:1097F000CE6FBE0ECF6F000168EC9AF0010E08012B
:10980000E76FE86B030EE96F00016BEC48F0615302
:1098100002E1588E01D04F8A24EC46F044EFD1F09B
:109820000601F7BB9ED0000E4FB8010E006ED89017
:1098300000360050036A130F016E010E032201C0AF
:10984000CEF8080103C0CFF8000E4FB8010E006E2D
:10985000D89000360050036A0F0FE96E010E032006
:10986000EA6EECCFF3F8ED52EFCFF2F8A6C1F1F8C3
:10987000A5C1F0F8A4C1EFF8A3C1EEF8000113EC04
:1098800019F0CFC8EAFFCEC8E9FF02C0ECFFED52E5
:1098900001C0EFFF000E4FB8010E006ED8900036E9
:1098A0000050036A130FE96E010E0320EA6EECCF3D
:1098B000CFF8ED52EFCFCEF80801CE5307E1CF53EA
:1098C00005E10101486B476B25D00801000E4FB838
:1098D000010E006ED89000360050036A130FE96E37
:1098E000010E0320EA6EECCFCFF8ED52EFCFCEF8A9
:1098F000000E4FB8010E036A740FE96E000E0320CC
:10990000EA6EEF50CE250101476F000E0801CF210E
:109910000101486F0001CC2D08D0765101010D25C1
:10992000476F000E0E21486F000101015951A32518
:109930009B6F5A51A4219C6F000EA5219D6F000EB4
:10994000A6219E6F040E0801CE6FBB0ECF6F0001E3
:1099500068EC9AF0616BCC2D02D0010E616F09D0DA
:109960000601040E0801CE6FAF0ECF6F000168EC48
:109970009AF024EC46F044EFD1F0040E0801CE6FCB
:10998000BB0ECF6F000168EC9AF024EC46F044EF78
:10999000D1F05682830E6B6F0601F7AB02D0F79BB6
:1099A0002CD001017F5302E1805324E00001C0511B
:1099B00001017F250801CE6F0001C1510101802105
:1099C0000801CF6F0001C2510801CE250101476F88
:1099D000000E0801CF210101486F8151B7259F6F0B
:1099E0008251B821A06F8351B921A16F8451BA214E
:1099F000A26F02D0486B476B0601F7BB10D0040E74
:109A00000801CE6FAA0ECF6F000168EC9AF03B0EF2
:109A10000801CF6F0001E2EC8EF009D00601040EC0
:109A20000801CE6FBE0ECF6F000168EC9AF0010EF8
:109A30000801E76FE86B030EE96F00016BEC48F07B
:109A40000601F7810001CFEC50F044EFD1F00601A0
:109A5000F7BB35D001017F5305E1805303E1486B2B
:109A6000476B17D00001C05101017F250801CE6F5F
:109A70000001C151010180210801CF6F0001C251D5
:109A80000801CE250101476F000E0801CF21010119
:109A9000486F8151B7259F6F8251B821A06F8351C4
:109AA000B921A16F8451BA21A26F040E0801CE6FB3
:109AB000BB0ECF6F000168EC9AF009D00601040ECE
:109AC0000801CE6FAF0ECF6F000168EC9AF0CFECBB
:109AD00050F044EFD1F0040E0801CE6FBB0ECF6FF3
:109AE000000168EC9AF0CFEC50F044EFD1F00601A1
:109AF000F7AB0BD00001E2DC040E0801CE6FAF0E15
:109B0000CF6F000168EC9AF00601000109EC56F0F5
:109B100035EC56F061EC56F08DEC56F044EFD1F098
:109B2000568251920601F7AB11D000018753D8A499
:109B300002D006010BD0C2DC040E0801CE6FAF0EBE
:109B4000CF6F000168EC9AF03DD006018D0E000148
:109B50006B6F0601F79B82C0CEF80001DBD4D89072
:109B600082350801CF6BCE6F900ECE25E96E000EC8
:109B7000CF21EA6EEF6AD890000182350801CF6BE1
:109B8000CE6F010ECE25016E000ECF21036E015067
:109B9000900FE96E000E0320EA6EEF6A036A00017F
:109BA0008251980FE96E000E0320EA6EEF6A040EF0
:109BB0000801CE6FAA0ECF6F000168EC9AF0060183
:109BC000F79700018251FC0F0EE2040F66EFD1F00F
:109BD00009EC56F008D035EC56F005D061EC56F0A3
:109BE00002D08DEC56F0D8908235036A390FE96EB9
:109BF000010E0320EA6EECCFCFF8ED52EFCFCEF896
:109C00000801CF5100081BE2FF0A03E1CE512108F1
:109C100016E2D89000018235036A390FE96E010E11
:109C20000320EA6E010EEC6EED52220EEF6E010182
:109C3000AA6BA96B010EA86F220EA76F0801000185
:109C400023D30601F7BBB3D0D89000018235036A55
:109C50004F0F016E010E0322080103C0CFF8D89008
:109C600000018235036AFF0FE96E000E0320EA6EE1
:109C7000ECCF03F0ED52EFCFD0F80801CFC8EAFFE8
:109C800001C0E9FF03C0ECFFED52D0C8EFFFD89050
:109C900000018235036A470F016E010E032201C0E5
:109CA000CEF8080103C0CFF8D89000018235036ACE
:109CB000F70FE96E000E0320EA6EECCFD1F8ED52FB
:109CC000EFCFD0F8020E0801D025016E000ED12191
:109CD000CFC8EAFFCEC8E9FFEC6EED5201C0EFFF3E
:109CE0000001825103080DE1D8908235036A470FC5
:109CF000E96E010E0320EA6E0E0EEC6EED52100EB0
:109D0000EF6E036A82517F0F016E000E032208017D
:109D100003C0CFF8036A00018251650FE96E000E9F
:109D20000320EA6EEFCFD0F80801CFC8EAFF01C0E8
:109D3000E9FFD0C8EFFF82C0CEF8000180EC9CF0B4
:109D4000D8908235036A390FE96E010E0320EA6E5E
:109D5000ECCFCFF8ED52EFCFCEF80801CF5100088D
:109D60001BE2FF0A03E1CE51210816E2D890000160
:109D70008235036A390FE96E010E0320EA6E010E87
:109D8000EC6EED52220EEF6E0101AA6BA96B010E73
:109D9000A86F220EA76F080100018251030805E198
:109DA0000101406B040E3F6F00017DD006010001F0
:109DB00087A11DD087910801E76BE86B020EE96F60
:109DC00000016BEC48F001013A5100080FE2FF0A74
:109DD00003E1395121080AE2010E3A6F220E396F70
:109DE000AA6BA96B010EA86F220EA76F000187A3B3
:109DF0001DD087930801E76BE86B010EE96F000146
:109E00006BEC48F001013C5100080FE2FF0A03E14E
:109E10003B5121080AE2010E3C6F220E3B6FAA6BF8
:109E2000A96B010EA86F220EA76F000187A51CD099
:109E300087950801E76BE86BE96B00016BEC48F074
:109E400001013E5100080FE2FF0A03E13D512108E4
:109E50000AE2010E3E6F220E3D6FAA6BA96B010E46
:109E6000A86F220EA76F000187A71DD08797080152
:109E7000E76BE86B020EE96F00016BEC48F0010143
:109E80003A5100080FE2FF0A03E1395121080AE2C2
:109E9000010E3A6F220E396FAA6BA96B010EA86FE3
:109EA000220EA76F00018251040DF3500801CF6B01
:109EB000CE6FA60ECE25D06F070ECF21D16FD36BFC
:109EC000D26BD1C8EAFFD0C8E9FFD2C8EEFF080EB6
:109ED000EA6ED10EE96EEF6A00018251040DF35073
:109EE0000801CF6BCE6F020ECE25016E000ECF2182
:109EF000036E0150CE6F03C0CFF8A60ECE25D06FF3
:109F0000070ECF21D16FD36BD26BD1C8EAFFD0C877
:109F1000E9FFD2C8EEFF080EEA6ED10EE96EEF6AD5
:109F20000601F7BB0AD0040E0801CE6FBB0ECF6F3F
:109F3000000168EC9AF009D00601040E0801CE6F0A
:109F4000AF0ECF6F000168EC9AF00601F7970001A1
:109F50008251FC0F0EE2040F7AEFD1F009EC56F0BB
:109F600008D035EC56F005D061EC56F002D08DECFF
:109F700056F08AD1D8908235036A4F0F016E010ED8
:109F80000322080103C0CFF8D89000018235036A8C
:109F9000FF0FE96E000E0320EA6EECCF03F0ED52E6
:109FA000EFCFD0F80801CFC8EAFF01C0E9FF03C036
:109FB000ECFFED52D0C8EFFFD89000018235036A64
:109FC000470F016E010E032201C0CEF8080103C045
:109FD000CFF8D89000018235036AF70FE96E000EC2
:109FE0000320EA6EECCFD1F8ED52EFCFD0F8020E9D
:109FF0000801D025016E000ED121CFC8EAFFCEC8DE
:10A00000E9FFEC6EED5201C0EFFF036A00018251DF
:10A010007F0F016E000E0322080103C0CFF8036A10
:10A0200000018251650FE96E000E0320EA6EEFCF4A
:10A03000D0F80801CFC8EAFF01C0E9FFD0C8EFFFA0
:10A040000601F7BB07D082C0CEF8000180EC9CF07F
:10A0500004D0060100015EECCAF00601F7BB0AD08D
:10A06000040E0801CE6FBB0ECF6F000168EC9AF0B2
:10A0700009D00601040E0801CE6FAF0ECF6F0001AC
:10A0800068EC9AF00601F79700018251FC0F0EE28E
:10A09000040F8EEFD1F009EC56F008D035EC56F0F5
:10A0A00005D061EC56F002D08DEC56F0EDD0D89092
:10A0B0008235036A4F0F016E010E0322080103C0AF
:10A0C000CFF8D89000018235036AFF0FE96E000EC9
:10A0D0000320EA6EECCF03F0ED52EFCFD0F8080189
:10A0E000CFC8EAFF01C0E9FF03C0ECFFED52D0C8C2
:10A0F000EFFFD89000018235036A470F016E010E11
:10A10000032201C0CEF8080103C0CFF8D8900001A7
:10A110008235036AF70FE96E000E0320EA6EECCF7A
:10A12000D1F8ED52EFCFD0F8020E0801D025016E24
:10A13000000ED121CFC8EAFFCEC8E9FFEC6EED5288
:10A1400001C0EFFF036A000182517F0F016E000E14
:10A150000322080103C0CFF8036A00018251650F92
:10A16000E96E000E0320EA6EEFCFD0F80801CFC8E9
:10A17000EAFF01C0E9FFD0C8EFFF0601F7BB07D037
:10A1800082C0CEF8000180EC9CF004D006010001F2
:10A190005EECCAF00601F7BB0AD0040E0801CE6FD0
:10A1A000BB0ECF6F000168EC9AF009D00601040ED7
:10A1B0000801CE6FAF0ECF6F000168EC9AF0060178
:10A1C000F797FA6BF96B00018251FC0F0EE2040F56
:10A1D000A2EFD1F009EC56F008D035EC56F005D0DE
:10A1E00061EC56F002D08DEC56F04ED0568206014E
:10A1F000F7AB01D008D00001A6EC63F051C248F1E2
:10A2000050C247F10601040E0801CE6FAA0ECF6FAF
:10A21000000168EC9AF0010E0801E76FE86BE96B4A
:10A2200000016BEC48F0588CB50E6B6F2DD0060119
:10A23000F7BB0ED051C248F150C247F1040E0801DD
:10A24000CE6FBB0ECF6F000168EC9AF009D006010B
:10A25000040E0801CE6FAF0ECF6F000168EC9AF0CC
:10A2600013D0040E0801CE6FBB0ECF6F000168EC57
:10A270009AF0A6EC63F008D06DC06BF00101926B10
:10A28000916B906B8F6B00016A6B86A607D0010102
:10A29000B66BB56BB46BB36B0BD0000181BC09D04E
:10A2A0000101B66BB56BB46BB36BF40E986E8F7621
:10A2B00000011B6AF2BE1B8EF29E09016F6B00014A
:10A2C000EFEC03F01BBEF28E51EFFFF0E824F76ACB
:10A2D000F736ED0FF66EA20EF722010EF86EFB6E4A
:10A2E0000A00F550FA6E0800F550F96ED09BD69B27
:10A2F000DC9BE29BE824F76AF736150FF66EA30E97
:10A30000F722010EF86EFB6E0A00F550FA6E080097
:10A31000F550F96E5C9F629F689F6E9FE824F76A14
:10A32000F7363D0FF66EA30EF722010EF86EFB6EA8
:10A330000A00F550FA6E0800F550F96E96A09CA040
:10A34000A2A0A8A0E824F76AF736650FF66EA30E60
:10A35000F722010EF86EFB6E0A00F550FA6E080047
:10A36000F550F96ED4A1DAA1E0A1E6A16C510A087A
:10A3700007E00101AE6BAD6BAC6B7BC0ABF10001D4
:10A380000101AE5307E1AD5305E1AC5303E1AB511D
:10A39000640805E2AE6BAD6BAC6B640EAB6FAE5395
:10A3A0000CE1AD530AE1AC5308E1AB510A0805E3F7
:10A3B000AE6BAD6BAC6B0A0EAB6FABC17BF0080143
:10A3C000CF6B7BC0CEF8CFC80BF97BC00AF909016F
:10A3D0000D6B0A0E0C6F0001FFEC0BF002C0CFF802
:10A3E00001C0CEF80801CF33CE33CF33CE33CF33D5
:10A3F000CEC847FFCF33CF31300B006E0F0146512F
:10A40000CF0B0010466F030E0801DB6FED0EDA6F05
:10A410007BC0DCF8000150EC09F02AEFE5F0010107
:10A42000AE5307E1AD5305E1AC5303E1AB51500826
:10A4300005E2AE6BAD6BAC6B500EAB6FAE530CE187
:10A44000AD530AE1AC5308E1AB510A0805E3AE6B2A
:10A45000AD6BAC6B0A0EAB6FABC17CF00901596BF5
:10A46000810E5A6F000110EC0CF01B6AF2BE1B8EBD
:10A47000F29E0901796B7CC078F90001E1EC05F0EE
:10A480001BBEF28E1B6AF2BE1B8EF29E03C07BF9CE
:10A4900002C07AF901C079F900C078F9AE0E09015D
:10A4A0007F6F470E7E6F210E7D6F7E0E7C6F0001E9
:10A4B000FCEC05F01BBEF28E1B6AF2BE1B8EF29EF8
:10A4C00003C07BF902C07AF901C079F900C078F9BC
:10A4D00077EC06F01BBEF28E01C0CEF8010E09012A
:10A4E000596F01C05AF9000110EC0CF0010E09017E
:10A4F000596F040E5A6F000110EC0CF0030E0801A6
:10A50000DB6FEE0EDA6F7CC0DCF8000150EC09F076
:10A510002EEFE5F00101AE5307E1AD5305E1AC5379
:10A5200003E1AB51640805E2AE6BAD6BAC6B640E3E
:10A53000AB6FAB530AE1AC5308E1AD5306E1AE5348
:10A5400004E1AE6BAD6BAC6BAB6BACC10AF1ABC1F4
:10A5500009F1AB530CE1AC530AE1AD5308E1AE5342
:10A5600006E1F00E6E16830E966E8D8A54D0830E21
:10A57000966E8D9A0C0E6E6E3F0E0F012C17000E0C
:10A580002C131B6AF2BE1B8EF29E0AC179F909C117
:10A5900078F90001E1EC05F01BBEF28E1B6AF2BEF9
:10A5A0001B8EF29E03C07BF902C07AF901C079F9D3
:10A5B00000C078F909017F6B7E6B100E7D6F810EF4
:10A5C0007C6F0001FCEC05F01BBEF28E1B6AF2BE34
:10A5D0001B8EF29E03C07BF902C07AF901C079F9A3
:10A5E00000C078F977EC06F01BBEF28E02C0CFF8FF
:10A5F00001C0CEF80801CF33CE33CF33CE33CF33C3
:10A60000CEC86FFFCF33CF31300B006E6E50CF0B03
:10A6100000106E6E0101030E0801DC6FEF0EDB6FA0
:10A620000AC1DEF809C1DDF8000179EC09F032EF6A
:10A63000E5F0010E0101AB17AC6BAD6BAE6BAB512E
:10A64000006EAC51036E035004E10052000109E0BA
:10A650000101035005E1010E005C00010BE0010166
:10A6600013D0920E8C6F0501EB6BEA6BE96BE86B14
:10A6700001010AD0930E8C6F0501EB6BEA6B040E9F
:10A68000E96F1A0EE86F0101AB5100018B5D0EE11D
:10A690000101AC53D8B402D0000108D0AD53D8B4F6
:10A6A00002D0000103D0AE5304E00001ABC18BF037
:10A6B0000101030E0801DB6FF10EDA6F8BC0DCF8CD
:10A6C000000150EC09F036EFE5F06C51140807E09A
:10A6D0000101AE6BAD6BAC6BCCC0ABF10001010105
:10A6E000AE5307E1AD5305E1AC5303E1AB510108B3
:10A6F00005E2AE6BAD6BAC6B020EAB6FAB530AE118
:10A70000AC5308E1AD5306E1AE5304E1AE6BAD6B63
:10A71000AC6BAB6BABC1CCF04F980001CC510208D5
:10A7200001E14F8886EFE5F06B51140A09E00A0A4F
:10A7300033E0360AD8B4A5D0780AD8B4AFD0B9D0AF
:10A740000101A72D17D0A85315E1A95313E1AA536E
:10A7500011E12C6B020E2B6F0701215306E0010162
:10A760002E6B640E2D6F05D0070101012E6BC80EF4
:10A770002D6F10D0A75105080DE1A8530BE1A95387
:10A7800009E1AA5307E12C6B020E2B6F010E2E6F0D
:10A79000220E2D6F00018DD001012C6B020E2B6F4C
:10A7A0001B6AF2BE1B8EF29EC6C07BF9C5C07AF949
:10A7B000C4C079F9C3C078F9000177EC06F01BBE7C
:10A7C000F28E02C0CFF801C0CEF802C00BF901C072
:10A7D0000AF909010D6B3A0E0C6F0001FFEC0BF04A
:10A7E00002C02EF101C02DF101012E51020824E218
:10A7F000FF0A03E12D51E7081FE22EC111F92DC117
:10A8000010F90901136B640E126F000141EC17F08F
:10A8100002C02EF101C02DF12EC10BF92DC10AF994
:10A8200009010D6B640E0C6F0001FFEC0BF002C010
:10A830002EF101C02DF101012EC111F92DC110F928
:10A840000901136B320E126F000141EC17F002C0C8
:10A850002EF101C02DF101012E5303E12D516308AA
:10A8600003E22E6B640E2D6F2E517E5D08E303E133
:10A870002D517D5D04E32EC17EF12DC17DF10001DE
:10A8800018D0010E01012E6F220E2D6F2C6B020EBF
:10A890002B6F306B320E2F6F00010BD001012E6B2E
:10A8A000910E2D6F2C6B020E2B6F306B640E2F6F81
:10A8B00000010101AE5309E1AD5307E12E51AC5D3A
:10A8C0000AE303E1AB512D5D06E2AE6BAD6B2EC129
:10A8D000ACF12DC1ABF1AE530FE1AD530DE1AC5175
:10A8E0002C5D0AE303E1AB512B5D06E3AE6BAD6B70
:10A8F0002CC1ACF12BC1ABF100016B51140A07E084
:10A900000A0A4DE0360A5EE0780A69E06CD001017F
:10A91000A72D36D0A85334E1A95332E1AA5330E130
:10A92000000E4FB8010E006ED89000360050036A3A
:10A930000F0FE96E010E0320EA6EABC1EFFFACC151
:10A94000ECFF000E4FB8010E006ED890003600509C
:10A95000036A0F0FE96E010E0320EA6EECCFEDF8EB
:10A96000ED52EFCFECF8000185EC17F003C0A6F133
:10A9700002C0A5F101C0A4F100C0A3F10FD00101F4
:10A98000A75105080AE1A85308E1A95306E1AA5313
:10A9900004E1ACC10CF1ABC10BF1000124D0ACC19E
:10A9A0007EF1ABC17DF17EC1DBF87DC1DAF8E9EC67
:10A9B00022F003C0BAF102C0B9F101C0B8F100C081
:10A9C000B7F111D0D8908235036A390FE96E010EC4
:10A9D0000320EA6EABC1EFFFACC1ECFF04D0ACC109
:10A9E0004FF2ABC14EF212006B51140A07E00A0A93
:10A9F000D8B4E7D0360AD8B434D1CFD10101A751A9
:10AA00000208D8A4AFD0A853D8A4ACD0A953D8A4D6
:10AA1000A9D0AA53D8A4A6D0AE530AE1AD5308E1F9
:10AA2000AC510D080BE2FF0A03E1AB51100806E23E
:10AA3000AE6BAD6B0E0EAC6F100EAB6F4FA80FD0A0
:10AA4000AE530CE1AD530AE1AC5308E1AB51010840
:10AA500005E3AE6BAD6BAC6B010EAB6F0ED0AE53BE
:10AA60000CE1AD530AE1AC5308E1AB51010805E339
:10AA7000AE6BAD6BAC6B010EAB6F000E4FB8010E41
:10AA8000006ED89000360050036A130FE96E010E75
:10AA90000320EA6EABC1EFFFACC1ECFF000E4FB874
:10AAA000010E006ED89000360050036A130FE96E55
:10AAB000010E0320EA6EECCFCFF8ED52EFCFCEF8C7
:10AAC0000801CE5302E1CF5317E0000E4FB8010E3C
:10AAD000036A740FE96E000E0320EA6EEF5001085E
:10AAE0000BE3000E4FB8010E036A740FE96E000EFF
:10AAF0000320EA6E010EEF6E000E4FB8010E036ADE
:10AB0000740FE96E000E0320EA6EEF5009080BE2A5
:10AB1000000E4FB8010E036A740FE96E000E032099
:10AB2000EA6E0A0EEF6E000E4FB8010E006ED8905E
:10AB300000360050036A0F0FE96E010E0320EA6E23
:10AB4000ECCFEDF8ED52EFCFECF8000185EC17F00B
:10AB500003C0A6F102C0A5F101C0A4F100C0A3F199
:10AB60002FD00101A75106082AE1A85328E1A953D3
:10AB700026E1AA5324E1AE530AE1AD5308E1AC51FA
:10AB80000D080BE2FF0A03E1AB51100806E2AE6BC1
:10AB9000AD6B0E0EAC6F100EAB6FAE530CE1AD5340
:10ABA0000AE1AC5308E1AB51010805E3AE6BAD6BB4
:10ABB000AC6B010EAB6FACC10EF1ABC10DF100017E
:10ABC000ECD00101A75103084AE1A85348E1A95379
:10ABD00046E1AA5344E1AE530AE1AD5308E1AC515A
:10ABE0000D080BE2FF0A03E1AB51100806E2AE6B61
:10ABF000AD6B0E0EAC6F100EAB6FAE530CE1AD53E0
:10AC00000AE1AC5308E1AB51010805E3AE6BAD6B53
:10AC1000AC6B010EAB6FAEC15BF9ADC15AF9ACC103
:10AC200059F9ABC158F909015F6B5E6B5D6B050E9D
:10AC30005C6F0001C1EC0AF001C080F100C07FF13F
:10AC40007EC1DBF87DC1DAF8E9EC22F003C0BAF18D
:10AC500002C0B9F101C0B8F100C0B7F101010001B3
:10AC60009CD00101A751030835E1A85333E1A95352
:10AC700031E1AA532FE1AE530AE1AD5308E1AC51E3
:10AC80000D080BE2FF0A03E1AB510B0806E2AE6BC5
:10AC9000AD6B0E0EAC6F0B0EAB6FAE530CE1AD5344
:10ACA0000AE1AC5308E1AB51010805E3AE6BAD6BB3
:10ACB000AC6B010EAB6FD89000018235036AF70FC1
:10ACC000E96E000E0320EA6EABC1EFFFACC1ECFFF2
:10ACD00064D00101A751040833E1A85331E1A9531D
:10ACE0002FE1AA532DE1AE530AE1AD5308E1AC5177
:10ACF0000D080BE2FF0A03E1AB510B0806E2AE6B55
:10AD0000AD6B0E0EAC6F0B0EAB6FAB530AE1AC53D9
:10AD100008E1AD5306E1AE5304E1AE6BAD6BAC6B35
:10AD2000AB6BD89000018235036AFF0FE96E000E0D
:10AD30000320EA6EABC1EFFFACC1ECFF2ED00101E6
:10AD4000A751050829E1A85327E1A95325E1AA53F2
:10AD500023E1AE5311E1AD530FE1AC530DE1AB5123
:10AD60000201655DD8B002D0010106D00101AE6BD1
:10AD7000AD6BAC6B65C2ABF1AE5307E1AD5305E112
:10AD8000AC5303E1AB513B0805E2AE6BAD6BAC6B72
:10AD90003C0EAB6FABC164F2000112006B511E0898
:10ADA00010E00101AE5307E1AD5305E1AC5303E1FF
:10ADB000AB510A0805E2AE6BAD6BAC6B0A0EAB6F24
:10ADC00000010101AE530CE1AD530AE1AC5308E1BF
:10ADD000AB51010805E3AE6BAD6BAC6B010EAB6F15
:10ADE00000016B51140A04E00A0AD8B468D0B0D04C
:10ADF0000101A751030861E1A8535FE1A9535DE197
:10AE0000AA535BE1000E4FB8010E006ED8900036D9
:10AE10000050036A130FE96E010E0320EA6EECCFB7
:10AE2000CFF8ED52EFCFCEF80801CE5302E1CF5369
:10AE300010E00101AE530CE1AD530AE1AC5308E15F
:10AE4000AB51010805E3AE6BAD6BAC6B010EAB6FA4
:10AE50000801000E4FB8010E036A740FE96E000E70
:10AE60000320EA6EABC1EFFF000E4FB8010E036A7C
:10AE7000740FE96E000E0320EA6EEFCF76F0000E3D
:10AE80004FB8010E006ED89000360050036A0F0FC5
:10AE9000E96E010E0320EA6EECCFEDF8ED52EFCF34
:10AEA000ECF8000185EC17F003C0A6F102C0A5F193
:10AEB00001C0A4F100C0A3F10101000149D00101CA
:10AEC000A75104081DE1A8531BE1A95319E1AA5396
:10AED00017E1AE530AE1AD5308E1AC5100080BE2B3
:10AEE000FF0A03E1AB512C0806E2AE6BAD6B010E1D
:10AEF000AC6F2C0EAB6FACC1C1F0ABC1C0F019D0C0
:10AF0000A751050816E1A85314E1A95312E1AA5369
:10AF100010E1AE5307E1AD5305E1AC5303E1AB5192
:10AF20003C0805E2AE6BAD6BAC6B3C0EAB6FABC1DE
:10AF3000C2F07EC1DBF87DC1DAF80001E9EC22F055
:10AF400003C0BAF102C0B9F101C0B8F100C0B7F155
:10AF50000101AE530CE1AD530AE1AC5308E1AB5132
:10AF6000010805E3AE6BAD6BAC6B010EAB6F00017E
:10AF700012000101AE5307E1AD5305E1AC5303E10B
:10AF8000AB51010805E2AE6BAD6BAC6B010EAB6F64
:10AF9000AB530AE1AC5308E1AD5306E1AE5304E113
:10AFA000AE6BAD6BAC6BAB6B00016B51140A03E085
:10AFB0000A0A07E00BD0579A0101ABB1578A00018A
:10AFC00005D0579C0101ABB1578C000112001B6AE0
:10AFD000F2BE1B8EF29ECFC879F9CEC878F9E1ECAB
:10AFE00005F01BBEF28E0901266BBA0E256F5B0EB3
:10AFF000246F920E236F03C02AF902C029F901C001
:10B0000028F900C027F900010BEC0BF003C0D4F8BD
:10B0100002C0D3F801C0D2F800C0D1F8D4C810F9EA
:10B02000D3C80FF9D2C80EF9D1C80DF964EC17F0E6
:10B0300003C0D8F802C0D7F801C0D6F800C0D5F8D0
:10B040006B51280809E06B518C0806E06B518D08A4
:10B050001CE18251030819E00801D8530DE1D751D2
:10B06000020811E2FF0A08E1D6510C080CE2FF0ABF
:10B0700003E1D5513F0807E2D86B030ED76F0D0EE1
:10B08000D66F400ED56F14D000010801D8530AE1E5
:10B09000D75308E1D65102080BE2FF0A03E1D5516C
:10B0A000E70806E2D86BD76B030ED66FE80ED56FB4
:10B0B000D892D8C813F9D7C812F9D6C811F9D5C88B
:10B0C00010F90901176B166B156B190E146F00013F
:10B0D00077EC0AF003C0D8F802C0D7F801C0D6F860
:10B0E00000C0D5F88251030810E10801D85307E1E8
:10B0F000D75305E1D65303E1D551270805E2D86BB4
:10B10000D76BD66B280ED56F0001D5C800F0D6C816
:10B1100001F0D7C802F0D8C803F01200CFC80BF96D
:10B12000CEC80AF909010D6B190E0C6F0001FFEC76
:10B130000BF002C003F001500801D35309E1D253D0
:10B1400007E10350D15D16E303E1D051015C12E247
:10B15000CFC80BF9CEC80AF909010D6B190E0C6F97
:10B160000001FFEC0BF00801D36BD26B02C0D1F8E9
:10B1700001C0D0F8D0C800F0D1C801F0D2C802F0A8
:10B18000D3C803F000019AEFD9F08351010A03E01C
:10B19000030A28E06FD00801CE530AE0F8C0FAF0A5
:10B1A000F7C0F9F000C102F1FFC001F165C066F01F
:10B1B000D0C0D2F0CFC0D1F059C05AF05DC05EF01F
:10B1C000DAC0DEF0D9C0DDF0D8C0DCF0D7C0DBF0EB
:10B1D000EAC0EEF0E9C0EDF0E8C0ECF0E7C0EBF05B
:10B1E000000148D00801CE5314E0F8C0FAF0F7C0CF
:10B1F000F9F0FAC0FCF0F9C0FBF000C102F1FFC0A9
:10B2000001F102C104F101C103F165C066F066C03D
:10B2100067F0D0C0D2F0CFC0D1F0D2C0D4F0D1C04E
:10B22000D3F059C05AF05AC05BF05DC05EF05EC00A
:10B230005FF0DAC0DEF0D9C0DDF0D8C0DCF0D7C0F6
:10B24000DBF0DEC0E2F0DDC0E1F0DCC0E0F0DBC04E
:10B25000DFF0EAC0EEF0E9C0EDF0E8C0ECF0E7C0E6
:10B26000EBF0EEC0F2F0EDC0F1F0ECC0F0F0EBC0AE
:10B27000EFF0000112006B51140811E10101AE530F
:10B2800007E1AD5305E1AC5303E1AB51020805E220
:10B29000AE6BAD6BAC6B020EAB6F10D00001010159
:10B2A000AE5307E1AD5305E1AC5303E1AB510108E7
:10B2B00005E2AE6BAD6BAC6B010EAB6FAB530AE14D
:10B2C000AC5308E1AD5306E1AE5304E1AE6BAD6B98
:10B2D000AC6BAB6B00016B51140A05E03C0A2FE02C
:10B2E000780A3DE03ED0D8900101AE31AD31AC31AD
:10B2F000AB31E8CF63F000010101AB51010B070155
:10B30000206F36C1CFF835C1CEF863C0D0F8000148
:10B310005EDE01C038F100C037F138C1CFF837C167
:10B32000CEF80801D36BD26B34C1D1F833C1D0F859
:10B330000001F4D601C034F100C033F112D0036A29
:10B3400082515D0FE96E000E0320EA6EABC1EFFF84
:10B35000835304E00801CE6B000117DF02D0ABC1BC
:10B3600043F212006B51140A05E03C0A09E0780A26
:10B370001EE022D00101386B280E376F00011CD06F
:10B380008251030805E10101386B280E376F000177
:10B39000010138511E0809E2FF0A03E137513F0855
:10B3A00004E21F0E386F400E376F000105D0010117
:10B3B000386B280E376F00010101AE5309E1AD5320
:10B3C00007E13851AC5D0AE303E13751AB5D06E3B9
:10B3D000AE6BAD6B38C1ACF137C1ABF100016B5155
:10B3E000500811E10101AE530CE1AD530AE1AC5339
:10B3F00008E1AB51050805E3AE6BAD6BAC6B050E18
:10B40000AB6F43D000016B51280830E10101AE530E
:10B410000CE1AD530AE1AC5308E1AB51010805E37F
:10B42000AE6BAD6BAC6B020EAB6F0001CD5105087E
:10B4300003E0CD51060819E10101A7510D0814E1FF
:10B44000A85312E1A95310E1AA530EE1AE530CE147
:10B45000AD530AE1AC5308E1AB51020805E3AE6B12
:10B46000AD6BAC6B030EAB6F000110D00101AE539E
:10B470000CE1AD530AE1AC5308E1AB51040805E31C
:10B48000AE6BAD6BAC6B050EAB6F00016B51140A6C
:10B4900006E03C0A1AE0780AD8B410D224D2AEC131
:10B4A0005BF9ADC15AF9ACC159F9ABC158F9090101
:10B4B0005F6B5E6B5D6B190E5C6F0001C1EC0AF097
:10B4C00001C034F100C033F10ED20101A7510D08C3
:10B4D000D8A40ED1A853D8A40BD1A953D8A408D16D
:10B4E000AA53D8A405D10001CD51050804E0CD51DF
:10B4F0000608D8A49ED00101AE5307E1AD5305E183
:10B50000AC5303E1AB5102081CE2D8925FC213F9BD
:10B510005EC212F95DC211F95CC210F90901176B24
:10B52000166B156B190E146F000177EC0AF0010E03
:10B530000801002401012B6F000E08010120010108
:10B540002C6FAE5307E1AD5305E1AC5303E1AB51B2
:10B5500028081CE2D8925FC213F95EC212F95DC2DC
:10B5600011F95CC210F90901176B166B156B190EF6
:10B57000146F000177EC0AF0280E08010024010185
:10B580002B6F000E0801012001012C6FAE530AE160
:10B59000AD5308E1AC51000821E2FF0A03E1AB51D1
:10B5A00090081CE2D8925FC213F95EC212F95DC224
:10B5B00011F95CC210F90901176B166B156B190EA6
:10B5C000146F000177EC0AF0C80E08010024010195
:10B5D0002B6F000E0801012001012C6FAE530FE10B
:10B5E000AD530DE1AC512C5D0AE303E1AB512B5D92
:10B5F00006E3AE6BAD6B2CC1ACF12BC1ABF1AEC1B0
:10B600005BF9ADC15AF9ACC159F9ABC158F909019F
:10B610005F6B5E6B5D6B190E5C6F0001C1EC0AF035
:10B6200003C063F202C062F201C061F200C060F2C6
:10B630002AD08251040DF350036AD70FE96E000E31
:10B640000320EA6EEACFD1F8E9CFD0F8AEC15BF9BA
:10B65000ADC15AF9ACC159F9ABC158F909015F6BD9
:10B660005E6B5D6B190E5C6F0001C1EC0AF0D1C816
:10B67000EAFFD0C8E9FF00C0EFFF01C0ECFF02C045
:10B68000ECFF03C0ECFF835304E00801CE6B000124
:10B690007CDD825103082AE18251040DF350036AD4
:10B6A000E70F016E000E032201C0CEF803C0CFF8F1
:10B6B00000018251040DF350036AD70FE96E000EAA
:10B6C0000320EA6EEFCF00F0ECCF01F0ECCF02F0F8
:10B6D000ECCF03F0CFC8EAFFCEC8E9FF00C0EFFF10
:10B6E00001C0ECFF02C0ECFF03C0ECFFE4D001019D
:10B6F000A7510E08D8A4E0D0A853D8A4DDD0A953F0
:10B70000D8A4DAD0AA53D8A4D7D00001CD510508C7
:10B7100004E0CD510608D8A49ED00101AE5307E144
:10B72000AD5305E1AC5303E1AB5102081CE2D892E2
:10B7300063C213F962C212F961C211F960C210F951
:10B740000901176B166B156B190E146F000177EC5E
:10B750000AF0010E0801005C01012D6F000E0801C6
:10B76000015801012E6FAE5307E1AD5305E1AC5313
:10B7700003E1AB5128081CE2D89263C213F962C2FC
:10B7800012F961C211F960C210F90901176B166B49
:10B79000156B190E146F000177EC0AF0280E0801E2
:10B7A000005C01012D6F000E0801015801012E6F90
:10B7B000AE530AE1AD5308E1AC51000821E2FF0AA3
:10B7C00003E1AB5190081CE2D89263C213F962C244
:10B7D00012F961C211F960C210F90901176B166BF9
:10B7E000156B190E146F000177EC0AF0C80E0801F2
:10B7F000005C01012D6F000E0801015801012E6F40
:10B80000AE5309E1AD5307E12E51AC5D0AE303E10C
:10B810002D51AB5D06E3AE6BAD6B2EC1ACF12DC10E
:10B82000ABF1AEC15BF9ADC15AF9ACC159F9ABC1CD
:10B8300058F909015F6B5E6B5D6B190E5C6F00015F
:10B84000C1EC0AF003C05FF202C05EF201C05DF21B
:10B8500000C05CF22AD08251040DF350036AE70F56
:10B86000E96E000E0320EA6EEACFD1F8E9CFD0F8F6
:10B87000AEC15BF9ADC15AF9ACC159F9ABC158F9C8
:10B8800009015F6B5E6B5D6B190E5C6F0001C1ECB3
:10B890000AF0D1C8EAFFD0C8E9FF00C0EFFF01C03D
:10B8A000ECFF02C0ECFF03C0ECFF835304E008018F
:10B8B000CE6B00016ADC0101000115D0AEC15BF95D
:10B8C000ADC15AF9ACC159F9ABC158F909015F6B67
:10B8D0005E6B5D6B190E5C6F0001C1EC0AF001C07C
:10B8E00045F200C044F212006B51140A03E03C0A16
:10B8F0000CE03AD001012E6B960E2D6F2C6B010ED1
:10B900002B6F326B316F00012FD0D8908235036AD4
:10B91000630FE96E010E0320EA6EECCF2EF1ED52BB
:10B92000EFCF2DF1D8908235036A6B0FE96E010ECF
:10B930000320EA6EECCF2CF1ED52EFCF2BF1CD2DA1
:10B9400001D009D0CD51040806E0CD51060803E02E
:10B95000CD51020809E1010E01012E6FF40E2D6F89
:10B960002C6B010E2B6F0001CD2D01D01FD0CD51BE
:10B9700004081CE0CD51060819E0CD51020816E07C
:10B98000AEC15BF9ADC15AF9ACC159F9ABC158F9B7
:10B9900009015F6B5E6B32C15DF931C15CF9000179
:10B9A000C1EC0AF001C0BFF800C0BEF86B5114082A
:10B9B000D8B46FD1CD2D01D06CD1CD510408D8B4FD
:10B9C00068D1CD510608D8B464D1CD510208D8B49D
:10B9D00060D10801BF5303E1BE51C8081FE2BF5147
:10B9E00027081CE303E1BE51100818E30101326B84
:10B9F000320E316FBFC811F9BEC810F932C113F948
:10BA000031C112F9000141EC17F00101AE6BAD6BD1
:10BA100002C0ACF101C0ABF13BD10801BE51C80876
:10BA200034E1BF5332E14EAE18D00101326B320E19
:10BA3000316FBFC811F9BEC810F932C113F931C155
:10BA400012F9000141EC17F00101AE6BAD6B02C0C1
:10BA5000ACF101C0ABF117D008010101326B0A0E45
:10BA6000316FBFC811F9BEC810F932C113F931C125
:10BA700012F9000141EC17F00101AE6BAD6B02C091
:10BA8000ACF101C0ABF104D10801BF5303E1BE51D9
:10BA9000640835E2BF5333E1BE51C70830E301010A
:10BAA000AB51030815E1AC5313E1AD5311E1AE53B3
:10BAB0000FE1315132080CE132530AE1AE6BAD6B4C
:10BAC000AC6B130EAB6F0801BF6BBE0EBE6F0101F6
:10BAD000326B0A0E316FBFC811F9BEC810F932C1FE
:10BAE00013F931C112F9000141EC17F00101AE6BFD
:10BAF000AD6B02C0ACF101C0ABF1CAD00801BE51C0
:10BB0000640834E1BF5332E14EAE18D00101326B0C
:10BB10000A0E316FBFC811F9BEC810F932C113F94E
:10BB200031C112F9000141EC17F00101AE6BAD6BB0
:10BB300002C0ACF101C0ABF117D008010101326BBA
:10BB4000020E316FBFC811F9BEC810F932C113F926
:10BB500031C112F9000141EC17F00101AE6BAD6B80
:10BB600002C0ACF101C0ABF193D00801BF5303E1B7
:10BB7000BE51140835E2BF5333E1BE51630830E3D0
:10BB80000101AB51090815E1AC5313E1AD5311E1CB
:10BB9000AE530FE131510A080CE132530AE1AE6BAA
:10BBA000AD6BAC6B310EAB6F0801BF6B620EBE6F3D
:10BBB0000101326B020E316FBFC811F9BEC810F916
:10BBC00032C113F931C112F9000141EC17F0010142
:10BBD000AE6BAD6B02C0ACF101C0ABF159D0080146
:10BBE000BE51140834E1BF5332E14EAE18D001010A
:10BBF000326B020E316FBFC811F9BEC810F932C1E5
:10BC000013F931C112F9000141EC17F00101AE6BDB
:10BC1000AD6B02C0ACF101C0ABF117D0080101015E
:10BC2000326B010E316FBFC811F9BEC810F932C1B5
:10BC300013F931C112F9000141EC17F00101AE6BAB
:10BC4000AD6B02C0ACF101C0ABF122D00801010123
:10BC5000AB51090814E1AC5312E1AD5310E1AE53FE
:10BC60000EE1315102080BE1325309E1AE6BAD6BCD
:10BC7000AC6B130EAB6F0801BF6BBE6F0101326B73
:10BC8000010E316FAE6BAD6BBFC8ACF1BEC8ABF18E
:10BC90000001CD2D01D08AD0CD510408D8B486D072
:10BCA000CD510608D8B482D0CD510208D8B47ED088
:10BCB000AEC15BF9ADC15AF9ACC159F9ABC158F984
:10BCC00009015F6B5E6B32C15DF931C15CF9000146
:10BCD000C1EC0AF003C0D1F802C0D0F801C0CFF81F
:10BCE00000C0CEF80801D1530DE1D0530BE10101A2
:10BCF0002E510801CF5D19E305E101012D51080125
:10BD0000CE5D13E32EC111F92DC110F932C113F923
:10BD100031C112F9000141EC17F00101AE6BAD6BBE
:10BD200002C0ACF101C0ABF10801AEC15BF9ADC11D
:10BD30005AF9ACC159F9ABC158F909015F6B5E6B97
:10BD400032C15DF931C15CF90001C1EC0AF003C0F8
:10BD5000D1F802C0D0F801C0CFF800C0CEF8080179
:10BD6000D15322E1D05320E1CF5101012C5DD8B055
:10BD700002D0080119D005E12B510801CE5D14E273
:10BD800001012CC111F92BC110F932C113F931C1D4
:10BD900012F9000141EC17F00101AE6BAD6B02C06E
:10BDA000ACF101C0ABF1080125D000010101AE5397
:10BDB00009E1AD5307E12E51AC5D0AE303E12D51DA
:10BDC000AB5D06E3AE6BAD6B2EC1ACF12DC1ABF13B
:10BDD000AE530FE1AD530DE1AC512C5D0AE303E12D
:10BDE0002B51AB5D06E2AE6BAD6B2CC1ACF12BC140
:10BDF000ABF1080100016B51140A03E03C0A24E096
:10BE00003FD1AEC15BF9ADC15AF9ACC159F9ABC173
:10BE100058F909015F6B5E6B32C15DF931C15CF9A4
:10BE20000001C1EC0AF001C036F100C035F136C1A5
:10BE3000CFF835C1CEF863C0D0F8E7ECD7F001C039
:10BE400038F100C037F11CD1CD2D01D00AD0CD5131
:10BE5000040807E0CD51060804E0CD510208D8A43B
:10BE6000E0D00101A7510B08D8A46BD0A853D8A4E7
:10BE700068D0A953D8A465D0AA53D8A462D0AE5331
:10BE800007E1AD5305E1AC5303E1AB5101080AE210
:10BE9000010E0201595D01012D6F000E02015A5978
:10BEA00001012E6FAE5307E1AD5305E1AC5303E141
:10BEB000AB5114080AE2020E0201595D01012D6F17
:10BEC000000E02015A5901012E6FAE5307E1AD5326
:10BED00005E1AC5303E1AB5164080AE20A0E02012A
:10BEE000595D01012D6F000E02015A5901012E6F9B
:10BEF000AE5307E1AD5305E1AC5303E1AB51C808C4
:10BF00000AE2320E0201595D01012D6F000E02019D
:10BF10005A5901012E6FAE5309E1AD5307E12E517D
:10BF2000AC5D0AE303E12D51AB5D06E3AE6BAD6B97
:10BF30002EC1ACF12DC1ABF1ACC158F2ABC157F27F
:10BF40006ED0A7510C08D8A46AD0A853D8A467D043
:10BF5000A953D8A464D0AA53D8A461D0AE5307E1A2
:10BF6000AD5305E1AC5303E1AB5101080AE2010E08
:10BF70000201572501012B6F000E0201582101011A
:10BF80002C6FAE5307E1AD5305E1AC5303E1AB5168
:10BF900014080AE2020E0201572501012B6F000E60
:10BFA0000201582101012C6FAE5307E1AD5305E1A9
:10BFB000AC5303E1AB5164080AE20A0E02015725B3
:10BFC00001012B6F000E0201582101012C6FAE53AD
:10BFD00007E1AD5305E1AC5303E1AB51C8080AE2F8
:10BFE000320E0201572501012B6F000E020158216C
:10BFF00001012C6FAE530FE1AD530DE1AC512C5D3F
:10C000000AE303E1AB512B5D06E3AE6BAD6B2CC1D4
:10C01000ACF12BC1ABF1ACC15AF2ABC159F22FD08C
:10C020000001D8908235036ACF0FE96E000E03201D
:10C03000EA6EEACFD1F8E9CFD0F8AEC15BF9ADC175
:10C040005AF9ACC159F9ABC158F909015F6B5E6B84
:10C0500032C15DF931C15CF90001C1EC0AF0D1C80F
:10C06000EAFFD0C8E9FF00C0EFFF01C0ECFF835337
:10C0700005E00801CE6B0001C5ECD8F0010100011C
:10C0800012007EC10BF97DC10AF909010D6B320E58
:10C090000C6F0001FFEC0BF002C003F001501B6AB3
:10C0A000F2BE1B8EF29E0901786F02C079F9000181
:10C0B000E1EC05F01BBEF28E03C0D5F802C0D4F847
:10C0C00001C0D3F800C0D2F803C026F902C025F998
:10C0D00001C024F900C023F909012A6B296B680EFD
:10C0E000286F840E276F00010BEC0BF003C0D1F812
:10C0F00002C0D0F801C0CFF800C0CEF81B6AF2BE73
:10C100001B8EF29ED1C87BF9D0C87AF9CFC879F9D5
:10C11000CEC878F977EC06F01BBEF28E02C02CF187
:10C1200001C02BF11B6AF2BE1B8EF29ED1C87BF9B7
:10C13000D0C87AF9CFC879F9CEC878F977EC06F08B
:10C140001BBEF28E02C003F001501B6AF2BE1B8EB2
:10C15000F29E0901786F02C079F90001E1EC05F067
:10C160001BBEF28ED882D1C80FF9D0C80EF9CFC845
:10C170000DF9CEC80CF903C013F902C012F901C0C1
:10C1800011F900C010F9F6EC28F003C0D5F802C090
:10C19000D4F801C0D3F800C0D2F800C000F001C04C
:10C1A00001F002C002F003C003F0019E03C0D5F805
:10C1B00002C0D4F801C0D3F800C0D2F80801FB6B6C
:10C1C000FA6BF96B7E0EF86F03C0FFF802C0FEF841
:10C1D00001C0FDF800C0FCF80001BEEC18F046E319
:10C1E0001B6AF2BE1B8EF29ED1C87BF9D0C87AF9C9
:10C1F000CFC879F9CEC878F977EC06F01BBEF28E7D
:10C2000002C0D3F801C0D2F81B6AF2BE1B8EF29EA8
:10C2100002C079F901C078F9E1EC05F01BBEF28E9D
:10C22000D89203C00FF902C00EF901C00DF900C089
:10C230000CF90901136B126B116B7E0E106F00016C
:10C24000F6EC28F01B6AF2BE1B8EF29E03C07BF94F
:10C2500002C07AF901C079F900C078F977EC06F0EC
:10C260001BBEF28E02C02CF101C02BF101012C5338
:10C2700006E12B51030803E32C6B040E2B6FAE5326
:10C2800007E1AD5305E1AC5303E1AB51C80805E24A
:10C29000AE6BAD6BAC6BC80EAB6FAE530FE1AD5375
:10C2A0000DE1AC512C5D0AE303E12B51AB5D06E2DD
:10C2B000AE6BAD6B2CC1ACF12BC1ABF1AEC1FBF8D9
:10C2C000ADC1FAF8ACC1F9F8ABC1F8F80001EFEC78
:10C2D0000AF01B6AF2BE1B8EF29E03C07BF902C0FD
:10C2E0007AF901C079F900C078F909017F6B7E6B9A
:10C2F0007D6B7E0E7C6F0001FCEC05F01BBEF28EA8
:10C3000003C0C6F002C0C5F001C0C4F000C0C3F055
:10C310001B6AF2BE1B8EF29EC6C07BF9C5C07AF9BD
:10C32000C4C079F9C3C078F977EC06F01BBEF28E71
:10C3300002C0D3F801C0D2F802C00BF901C00AF95B
:10C3400009010D6B3A0E0C6F0001FFEC0BF002C0FF
:10C350002EF101C02DF101012E51020824E2FF0A45
:10C3600003E12D51E7081FE22EC111F92DC110F98B
:10C370000901136B640E126F000141EC17F002C04B
:10C380002EF101C02DF12EC10BF92DC10AF90901C1
:10C390000D6B640E0C6F0001FFEC0BF002C02EF170
:10C3A00001C02DF101012EC111F92DC110F90901B2
:10C3B000136B320E126F000141EC17F002C02EF128
:10C3C00001C02DF101012E5303E12D51630803E259
:10C3D0002E6B640E2D6F2E517E5D08E303E12D510F
:10C3E0007D5D04E32EC17EF12DC17DF10001F3EFEF
:10C3F000E5F06C51280807E00101AE6BAD6BAC6B4A
:10C4000082C0ABF1000187A120D00101AB530BE149
:10C41000AC5309E1AD5307E1AE5305E1AE6BAD6B33
:10C42000AC6B010EAB6F000187A30FD00101AB2DE8
:10C430000BD0AC5309E1AD5307E1AE5305E1AE6B50
:10C44000AD6BAC6B020EAB6F000187A32BD001016B
:10C45000AB2D27D0AC5325E1AD5323E1AE5321E101
:10C46000AE5309E1AD5307E1AC5305E1AB51000117
:10C47000825D07E20101AE6BAD6BAC6B020EAB6F80
:10C4800000010101AE530DE1AD530BE1AC5309E1E5
:10C49000000182510101AB5D04E2AE6BAD6BAC6B90
:10C4A000AB6B000187A520D00101AB5102080BE165
:10C4B000AC5309E1AD5307E1AE5305E1AE6BAD6B93
:10C4C000AC6B010EAB6F000187A30ED00101AB2D49
:10C4D0000AD0AC5308E1AD5306E1AE5304E1AE6BB4
:10C4E000AD6BAC6BAB6B00010101AE5307E1AD531B
:10C4F00005E1AC5303E1AB51030805E2AE6BAD6B54
:10C50000AC6B030EAB6F000187A11CD00101AB51D6
:10C510000308D8B402D0000115D0AC53D8B402D06F
:10C52000000110D0AD53D8B402D000010BD0AE53EF
:10C53000D8B402D0000106D0AE6BAD6BAC6B020E6E
:10C54000AB6F000187A71BD00101AB53D8B402D059
:10C55000000115D0AC53D8B402D0000110D0AD53B7
:10C56000D8B402D000010BD0AE53D8B402D0000131
:10C5700006D0AE6BAD6BAC6B010EAB6F0001010171
:10C58000AB51006EAC51036E035004E10052000148
:10C5900017E00101035005E1010E005C000113E00A
:10C5A0000101035005E1020E005C00010EE00101F3
:10C5B000035005E1030E005C000109E001010AD00F
:10C5C0004F9E010107D0010105D0010103D04F8E1C
:10C5D000836B0101ABC182F0000164EFE6F0010161
:10C5E000AB530AE1AC5308E1AD5306E1AE5304E1AD
:10C5F000AE6BAD6BAC6BAB6BAE5307E1AD5305E10E
:10C60000AC5303E1AB51050805E2AE6BAD6BAC6B0F
:10C61000060EAB6F0001875306E00101AE6BAD6BF8
:10C62000AC6BAB6B0001ABC1CDF067EFE6F0010185
:10C63000AE5307E1AD5305E1AC5303E1AB516408E0
:10C6400005E2AE6BAD6BAC6B640EAB6FAB530BE145
:10C65000AC5309E1AD5307E1AE5305E1AE6BAD6BF1
:10C66000AC6B010EAB6F036A00018251650FE96E7E
:10C67000000E0320EA6EABC1EFFF76EFE6F001019A
:10C68000AE5311E1AD530FE1AC530DE1AB510201DB
:10C69000665DD8B002D0010106D00101AE6BAD6B72
:10C6A000AC6B66C2ABF1AE5309E1AD5307E1AC53DD
:10C6B00005E1020167510101AB5D05E3AE6BAD6BB6
:10C6C000AC6B67C2ABF1D89000018235036A390FB9
:10C6D000E96E010E0320EA6EECCFCFF8ED52EFCFFA
:10C6E000CEF8D8900801CF31036ECE31026E016EC4
:10C6F0000101AE5309E1AD5307E10350AC5D1EE308
:10C7000003E10150AB5D1AE3D89000018235036A62
:10C71000390FE96E010E0320EA6EECCFCFF8ED522F
:10C72000EFCFCEF8D8900101AE6BAD6B0801CF31E1
:10C730000101AC6F0801CE310101AB6FABC15BF2FF
:10C7400000017DEFE6F00101AE5307E1AD5305E1D5
:10C75000AC5303E1AB51010805E2AE6BAD6BAC6BC2
:10C76000010EAB6FAB530AE1AC5308E1AD5306E1E8
:10C77000AE5304E1AE6BAD6BAC6BAB6BAB5306E190
:10C78000AC5304E1AD5302E1AE530BE0036A000188
:10C7900082515D0FE96E000E0320EA6E010EEF6E0E
:10C7A000010100016B51280A01E010D0036A825197
:10C7B000590FE96E000E0320EA6EABC1EFFF835301
:10C7C00005E00801CE6B0001C5ECD8F087EFE6F07C
:10C7D0000101A751006EA851036E035005E1020E3E
:10C7E000005C000125E00101035005E1030E005C3F
:10C7F000000127E00101035005E1040E005C000187
:10C8000029E00101035005E1050E005C00012BE069
:10C810000101035005E1060E005C00012EE001015C
:10C82000035005E1070E005C000130E0010136D045
:10C830000801CF6B010ECE6FD16BC80ED06F010116
:10C840002DD00801CF6B010ECE6FD16B140ED06FBF
:10C85000010124D00801CF6B010ECE6FD16B0A0EFF
:10C86000D06F01011BD00801CF6B320ECE6F0F0EBF
:10C87000D16FA00ED06F010111D00801CF6B010E56
:10C88000CE6FD16B320ED06F010108D00801CF6B93
:10C89000010ECE6FD16B280ED06F0101AE5319E19E
:10C8A000AD5317E1AC510801CF5DD8B002D0010102
:10C8B00010D008E10101AB510801CE5DD8B002D023
:10C8C000010107D00101AE6BAD6BCFC8ACF1CEC892
:10C8D000ABF1AE530DE1AD530BE10801D1510101B4
:10C8E000AC5D0CE305E10801D0510101AB5D06E34D
:10C8F000AE6BAD6BD1C8ACF1D0C8ABF1A751006E37
:10C90000A851036E035005E1020E005C000125E012
:10C910000101035005E1030E005C000124E0010168
:10C92000035005E1040E005C000121E00101035009
:10C9300005E1050E005C00011EE00101035005E168
:10C94000060E005C00011DE00101035005E1070E29
:10C95000005C00011AE001011BD0ACC147F2ABC181
:10C9600046F2010115D0ABC148F2010111D0ABC1B3
:10C9700049F201010DD0ACC14BF2ABC14AF2010149
:10C9800007D0ABC14CF2010103D0ABC14DF20101A4
:10C990000001EBEFE6F06C515A0807E00101AE6BC5
:10C9A000AD6BAC6BCEC0ABF100010101AE5307E142
:10C9B000AD5305E1AC5303E1AB51030805E2AE6BA7
:10C9C000AD6BAC6B030EAB6FAB530AE1AC5308E13C
:10C9D000AD5306E1AE5304E1AE6BAD6BAC6BAB6B2C
:10C9E000ABC1CEF00001FFEFE6F06B510A0A0FE099
:10C9F0001E0A3FE00A0AD8B4B0D0360AD8B4F6D03E
:10CA0000780AD8B497D10A0AD8B4ECD1FAD1010186
:10CA1000A751006EA851036E035004E100520001BB
:10CA200017E00101035005E1010E005C000114E074
:10CA30000101035005E1020E005C000111E001015B
:10CA4000035005E1030E005C00010EE001010FD070
:10CA5000B6EFD1F001010BD00FEFD2F0010107D0FA
:10CA60008AEFD2F0010103D019EFD3F001010001E8
:10CA7000C8D10101A751006EA851036E035004E113
:10CA80000052000141E00101035005E1010E005C8C
:10CA900000013EE00101035005E1020E005C0001CF
:10CAA0003BE00101035005E1030E005C000138E0AA
:10CAB0000101035005E1040E005C000135E00101B5
:10CAC000035005E1050E005C000132E00101035056
:10CAD00005E1060E005C00012FE00101035005E1B5
:10CAE000070E005C00012CE00101035005E1080E77
:10CAF000005C000129E00101035005E1090E005C22
:10CB0000000126E0010127D065EFD3F0010123D019
:10CB100094ECD3F001011FD0F4ECD4F001011BD050
:10CB2000CEECD6F0010117D0B9ECD7F0010113D04B
:10CB300094ECD3F001010FD0F4ECD4F001010BD050
:10CB40003BECD9F0010107D0B2ECD9F0010103D0E0
:10CB500074ECDCF00101000154D10101A751006E19
:10CB6000A851036E035005E1010E005C000125E0B1
:10CB70000101035005E1020E005C000122E0010109
:10CB8000035005E1030E005C00011FE001010350AA
:10CB900005E1040E005C00011CE00101035005E109
:10CBA000050E005C000119E00101035005E1060ECD
:10CBB000005C000116E0010117D094ECD3F00101F4
:10CBC00013D0B9ECD7F001010FD0F4ECD4F001018F
:10CBD0000BD0CEECD6F0010107D0CEECD6F001019F
:10CBE00003D041EFE0F0010100010BD10101A75199
:10CBF000006EA851036E035006E1010E005C0001B7
:10CC0000D8B460D00101035006E1020E005C0001BF
:10CC1000D8B45CD00101035006E1030E005C0001B2
:10CC2000D8B457D00101035006E1040E005C0001A6
:10CC3000D8B453D00101035005E1050E005C00019A
:10CC400050E00101035005E1060E005C00014DE0DB
:10CC50000101035005E1070E005C000149E00101FC
:10CC6000035005E1080E005C000146E0010103509D
:10CC700005E1090E005C000142E00101035005E1FD
:10CC80000A0E005C000142E00101035005E10B0EB9
:10CC9000005C00013EE00101035005E10C0E005C68
:10CCA00000013BE00101035005E10D0E005C0001B5
:10CCB00038E00101035005E10E0E005C000135E093
:10CCC000010136D0F9EFE1F0010132D088D4010141
:10CCD0002FD0F4ECD4F001012BD0F4ECD4F001010E
:10CCE00027D0F4ECD4F0010123D0A1D4010120D04D
:10CCF00094ECD3F001011CD0C2D4010119D08251AF
:10CD0000030802E03BECD9F0010112D01CD501016F
:10CD10000FD074ECDCF001010BD074ECDCF00101FD
:10CD200007D0B2ECD9F0010103D0B2ECD9F0010187
:10CD3000000167D06C51B408D8B453D00101A75199
:10CD4000006EA851036E035004E1005200013AE066
:10CD50000101035005E1010E005C000137E0010113
:10CD6000035005E1020E005C000134E001010350B4
:10CD700005E1030E005C00012DE00101035005E117
:10CD8000040E005C000126E00101035005E1050EE0
:10CD9000005C00011FE00101035005E1060E005C8C
:10CDA000000118E00101035005E1070E005C0001DD
:10CDB00011E00101035005E1080E005C00010DE0E7
:10CDC00001010ED03BECD9F001010AD0B2ECD9F050
:10CDD000010106D0FDD4010103D094ECD3F0010190
:10CDE00000010FD00101A751006EA851036E03503E
:10CDF00004E10052000102E0010102D0CCD50101A2
:10CE00000001AEC1B2F1ADC1B1F1ACC1B0F1ABC185
:10CE1000AFF157EFFFF04FA224D06B518D0821E105
:10CE200064531FE04F9201019A6B996B986B976B5B
:10CE300082C09DF787C09CF7D89000018235036AB5
:10CE4000390FE96E010E0320EA6EECCF9FF7ED5229
:10CE5000EFCF9EF70801090E0901006F00017CEC7D
:10CE600046F05EEFFFF04FA215D06B51B50812E10E
:10CE7000645310E04F9201019A6B996B986B976B1A
:10CE80004EC21CF84FC21DF80B0E0901006F0001C5
:10CE90007CEC46F065EFFFF04FA22DD06B51790886
:10CEA0002AE1645328E04F9201019A6B996B986BC9
:10CEB000976B000E4FB8010E006ED89000360050F0
:10CEC000036A0F0FE96E010E0320EA6EECCF6DF8D6
:10CED000ED52EFCF6CF808010BC16EF80CC16FF882
:10CEE00061C070F8CE6BCEC871F8070E0901006FF3
:10CEF00000017CEC46F06CEFFFF04FA220D06B51AC
:10CF000083081DE164531BE04F9201019A6B996BFA
:10CF1000986B976B7DC16CF87EC16DF80801CF6B83
:10CF2000CE6BCEC86EF86F6BCE6BCEC870F81EC7D6
:10CF300071F8070E0901006F00017CEC46F073EFF9
:10CF4000FFF00801CE6BCF6BD09186A62FD14FC7D3
:10CF5000D1F8070150510801D15DD8B019D10001B5
:10CF600044EC08F007010881036A0801D151270F3A
:10CF7000E96E070E0320EA6EEF500508D8A0F6D040
:10CF8000036AD151270FE96E070E0320EA6EEF50B6
:10CF90000408D8A4D4D00001A6534EE0036A0801C7
:10CFA000CE51A10FE96E000E0320EA6EEF50D15D65
:10CFB00028E182C08AF0036ACE519C0FE96E000E10
:10CFC0000320EA6EEFCF82F0036AD151270FE96E9A
:10CFD000070E0320EA6EEFCFD4F8036AD1513B0F5E
:10CFE000E96E070E0320EA6EEFCFD5F80001BFEC23
:10CFF0008FF082C0CFF88AC082F00801CE2BD0918A
:10D0000019D0036AD151270FE96E070E0320EA6E8B
:10D01000EFCFD4F8036AD1513B0FE96E070E03201E
:10D02000EA6EEFCFD5F80001BFEC8FF082C0CFF8E9
:10D030000801D0811BD00001036A0801D151270FDC
:10D04000E96E070E0320EA6EEFCFD4F8036AD151E0
:10D050003B0FE96E070E0320EA6EEFCFD5F8000113
:10D06000BFEC8FF082C0CFF80801D081036AD151A4
:10D070003B0FE96E070E0320EA6EEF50BB080AE093
:10D08000036AD1513B0FE96E070E0320EA6EEF50A1
:10D09000AF0854E158AC07D0000183EC6BF0B40E3C
:10D0A0006B6F4AD0080158AE07D00001BBEC48F0C6
:10D0B000780E6B6F41D008014FAA06D0000139EC01
:10D0C0006DF0780E6B6F38D00601F7A107D0000124
:10D0D000F6EC50F0820E6B6F2FD00601F7AB0ED03E
:10D0E0000001C9EC6BF02EEC6CF093EC6CF00601D7
:10D0F000F79B8C0E00016B6F1FD006010801CF510A
:10D10000FC0F15E2040F0001D9EFE8F0C9EC6BF059
:10D1100008010DD02EEC6CF0080109D093EC6CF0F6
:10D12000080105D0C9EC6BF0080101D00801D0A1BD
:10D1300004D08C0E00016B6F0801579416D0036A5F
:10D14000D151270FE96E070E0320EA6EEFCFD4F816
:10D15000036AD1513B0FE96E070E0320EA6EEFCF51
:10D16000D5F80001BFEC8FF008010DD0036AD15152
:10D17000270FE96E070E0320EA6EEFCFD3F8000108
:10D180002DEC7FF0080107014F2B0801D12BE1D6D0
:10D190000701089150514F5D05E30001F7EC08F0DD
:10D1A000A66B070156AA01D0569A080100017AEF32
:10D1B000FFF0E824F76AF736D30FF66ED10EF722A8
:10D1C000010EF86EFB6E0A00F550FA6E0800F5507D
:10D1D000F96E0CD114D11CD124D1F86AA292F09C22
:10D1E000F190A59AF192D29AD29CD08E078E140E0D
:10D1F000006E100E016E020EE96E000EEA6EEE6A0F
:10D20000002EFDD7012EFBD7700ED36E400E9B6E05
:10D21000646A336A6586820EAF6E060ED46EA60E01
:10D22000AC6E900EAB6E0F0120878A0E1E6F000E43
:10D230001F6FA60E216F900E226F120E4B6E710E95
:10D240004A6E4D6A4C6A4E904E924E944E964E984F
:10D250004E9A4E9C4E8E4F904F924F944F964F98B1
:10D260004F9A4F9C4F9E5190519251945196519884
:10D27000519A519C519E549054925494548654986F
:10D28000549A549C549E569056925694569656983C
:10D29000569A569C569E5790579257945796579821
:10D2A000579A579C578E589058920001616B626B49
:10D2B000010E636F646B696B6A6B6B6B6C6B6D6B90
:10D2C0006E6B6F6B640E706F736B050E766F776BA2
:10D2D000786B796B7A6B0F0E7B6F190E7C6F7D6BA1
:10D2E0007E6B826B836B866B876B886B896B8A6BBB
:10D2F0008B6B8C6B8D6B8E6B58943E0E8F6FA66B09
:10D30000BF6BC16B0A0EC06F140EC26FC66BC56BCC
:10D310000C0EC46F840EC36FC76BC86BC96BCA6B2E
:10D32000CB6BCC6BCD6BCE6B0101086B076B0A6BC3
:10D33000020E096F0C6B0A0E0B6F010E0E6FE00EE2
:10D340000D6F186B176B1A6B196B1C6B1B6B1E6BBD
:10D350001D6B206B1F6B226B216B2C6B2B6B2E6B51
:10D360002D6B306B320E2F6F326B010E316F030E4F
:10D37000346F200E336F366B960E356F1F0E386F7D
:10D38000400E376F426B416B010E446FF40E436FDA
:10D39000010E466FF40E456F566B556B586B576B0D
:10D3A0005A6B596B5C6B5B6B5E6B5D6B606B5F6B41
:10D3B000626B616B7C6B7B6B7E6B280E7D6F040EEA
:10D3C000806FB00E7F6F846B836B826B816B866B1B
:10D3D000856B886B876B8A6B896B8C6B8B6B8E6BA9
:10D3E0008D6B926B916B906B8F6B966B956B946B57
:10D3F000936B9A6B996B986B976B9E6B9D6B9C6B09
:10D400009B6BA26BA16BA06B9F6BA66BA56B030EB6
:10D41000A46FE80EA36FAA6BA96BA86BA76BAE6B8A
:10D42000AD6BAC6BAB6BB26BB16BB06BAF6BB66B28
:10D43000B56BB46BB36BBA6BB96BB86BB76BBE6BD8
:10D44000BD6BBC6BBB6BC26BC16BC06BBF6BC66B88
:10D45000C56BC46BC36BCA6BC96BC86BC76BCE6B38
:10D46000CD6BCC6B640ECB6FD26BD16BD06BCF6BB3
:10D47000D66BD56BD46BD36BDA6BD96BD86BD76BA0
:10D4800002013E6B426B416B406B3F6B010E436F81
:10D49000456FF40E446F476B040E466F0A0E486FDB
:10D4A000496F4B6BC80E4A6F280E4C6F0A0E4D6FBA
:10D4B0004F6B020E4E6F516B0A0E506F556B546BD3
:10D4C000536B910E526F5896566B586B0A0E576FEE
:10D4D0005A6B320E596F050E5B6F5F6B5E6B5D6B47
:10D4E000320E5C6F636B626B030E616FE80E606FF0
:10D4F0001E0E646F656B010E666F910E676F6F6B2A
:10D500006E6B716B706B736B726B756B746B776B2F
:10D51000766B796B786B7D6B7C6B7B6B7A6B816BDD
:10D52000806B7F6B7E6B856B846B836B826B170E5E
:10D530000501E66F1E0EE76FEB6BEA6BE96BE86BBC
:10D540000601F46BF56BF66B5898589A589C589EE8
:10D55000F791F793F86BF795F797F799FA6BF96BE3
:10D56000FE6BFD6BFC6BFB6BFF6BF79BF79DF79FF7
:10D570000701076B08911E6B08931F6B206B216BD3
:10D58000226B0801C16BC06B000E0F01236F246F6B
:10D59000256FC196C198C19A2E6B2F6B546B67D0C3
:10D5A000070034485720312E330008003F465720EB
:10D5B000312E303000010050000200520000010006
:10D5C000550008405901040065050101010200747D
:10D5D000010103007F000000020084FF900A409CCC
:10D5E000001840A7003100CF6400960002000A0036
:10D5F000FA000000C8000000FA000000FA00000075
:10D60000FA000000C8000000FA000000FA00000064
:10D610000500C800C003C8003707C00008010F0795
:10D6200000070050005000084123000801390A009B
:10D6300014000A000C000E01470A0014001E00101E
:10D640000E280032003C000F0163E803E803E80302
:10D65000E8030100010001000109C000FF4286004B
:10D66000FFC000FFC00063C0000747000000010EBC
:10D67000F86ED50EF76EA00EF66E0900F550006E2E
:10D68000000A13E00900F550016EE8BE05D00F0B4B
:10D69000EA6E0900F5CFE9FF01BC090001AC090001
:10D6A000F5CFEEFF004EE9D7F9D7F86AD0B608D02B
:10D6B0000A0E0801D66F00015CEC08F056800F01DD
:10D6C0000400020EEA6E860EE96E036A000E026E18
:10D6D000260E016E0C0EEF6E01C0ECFF02C0ECFFD7
:10D6E00003C0ECFF020EEA6EAE0EE96E036A000E96
:10D6F000026E2B0E016E4E0EEF6E01C0ECFF02C0EB
:10D70000ECFF03C0ECFF020EEA6ED60EE96E036A70
:10D71000000E026E390E016EA80EEF6E01C0ECFF16
:10D7200002C0ECFF03C0ECFF020EEA6EFE0EE96ED3
:10D73000036A000E026E480E016E4E0EEF6E01C0BF
:10D74000ECFF02C0ECFF03C0ECFF030EEA6E260EF6
:10D75000E96E036A000E026E540E016EEE0EEF6E5D
:10D7600001C0ECFF02C0ECFF03C0ECFF030EEA6E49
:10D77000C60EE96E036A000E026E750E016EF40E9F
:10D78000EF6E01C0ECFF02C0ECFF03C0ECFF030E24
:10D79000EA6EEE0EE96E036A000E026E890E016EED
:10D7A0006C0EEF6E01C0ECFF02C0ECFF03C0ECFF9B
:10D7B000030EEA6EF20EE96E036A000E026E890E27
:10D7C000016EE40EEF6E01C0ECFF02C0ECFF03C07F
:10D7D000ECFF030EEA6EF60EE96E036A000E026EAF
:10D7E0008A0E016EC20EEF6E01C0ECFF02C0ECFFAC
:10D7F00003C0ECFF040EEA6E660EE96E036A000ECB
:10D80000026E920E016E8E0EEF6E01C0ECFF02C032
:10D81000ECFF03C0ECFF040EEA6E6A0EE96E036AC9
:10D82000000E026E920E016E8E0EEF6E01C0ECFFC6
:10D8300002C0ECFF03C0ECFF040EEA6E720EE96E4C
:10D84000036A000E026E920E016E8E0EEF6E01C024
:10D85000ECFF02C0ECFF03C0ECFF040EEA6E8E0E7C
:10D86000E96E036A000E026EA20E016E9A0EEF6E52
:10D8700001C0ECFF02C0ECFF03C0ECFF040EEA6E37
:10D88000920EE96E036A000E026EA20E016E9A0EEF
:10D89000EF6E01C0ECFF02C0ECFF03C0ECFF040E12
:10D8A000EA6E9A0EE96E036A000E026EA20E016E17
:10D8B0009A0EEF6E01C0ECFF02C0ECFF03C0ECFF5C
:10D8C000040EEA6EB60EE96E036A000E026EAE0E2C
:10D8D000016E2C0EEF6E01C0ECFF02C0ECFF03C026
:10D8E000ECFF040EEA6EBA0EE96E036A000E026ED9
:10D8F000AE0E016E2C0EEF6E01C0ECFF02C0ECFF0D
:10D9000003C0ECFF040EEA6EBE0EE96E036A000E61
:10D91000026EAE0E016E2C0EEF6E01C0ECFF02C067
:10D92000ECFF03C0ECFF040EEA6EC20EE96E036A60
:10D93000000E026EAE0E016E2C0EEF6E01C0ECFFFB
:10D9400002C0ECFF03C0ECFF050EEA6E560EE96E56
:10D95000036A000E026EC70E016ED00EEF6E01C09C
:10D96000ECFF02C0ECFF03C0ECFF050EEA6E5A0E9E
:10D97000E96E036A000E026EC70E016ED00EEF6EE6
:10D9800001C0ECFF02C0ECFF03C0ECFF050EEA6E25
:10D99000620EE96E036A000E026EC70E016ED00EB3
:10D9A000EF6E01C0ECFF02C0ECFF03C0ECFF050E00
:10D9B000EA6EA60EE96E036A000E026ECE0E016ECE
:10D9C000500EEF6E01C0ECFF02C0ECFF03C0ECFF95
:10D9D000050EEA6EAA0EE96E036A000E026ECF0E05
:10D9E000016ECC0EEF6E01C0ECFF02C0ECFF03C075
:10D9F000ECFF050EEA6EB60EE96E036A000E026ECB
:10DA0000D20E016E420EEF6E01C0ECFF02C0ECFFC1
:10DA100003C0ECFF050EEA6EBA0EE96E036A000E53
:10DA2000026EDB0E016E620EEF6E01C0ECFF02C0F3
:10DA3000ECFF03C0ECFF050EEA6EBE0EE96E036A52
:10DA4000000E026EDC0E016E460EEF6E01C0ECFFA2
:10DA500002C0ECFF03C0ECFF050EEA6EC20EE96ED9
:10DA6000036A000E026EDC0E016ED60EEF6E01C070
:10DA7000ECFF02C0ECFF03C0ECFF080E256F246B27
:10DA8000010E236F81CF6EF0F290F292F288F19C3A
:10DA9000F296C00EF212B59CB59EC050C00B07099D
:10DAA000C06EC08EC280010E236F000E246F080E60
:10DAB000256FC196C188C18A0D0E926E896A7F0E4C
:10DAC000936E8A6A8B6A200E956E8C6A830E966EB0
:10DAD0008D6A7D0E976E8E6AF40E986E8F6A0801BD
:10DAE000E76B110EE86F0001DDEC08F00801E76B51
:10DAF000040EE86F0001DDEC08F00801E76B050E8D
:10DB0000E86F0001DDEC08F0C69AAB9E0F01229F82
:10DB10004E80C2900001F7EC08F0F40E986E8F90E2
:10DB2000D3CF00F0D19ED39E030000C0D3FF4EA000
:10DB300003D04EBA01D0EFD7F40E986E8F80569670
:10DB40001B6AF2BE1B8EF29E09016F6B0001EFECA7
:10DB500003F01BBEF28E56880601F46BC69AAB9E8C
:10DB60000F01229F7C0ED36E400E9B6E0400F29636
:10DB7000D80E9412980E94169882F40E986E8F8098
:10DB8000AB8E228F2669010E0801E76F110EE86F38
:10DB90000001DDEC08F01B6AF2BE1B8EF29E010E46
:10DBA0000901766FF40E756F0001F2EC06F01BBEF2
:10DBB000F28EC050C00B0709C06EC08EC280010E2D
:10DBC0000F01236F000E246F080E256FC196C188C8
:10DBD000C18AC280000E0609CA6EF90ECB6E000122
:10DBE000CFEF09F0B06A070EB16EB36AB26A0101F5
:10DBF000D66BD56BD46BD36B780E05090F01336FE1
:10DC0000FA0E346FBA9AB98A3385830E966E8D9A5E
:10DC10000C0E6E6E3F0E2C17000E2C131B6AF2BEFC
:10DC20001B8EF29E0AC179F909C178F90001E1EC75
:10DC300005F01BBEF28E1B6AF2BE1B8EF29E03C065
:10DC40007BF902C07AF901C079F900C078F90901BD
:10DC50007F6B7E6B100E7D6F810E7C6F0001FCEC84
:10DC600005F01BBEF28E1B6AF2BE1B8EF29E03C035
:10DC70007BF902C07AF901C079F900C078F977EC34
:10DC800006F01BBEF28E02C0CFF801C0CEF808012C
:10DC9000CF33CE33CF33CE33CF33CEC86FFFCF3376
:10DCA000CF31300B006E6E50CF0B00106E6EC26B1A
:10DCB000C25102081FE38B8A1B6AF2BE1B8EF29EC2
:10DCC0000901766B7D0E756F0001F2EC06F01BBE4C
:10DCD000F28E8B9A1B6AF2BE1B8EF29E0901766B46
:10DCE0007D0E756F0001F2EC06F01BBEF28E08018E
:10DCF000C22BDED7000127EF0AF01B6AF2BE1B8E93
:10DD0000F29E0901766B640E756F0001F2EC06F06D
:10DD10001BBEF28E0901646B010E636FFB0E626F16
:10DD2000D00E616F000155EC0AF001018E6B01C04D
:10DD30008DF18DC18EF18D6B0901646B010E636FE6
:10DD4000FB0E626FD10E616F000155EC0AF00150BD
:10DD500001018D13010E0801E76F040EE86F000149
:10DD6000DDEC08F01B6AF2BE1B8EF29E010E09016B
:10DD7000766FF40E756F0001F2EC06F01BBEF28EAA
:10DD80000C0E016EC250830B0110C26E000E016EAC
:10DD9000C150F80B0110C16EC2B2FED7C282C2B22E
:10DDA000FED7C4CFD0F10101C3CFCFF1D16BD26B7D
:10DDB000C2B2FED7D26BD16BD06BCF6B0801C36BF5
:10DDC000C3510E081EE30C0E016EC250830B0110EE
:10DDD000C26E000E016EC150F80B0110C16EC2B2CE
:10DDE000FED7C282C2B2FED7C3500101CF27C450B2
:10DDF000D023000ED123D223C2B2FED70801C32BF9
:10DE0000DFD7D892D2C113F9D1C112F9D0C111F91B
:10DE1000CFC110F90901176B166B156B0F0E146F3C
:10DE2000000177EC0AF003C0D2F102C0D1F101C0C9
:10DE3000D0F100C0CFF1D2C15BF9D1C15AF9D0C144
:10DE400059F9CFC158F909015F6B5E6B8EC15DF95D
:10DE50008DC15CF90001C1EC0AF003C0D1F802C029
:10DE6000D0F801C0CFF800C0CEF803C0FBF802C064
:10DE7000FAF801C0F9F800C0F8F8EFEC0AF003C0B6
:10DE800026F902C025F901C024F900C023F90901CF
:10DE90002A6B296B286B8B0E276F00010BEC0BF0A4
:10DEA0001B6AF2BE1B8EF29E03C07BF902C07AF998
:10DEB00001C079F900C078F977EC06F01BBEF28E4C
:10DEC00002C07CF101C07BF101017C51090805E22F
:10DED000FF0A0AE17B51BE0807E37C51080816E3FC
:10DEE00003E17B51C90812E3010E0801CE6F000166
:10DEF000BAEC0BF0D8EC0BF0030E0801D66F000162
:10DF00005CEC08F09BEC6EF006D60101010E0801F6
:10DF1000E76F050EE86F0001DDEC08F01B6AF2BE4A
:10DF20001B8EF29E010E0901766FF40E756F0001D3
:10DF3000F2EC06F01BBEF28E77EC6FF0015211E1AD
:10DF4000010E0801CE6F0001BAEC0BF0D8EC0BF01B
:10DF5000040E0801D66F00015CEC08F09BEC6EF03B
:10DF6000DAD5040082A602D082B812D0060ECA6F9B
:10DF70000801D66F00015CEC08F0010E0801CE6FBD
:10DF80000001BAEC0BF0D8EC0BF09BEC6EF0C3D5B3
:10DF9000C68A7F0EC86E280EC66EC78EC79C678A5B
:10DFA0000801CE6BCF6BD06B010ED16F000183EFF8
:10DFB0006FF054AE13D0549E060ECA6F0801D66F90
:10DFC00000015CEC08F0010E0801CE6F0001BAEC14
:10DFD0000BF0D8EC0BF09BEC6EF09DD50801F46BC8
:10DFE000F56BF66B010EF76F0001ACEC47F0780EA5
:10DFF00006090F01306F320E316F830E966E8D98C9
:10E000000C0E466FFC0E2B17000E2B13040E2E6FFA
:10E010002F6F546F6F6A6E50CF0B6E6E0801CF6B0F
:10E020007BC0CEF8CFC80BF97BC00AF909010D6B94
:10E030000A0E0C6F0001FFEC0BF002C0CFF801C01C
:10E04000CEF80801CF33CE33CF33CE33CF33CEC863
:10E0500047FFCF33CF31300B006E0F014651CF0B4E
:10E060000010466FF40E986E8F9004000001EEEFE2
:10E070006FF01B6AF2BE1B8EF29E09016F6B0001EE
:10E08000EFEC03F01BBEF28E0801C56B490EC46FA6
:10E09000C76B580EC66F090ED06F190ED16FC5C869
:10E0A000D3F8C4C8D2F8C7C8D5F8C6C8D4F8000198
:10E0B00074EF72F000EF74F0015202E054AE38D009
:10E0C000549E060ECA6F0801D66F00015CEC08F082
:10E0D000CF0E6B6F09010B6B6BC00AF90D6B040E51
:10E0E0000C6F0001FFEC0BF002C003F00150860F33
:10E0F000006E020E0220016E026AD8B0002A036A86
:10E1000002C0D0F8E8CFCFF800C0CEF8EA6E00C069
:10E11000E9FF41EC01F001C07EF0010E0801CE6F75
:10E120000001BAEC0BF0D8EC0BF09BEC6EF0F3D4E2
:10E13000830E966E8D8C040054EC6DF00400010E7D
:10E140000801E76FE86F0001DDEC08F01B6AF2BE22
:10E150001B8EF29E010E0901766FF40E756F0001A1
:10E16000F2EC06F01BBEF28E75EC74F0015211E178
:10E17000010E0801CE6F0001BAEC0BF0D8EC0BF0E9
:10E18000050E0801D66F00015CEC08F09BEC6EF008
:10E19000C2D40801E76B010EE86F0001DDEC08F066
:10E1A000A38AC00EF212040085BA01D0578281EF13
:10E1B00074F081BA50D08B808B8A010E0801CE6F2B
:10E1C0000001BAEC0BF024EC0CF01B6AF2BE1B8EC3
:10E1D000F29E640E0901796F0001DDEC06F01BBEB2
:10E1E000F28EA8EC74F0015236E1D8EC0BF0090E77
:10E1F000CA6F0801D66F00015CEC08F0CF0E6B6FA0
:10E2000009010B6B6BC00AF90D6B040E0C6F00015A
:10E21000FFEC0BF002C003F00150860F006E020EFF
:10E220000220016E026AD8B0002A036A02C0D0F848
:10E23000E8CFCFF800C0CEF8EA6E00C0E9FF41ECAD
:10E2400001F001C07EF081BA02D00400FCD78B90AF
:10E250008B9A24EC0CF0F298F29CF29EF2BEFDD761
:10E2600081BA02D0ABEF75F081BA28D004004E8A93
:10E27000CC0E6B6F09010B6B6BC00AF90D6B040EB2
:10E280000C6F0001FFEC0BF002C003F00150860F91
:10E29000006E020E0220016E026AD8B0002A036AE4
:10E2A00002C0D0F8E8CFCFF800C0CEF8EA6E00C0C8
:10E2B000E9FF41EC01F001C07EF0D6D74EAA04D0B0
:10E2C0004E9A8B908B9A38D41E0E0801CF6F0001A6
:10E2D000BCEC73F081CF6EF08B90F290F292F288EA
:10E2E000F19CFA0E6C6F4E9A6B6B0601F46B5490B6
:10E2F0000701089358980601F795F086F19AF08A7D
:10E30000F196A38AF286C00EF21281CF6EF0F290DF
:10E310000101926B916B906B8F6BF28604005698A3
:10E320004E92000130EC76F0015202E054AE45D03E
:10E33000549E010E0801CE6F0001BAEC0BF0060EE0
:10E34000CA6F0801D66F00015CEC08F0CF0E6B6F4E
:10E3500009010B6B6BC00AF90D6B040E0C6F000109
:10E36000FFEC0BF002C003F00150860F006E020EAE
:10E370000220016E026AD8B0002A036A02C0D0F8F7
:10E38000E8CFCFF800C0CEF8EA6E00C0E9FF41EC5C
:10E3900001F001C07EF01B6AF2BE1B8EF29E070EDA
:10E3A0000901766FD00E756F0001F2EC06F01BBE0E
:10E3B000F28E9BEC6EF08BEFEDF056A04CD05690A9
:10E3C0000A0ECA6F0801D66F00015CEC08F06BEC16
:10E3D0006DF0CF0E6B6F09010B6B6BC00AF90D6B03
:10E3E000040E0C6F0001FFEC0BF002C003F00150B3
:10E3F000860F006E020E0220016E026AD8B0002A5B
:10E40000036A02C0D0F8E8CFCFF800C0CEF8EA6EB9
:10E4100000C0E9FF41EC01F001C07EF081EC11F099
:10E42000010E0801CE6F0001BAEC0BF01B6AF2BEC0
:10E430001B8EF29E030E0901766FE80E756F0001C8
:10E44000F2EC06F01BBEF28E85AC02D00400FCD7C5
:10E45000519E9FEC6DF0FA0E6C6F4E9A6B6B040040
:10E460005198F2CFCEF8F29E030E636EF30E626EF9
:10E470007F9C7F9E7F8061500801CEBFF28EFF0897
:10E4800032E10001A3EF76F0F250006EF29E030E2F
:10E49000636EF30E626E960E616E7F9C7F9E7F842C
:10E4A0000F01550E7E6EAA0E7E6E7F820050F21214
:10E4B0007FB2FED77F94F2CF00F0F29E030E636E20
:10E4C000F40E626E61687F9C7F9E7F84550E7E6E27
:10E4D000AA0E7E6E7F820050F2127FB2FED77F942A
:10E4E0005788B0D00801F2CFCEF8F29E030E636ECB
:10E4F000F40E626E7F9C7F9E7F806150CEBFF28E55
:10E50000BA081CE10001B7EF76F0F250006EF29EFF
:10E51000030E636EF40E626E61687F9C7F9E7F8443
:10E520000F01550E7E6EAA0E7E6E7F820050F21293
:10E530007FB2FED77F94578803D0080157980F0108
:10E54000518A0801D16BD06BCF6BCE6BCEC8A6F8C9
:10E55000A76BA86BA96BCE6BCEC8AAF8010ED36FC0
:10E5600000012DEC7FF051A832D051984D6A4C6AD1
:10E570006BEC6DF0010ECA6FC20E006E050E016EDF
:10E58000026A036A0801D06BCF6FC20ECE6FCFC88C
:10E59000EAFFE96E000141EC01F001C07EF0010EDE
:10E5A0000801CE6F0001BAEC0BF01B6AF2BE1B8EA5
:10E5B000F29E070E0901766FD00E756F0001F2EC26
:10E5C00006F01BBEF28E9BEC6EF08BEFEDF056B4B6
:10E5D00038D024EC0CF0150E0801D66F00015CEC6D
:10E5E00008F0150ECA6F6BEC6DF0C20E006E050ED2
:10E5F000016E026A036A0801D06BCF6FC20ECE6F44
:10E60000CFC8EAFFE96E000141EC01F001C07EF0E5
:10E61000010E0801CE6F0001BAEC0BF01B6AF2BECE
:10E620001B8EF29E070E0901766FD00E756F0001EA
:10E63000F2EC06F01BBEF28E9BEC6EF051988BEF65
:10E64000EDF00F01519A51985196518C0001F7EC61
:10E6500008F02D0E0801CF6F0001E2EC8EF01B6A6E
:10E66000F2BE1B8EF29E0AC179F909C178F9E1EC7C
:10E6700005F01BBEF28E1B6AF2BE1B8EF29E03C01B
:10E680007BF902C07AF901C079F900C078F9090173
:10E690007F6B7E6B100E7D6F810E7C6F0001FCEC3A
:10E6A00005F01BBEF28E1B6AF2BE1B8EF29E03C0EB
:10E6B0007BF902C07AF901C079F900C078F977ECEA
:10E6C00006F01BBEF28E02C0CFF801C0CEF80801E2
:10E6D000CF33CE33CF33CE33CF33CEC86FFFCF332C
:10E6E000CF31300B006E6E50CF0B00106E6E0400F9
:10E6F00057A232D05792130ED46FAB0ED56F0001D4
:10E70000BFEC8FF0010E0801E76F040EE86F000107
:10E71000E0EC47F07D0E976E8E9E1B6AF2BE1B8E5C
:10E72000F29E0901766B640E756F0001F2EC06F043
:10E730001BBEF28E0DEF94F0130E0801D46FCD0EB8
:10E74000D56F0001BFEC8FF00801E76B040EE86F96
:10E750000001E0EC47F008010400000124EC0CF09B
:10E7600032EF94F0F3EF7FF0A6EC63F024EC46F088
:10E77000CFEC50F057947D0E976E8E92040044ECCF
:10E7800008F00F0122A30AD01DCF3EF21DCF3EF2AA
:10E790001DCF3EF22299228922B3F6D722A504D0BA
:10E7A0001DCF3EF22199218954A402D074EFFFF0CD
:10E7B0000001CB5304E156BA02D06BEF94F044EC65
:10E7C00008F0CB5304E156BA02D073EF95F039EF5D
:10E7D0009AF001C021F721C753F821C772F8006AE7
:10E7E00056BE008C56500018400B02E157A032D0A4
:10E7F00057900701215315E0420E0801C86FC96BFD
:10E80000080E09010A6FC80E096F3B0E0B6F040E4C
:10E810000C6F010E0D6F0E6B0001CDEC0FF014D0DC
:10E820000701200E0801CA6FCB6B080E09010A6FA1
:10E83000CA0E096F3B0E0B6F040E0C6F010E0D6FAD
:10E840000E6B0001CDEC0FF06B51790803E16453BE
:10E8500001E04F8244EC08F0CB53D8A458D158942F
:10E8600030EC76F0015221E051EC68F001C06FF01D
:10E870006FC009F9140E09010A6F000102EC10F0D3
:10E880000150010F736F57A804D05194370E6F6F6A
:10E8900006D06F51090802E3518401D0519473519D
:10E8A000050802E2050E736F32D144EC08F0FA0E4F
:10E8B0006C6F875317E0589445EC9AF0070E876FFA
:10E8C000896B040E0801CE6FAF0ECF6F000168ECAC
:10E8D0009AF0F7EC6CF0876B6B518B0802E28C0EB0
:10E8E0006B6FCED06B517808D8B07CD06B5181085B
:10E8F00079E3589445EC9AF0000E4FB8010E006E83
:10E90000D89000360050036A130F016E010E0322E7
:10E9100001C0CEF8080103C0CFF8000E4FB8010EB9
:10E92000006ED89000360050036A0F0FE96E010E9A
:10E930000320EA6EECCFF3F8ED52EFCFF2F8A6C168
:10E94000F1F8A5C1F0F8A4C1EFF8A3C1EEF80001F9
:10E9500013EC19F0CFC8EAFFCEC8E9FF02C0ECFF04
:10E96000ED5201C0EFFF000E4FB8010E006ED890BF
:10E9700000360050036A130FE96E010E0320EA6EA1
:10E98000ECCFCFF8ED52EFCFCEF8000E4FB8010E1E
:10E99000036A740FE96E000E0320EA6EEF5008015F
:10E9A000CE250101476F000E0801CF210101486FFC
:10E9B0005951A3259B6F5A51A4219C6F000EA5218C
:10E9C0009D6F000EA6219E6F040E0801CE6FBB0E38
:10E9D000CF6F000168EC9AF039EC6DF0589E780E1C
:10E9E0006B6F4ED06B51820838E26B518B0835E368
:10E9F000589445EC9AF0C05101017F250801CE6F73
:10EA00000001C151010180210801CF6F0001C251F5
:10EA10000801CE250101476F000E0801CF21010139
:10EA2000486F8151B7259F6F8251B821A06F8351E4
:10EA3000B921A16F8451BA21A26F040E0801CE6FD3
:10EA4000BB0ECF6F000168EC9AF0F6EC50F00601B7
:10EA5000F791820E00016B6F13D06B51B40810E276
:10EA6000589445EC9AF0040E0801CE6FBB0ECF6FA0
:10EA7000000168EC9AF083EC6BF0589CB40E6B6F5D
:10EA800054EC6DF024EC0CF0060ECA6F0801D66F42
:10EA900000015CEC08F0CF0E6B6F09010B6B6BC0D3
:10EAA0000AF90D6B040E0C6F0001FFEC0BF002C0B5
:10EAB00003F00150860F006E020E0220016E026A02
:10EAC000D8B0002A036A02C0D0F8E8CFCFF800C05F
:10EAD000CEF8EA6E00C0E9FF41EC01F001C07EF023
:10EAE000010E0801CE6F0001BAEC0BF0070E080111
:10EAF000EE6FD00EED6F000130EC47F00801CE6BE9
:10EB00000001BAEC0BF09BEC6EF08BEFEDF044ECF7
:10EB100008F0CB53D8A451D181BA4FD18B808B8AC6
:10EB2000010E0801CE6F0001BAEC0BF024EC0CF0E2
:10EB30000901036B260E026F0F0E046F230E056F83
:10EB4000010E066F076B0001F3EC0EF00901036B79
:10EB5000270E026F0F0E046F2D0E056F010E066F4C
:10EB6000076B0001F3EC0EF06B518D0811E06B5157
:10EB70008E080EE06B51B5080BE06B51B70808E04A
:10EB80006B51790805E06B51830802E0875365E01B
:10EB90000901036B490E026F080E046F410E056FE9
:10EBA000010E066F076B0001F3EC0EF00901036B19
:10EBB0004A0E026F080E046F500E056F010E066FAD
:10EBC000076B0001F3EC0EF0FA0E6C6F54EC6DF075
:10EBD00087530FE0070E876F896B040E0801CE6F15
:10EBE000BB0ECF6F000168EC9AF0F7EC6CF0876B0E
:10EBF00034D06B5178080FE26B5181080CE3040E9E
:10EC00000801CE6FBB0ECF6F000168EC9AF039ECB3
:10EC10006DF0589E22D06B51820811E26B518B0827
:10EC20000EE3040E0801CE6FBB0ECF6F000168EC3F
:10EC30009AF0F6EC50F00601F79110D000016B51FC
:10EC4000B4080BE2040E0801CE6FBB0ECF6F0001BB
:10EC500068EC9AF083EC6BF0589C0601548C75EFCD
:10EC6000FFF00001A8EC74F001526FE144EC08F0F1
:10EC7000D8EC0BF0090ECA6F0801D66F00015CECEE
:10EC800008F0CF0E6B6F09010B6B6BC00AF90D6BAF
:10EC9000040E0C6F0001FFEC0BF002C003F00150FA
:10ECA000860F006E020E0220016E026AD8B0002AA2
:10ECB000036A02C0D0F8E8CFCFF800C0CEF8EA6E01
:10ECC00000C0E9FF41EC01F001C07EF081BA04D040
:10ECD0000400A8EC74F0FAD7030E0801EE6FE80EFA
:10ECE000ED6F000130EC47F0CC0E6B6F44EC08F098
:10ECF00009010B6B6BC00AF90D6B040E0C6F000160
:10ED0000FFEC0BF002C003F00150860F006E020E04
:10ED10000220016E026AD8B0002A036A02C0D0F84D
:10ED2000E8CFCFF800C0CEF8EA6E00C0E9FF41ECB2
:10ED300001F001C07EF044EC08F00801CE6B000148
:10ED4000BAEC0BF02BEFF1F038D0030E0801EE6FA8
:10ED5000E80EED6F000130EC47F0CC0E6B6F44EC29
:10ED600008F009010B6B6BC00AF90D6B040E0C6FF8
:10ED70000001FFEC0BF002C003F00150860F006EA3
:10ED8000020E0220016E026AD8B0002A036A02C095
:10ED9000D0F8E8CFCFF800C0CEF8EA6E00C0E9FFA7
:10EDA00041EC01F001C07EF044EC08F00801CE6BAC
:10EDB0000001BAEC0BF02BEFF1F0CB5306E14EA0C3
:10EDC00004D09BEC6EF08BEFEDF044EC08F0CB53ED
:10EDD000D8A42CD20601F7A114D01E0E0801CF6FC3
:10EDE0000001BCEC73F081CF6EF0F2900801EE6B85
:10EDF000010EED6F000130EC47F04E9CF2864E9C08
:10EE0000060100016F51020819E24EBC17D051A251
:10EE10000DD287530AE16B51780803E26B518B08DE
:10EE200004E26B51B408D8B001D277EC6FF0015214
:10EE300005E075EC74F00152D8A4F8D1FA0E6C6FAD
:10EE40006F51020805E24EBC03D0589445EC9AF08D
:10EE5000875314E0070E876F896B040E0801CE6F8D
:10EE6000AF0ECF6F000168EC9AF0F7EC6CF0876B97
:10EE70006B518B0802E28C0E6B6FC1D06B5178081E
:10EE8000D8B081D06B518108D8A07DD0CC2D01D0D5
:10EE90006AD0000E4FB8010E006ED89000360050B8
:10EEA000036A130F016E010E032201C0CEF80801A0
:10EEB00003C0CFF8000E4FB8010E006ED890003698
:10EEC0000050036A0F0FE96E010E0320EA6EECCFCB
:10EED000F3F8ED52EFCFF2F8A6C1F1F8A5C1F0F8C2
:10EEE000A4C1EFF8A3C1EEF8000113EC19F0CFC8EC
:10EEF000EAFFCEC8E9FF02C0ECFFED5201C0EFFF10
:10EF0000000E4FB8010E006ED89000360050036A14
:10EF1000130FE96E010E0320EA6EECCFCFF8ED522D
:10EF2000EFCFCEF8000E4FB8010E036A740FE96EF2
:10EF3000000E0320EA6EEF500801CE250101476F55
:10EF4000000E0801CF210101486F5951A3259B6F85
:10EF50005A51A4219C6F000EA5219D6F000EA62181
:10EF60009E6F08D00001765101010D25476F000EFC
:10EF70000E21486F040E0801CE6FBB0ECF6F00014B
:10EF800068EC9AF03CD06B5182082EE26B518B08F2
:10EF90002BE3C05101017F250801CE6F0001C15153
:10EFA000010180210801CF6F0001C2510801CE2567
:10EFB0000101476F000E0801CF210101486F815107
:10EFC000B7259F6F8251B821A06F8351B921A16FDE
:10EFD0008451BA21A26F040E0801CE6FBB0ECF6F11
:10EFE000000168EC9AF00BD06B51B40808E2040EF3
:10EFF0000801CE6FBB0ECF6F000168EC9AF044ECB5
:10F0000008F054EC6DF024EC0CF044EC08F0A1ECAA
:10F010009AF044EC08F04EAC49D06BEC6DF0010E68
:10F020000801CE6F0001BAEC0BF0080E0801D66F94
:10F0300000015CEC08F0080ECA6FC20E006E050EEF
:10F04000016E026A036A0801D06BCF6FC20ECE6FE9
:10F05000CFC8EAFFE96E000141EC01F001C07EF08B
:10F06000070E0801EE6FD00EED6F000130EC47F097
:10F070000801CE6B0001BAEC0BF0A1EC9AF01E0E69
:10F080000801CF6F0001BCEC73F081CF6EF0F290FD
:10F090000801EE6B010EED6F000130EC47F04E9C65
:10F0A000F2864E9C568A010ECB6FBBD06F51020880
:10F0B00038E324EC0CF00901036BB20E026F040E6E
:10F0C000046F1E0E056F020E066F076B0001F3EC56
:10F0D0000EF00901036BB30E026F050E046F500EA4
:10F0E000056F020E066F076B0001F3EC0EF0D8EC13
:10F0F0000BF0010E0801CE6F0001BAEC0BF0030E0D
:10F100000801EE6FE80EED6F000130EC47F00801EA
:10F11000CE6B0001BAEC0BF09BEC6EF08BEFEDF0D8
:10F1200080D0D8EC0BF024EC0CF00901036B5E0EE0
:10F13000026F140E046F320E056F010E066F076B1F
:10F140000001F3EC0EF0000E58B4010E010A05E0C8
:10F15000030A11E0010A1DE03DD0010E0801C16F54
:10F16000DB0EC06F040E0901076F030E086F00016C
:10F1700029EC10F02FD0010E0801C16FDB0EC06F1B
:10F18000050E0901076F030E086F000129EC10F04E
:10F1900021D0010E0801C16FDB0EC06F040E090102
:10F1A000076F030E086F000129EC10F0800EF66E59
:10F1B000100EF76E000EF86E030E0901066F0001C7
:10F1C00032EC15F0050E0901076F030E086F000100
:10F1D00029EC10F0010E09010A6FDB0E096F210EF8
:10F1E0000B6F460E0C6F020E0D6F0E6B0001CDEC17
:10F1F0000FF05192010E0801CE6F0001BAEC0BF036
:10F20000070E0801EE6FD00EED6F000130EC47F0F5
:10F210000801CE6B0001BAEC0BF09BEC6EF08BEFAB
:10F22000EDF0518C060175EFFFF0000144EC08F0A1
:10F23000CB53D8A414EFFFF06B518D0812E06B5143
:10F240008E080FE06B51B5080CE06B51790809E0AE
:10F250006B51830806E0875304E18953D8B4DDEF8E
:10F26000FEF04EA2B5EFFEF04E926453D8B4B5EF67
:10F27000FEF06B518D0803E08753D8B4E6D1080146
:10F28000CC6BCC510308D8A0DED1010E006ECC515E
:10F29000016E04E0D8900036012EFCD7005000012A
:10F2A0008715D8B4CBD1010E006E0801CC51016E88
:10F2B00004E0D8900036012EFCD700500001641500
:10F2C000D8B4BCD1010E006E0801CC51016E04E02F
:10F2D000D8900036012EFCD7005000018915D8A423
:10F2E000ADD10801CC51FC0F25E2040F00018FEFD6
:10F2F000FFF03F0E0801CE6F0001BBEC9AF0080151
:10F3000019D0430E0801CE6F0001BBEC9AF0080142
:10F3100011D0470E0801CE6F0001BBEC9AF0080136
:10F3200009D03F0E0801CE6F0001BBEC9AF0080136
:10F3300001D00801D890CC35036A470FE96E010E61
:10F340000320EA6EECCFCFF8ED52EFCFCEF8CE53DC
:10F35000D8A436D1CF53D8A433D1CC510001825D8B
:10F3600004E16BC06CF08E0E6B6F036A0801CC5128
:10F370007F0FE96E000E0320EA6E010EEF5CCE6F88
:10F38000036ACC51650FE96E000E0320EA6EEF5060
:10F39000CE5D20E2D890CC35036A470F016E010E96
:10F3A000032203C0CFF8D890CC35036AF70FE96E7B
:10F3B000000E0320EA6EECCF03F0ED52EFCFD0F851
:10F3C000CFC8EAFF01C0E9FF03C0ECFFED52D0C88F
:10F3D000EFFF25D0D890CC35036A470F016E010EA0
:10F3E000032201C0CEF803C0CFF8D890CC35036A11
:10F3F000F70FE96E000E0320EA6EECCFD1F8ED5264
:10F40000EFCFD0F8020ED025016E000ED121CFC86B
:10F41000EAFFCEC8E9FFEC6EED5201C0EFFFCC5120
:10F4200003080DE1D890CC35036A470FE96E010E51
:10F430000320EA6E0E0EEC6EED52100EEF6E06011A
:10F44000F797036A0801CC517F0FE96E000E032085
:10F45000EA6EEF50010851E2036ACC517F0FE96E6A
:10F46000000E0320EA6EEF06CC51000A000105E011
:10F47000010A05E0030A05E005D0898103D08983EC
:10F4800001D0898519EC7FF0036AA6519C0FE96EC3
:10F49000000E0320EA6ECCC8EFFFA651A62B036A2C
:10F4A000A10FE96E000E0320EA6E51C7EFFF040EB4
:10F4B0000801CE6FDD0ECF6F000168EC9AF0588224
:10F4C0000801CC51040DF350CF6BCE6FA60ECE25A4
:10F4D000D06F070ECF21D16FD36BD26BD1C8EAFFAB
:10F4E000D0C8E9FFD2C8EEFF080EEA6ED10EE96E71
:10F4F000EF6A0601F78760D00801036ACC517F0FDD
:10F50000016E000E032203C0CFF8036ACC51650FD1
:10F51000E96E000E0320EA6EEFCFD0F8CFC8EAFF05
:10F5200001C0E9FFD0C8EFFFCCC8CEF8000180ECE5
:10F530009CF0036AA6519C0FE96E000E0320EA6E50
:10F54000CCC8EFFFA651A62B036AA10FE96E000EEF
:10F550000320EA6E51C7EFFF040E0801CE6FBB0E09
:10F56000CF6F000168EC9AF00801CC51040DF35004
:10F57000CF6BCE6FA60ECE25D06F070ECF21D16FE9
:10F58000D36BD26BD1C8EAFFD0C8E9FFD2C8EEFF77
:10F59000080EEA6ED10EE96EEF6ACCC8E9FF070EDD
:10F5A000EA6EEF6A000119EC7FF0875304E16BC04B
:10F5B0006CF08C0E6B6F060175EFFFF041D0080107
:10F5C000010E006ECC51016E04E0D8900036012E81
:10F5D000FCD700500601F915006E036A00500310B5
:10F5E0002FE1D8900801CC35036A470FE96E010E70
:10F5F0000320EA6EFF0EEF2602E2EE52ED06D890EF
:10F60000CC35036A470FE96E010E0320EA6EECCF9A
:10F61000CFF8ED52EFCFCEF8CF5311E1CE51040821
:10F620000EE3036ACC517F0FE96E000E0320EA6EF1
:10F63000EF50010804E3000135EC95F008010601E4
:10F640000801CC2B1ED685D200016B51B50834E1E0
:10F65000470E0801CE6F0001BBEC9AF00101475341
:10F660001BE1485319E16BC06CF0B40E00016B6FE5
:10F6700051C248F150C247F14F94040E0801CE6FB9
:10F68000BB0ECF6F000168EC9AF019EC7FF0060119
:10F6900075EFFFF00FD001014751D8B44807470775
:10F6A000485307E14751040804E3000135EC95F0A5
:10F6B000010106014DD200016B517908D8A4B0D1E7
:10F6C000430E0801CE6F0001BBEC9AF0000E4FB85C
:10F6D000010E006ED89000360050036A130FE96ED9
:10F6E000010E0320EA6EECCFCFF8ED52EFCFCEF84B
:10F6F0000801CE5354E1CF5352E10001CC2D03D089
:10F7000008014DD000010101472BD8B4482B070157
:10F71000045325E000016153D8B402D007011FD083
:10F7200001015D519B5F5E519C5B000E9D5B9E5B8A
:10F730001AC1CFF819C1CEF818C1D1F817C1D0F845
:10F740000001CEEC9CF000500101D7270150D823D6
:10F750000250D9230350DA2357961FD00701010125
:10F7600061519B5F62519C5B000E9D5B9E5B57B637
:10F7700014D01AC1CFF819C1CEF818C1D1F817C1E9
:10F78000D0F800013AEC9DF003C0DAF102C0D9F1E3
:10F7900001C0D8F100C0D7F101013FD1080101013A
:10F7A000485317E14751050814E3485303E1475113
:10F7B00000080FE24FA809D04FA80BD000016153F9
:10F7C000D8A402D0010105D00101000135EC95F06B
:10F7D00001014753D8A4D3D04853D8A4D0D04FA8C0
:10F7E00009D04FA881D000016153D8A402D00101F3
:10F7F0007BD001016BC06CF0780E00016B6F616B08
:10F80000000E4FB8010E006ED89000360050036A0B
:10F81000130F016E010E032201C0CEF8080103C0D0
:10F82000CFF8000E4FB8010E006ED8900036005091
:10F83000036A0F0FE96E010E0320EA6EECCFF3F8B6
:10F84000ED52EFCFF2F8A6C1F1F8A5C1F0F8A4C1CE
:10F85000EFF8A3C1EEF8000113EC19F0CFC8EAFFEE
:10F86000CEC8E9FF02C0ECFFED5201C0EFFF000E71
:10F870004FB8010E006ED89000360050036A130F87
:10F88000E96E010E0320EA6EECCFCFF8ED52EFCF18
:10F89000CEF8000E4FB8010E036A740FE96E000E29
:10F8A0000320EA6EEF500801CE250101476F000EDC
:10F8B0000801CF210101486F5951A3259B6F5A516F
:10F8C000A4219C6F000EA5219D6F000EA6219E6FA6
:10F8D000040E0801CE6FBB0ECF6F000168EC9AF0EA
:10F8E00019EC7FF048D00101010E0001616F0101A8
:10F8F0000C51000809E2FF0A03E10B51210804E260
:10F90000010E0C6F220E0B6FAA6BA96B0CC1A8F134
:10F910000BC1A7F1000E4FB8010E006ED890003653
:10F920000050036A0F0FE96E010E0320EA6EECCF60
:10F930006DF8ED52EFCF6CF808010BC16EF80CC1F9
:10F940006FF861C070F8070E0901006F00017CECD0
:10F9500046F0646B4F8A030E0601FF6F000176517B
:10F9600001010D25476F000E0E21486F000124ECA8
:10F9700046F019EC7FF00601B8D250D00101070122
:10F98000045325E000016153D8B402D007011FD011
:10F9900001015D519B5F5E519C5B000E9D5B9E5B18
:10F9A0001AC1CFF819C1CEF818C1D1F817C1D0F8D3
:10F9B0000001CEEC9CF000500101D7270150D82364
:10F9C0000250D9230350DA2357961FD007010101B3
:10F9D00061519B5F62519C5B000E9D5B9E5B57B6C5
:10F9E00014D01AC1CFF819C1CEF818C1D1F817C177
:10F9F000D0F800013AEC9DF003C0DAF102C0D9F171
:10FA000001C0D8F100C0D7F10101475302E14853CA
:10FA100004E04751D8B448074707060199D00001D0
:10FA20006B518308D8A494D0430E0801CE6F000117
:10FA3000BBEC9AF001017F531BE1805319E1472B86
:10FA4000D8B4482B070104530AE001015F519F5FBE
:10FA50006051A05B000EA15BA25B09D00701010110
:10FA600085519F5F8651A05B000EA15BA25B6FD0AA
:10FA70000001C2510101475D0AE1485308E1010E4E
:10FA800007011E6F4F82000135EC95F001014853CC
:10FA90000CE14751050809E3485303E147510108C8
:10FAA00004E2000135EC95F00101475337E148537A
:10FAB00035E16BC06CF0820E00016B6FC05101012B
:10FAC0007F250801CE6F0001C1510101802108018D
:10FAD000CF6F0001C2510801CE250101476F000E12
:10FAE0000801CF210101486F8151B7259F6F8251D5
:10FAF000B821A06F8351B921A16F8451BA21A26F9F
:10FB0000040E0801CE6FBB0ECF6F000168EC9AF0B7
:10FB100019EC7FF00601E9D11BD001010701045364
:10FB20000AE001015F519F5F6051A05B000EA15B85
:10FB3000A25B09D00701010185519F5F8651A05B3F
:10FB4000000EA15BA25B4751D8B4480747070601E6
:10FB5000080100018953D8B408D10801CD6BCD51FB
:10FB60000208D8A001D1010E006ECD51016E04E053
:10FB7000D8900036012EFCD7005000018915D8B46A
:10FB8000F0D0010E006E0801CD51016E04E0D89056
:10FB90000036012EFCD7005000016415D8B4E1D026
:10FBA000036A0801CD517F0FE96E000E0320EA6E53
:10FBB000EF524BE1036ACD517F0F016E000E03221D
:10FBC00003C0CFF8036ACD51650FE96E000E032024
:10FBD000EA6EEFCFD0F8CFC8EAFF01C0E9FFD0C886
:10FBE000EFFFCD510001825D04E16BC06CF08C0E23
:10FBF0006B6FCDC8CEF880EC9CF0036AA6519C0FC9
:10FC0000E96E000E0320EA6ECDC8EFFFA651A62BC9
:10FC1000036AA10FE96E000E0320EA6E51C7EFFFE1
:10FC2000040E0801CE6FBB0ECF6F000168EC9AF096
:10FC300019EC7FF0875304E16BC06CF08C0E6B6F96
:10FC40000601F79752D18CD00801D890CD35036AC0
:10FC50004F0FE96E010E0320EA6EECCFCFF8ED52A4
:10FC6000EFCFCEF8CE535CE1CF535AE1CD51000136
:10FC7000825D04E16BC06CF08D0E6B6F0601F7972F
:10FC8000D8900801CD35036A4F0F016E010E032293
:10FC900003C0CFF8D890CD35036AFF0FE96E000E90
:10FCA0000320EA6EECCF03F0ED52EFCFD0F8CFC8CF
:10FCB000EAFF01C0E9FF03C0ECFFED52D0C8EFFF3F
:10FCC000CD51000A000105E0010A05E0030A05E044
:10FCD00005D0899103D0899301D0899535EC95F0B1
:10FCE000036AA6519C0FE96E000E0320EA6ECDC890
:10FCF000EFFFA651A62B036AA10FE96E000E0320A9
:10FD0000EA6E51C7EFFF040E0801CE6FEE0ECF6F03
:10FD1000000168EC9AF058800601E7D021D0080174
:10FD2000010E006ECD51016E04E0D8900036012E18
:10FD3000FCD700500601F915006E036A005003104D
:10FD40000FE1D8900801CD35036A4F0FE96E010E1F
:10FD50000320EA6EFF0EEF2602E2EE52ED060601E8
:10FD600000010801CD2BFBD6000144EC08F009018D
:10FD70000B6B6BC00AF90D6B040E0C6F0001FFECEE
:10FD80000BF002C003F00150860F006E020E02203D
:10FD9000016E026AD8B0002A036A02C0D0F8E8CF28
:10FDA000CFF800C0CEF8EA6E00C0E9FF41EC01F0E8
:10FDB00001C07EF044EC08F037D044EC08F0BFEF0F
:10FDC0009DF00150010A03E0030A04E006D0C80ECA
:10FDD0006B6F03D0C90E6B6F4E8044EC08F00901C5
:10FDE0000B6B6BC00AF90D6B040E0C6F0001FFEC7E
:10FDF0000BF002C003F00150860F006E020E0220CD
:10FE0000016E026AD8B0002A036A02C0D0F8E8CFB7
:10FE1000CFF800C0CEF8EA6E00C0E9FF41EC01F077
:10FE200001C07EF044EC08F00701225314E06BC0DF
:10FE30006CF0B40E00016B6F040E0801CE6FBB0EA8
:10FE4000CF6F000168EC9AF019EC7FF00701226B8C
:10FE500006014BD00701000144EC08F0CB5302E14E
:10FE6000FFEF9DF044EC08F0CB5302E14EEF9EF023
:10FE700044EC08F0CB5302E134EFAAF044EC08F074
:10FE8000CB5302E109EFC7F044EC08F0CB5302E199
:10FE9000EFEFC8F044EC08F0CB51010802E3F0EFBB
:10FEA000CAF044EC08F0CB5302E1F5EFE4F044EC87
:10FEB00008F0CB51010802E30BEFE7F044EC08F047
:10FEC000CB51010802E333EFE7F044EC08F0CB51EB
:10FED000010802E34CEFE7F044EC08F0CB510108D5
:10FEE00002E37DEFE7F00F010601000144EC08F0AA
:10FEF000A1EFE7F0CB51010806E3CB6B54AC03D084
:10FF0000549C32EFF6F058A202D0589223D658A053
:10FF100003D0589039EFF9F0BEEFF3F00300E82476
:10FF2000F76AF7363F0FF66EFF0EF722010EF86EF6
:10FF3000FB6E0A00F550FA6E0800F550F96EF2F209
:06FF400002F312F322F3AC
:0200000400F00A
:0103F400BA4E
:020000040030CA
:0E00000015C8782901899100FFC0FFE0FF407C
:00000001FF
;PIC18F67K22
;CRC=3673  CREATED="20-ene.-26 08:43"
